/**
 * generated by fontconvert.py
 * name: notosans_8_regular
 * size: 8
 * mode: 2-bit  compressed: true
 * Command used: fontconvert.py notosans_8_regular 8 ../builtinFonts/source/NotoSans/NotoSans-Regular.ttf ../builtinFonts/source/NotoSansThai/NotoSansThai-Regular.ttf --additional-intervals 0x0E01,0x0E5B --2bit --compress
 */
#pragma once
#include "EpdFontData.h"

static const uint8_t notosans_8_regularBitmaps[16194] = {
    0x8D, 0x56, 0xCF, 0x8B, 0x1C, 0xC7, 0x15, 0xFE, 0xBA, 0x2B, 0x52, 0x3B, 0xEA, 0xED, 0x69, 0x13,
    0xBC, 0xF9, 0x81, 0x66, 0x7A, 0x74, 0x88, 0x61, 0xB1, 0x5B, 0xBB, 0x73, 0x68, 0x48, 0x1B, 0x8D,
    0x32, 0x95, 0xC4, 0x60, 0xC8, 0x21, 0xE8, 0xA0, 0xB5, 0x21, 0xC2, 0x8E, 0x02, 0x39, 0xC5, 0x49,
    0x5C, 0x68, 0x77, 0x89, 0xEC, 0x48, 0x99, 0x82, 0xDC, 0x02, 0x81, 0xC1, 0xFE, 0x03, 0x32, 0xB1,
    0x03, 0x82, 0x10, 0x9C, 0x8A, 0xA3, 0x20, 0x11, 0x24, 0xA6, 0xE2, 0x9C, 0x05, 0xED, 0x53, 0x2E,
    0x39, 0x34, 0x96, 0x4D, 0x2E, 0x36, 0x1A, 0xC8, 0x1E, 0xC6, 0x62, 0xD6, 0x93, 0xAF, 0x6A, 0x66,
    0x47, 0xA3, 0x68, 0x05, 0xA9, 0x7A, 0xDD, 0x5D, 0x55, 0xFD, 0xFA, 0xD5, 0x7B, 0xDF, 0x7B, 0xFD,
    0x5E, 0x19, 0x63, 0x94, 0x6B, 0x4F, 0xC2, 0x18, 0x7C, 0xA8, 0xEF, 0xEA, 0x37, 0xF5, 0x9B, 0x12,
    0xC0, 0xDF, 0x35, 0xDE, 0xD7, 0xC1, 0xFB, 0xF2, 0xCB, 0xFF, 0x1C, 0x3C, 0x7B, 0xEF, 0xF7, 0xE2,
    0x05, 0x88, 0x13, 0x78, 0xF5, 0x4F, 0x83, 0xD7, 0xDE, 0x1D, 0x9C, 0x58, 0x43, 0xD2, 0xC4, 0xDA,
    0x57, 0x11, 0x42, 0xC8, 0xDE, 0xF4, 0x2F, 0xE7, 0xEF, 0xCA, 0xFF, 0xC8, 0x9E, 0x8E, 0x26, 0xE2,
    0x65, 0xF1, 0xBD, 0xB7, 0x7E, 0x3A, 0xDB, 0x17, 0x52, 0x38, 0x09, 0x68, 0xEB, 0x0D, 0x14, 0x55,
    0x07, 0x9D, 0xE1, 0x10, 0x9D, 0x1F, 0x5A, 0x74, 0xDE, 0x79, 0x1E, 0xC5, 0xB5, 0x1E, 0xB2, 0x3B,
    0xBF, 0xB3, 0x41, 0x5E, 0x71, 0x81, 0xD7, 0xF0, 0x03, 0x0B, 0xFB, 0xB6, 0x0E, 0x75, 0x0F, 0x87,
    0x4D, 0x4C, 0x81, 0x34, 0x05, 0x92, 0x18, 0x68, 0x34, 0x80, 0xE8, 0x16, 0xD7, 0xC6, 0x5C, 0xBB,
    0x99, 0xA0, 0x9B, 0xE5, 0x28, 0xA2, 0x9B, 0x28, 0xC3, 0x31, 0x4E, 0xC7, 0x13, 0xC4, 0x07, 0x99,
    0xFF, 0xA6, 0xAE, 0x07, 0x03, 0x08, 0x34, 0xD0, 0x04, 0x19, 0xD8, 0x95, 0xEF, 0x05, 0x4A, 0xCE,
    0x5B, 0x88, 0xA9, 0x6C, 0x87, 0xA3, 0x84, 0x1C, 0x31, 0x22, 0x38, 0x15, 0x85, 0x8C, 0x38, 0x6E,
    0xF0, 0x6D, 0x89, 0x53, 0x80, 0x06, 0x2A, 0xC0, 0xE2, 0x9B, 0xF7, 0xE4, 0xF1, 0x7D, 0x08, 0x85,
    0x34, 0xC7, 0xB1, 0x27, 0xFC, 0xA2, 0xA7, 0xF5, 0x8F, 0xE5, 0x33, 0xF7, 0xE5, 0x72, 0xCA, 0x96,
    0xE7, 0x45, 0x87, 0x8F, 0x3E, 0xBF, 0x74, 0xE0, 0xC1, 0xA0, 0x0E, 0x6C, 0x68, 0x9D, 0xDC, 0x06,
    0x77, 0xCA, 0x29, 0x57, 0x71, 0x91, 0x2D, 0x9A, 0x20, 0xCB, 0x90, 0x47, 0x28, 0x84, 0x2C, 0x84,
    0x5E, 0xA5, 0x3C, 0x92, 0x8D, 0x14, 0xD1, 0xD4, 0xB1, 0x85, 0x36, 0xB5, 0x6F, 0xD8, 0x2F, 0x51,
    0xC6, 0xC3, 0x9D, 0xAF, 0x68, 0xEA, 0xD9, 0x36, 0x05, 0x79, 0x22, 0x2E, 0x09, 0x28, 0x1D, 0x35,
    0x84, 0xE6, 0x5E, 0x38, 0xBB, 0x8D, 0xDE, 0xCC, 0xA9, 0x71, 0x72, 0x82, 0xE7, 0x96, 0x6C, 0x0D,
    0xB7, 0x6F, 0xF0, 0x2E, 0xC7, 0xD2, 0xF1, 0x09, 0xF9, 0xF5, 0x36, 0x7A, 0x13, 0x0F, 0x57, 0x8B,
    0xDF, 0x00, 0x9F, 0x22, 0xB8, 0x03, 0x41, 0x4C, 0xA8, 0x6C, 0x02, 0x95, 0x60, 0x34, 0xB3, 0xEB,
    0xAF, 0x48, 0x27, 0x3C, 0x21, 0xE7, 0xDE, 0x79, 0x07, 0xE1, 0x9F, 0x31, 0xDA, 0xA7, 0x2D, 0x0D,
    0x67, 0xD3, 0xE0, 0xCA, 0xA8, 0xF6, 0xDF, 0x07, 0x33, 0xC4, 0xDA, 0xF1, 0xE5, 0xD4, 0xE3, 0x3C,
    0xCE, 0x7C, 0x8E, 0xEE, 0xDC, 0xB2, 0x50, 0xE7, 0x42, 0x37, 0x08, 0xF1, 0x81, 0x63, 0xA3, 0x52,
    0xEB, 0x2F, 0xE9, 0xB9, 0x2E, 0x6E, 0x4F, 0x72, 0x17, 0x0E, 0x27, 0xE2, 0x47, 0xAB, 0xA8, 0x53,
    0xEC, 0xA5, 0xD1, 0xFA, 0x56, 0x8A, 0x52, 0x48, 0x22, 0xD4, 0xF0, 0x5A, 0xA7, 0x57, 0xD1, 0x8D,
    0x16, 0x50, 0x75, 0x63, 0x19, 0x1F, 0x2C, 0x42, 0x83, 0xAF, 0x5A, 0x19, 0x4A, 0x07, 0xA4, 0x7B,
    0x55, 0x46, 0xBA, 0x3D, 0xD2, 0xC1, 0x5B, 0xB4, 0xCF, 0xA3, 0x92, 0xA3, 0x3D, 0xF6, 0x7C, 0xC6,
    0x2C, 0x1F, 0x79, 0xEE, 0x87, 0x79, 0x59, 0x28, 0x3F, 0x08, 0x35, 0x36, 0x11, 0xD6, 0xBC, 0x39,
    0x08, 0x22, 0xDA, 0xB3, 0x29, 0xDD, 0x22, 0x16, 0x0A, 0x1F, 0x0E, 0xE4, 0xFA, 0xB6, 0x1B, 0x50,
    0xDF, 0xB6, 0x44, 0xB0, 0xEF, 0x1F, 0xB1, 0x0E, 0x26, 0xD8, 0x92, 0x6E, 0xD1, 0xB7, 0x7E, 0xFD,
    0xA3, 0x5D, 0x6E, 0xBA, 0x81, 0xDD, 0xA0, 0x8A, 0xE4, 0x09, 0x1C, 0xE3, 0x5A, 0xCA, 0xCE, 0xB6,
    0xB5, 0x8F, 0xE0, 0xA3, 0x36, 0x4D, 0x0F, 0xED, 0xDA, 0xF1, 0xE1, 0x70, 0xE3, 0xEC, 0xAE, 0x2A,
    0x54, 0xD1, 0xE9, 0x0C, 0xDD, 0xD5, 0xE1, 0xF8, 0xFA, 0x60, 0xA3, 0xF7, 0x5B, 0xDD, 0x84, 0x57,
    0x1C, 0xE1, 0xFD, 0x9B, 0xC0, 0xBA, 0xF4, 0xE0, 0xD0, 0x69, 0xFF, 0x42, 0xF8, 0x1B, 0x88, 0xEF,
    0x22, 0x22, 0x20, 0x42, 0xB7, 0x67, 0xF6, 0xF4, 0x76, 0x55, 0xA0, 0xA6, 0x3F, 0x6A, 0x14, 0xFD,
    0x09, 0xF6, 0x5E, 0x83, 0x12, 0xD2, 0x51, 0x84, 0xFE, 0x74, 0x3E, 0xD5, 0x2A, 0xB4, 0x4A, 0xD8,
    0xBD, 0x0B, 0xB2, 0xEF, 0xE1, 0x0A, 0x67, 0xBA, 0xFD, 0xA2, 0x2E, 0xBD, 0xC8, 0xB1, 0x8B, 0x95,
    0x05, 0x71, 0x7A, 0x99, 0x46, 0x7F, 0x4B, 0x46, 0x33, 0xF7, 0x9B, 0x7A, 0x69, 0x52, 0x85, 0x95,
    0xC2, 0x98, 0xE1, 0xCA, 0x2D, 0x3C, 0x19, 0x37, 0x0D, 0xAB, 0xBD, 0x1F, 0x48, 0x32, 0xF4, 0xA7,
    0xF3, 0x58, 0x50, 0x1C, 0xBD, 0xBE, 0x18, 0xED, 0x9D, 0xEF, 0x1F, 0x3C, 0x58, 0xE7, 0x6C, 0xAA,
    0x70, 0xD8, 0xFD, 0xEE, 0x55, 0x7B, 0x7B, 0xD0, 0x5D, 0xEE, 0x7E, 0xEC, 0x5C, 0x9D, 0x8E, 0x6B,
    0xE7, 0x11, 0x53, 0xC2, 0x6C, 0x49, 0x13, 0xCD, 0x5C, 0x28, 0x29, 0x0C, 0x95, 0xB3, 0x6B, 0x41,
    0xFD, 0x59, 0xFD, 0xFA, 0x76, 0xBD, 0xBA, 0xE2, 0x16, 0x6D, 0x03, 0x8F, 0xF6, 0xBE, 0x0D, 0x1E,
    0xD3, 0x43, 0x1B, 0xE9, 0xBE, 0x93, 0x4D, 0x48, 0x52, 0xA8, 0x1C, 0xCA, 0xE0, 0x92, 0xC5, 0x2F,
    0x34, 0x7E, 0x59, 0x41, 0x8D, 0xA1, 0xBA, 0x50, 0x2D, 0xA8, 0x98, 0x0C, 0xF6, 0x81, 0xCE, 0x0F,
    0xBA, 0xB3, 0xEC, 0x0A, 0x52, 0x79, 0x15, 0xA9, 0x7E, 0x03, 0xCF, 0xEA, 0x9F, 0xE3, 0x1B, 0x7A,
    0x47, 0xEE, 0xE8, 0x4B, 0xF6, 0xAE, 0x56, 0xF6, 0x1F, 0x5A, 0x7D, 0xC8, 0x6B, 0xE7, 0x3B, 0x5A,
    0x9D, 0xE1, 0x06, 0x9B, 0xBC, 0x5A, 0x42, 0x5F, 0x86, 0xBA, 0x0A, 0xD5, 0x87, 0xDA, 0xD1, 0xEA,
    0x92, 0x55, 0x6A, 0xAC, 0xE8, 0x62, 0x95, 0x2B, 0x95, 0x2A, 0x15, 0x19, 0x15, 0x12, 0x5A, 0x17,
    0x99, 0x84, 0x7C, 0xF3, 0xC5, 0xAA, 0x74, 0x30, 0x94, 0x35, 0xF2, 0x25, 0x71, 0x4A, 0x09, 0x9B,
    0xDF, 0xAE, 0x17, 0x3E, 0xF9, 0x08, 0x7B, 0x3F, 0xF3, 0x1A, 0x46, 0x9E, 0x32, 0xEF, 0x25, 0xE9,
    0x90, 0x5D, 0xD2, 0xFF, 0x2B, 0x8D, 0xD1, 0x25, 0x98, 0x41, 0xEA, 0xFE, 0xFE, 0x8A, 0xCC, 0x18,
    0xBB, 0x94, 0xB9, 0x0F, 0xB5, 0xEB, 0xF1, 0x69, 0x2C, 0xD0, 0x70, 0xC1, 0xF8, 0x39, 0x36, 0xBF,
    0xEF, 0x72, 0x0B, 0xE9, 0x34, 0xA7, 0x15, 0x82, 0xDB, 0x2E, 0xA8, 0x99, 0x3E, 0x56, 0x33, 0xC8,
    0x6C, 0x66, 0xB7, 0x3F, 0x5E, 0xC9, 0x86, 0x47, 0x11, 0x7D, 0xCB, 0x94, 0xF8, 0x28, 0xD1, 0xA5,
    0x05, 0xAA, 0xD3, 0x91, 0xE5, 0x5E, 0x2E, 0x75, 0xBB, 0x58, 0xAB, 0x8A, 0xC0, 0x76, 0x85, 0x6D,
    0x0A, 0x99, 0x30, 0x2B, 0x33, 0x07, 0x24, 0x10, 0x7F, 0x44, 0x38, 0xF1, 0x7F, 0xDE, 0x18, 0x46,
    0xE8, 0xA6, 0x8A, 0x6C, 0x5E, 0x34, 0x6C, 0x59, 0x26, 0x55, 0x91, 0x37, 0x8D, 0x6A, 0xE6, 0xCA,
    0x24, 0x45, 0x51, 0x37, 0x3A, 0x1B, 0x55, 0xAC, 0x5A, 0x36, 0xAA, 0x53, 0x2B, 0xAA, 0x54, 0x0B,
    0x1B, 0x4B, 0xE5, 0xA4, 0x69, 0x16, 0x90, 0xA8, 0x09, 0x31, 0x71, 0x12, 0x82, 0x31, 0xC4, 0x4F,
    0x10, 0x27, 0x68, 0xC6, 0xCC, 0x34, 0xDA, 0x04, 0x95, 0x09, 0xAC, 0xCF, 0xBF, 0x48, 0x58, 0x13,
    0x72, 0x88, 0xEB, 0x08, 0xE7, 0xBF, 0xC9, 0x8A, 0x09, 0x2E, 0x81, 0x5D, 0xD0, 0xCE, 0xFC, 0xA6,
    0x47, 0x84, 0x72, 0x7C, 0xDE, 0x9A, 0x2F, 0x9C, 0xDD, 0x96, 0xFD, 0x99, 0x1D, 0xE1, 0xAF, 0x0C,
    0xF2, 0xA3, 0xFA, 0xDF, 0xF0, 0x63, 0x0C, 0x09, 0x83, 0xAB, 0x41, 0x6B, 0x2E, 0x1D, 0x13, 0xC1,
    0x50, 0x53, 0x42, 0x05, 0x33, 0xC2, 0x57, 0x38, 0x3F, 0xAA, 0xBF, 0xCA, 0xAF, 0x5C, 0x82, 0xA4,
    0xC2, 0x05, 0x8E, 0x37, 0x91, 0x50, 0x67, 0x5F, 0x39, 0x4E, 0x05, 0xF2, 0x99, 0x3F, 0x80, 0x54,
    0x70, 0xF3, 0xE3, 0xCE, 0x57, 0xD3, 0x2F, 0xA6, 0xF4, 0xEF, 0x85, 0xF6, 0xBD, 0x32, 0x2A, 0xE2,
    0xB2, 0xDD, 0xBE, 0x0B, 0x5C, 0xF4, 0x7F, 0xDC, 0x9C, 0x6E, 0x4C, 0x70, 0x3B, 0x83, 0x89, 0x61,
    0x22, 0x69, 0x84, 0x74, 0xF7, 0x18, 0xB7, 0x32, 0x5C, 0x9B, 0x2C, 0xB2, 0xE9, 0x41, 0xF6, 0x7C,
    0x97, 0xDA, 0xB9, 0x2A, 0xD9, 0x45, 0xF6, 0x05, 0x5F, 0x85, 0x02, 0xED, 0x72, 0xB3, 0xA7, 0xE8,
    0xBE, 0xCD, 0x62, 0xE7, 0x96, 0x32, 0xB4, 0x45, 0xE8, 0xEE, 0x1C, 0xB7, 0x62, 0x1B, 0x7F, 0x66,
    0x71, 0x98, 0xB8, 0x59, 0xBC, 0x72, 0x21, 0x9F, 0x7B, 0x49, 0x33, 0x63, 0x12, 0x20, 0xFE, 0xF0,
    0x59, 0xC0, 0xC0, 0xF4, 0x29, 0x60, 0x98, 0x0E, 0x13, 0x16, 0x89, 0x7E, 0xDD, 0x42, 0xF2, 0x50,
    0x77, 0x9F, 0x7E, 0xF6, 0x18, 0xD9, 0xF7, 0xED, 0xBC, 0x36, 0x7C, 0xED, 0xA4, 0x4B, 0xFB, 0x17,
    0x17, 0x50, 0xDE, 0x98, 0xDC, 0xCE, 0x4C, 0xBC, 0xDA, 0x61, 0xCE, 0x31, 0xF0, 0x17, 0xCD, 0x25,
    0xD1, 0x63, 0x3E, 0x95, 0x1E, 0xD5, 0x5F, 0xC1, 0x74, 0x29, 0xC8, 0xE4, 0xC6, 0xBC, 0x67, 0x6F,
    0xC8, 0x91, 0x7C, 0xCF, 0x9A, 0xB1, 0x29, 0x4D, 0xEB, 0xA2, 0x59, 0x69, 0x4E, 0xB5, 0x6B, 0x93,
    0x91, 0xBC, 0xB5, 0xF5, 0x2B, 0x6B, 0xD2, 0xC0, 0x9A, 0x06, 0x8E, 0xBC, 0x1C, 0xD7, 0x23, 0x1A,
    0x39, 0x44, 0x91, 0xC5, 0xB2, 0x4B, 0x7B, 0x18, 0x5C, 0x81, 0xBB, 0x73, 0x9C, 0x45, 0x32, 0x3A,
    0x2C, 0x60, 0xD7, 0x1E, 0xE3, 0x12, 0xBA, 0xCA, 0xAC, 0x78, 0xEE, 0x71, 0x00, 0x65, 0x4B, 0x80,
    0x96, 0x84, 0x77, 0xEA, 0xDB, 0xF2, 0xFA, 0x43, 0x71, 0xC7, 0x5A, 0x35, 0x29, 0x9F, 0x2A, 0x58,
    0xE2, 0x58, 0xDE, 0xAE, 0xA0, 0xF9, 0x64, 0xDE, 0xE3, 0x5F, 0xB4, 0xC6, 0xA8, 0xE9, 0xD7, 0x39,
    0xEF, 0x87, 0x9D, 0xE7, 0x22, 0x86, 0xFB, 0x70, 0xD5, 0x88, 0x74, 0x77, 0x6B, 0xEB, 0xDF, 0xFC,
    0x0B, 0x58, 0x59, 0x62, 0x14, 0x0D, 0xE4, 0xE4, 0x63, 0xF1, 0x2F, 0x10, 0x2B, 0x08, 0x1E, 0x37,
    0x18, 0xB9, 0x2D, 0x96, 0x99, 0x2D, 0x96, 0xDF, 0x33, 0x02, 0xE5, 0xCE, 0x0B, 0xC8, 0xDF, 0xFE,
    0x35, 0x9A, 0x1F, 0xDC, 0x41, 0xC3, 0x7E, 0x82, 0xD4, 0xDE, 0xE2, 0x61, 0xE3, 0x32, 0x8A, 0x18,
    0x79, 0x0B, 0x69, 0xE9, 0x8E, 0x6D, 0x61, 0xE5, 0xEE, 0x8D, 0xD2, 0x1D, 0x31, 0x76, 0x23, 0x0C,
    0xBD, 0xE4, 0xD2, 0x4B, 0x4E, 0xBC, 0xE4, 0xC8, 0x4B, 0x0E, 0x0F, 0x8F, 0x04, 0x27, 0x41, 0x6F,
    0xA1, 0x37, 0x65, 0x28, 0x31, 0x2D, 0x08, 0x1D, 0xFB, 0x03, 0x5A, 0x7F, 0x1A, 0x0C, 0xC5, 0x20,
    0x5A, 0x38, 0x34, 0xC3, 0x4D, 0x7F, 0x90, 0x8B, 0xE7, 0x87, 0xB9, 0x0A, 0xE7, 0x4E, 0x75, 0xFE,
    0xA7, 0xB1, 0xC6, 0x65, 0xCB, 0x00, 0x10, 0x83, 0x60, 0x1C, 0xC9, 0xF9, 0x38, 0xC5, 0x55, 0x06,
    0xC3, 0xD6, 0x40, 0x3E, 0x3D, 0x72, 0xA9, 0xF6, 0xBF, 0x95, 0x56, 0xCD, 0x6F, 0x1B, 0x45, 0x14,
    0xFF, 0xED, 0x4E, 0x9A, 0x6D, 0xB2, 0xB6, 0x37, 0x87, 0x22, 0x15, 0x65, 0xE3, 0xCD, 0x21, 0x87,
    0x28, 0xDA, 0xC4, 0x3E, 0x2C, 0xEA, 0x56, 0x35, 0x64, 0x5A, 0x21, 0x2A, 0x21, 0xA8, 0x2A, 0x94,
    0x94, 0x43, 0x24, 0x88, 0x04, 0x47, 0x04, 0xD3, 0xE2, 0x54, 0xAD, 0xF8, 0xF0, 0x00, 0x47, 0x54,
    0x29, 0x7F, 0x40, 0x0F, 0x16, 0xAA, 0x44, 0xD5, 0x4A, 0xB0, 0x85, 0x54, 0x54, 0xA2, 0xC5, 0xD3,
    0x72, 0xE0, 0x54, 0x69, 0x81, 0x1B, 0xE2, 0xB0, 0x88, 0xA2, 0x48, 0x08, 0xB5, 0x3E, 0x44, 0xC8,
    0xB4, 0x4E, 0xCD, 0x9B, 0x5D, 0x27, 0xA4, 0xE4, 0xCB, 0x99, 0x79, 0x6B, 0xEF, 0xEC, 0x7B, 0x6F,
    0xE6, 0xCD, 0x7B, 0xBF, 0x79, 0x6F, 0x10, 0x45, 0x18, 0x12, 0xD4, 0x22, 0x6A, 0x00, 0x0C, 0xD5,
    0x7F, 0xCF, 0xBB, 0x1C, 0x42, 0x74, 0x7B, 0x08, 0xAF, 0x6D, 0xC6, 0x86, 0x82, 0x6E, 0x46, 0x07,
    0xD6, 0x0B, 0x70, 0x80, 0x42, 0x4A, 0xDE, 0x0C, 0xDE, 0xB9, 0xDC, 0x7D, 0xCF, 0x03, 0x93, 0xB3,
    0xBC, 0xD6, 0x51, 0x43, 0x06, 0x4A, 0x8F, 0x90, 0x2F, 0xE0, 0x20, 0xD3, 0x94, 0x1B, 0x84, 0xD7,
    0xC1, 0xE8, 0x2B, 0x10, 0x86, 0x0A, 0x99, 0x74, 0x6D, 0x14, 0xF2, 0xB0, 0x7C, 0xB0, 0x25, 0x0C,
    0x3F, 0xC4, 0xBE, 0x3F, 0x80, 0x44, 0x0B, 0x20, 0xD6, 0x34, 0x5A, 0xD6, 0x6D, 0x94, 0x56, 0x1A,
    0x4A, 0xDF, 0xCA, 0xE8, 0xBF, 0x34, 0xF9, 0x56, 0x88, 0x22, 0x9C, 0x64, 0xDC, 0x0F, 0xF2, 0x93,
    0x79, 0xBB, 0x85, 0xF7, 0x91, 0x1F, 0x75, 0x4B, 0x2B, 0xDA, 0x9E, 0xD3, 0x6A, 0x88, 0xA7, 0x86,
    0x35, 0x12, 0x58, 0xDC, 0xA5, 0xC5, 0x8E, 0x63, 0xEC, 0xFC, 0xC7, 0xB2, 0x9C, 0x40, 0x95, 0x63,
    0x7A, 0x54, 0xF6, 0x3F, 0xB6, 0xF0, 0x91, 0xCC, 0x0D, 0x7F, 0x42, 0x32, 0x23, 0xC0, 0xB7, 0x09,
    0xB2, 0x36, 0x2D, 0xA1, 0x86, 0x95, 0x50, 0x67, 0xD5, 0xD3, 0xDC, 0xDC, 0x67, 0xBB, 0x6E, 0x10,
    0x24, 0x7E, 0xB5, 0xE0, 0xB3, 0x01, 0xE0, 0xA9, 0x59, 0x3E, 0x71, 0x55, 0xC2, 0x4C, 0xC9, 0x90,
    0x40, 0x4D, 0x76, 0xB5, 0xD6, 0x96, 0x9A, 0xB0, 0x30, 0x76, 0xF6, 0x8E, 0x2C, 0x8B, 0x58, 0x95,
    0x4F, 0x2B, 0x55, 0xAE, 0x71, 0x55, 0x3E, 0x23, 0xD5, 0x98, 0xF8, 0x51, 0xE6, 0x46, 0xDF, 0x78,
    0x62, 0xA9, 0xE9, 0x4E, 0x4C, 0xF3, 0x01, 0x4E, 0x1C, 0xD0, 0x9E, 0x82, 0xB2, 0x43, 0x9B, 0xCD,
    0x36, 0x4C, 0x34, 0xF1, 0x27, 0x9F, 0x78, 0xC8, 0xD7, 0x87, 0xE0, 0x24, 0x2E, 0x33, 0xE3, 0xA0,
    0x18, 0xCF, 0x23, 0x40, 0x23, 0xF5, 0x3E, 0x59, 0xA0, 0x0C, 0x55, 0xD2, 0xA2, 0x71, 0x83, 0x24,
    0x06, 0xE1, 0xA3, 0x8C, 0xC8, 0x8A, 0xEC, 0xF5, 0xEE, 0xDC, 0x28, 0x35, 0x96, 0x23, 0x64, 0xDD,
    0xBC, 0x22, 0xBD, 0x7F, 0xD4, 0xF4, 0xCA, 0x13, 0xE4, 0xAD, 0x28, 0xF3, 0x92, 0xC2, 0x81, 0x4D,
    0x44, 0x8D, 0xE2, 0x3F, 0xE6, 0x0F, 0xDC, 0x84, 0x73, 0x88, 0xE9, 0x46, 0x5F, 0x3C, 0x59, 0xAE,
    0xCF, 0x53, 0x7B, 0x26, 0x1E, 0xC4, 0xE8, 0xA2, 0x2F, 0xC8, 0x37, 0x27, 0x6C, 0xD7, 0xAF, 0x96,
    0x17, 0x01, 0x9B, 0x0C, 0x3B, 0x42, 0x00, 0x61, 0x64, 0x27, 0x23, 0x27, 0x31, 0x0B, 0x60, 0xF9,
    0x11, 0xB0, 0xF1, 0x67, 0x81, 0xF2, 0x5D, 0xE0, 0xA7, 0x0B, 0x30, 0xBE, 0xFF, 0x02, 0xEC, 0xE8,
    0x6B, 0x64, 0x6A, 0x9E, 0x30, 0x22, 0xF0, 0x1E, 0xD9, 0x6E, 0x91, 0xAC, 0x45, 0x93, 0x5B, 0x84,
    0x18, 0xCB, 0xBD, 0x0F, 0xAB, 0x4C, 0x83, 0x3A, 0x23, 0xE0, 0xE5, 0xC1, 0x78, 0x00, 0x8B, 0x64,
    0x72, 0x66, 0x27, 0x75, 0x5C, 0x8D, 0xE7, 0x00, 0x35, 0x4E, 0x3C, 0x81, 0x12, 0x8F, 0x61, 0xDC,
    0xA1, 0x7D, 0xFF, 0xEC, 0xE0, 0xEA, 0xDD, 0x12, 0x0E, 0xB8, 0x87, 0x68, 0x9D, 0x1F, 0x80, 0xCF,
    0x1E, 0x48, 0xE3, 0xF6, 0x1C, 0x67, 0x9C, 0x0C, 0x80, 0xA9, 0x4C, 0xBD, 0x17, 0x6E, 0x28, 0x26,
    0x0B, 0xD0, 0x30, 0x8E, 0x50, 0x3D, 0x50, 0x6A, 0x69, 0x8E, 0x86, 0x1A, 0x79, 0x2C, 0xDD, 0x2A,
    0xD0, 0x82, 0xF1, 0x2B, 0xCC, 0x0B, 0x60, 0x2F, 0xC2, 0xB2, 0x50, 0x60, 0xD2, 0xEB, 0xA8, 0xC9,
    0xD9, 0x38, 0x40, 0x42, 0xB0, 0x4F, 0x68, 0x73, 0x64, 0x5F, 0x05, 0x98, 0xEF, 0x59, 0x3E, 0x82,
    0xF1, 0x17, 0x58, 0x7F, 0xCF, 0xF2, 0xB4, 0xFD, 0x65, 0x0C, 0x4C, 0xED, 0x41, 0x9E, 0x9D, 0x80,
    0xD1, 0xD7, 0xB3, 0xFC, 0x3C, 0x8C, 0x8B, 0x30, 0x5E, 0xD2, 0x92, 0xBB, 0x0B, 0xDB, 0x9D, 0x16,
    0x0A, 0xD7, 0x67, 0xE0, 0xD3, 0xCC, 0x21, 0x3D, 0x82, 0x9E, 0xA4, 0xB1, 0x62, 0xA8, 0xEB, 0x27,
    0x59, 0xA7, 0x09, 0x6B, 0x36, 0xA2, 0x00, 0x46, 0x18, 0xC1, 0xF5, 0x93, 0x15, 0x34, 0x5A, 0xDA,
    0xD3, 0x1D, 0xE9, 0x9D, 0x92, 0x61, 0x6A, 0x4B, 0x33, 0x75, 0x6D, 0x46, 0x34, 0x3C, 0x07, 0x4C,
    0x1D, 0xE5, 0x56, 0x87, 0x6B, 0xEF, 0xD1, 0xC0, 0x85, 0xB1, 0x42, 0x18, 0x60, 0x9C, 0xA0, 0x82,
    0x5A, 0x7B, 0x61, 0x26, 0x4B, 0x2D, 0xB5, 0xF6, 0xF9, 0xEE, 0xDB, 0xC2, 0x4C, 0x6D, 0x15, 0x55,
    0x24, 0xA6, 0xDC, 0x9E, 0x6F, 0x4A, 0xBB, 0x79, 0x70, 0x7C, 0x07, 0x7D, 0xE4, 0x82, 0xBE, 0xA1,
    0xED, 0xF9, 0x01, 0x99, 0xA1, 0x83, 0x53, 0x53, 0x05, 0x6C, 0xEE, 0x35, 0xC2, 0x0D, 0xE3, 0x03,
    0x3B, 0xF0, 0x0B, 0x38, 0x22, 0xEB, 0xF1, 0xF6, 0xFC, 0xB5, 0x6C, 0xB4, 0x1D, 0xDF, 0x79, 0x8C,
    0xE2, 0x5C, 0xEC, 0x62, 0xC9, 0x45, 0xC5, 0x85, 0xFF, 0x76, 0xDD, 0xAD, 0x35, 0x5D, 0x7A, 0x49,
    0x87, 0x4B, 0x23, 0xAF, 0xC6, 0xDE, 0x63, 0x1D, 0x59, 0xB6, 0x86, 0x89, 0x73, 0x10, 0x1F, 0x40,
    0xD4, 0x20, 0xDE, 0x95, 0xE2, 0x8C, 0x12, 0xA2, 0x29, 0x44, 0x20, 0x84, 0x2F, 0x84, 0x23, 0x84,
    0x15, 0x09, 0xB3, 0x29, 0xD0, 0xD4, 0x69, 0x99, 0xFC, 0x3D, 0xA6, 0xE5, 0xC9, 0xDD, 0x53, 0xA7,
    0xE2, 0x50, 0x9F, 0xE2, 0x30, 0x81, 0xBF, 0x4E, 0x34, 0xA4, 0xA9, 0xA6, 0x8E, 0x25, 0x3A, 0x1E,
    0xD0, 0x69, 0x83, 0xF2, 0x46, 0x76, 0x0C, 0x7A, 0x55, 0xA9, 0x02, 0x84, 0xEC, 0xE3, 0x7B, 0x51,
    0xA1, 0x8D, 0xFC, 0xCD, 0xF7, 0x15, 0xF7, 0xA6, 0x62, 0x7E, 0x0A, 0xC3, 0xD8, 0x8B, 0x4A, 0x5F,
    0x44, 0xC9, 0xC8, 0x8E, 0x2D, 0x35, 0x12, 0x55, 0xFD, 0x93, 0xFB, 0x53, 0xCD, 0x68, 0xEA, 0x54,
    0x12, 0xB2, 0x66, 0x64, 0x85, 0x49, 0xDE, 0x4F, 0x42, 0x3F, 0x89, 0xFC, 0xDF, 0x94, 0xFF, 0x35,
    0x0F, 0x3F, 0x4C, 0x35, 0x8F, 0x74, 0x38, 0x81, 0x44, 0x03, 0x2D, 0xEE, 0x7A, 0x41, 0xA0, 0x1E,
    0x21, 0xD9, 0x4C, 0x02, 0x49, 0x80, 0x78, 0xD2, 0x52, 0x76, 0x1A, 0x18, 0xC2, 0x3E, 0xE5, 0x13,
    0xD4, 0xF7, 0xA2, 0x52, 0x87, 0xD9, 0x46, 0xFF, 0xE0, 0x5E, 0x54, 0xC8, 0x71, 0x2F, 0x77, 0x4F,
    0x79, 0xAF, 0x2A, 0xE3, 0x69, 0x84, 0xE2, 0x34, 0x2F, 0x18, 0x2A, 0x60, 0xD2, 0xB7, 0x74, 0xFD,
    0xB5, 0xD3, 0x22, 0x6B, 0x66, 0x67, 0x33, 0xFE, 0x8F, 0x84, 0x9E, 0x19, 0xB5, 0x7B, 0x38, 0xFF,
    0x1D, 0x84, 0x0D, 0x61, 0xA5, 0xE4, 0xD0, 0x71, 0xC1, 0x02, 0xEF, 0x72, 0x07, 0xEB, 0x78, 0x8E,
    0xD0, 0x47, 0x47, 0x9E, 0xA8, 0x82, 0x28, 0x49, 0xE9, 0x06, 0x22, 0x0F, 0x11, 0x93, 0x91, 0x29,
    0xAF, 0x31, 0xF9, 0x55, 0x9A, 0xA3, 0x19, 0xA7, 0xC4, 0x4A, 0x4E, 0xB1, 0xDB, 0x03, 0x0E, 0xD5,
    0x84, 0x39, 0xEF, 0x41, 0x68, 0x05, 0x76, 0xE8, 0x79, 0xBF, 0xA7, 0x96, 0x55, 0xF5, 0x9A, 0x5B,
    0xF1, 0x8C, 0x84, 0x2D, 0x0D, 0xE4, 0xB6, 0xD1, 0x83, 0xF3, 0xCB, 0xC1, 0x73, 0xDB, 0xF1, 0x6C,
    0x57, 0xBB, 0x67, 0xCB, 0x39, 0x17, 0xD9, 0x9B, 0x6C, 0xCC, 0x48, 0xB6, 0xD3, 0xA4, 0xEF, 0xAD,
    0x06, 0xF6, 0x7B, 0x77, 0x14, 0xF1, 0x62, 0xBC, 0x3E, 0x9B, 0x78, 0x5F, 0x76, 0xE2, 0xD0, 0x06,
    0x02, 0xBA, 0xD3, 0x84, 0x25, 0xC5, 0xBD, 0x24, 0xAB, 0xB5, 0x04, 0xA4, 0xD5, 0xE2, 0xF3, 0x15,
    0x0A, 0x78, 0x40, 0x4F, 0x05, 0xC5, 0x3E, 0xAB, 0x4D, 0xC9, 0x2B, 0x42, 0xC0, 0x12, 0x4A, 0x63,
    0xBA, 0x96, 0xA4, 0x85, 0x81, 0xBE, 0x16, 0x1C, 0xF8, 0x8C, 0x1F, 0x7E, 0x55, 0x4E, 0x77, 0x78,
    0x98, 0x96, 0x8C, 0xA2, 0x41, 0x30, 0xFC, 0x7F, 0x64, 0x76, 0x91, 0x4C, 0x74, 0xAC, 0x06, 0xF2,
    0x3D, 0x48, 0x6A, 0x07, 0x74, 0x01, 0xB2, 0xB3, 0xE4, 0x38, 0x55, 0x30, 0x5D, 0xC4, 0xED, 0x4D,
    0x7D, 0x24, 0x9C, 0x47, 0xB4, 0xD6, 0x6C, 0x4C, 0xA9, 0xF9, 0xFA, 0x56, 0x62, 0xE4, 0x96, 0x58,
    0x67, 0xB4, 0xCD, 0x1C, 0xE3, 0x28, 0xCC, 0xFB, 0x30, 0xDA, 0xBA, 0x22, 0x69, 0x04, 0x3C, 0x92,
    0xC5, 0x39, 0x55, 0x31, 0x55, 0x60, 0x68, 0x0A, 0x4D, 0x35, 0x62, 0x71, 0x6B, 0x35, 0xB3, 0xD6,
    0xBB, 0x38, 0xBA, 0x04, 0x7C, 0xDE, 0xBA, 0x55, 0xDC, 0x70, 0x51, 0xA1, 0xAE, 0xEF, 0x55, 0x71,
    0x0A, 0x36, 0xED, 0x6C, 0x14, 0x6D, 0x4E, 0x13, 0x84, 0xD9, 0x04, 0x86, 0x9E, 0xAC, 0xB8, 0x3E,
    0xC7, 0x86, 0x93, 0xB7, 0x8B, 0x24, 0x1D, 0xB8, 0x56, 0xF7, 0xC0, 0xED, 0x22, 0x49, 0xDB, 0x5A,
    0x46, 0x6E, 0xB2, 0x27, 0x49, 0x96, 0x5F, 0x73, 0xF8, 0xCE, 0x92, 0x8B, 0xE9, 0x51, 0xCB, 0x2E,
    0x8F, 0x57, 0x78, 0x16, 0xD6, 0x6E, 0xF4, 0x3B, 0xB2, 0xE8, 0xF0, 0x8A, 0xA3, 0xC2, 0xC3, 0x2A,
    0xB8, 0xA6, 0x0E, 0xDF, 0x56, 0xD3, 0xC7, 0x94, 0x67, 0x71, 0x6F, 0x35, 0x4B, 0xC9, 0x59, 0x69,
    0xAC, 0x6F, 0x74, 0x90, 0x53, 0x2D, 0x95, 0x96, 0xD3, 0xE4, 0x9B, 0xE8, 0xFB, 0xE7, 0x56, 0x3C,
    0x53, 0xD9, 0x91, 0x2E, 0x89, 0x5B, 0xEA, 0x21, 0x9F, 0x96, 0xC3, 0x2D, 0x79, 0x81, 0x2E, 0xD9,
    0x46, 0x7A, 0xA3, 0xAD, 0x33, 0x4E, 0x49, 0x20, 0x2C, 0xE8, 0x42, 0x94, 0xF7, 0x51, 0xA0, 0x0B,
    0x18, 0xDD, 0xE9, 0x12, 0x98, 0xB1, 0x46, 0x39, 0x93, 0x18, 0x06, 0xDA, 0x29, 0xDA, 0xA3, 0x35,
    0xFA, 0xA6, 0x85, 0x5B, 0x45, 0x10, 0x70, 0x22, 0x8B, 0x47, 0x8C, 0xEB, 0x5F, 0x1B, 0x37, 0x8B,
    0xFA, 0x7B, 0xB4, 0x41, 0x4C, 0x9B, 0x10, 0x42, 0xDB, 0xD0, 0xF3, 0x2A, 0xFF, 0x02, 0x95, 0x58,
    0x4D, 0x8C, 0x1B, 0x49, 0x15, 0xFE, 0xBA, 0x6B, 0x32, 0x8D, 0xDD, 0x63, 0x3B, 0x87, 0x44, 0x1A,
    0x36, 0x6D, 0x77, 0x90, 0xE6, 0x90, 0x43, 0xCF, 0x38, 0x87, 0x5E, 0xA9, 0xD9, 0xF5, 0x6A, 0x0A,
    0x16, 0x69, 0x25, 0xB4, 0x48, 0x73, 0x18, 0x27, 0xB0, 0x59, 0xC0, 0x42, 0x1C, 0xB8, 0xB0, 0xD4,
    0xEE, 0x7A, 0xA4, 0xAC, 0xF6, 0xA7, 0x4B, 0xDC, 0x58, 0x09, 0x94, 0x1B, 0x07, 0x38, 0x58, 0x20,
    0xB4, 0x17, 0x0E, 0x4D, 0xD6, 0xDA, 0x5D, 0xA4, 0x84, 0x94, 0xE0, 0x0A, 0x52, 0x47, 0x28, 0x82,
    0x03, 0x87, 0x96, 0x10, 0x8A, 0x90, 0x82, 0xD6, 0x87, 0x39, 0x78, 0x23, 0x27, 0xCD, 0xAB, 0x6A,
    0x3B, 0x71, 0xC6, 0x76, 0xD2, 0xEE, 0x2A, 0xB7, 0xBA, 0x7E, 0xDE, 0xF7, 0xEA, 0xE7, 0xD5, 0xF7,
    0x5E, 0xD9, 0x3A, 0x04, 0x7B, 0x08, 0xFD, 0x24, 0xC0, 0x18, 0xD6, 0xBF, 0x60, 0xFF, 0x1C, 0xEC,
    0x9B, 0x70, 0x1C, 0xD4, 0x99, 0xF4, 0x73, 0xB5, 0xDB, 0x4D, 0x43, 0x64, 0x02, 0x22, 0x43, 0x68,
    0x1D, 0xBA, 0x13, 0xC0, 0x9D, 0x54, 0x1A, 0x70, 0x71, 0xC5, 0xFF, 0x3C, 0x72, 0x42, 0x37, 0xF2,
    0xFD, 0x7F, 0x93, 0xB4, 0x05, 0xF6, 0x1A, 0xAC, 0x71, 0x59, 0xA4, 0x0D, 0x54, 0x5F, 0xB7, 0x8F,
    0x57, 0x60, 0x95, 0x90, 0x07, 0x7A, 0x80, 0x02, 0x52, 0xE0, 0x87, 0xD0, 0x30, 0x20, 0x1C, 0x02,
    0xC2, 0x15, 0xF8, 0x9F, 0x23, 0x72, 0x10, 0xBA, 0x88, 0x7C, 0x68, 0xB8, 0x2A, 0xB0, 0x05, 0x34,
    0x81, 0x4D, 0xA0, 0x06, 0x04, 0x46, 0x14, 0xB0, 0x73, 0xE9, 0x5F, 0x92, 0x91, 0xD1, 0x36, 0x02,
    0xB2, 0x59, 0xA6, 0xE2, 0x55, 0x60, 0xEF, 0x6B, 0xDC, 0xC9, 0xB9, 0xEE, 0x77, 0x01, 0x7D, 0xAD,
    0xC5, 0x79, 0xD0, 0xFA, 0x46, 0x07, 0x11, 0x69, 0x8E, 0xD0, 0x41, 0x6B, 0xC3, 0x99, 0x98, 0x81,
    0x5A, 0xF7, 0xC0, 0x36, 0xD7, 0x81, 0xCB, 0xD8, 0xB0, 0x52, 0x5B, 0x01, 0x47, 0x8F, 0x00, 0xCE,
    0xAF, 0x03, 0xA7, 0x2B, 0xF9, 0x72, 0x38, 0x7B, 0x13, 0xF6, 0x3D, 0x60, 0xB8, 0x06, 0x5C, 0xA5,
    0xC2, 0x3E, 0xB3, 0xB2, 0xE5, 0x70, 0x9B, 0x15, 0xB0, 0xDF, 0x1B, 0x69, 0x20, 0x1E, 0xE3, 0xE8,
    0x27, 0x5C, 0xD8, 0xA9, 0xC0, 0x48, 0x20, 0xA1, 0x2D, 0x31, 0x39, 0xD1, 0x45, 0x3B, 0x3D, 0xFA,
    0x3E, 0xA7, 0x0E, 0xB0, 0x7E, 0x06, 0xFB, 0xAF, 0xB0, 0xFF, 0x09, 0x5B, 0x39, 0xF7, 0x55, 0xCB,
    0x55, 0x1D, 0xA6, 0x22, 0x5B, 0x85, 0xB6, 0x7E, 0xD3, 0x77, 0xD3, 0x55, 0xEE, 0x17, 0xB4, 0x85,
    0x68, 0x3C, 0x44, 0xEB, 0x4A, 0xEA, 0x61, 0xE8, 0xA1, 0xE3, 0x21, 0x78, 0x63, 0xE0, 0xC5, 0x23,
    0x8F, 0x3E, 0x4C, 0x71, 0xD8, 0xBC, 0x9C, 0xFA, 0x64, 0xA0, 0x96, 0x24, 0x1C, 0xE4, 0xA3, 0x29,
    0xDA, 0xB9, 0x95, 0x68, 0xA7, 0x0E, 0x7C, 0x52, 0x1E, 0x4F, 0x8E, 0x0E, 0x69, 0x4C, 0x94, 0xE2,
    0xC9, 0x3B, 0xD3, 0xAF, 0xA3, 0xC3, 0xF8, 0x81, 0x75, 0xA8, 0x6D, 0x85, 0x1E, 0x9A, 0x52, 0xBD,
    0x81, 0x80, 0xF1, 0xAF, 0x5E, 0x96, 0xFB, 0x39, 0xA7, 0xA5, 0xE9, 0x00, 0x2D, 0x0B, 0x4E, 0x5E,
    0x2C, 0x6B, 0xB3, 0xEF, 0x64, 0xAB, 0x61, 0x36, 0xC8, 0xAC, 0x5E, 0x87, 0x36, 0xE0, 0x67, 0x23,
    0xD9, 0xCA, 0xE2, 0xAB, 0x91, 0x8A, 0x2D, 0x04, 0x7F, 0x36, 0xD2, 0x4A, 0x84, 0x90, 0x0C, 0x7A,
    0x48, 0x76, 0xFA, 0x74, 0x00, 0x4F, 0x9B, 0x32, 0x76, 0xF5, 0x79, 0xD8, 0xDE, 0xAE, 0x26, 0x4C,
    0xAD, 0x46, 0xAC, 0xD0, 0x56, 0x7F, 0x06, 0x6D, 0x08, 0xCF, 0x9C, 0x1D, 0x95, 0xFF, 0x07, 0xFB,
    0x65, 0x6E, 0x6C, 0x2C, 0xF5, 0xBB, 0xD7, 0x3A, 0x8F, 0x6C, 0xEC, 0xD4, 0x41, 0xD6, 0x18, 0x65,
    0x48, 0x12, 0x24, 0x11, 0x92, 0x36, 0x4F, 0x9C, 0xDC, 0x20, 0x0E, 0xC0, 0xC6, 0xA8, 0x56, 0x0C,
    0xF8, 0x17, 0x2B, 0xEC, 0xE2, 0xBE, 0xD2, 0xBB, 0xCD, 0xE4, 0x97, 0xCF, 0x71, 0xF7, 0x01, 0x71,
    0x0B, 0xEC, 0x5F, 0x02, 0x37, 0xB1, 0x86, 0x16, 0x32, 0xD8, 0xEF, 0xCE, 0x36, 0xA8, 0x9C, 0x96,
    0xE9, 0x74, 0x4E, 0xAF, 0xA7, 0x45, 0x37, 0x1F, 0xAC, 0xA7, 0xA5, 0x2C, 0x38, 0x0D, 0xE6, 0xA2,
    0x19, 0xCF, 0x79, 0xBD, 0x68, 0x9A, 0x84, 0xCA, 0x6B, 0x49, 0xF4, 0xD9, 0x77, 0xAA, 0x05, 0xA5,
    0x0C, 0x84, 0xA6, 0xCD, 0x69, 0x8E, 0xF3, 0xEC, 0x9D, 0x6E, 0x36, 0x5F, 0x43, 0x99, 0x88, 0x73,
    0x4F, 0xA1, 0x37, 0x30, 0xEB, 0x66, 0x78, 0x74, 0x9A, 0x63, 0xE9, 0xDE, 0xA6, 0xD6, 0x64, 0x31,
    0x7B, 0x64, 0x4E, 0x1E, 0x8D, 0x31, 0xCF, 0x73, 0xFE, 0xE3, 0xEE, 0xFB, 0xE6, 0xDB, 0xCF, 0xC7,
    0x68, 0x75, 0xAF, 0x9A, 0xEF, 0x93, 0xBF, 0x6D, 0x43, 0xBD, 0xF9, 0xB1, 0x7E, 0x07, 0x7F, 0x44,
    0xFB, 0x57, 0x7C, 0xD7, 0x56, 0xC1, 0x42, 0x06, 0xDA, 0xDF, 0xFE, 0x0A, 0x2D, 0x8C, 0x3F, 0x62,
    0x72, 0x31, 0xF9, 0xB4, 0x5E, 0x1F, 0x88, 0x9F, 0xA6, 0x7A, 0x70, 0x27, 0xD3, 0x59, 0x7E, 0x8B,
    0xEA, 0x63, 0x55, 0xC7, 0x62, 0x8A, 0xD5, 0x59, 0x1E, 0x67, 0xCB, 0xA4, 0x38, 0x7E, 0xA7, 0xDA,
    0x7C, 0xB5, 0x1C, 0x4E, 0x3F, 0x3F, 0xF0, 0xE5, 0x32, 0xC9, 0x55, 0x12, 0x0C, 0x15, 0x54, 0xB9,
    0x2D, 0x11, 0x9C, 0x41, 0x30, 0x7B, 0xC2, 0x5E, 0x9F, 0x4E, 0x5F, 0x1D, 0xA7, 0xB0, 0x5A, 0x55,
    0x32, 0x7B, 0xE2, 0x3F, 0x4B, 0xF2, 0x78, 0x4F, 0xC9, 0xF1, 0x5F, 0x24, 0x6D, 0x35, 0x1C, 0x8E,
    0x3F, 0x15, 0x46, 0x98, 0xF4, 0x0F, 0xC8, 0x48, 0x12, 0x71, 0x32, 0x99, 0x23, 0x9D, 0xB8, 0x29,
    0x91, 0x66, 0xB2, 0x45, 0x3B, 0x60, 0xA9, 0xE5, 0x89, 0xDA, 0x65, 0xAC, 0xFD, 0x28, 0x99, 0x81,
    0xB6, 0x02, 0x77, 0x69, 0xFA, 0x1E, 0x26, 0x10, 0x4C, 0x8A, 0x06, 0x44, 0x00, 0x91, 0xE0, 0x2D,
    0x85, 0x77, 0x25, 0x3E, 0x48, 0x21, 0x46, 0x10, 0x1D, 0x88, 0x26, 0x84, 0x4B, 0x1D, 0x34, 0x0B,
    0x6B, 0x6B, 0x55, 0x20, 0xE2, 0xEB, 0x91, 0x29, 0x9A, 0x14, 0x24, 0xC9, 0x75, 0xF5, 0x29, 0xBF,
    0xC5, 0xAF, 0xAB, 0x64, 0x94, 0x44, 0x09, 0x39, 0x64, 0xC6, 0x1D, 0x5A, 0x10, 0x6A, 0x19, 0xFE,
    0x21, 0xFD, 0x58, 0xDE, 0xE2, 0x9F, 0x4C, 0x5B, 0x6A, 0x64, 0x23, 0x3D, 0x63, 0xB9, 0x8B, 0x49,
    0xF3, 0x53, 0x33, 0xEA, 0xA1, 0x97, 0xCC, 0x3D, 0xAB, 0x3A, 0xEA, 0x09, 0xDB, 0xDC, 0x7E, 0xB2,
    0x33, 0xC4, 0x40, 0x8A, 0x2D, 0xE1, 0x89, 0x33, 0x8B, 0x02, 0x3F, 0xE0, 0x1F, 0xE3, 0x93, 0xD9,
    0x88, 0x9F, 0x48, 0x73, 0x3D, 0x85, 0x38, 0xFF, 0x58, 0xA2, 0x37, 0xD7, 0xE7, 0x53, 0x5C, 0x9F,
    0x2B, 0x79, 0x98, 0xCB, 0xA7, 0xD1, 0xCA, 0xD0, 0x06, 0x6E, 0xCC, 0x6A, 0x9A, 0x5D, 0x3A, 0x2D,
    0x7C, 0xF3, 0xF1, 0xEA, 0x4A, 0x57, 0xB5, 0xA9, 0xC7, 0xAC, 0x3C, 0x1F, 0xAA, 0x5C, 0x85, 0x78,
    0x1F, 0x22, 0x86, 0x78, 0x5B, 0x8A, 0xB7, 0x94, 0x10, 0x23, 0x21, 0x42, 0x21, 0x02, 0x21, 0x1A,
    0x42, 0x38, 0x89, 0xB0, 0xC9, 0x07, 0x8F, 0x28, 0x4A, 0xC9, 0xC8, 0x47, 0xE2, 0xA3, 0xF1, 0xCD,
    0x56, 0xE2, 0xCE, 0xA7, 0x52, 0xD2, 0xF4, 0x84, 0x26, 0xFA, 0xD0, 0x4C, 0xBE, 0x88, 0x61, 0x16,
    0x52, 0xDA, 0x4F, 0xC4, 0x14, 0x65, 0x70, 0xB7, 0xB7, 0x5D, 0xE3, 0x69, 0x16, 0x11, 0x0B, 0x6D,
    0x74, 0xD0, 0xFF, 0xB1, 0xAF, 0x9C, 0xDB, 0x23, 0x87, 0x0B, 0x07, 0x27, 0xF3, 0xBC, 0x86, 0x37,
    0x53, 0xA3, 0x21, 0x12, 0xA2, 0x29, 0x84, 0x2B, 0x04, 0x1B, 0x09, 0x4B, 0xC7, 0x1E, 0x1A, 0xC6,
    0x1A, 0xC1, 0x37, 0x46, 0x87, 0x8F, 0x26, 0x0B, 0x23, 0xD7, 0xC9, 0xC7, 0x0D, 0xAB, 0x0B, 0x66,
    0x5C, 0x16, 0x45, 0x3A, 0x7B, 0x97, 0xD2, 0x48, 0xD3, 0x6D, 0x94, 0x21, 0x78, 0x94, 0xA9, 0x48,
    0xFA, 0xF6, 0xBE, 0x9E, 0x15, 0xA1, 0x10, 0x05, 0x0A, 0x8E, 0x61, 0x6B, 0x7A, 0xB7, 0x5C, 0xDE,
    0x21, 0xAE, 0xB5, 0x54, 0x68, 0xE9, 0x37, 0x7D, 0xB7, 0x1C, 0x5E, 0xB4, 0x5A, 0x14, 0xF7, 0x5E,
    0xD6, 0xE1, 0x6A, 0x79, 0x64, 0xDD, 0xF3, 0x91, 0x6B, 0x7A, 0x2A, 0x38, 0xFE, 0xCE, 0xED, 0x5F,
    0x60, 0x73, 0x7B, 0x0D, 0x70, 0xFB, 0x43, 0xB0, 0x57, 0x51, 0xD9, 0x29, 0x01, 0x6E, 0x40, 0xF3,
    0x74, 0xEF, 0x95, 0x3B, 0x3C, 0x22, 0x32, 0x49, 0xE8, 0x97, 0x99, 0x5F, 0xAE, 0x32, 0x76, 0x87,
    0x67, 0xD3, 0x3A, 0xDD, 0xB6, 0xF7, 0xF2, 0x1D, 0xAE, 0xFB, 0x3E, 0x92, 0x9B, 0xB4, 0xD3, 0x96,
    0x3B, 0x1C, 0x76, 0x58, 0x1A, 0x45, 0xF6, 0x9D, 0xF7, 0x42, 0x3B, 0x1F, 0x93, 0x2B, 0x02, 0x95,
    0x49, 0xE5, 0xF0, 0x8C, 0xF3, 0xA0, 0x6D, 0xA6, 0xA7, 0x6D, 0x2A, 0xD3, 0xA1, 0x9B, 0x66, 0xBD,
    0x63, 0x1C, 0xBD, 0x61, 0x08, 0xC2, 0xD1, 0xEF, 0x7E, 0x4B, 0xD7, 0x88, 0xBE, 0xA1, 0x92, 0xFA,
    0x94, 0x38, 0x2C, 0xC5, 0xA4, 0xF6, 0x59, 0xBF, 0xCD, 0x6E, 0xF2, 0xE1, 0x13, 0xC7, 0xAF, 0x8C,
    0x74, 0x41, 0x3B, 0x96, 0xA1, 0x9D, 0x65, 0x18, 0xC6, 0x15, 0x42, 0x52, 0xF8, 0x03, 0x37, 0x41,
    0xD1, 0xBF, 0x0C, 0x6E, 0xEF, 0xDA, 0x0B, 0xAA, 0xB1, 0x1C, 0x91, 0x38, 0xBD, 0x3F, 0xF5, 0xCC,
    0xEE, 0x43, 0xEC, 0xBD, 0xA6, 0x7D, 0x76, 0x64, 0xA2, 0x2C, 0x97, 0x46, 0x42, 0x01, 0x4B, 0x43,
    0xB3, 0x1C, 0xE5, 0x1D, 0x1F, 0xFB, 0xE3, 0x69, 0x84, 0x9F, 0x91, 0x6F, 0x80, 0x3F, 0x8E, 0xCE,
    0x84, 0xD8, 0x03, 0x45, 0x99, 0xEF, 0x11, 0x3D, 0x04, 0xFB, 0xC7, 0x26, 0x10, 0x64, 0x43, 0xE8,
    0xEB, 0x41, 0x69, 0x38, 0x5B, 0xBA, 0xD9, 0xF6, 0xCE, 0x0A, 0xB8, 0x72, 0x28, 0xB4, 0x3D, 0x3A,
    0xD4, 0x13, 0x70, 0xF4, 0x3C, 0x16, 0x81, 0x88, 0x40, 0x53, 0x0C, 0x5C, 0x35, 0x1F, 0x15, 0x96,
    0x1C, 0xDD, 0xF6, 0x4E, 0xDD, 0x1C, 0xFF, 0x65, 0xA3, 0xCB, 0x73, 0xD5, 0xFD, 0x0F, 0xD7, 0x6B,
    0xF7, 0x94, 0xAC, 0x0C, 0x45, 0x84, 0x60, 0x19, 0xDD, 0xE1, 0x3C, 0xC4, 0x59, 0x40, 0xEF, 0x59,
    0x6A, 0xC2, 0xCD, 0x98, 0x8E, 0x7A, 0x54, 0x43, 0x56, 0xBE, 0x04, 0xD6, 0x9F, 0x0E, 0xAE, 0x14,
    0xF2, 0x26, 0x6A, 0x5B, 0x5B, 0xCB, 0x10, 0x8D, 0xFC, 0xA5, 0x39, 0xF9, 0xE7, 0xEE, 0xE3, 0xB9,
    0xFF, 0x9E, 0x94, 0x7F, 0x3C, 0x9A, 0x38, 0xDD, 0xE5, 0x8F, 0x65, 0xF5, 0xE1, 0xB8, 0x8B, 0xAD,
    0xDD, 0x69, 0xE0, 0x95, 0x20, 0x5B, 0xCC, 0x64, 0x01, 0x21, 0xD2, 0x5D, 0x47, 0xB9, 0xC5, 0xC5,
    0x1B, 0xFE, 0xAF, 0xCF, 0x13, 0xA3, 0x0E, 0xE6, 0x79, 0xAB, 0xD1, 0x6F, 0xB7, 0xEF, 0x16, 0x2C,
    0xF4, 0x70, 0x0D, 0xAC, 0xE2, 0xF2, 0xB3, 0x0C, 0x49, 0x0F, 0xEC, 0x3B, 0xD3, 0x0B, 0x7A, 0xD9,
    0x81, 0x6D, 0xD4, 0x7E, 0xA4, 0x2F, 0x41, 0x4B, 0xE1, 0x06, 0xB0, 0xE9, 0x02, 0xF4, 0x2A, 0x70,
    0xBC, 0x06, 0xA2, 0x2D, 0xAB, 0xA2, 0x72, 0x91, 0x48, 0x62, 0xF9, 0x64, 0x89, 0xBB, 0xBE, 0x35,
    0xE5, 0xAE, 0x92, 0x80, 0x9B, 0x17, 0x6A, 0xE1, 0xCE, 0xB5, 0xE5, 0x70, 0xCF, 0x86, 0xC8, 0xCD,
    0x3F, 0x03, 0x9E, 0xF9, 0x73, 0xA0, 0x4A, 0x18, 0x0B, 0x31, 0x6E, 0x03, 0x7D, 0xF2, 0xC9, 0x77,
    0x4D, 0xB7, 0xD9, 0xE5, 0x49, 0x07, 0x5E, 0xA8, 0xD3, 0x14, 0x76, 0xC2, 0x22, 0xF4, 0x62, 0xD2,
    0x13, 0x8E, 0x0A, 0xC2, 0xBA, 0x8A, 0xA2, 0x5A, 0x1A, 0x06, 0x5E, 0x22, 0xBC, 0x40, 0x24, 0xB5,
    0x30, 0xCC, 0xEA, 0x17, 0x2F, 0xA4, 0xAE, 0x68, 0x2A, 0x27, 0x6B, 0x28, 0x96, 0x36, 0x24, 0x53,
    0x2E, 0xD7, 0xCA, 0xF0, 0x22, 0x31, 0xD4, 0xED, 0xC2, 0x65, 0x25, 0x4D, 0x5B, 0x89, 0x36, 0x93,
    0xE1, 0x8B, 0x0C, 0xD1, 0xDB, 0xAF, 0x20, 0xF8, 0xCD, 0x87, 0xF0, 0x6E, 0xFF, 0x0D, 0x75, 0x75,
    0x0F, 0x0D, 0x75, 0x83, 0x82, 0xBC, 0xAB, 0x33, 0x62, 0xD8, 0x32, 0xFD, 0x89, 0xCC, 0x99, 0x0C,
    0x1C, 0xD4, 0xEA, 0x70, 0x03, 0x5D, 0x6F, 0x17, 0x37, 0xFA, 0x39, 0xEB, 0xA4, 0x33, 0xE1, 0x50,
    0x00, 0x72, 0xC1, 0x5C, 0xB7, 0x18, 0x27, 0x1A, 0x8B, 0xEA, 0xFA, 0x3E, 0x5D, 0x0B, 0x50, 0x0F,
    0xE1, 0x08, 0x7D, 0x9E, 0xEC, 0xB4, 0xB8, 0x30, 0xE0, 0x1C, 0x50, 0xFC, 0xF9, 0xE0, 0x7A, 0xB0,
    0x36, 0xCA, 0xAA, 0xD0, 0xC1, 0x09, 0x2D, 0xC0, 0x35, 0xDD, 0x7F, 0x3F, 0x97, 0x67, 0xAF, 0x48,
    0x7D, 0xFC, 0x3D, 0xC3, 0x08, 0x23, 0x4D, 0xC2, 0x6C, 0x56, 0xF1, 0x52, 0x97, 0xC7, 0xB9, 0xA2,
    0xED, 0x48, 0x6D, 0x9A, 0xF5, 0xFE, 0x84, 0x2E, 0x90, 0xF4, 0xCD, 0xA4, 0x4B, 0x2B, 0x11, 0xD1,
    0xCD, 0x73, 0x7A, 0x03, 0x3E, 0x28, 0x8D, 0x44, 0xD4, 0x6D, 0x2D, 0x45, 0x2A, 0x18, 0x0A, 0x59,
    0x59, 0xA4, 0x9D, 0x9D, 0x7A, 0xA6, 0xE9, 0x69, 0x11, 0xA9, 0x2A, 0x5F, 0xE2, 0xC9, 0xD2, 0x38,
    0xF0, 0xFF, 0xA5, 0x58, 0x41, 0x6F, 0x23, 0x49, 0x15, 0xFE, 0xBA, 0x6B, 0xED, 0x4E, 0xD2, 0xB1,
    0x7B, 0x0E, 0x33, 0x52, 0x56, 0x24, 0x76, 0x0E, 0x39, 0x44, 0xA8, 0x63, 0xCF, 0xC1, 0x87, 0x1E,
    0xAD, 0xA5, 0xB4, 0xE6, 0xB2, 0x02, 0x21, 0x94, 0x43, 0x3C, 0x23, 0xB1, 0x12, 0xE3, 0xC3, 0xDE,
    0x90, 0x76, 0x7B, 0x06, 0x47, 0xCA, 0xB0, 0xC3, 0xB8, 0xE7, 0xC2, 0x0D, 0x94, 0x03, 0x3F, 0x20,
    0xDA, 0x45, 0xDA, 0x5D, 0x40, 0x6C, 0x23, 0x66, 0xA4, 0x91, 0x20, 0x4A, 0x01, 0x7F, 0xA0, 0x11,
    0x57, 0x90, 0x1A, 0x01, 0xE2, 0x82, 0x16, 0x1F, 0x82, 0xE4, 0x5D, 0xEC, 0x34, 0xDF, 0xAB, 0x76,
    0x32, 0x43, 0x12, 0xEF, 0xD8, 0x4B, 0xAA, 0x5E, 0xA9, 0x5C, 0x5D, 0xFD, 0x55, 0xD5, 0xAB, 0xF7,
    0xBE, 0xF7, 0x3A, 0x80, 0x0D, 0x27, 0x7F, 0x13, 0x8D, 0x3B, 0x9F, 0x22, 0xC0, 0x73, 0x24, 0x6C,
    0x33, 0xF8, 0xFF, 0x23, 0x32, 0xB6, 0x8F, 0x08, 0x8D, 0xDB, 0x19, 0xE7, 0x86, 0x28, 0xFE, 0xAE,
    0x01, 0x81, 0x33, 0x8E, 0x6A, 0x6E, 0xDA, 0xB6, 0x75, 0x60, 0xE9, 0x96, 0x25, 0x2D, 0xFB, 0x35,
    0x27, 0x74, 0xC6, 0xC5, 0x1C, 0x3B, 0x8C, 0xF0, 0x41, 0x98, 0xE0, 0x3F, 0xC4, 0x18, 0x52, 0xB2,
    0x4B, 0x12, 0x51, 0x5A, 0x48, 0xB1, 0xE5, 0x68, 0xB8, 0xA7, 0x78, 0x09, 0xFB, 0xD0, 0xED, 0x25,
    0x6E, 0x9A, 0xB8, 0x78, 0x51, 0x3D, 0xF4, 0x9A, 0x68, 0xFE, 0x63, 0x32, 0x69, 0x63, 0x83, 0x4D,
    0x35, 0x63, 0xA3, 0xB4, 0x19, 0xE8, 0x0F, 0x91, 0x9F, 0xEE, 0xBD, 0x1B, 0x76, 0xDE, 0x89, 0xEC,
    0x14, 0xED, 0x08, 0x03, 0x44, 0x91, 0xAC, 0x12, 0x21, 0x52, 0x9A, 0x8D, 0xC3, 0xE5, 0x92, 0x2A,
    0x9B, 0x41, 0x1B, 0x9C, 0x12, 0x61, 0xEF, 0x5E, 0xF8, 0xEF, 0x4E, 0x7F, 0x68, 0xE5, 0x39, 0x5F,
    0xEF, 0x76, 0x09, 0xF0, 0x55, 0x4D, 0x00, 0x4F, 0x9E, 0x42, 0xE6, 0xE5, 0x03, 0x01, 0x48, 0xF8,
    0xAE, 0x95, 0x0A, 0x4A, 0x1C, 0xC9, 0x46, 0xF8, 0x60, 0x55, 0xA6, 0xB4, 0x04, 0x60, 0x60, 0xD6,
    0x3D, 0x81, 0xF5, 0xE4, 0x49, 0x0C, 0x5B, 0xFF, 0x9A, 0xA7, 0xD6, 0x6D, 0x69, 0x00, 0xE7, 0xF3,
    0xDF, 0xE7, 0x69, 0xCD, 0xD5, 0x1C, 0x50, 0x5A, 0x85, 0x81, 0xAD, 0xAB, 0x68, 0xD9, 0xDA, 0x07,
    0x7B, 0x3D, 0x70, 0x2C, 0xC3, 0x9A, 0xFB, 0x3B, 0x1E, 0xFC, 0x33, 0xCE, 0x33, 0x47, 0x88, 0xB0,
    0x19, 0xC1, 0x9F, 0x56, 0xF7, 0x76, 0xFD, 0xFE, 0xD8, 0xA7, 0x6E, 0x80, 0x1E, 0xDC, 0x0C, 0x93,
    0x57, 0x82, 0x08, 0xD7, 0xA3, 0x49, 0xE7, 0x62, 0xDD, 0xDB, 0x0D, 0xFA, 0xE3, 0xC0, 0xBC, 0x12,
    0xC0, 0xEA, 0x41, 0x65, 0x5D, 0x24, 0xBD, 0x64, 0x5D, 0x0E, 0x75, 0xB1, 0x40, 0x0A, 0x75, 0xCE,
    0xBB, 0xDE, 0xFC, 0x3E, 0xA2, 0xA0, 0x4F, 0xF9, 0x6E, 0x1C, 0x05, 0x0F, 0x74, 0x14, 0x44, 0x03,
    0x4A, 0x8B, 0xE2, 0x53, 0x3C, 0x8A, 0x93, 0x04, 0x91, 0x3D, 0xE0, 0x12, 0x03, 0x42, 0x0B, 0x3C,
    0xB7, 0x74, 0xBE, 0x27, 0x88, 0xBD, 0x04, 0xC4, 0xB8, 0x46, 0x0C, 0xCC, 0x81, 0x41, 0xE1, 0x26,
    0xB9, 0xCB, 0x02, 0xC5, 0xA1, 0xB1, 0xD9, 0xA6, 0xF7, 0xE1, 0xD0, 0xC1, 0x51, 0xCD, 0xE1, 0xF6,
    0xA6, 0x0B, 0xE7, 0x4F, 0xC4, 0xA5, 0x1C, 0xA1, 0x5C, 0x86, 0xFD, 0x4F, 0xE0, 0xA9, 0x01, 0x48,
    0x40, 0x0B, 0xB4, 0xFE, 0x04, 0xFB, 0x87, 0x50, 0x5F, 0x87, 0xE3, 0xA0, 0xAA, 0xE2, 0x7A, 0xAE,
    0xB7, 0x3A, 0xBC, 0x45, 0x31, 0x10, 0x9A, 0xE1, 0xE2, 0x82, 0xDA, 0xB7, 0xB8, 0xB2, 0x3B, 0x5A,
    0xF4, 0x08, 0xF1, 0x56, 0xFD, 0x5F, 0x81, 0xD3, 0x72, 0x83, 0x7A, 0xFD, 0xAF, 0xC0, 0xC1, 0xC1,
    0x1B, 0x71, 0x55, 0x6C, 0x8C, 0x57, 0x78, 0xB9, 0xF4, 0x75, 0xB7, 0xDB, 0xD0, 0x9E, 0x59, 0xF9,
    0x62, 0xB1, 0x6D, 0x58, 0x7F, 0x36, 0xDA, 0x81, 0x78, 0x4F, 0xE3, 0x4E, 0x1A, 0x20, 0xA1, 0x4B,
    0xD1, 0xB3, 0xCE, 0x2B, 0x7F, 0x52, 0x61, 0xF4, 0xAF, 0xC2, 0xBD, 0xCA, 0x4B, 0x50, 0x3F, 0x07,
    0xCD, 0x57, 0x5E, 0x19, 0xA3, 0xE6, 0x86, 0xD3, 0x5C, 0x6C, 0x72, 0xC4, 0x41, 0x61, 0x08, 0x87,
    0xB4, 0xF5, 0xCB, 0x95, 0x2E, 0x46, 0x0F, 0xA3, 0x83, 0x15, 0xFE, 0xB5, 0xB2, 0xE2, 0x26, 0xE2,
    0x30, 0x87, 0x6E, 0xF2, 0xA2, 0x78, 0xBD, 0xA6, 0xF8, 0x95, 0x73, 0x0A, 0x6B, 0x17, 0xF6, 0x02,
    0x54, 0x65, 0x0E, 0xC4, 0xFA, 0xB0, 0xB4, 0xB3, 0xB0, 0xBE, 0xDC, 0xBA, 0x1A, 0x13, 0xAF, 0x01,
    0xF4, 0x87, 0xC3, 0xB9, 0x61, 0xB1, 0x81, 0x81, 0x15, 0x4F, 0x07, 0x2E, 0x95, 0xA1, 0xCC, 0xD9,
    0xE7, 0x05, 0x16, 0x0D, 0xD8, 0x7A, 0x3A, 0xB0, 0x15, 0x1A, 0xEF, 0x9D, 0x7F, 0xC7, 0x8B, 0xBC,
    0xEE, 0x2F, 0xDA, 0xB1, 0xD1, 0x15, 0xAE, 0xD7, 0x8C, 0x91, 0xAA, 0x70, 0x3B, 0x0F, 0x6F, 0xDD,
    0x0D, 0x03, 0x07, 0x5B, 0x55, 0xB8, 0x43, 0x79, 0xAA, 0x0A, 0xFD, 0x97, 0xA0, 0xBE, 0x39, 0xAB,
    0xD1, 0xBA, 0x23, 0x6B, 0xB7, 0xB4, 0xB0, 0xB4, 0x7A, 0xB5, 0xD9, 0xDA, 0x3F, 0x85, 0xFD, 0x31,
    0xB0, 0x2E, 0x47, 0x98, 0x11, 0xD0, 0x1B, 0x71, 0x5E, 0xCA, 0x72, 0x25, 0xA0, 0xEC, 0x4F, 0xB6,
    0x69, 0xFE, 0xDC, 0x7C, 0x88, 0xEA, 0xB3, 0x5D, 0xB1, 0x5F, 0x04, 0x94, 0x88, 0x92, 0x1D, 0x9F,
    0x58, 0xFA, 0xD9, 0x8E, 0xCA, 0x07, 0x70, 0x3A, 0x09, 0x7D, 0x23, 0xC1, 0x1A, 0x9E, 0xED, 0xB4,
    0x71, 0x3C, 0xC4, 0x0D, 0x1A, 0xF7, 0x76, 0xE1, 0xDA, 0xEE, 0xF0, 0x18, 0x0B, 0x75, 0xE1, 0x3E,
    0xAE, 0x74, 0xAF, 0x93, 0xD5, 0x3F, 0xC9, 0xD3, 0x80, 0x6E, 0xDB, 0xA2, 0x13, 0x05, 0x4D, 0x1D,
    0xD6, 0xB3, 0x63, 0x3D, 0xA1, 0x12, 0x3B, 0x4F, 0xEB, 0x9D, 0x83, 0xC0, 0x6C, 0x9E, 0x86, 0x9E,
    0x95, 0x76, 0x32, 0x6F, 0xC0, 0xE8, 0x91, 0x78, 0xA3, 0xFD, 0xD2, 0xD3, 0x46, 0x98, 0x38, 0xF9,
    0x19, 0x5D, 0x7C, 0xA6, 0xC9, 0xB6, 0xE4, 0x55, 0xF2, 0x2B, 0x79, 0x96, 0xAD, 0xAF, 0xB4, 0xF7,
    0x89, 0xB6, 0xDF, 0xD7, 0xB8, 0x9B, 0xE2, 0x3B, 0xD9, 0xEB, 0x5F, 0x09, 0xDD, 0x31, 0xEC, 0xDB,
    0x21, 0x3E, 0x15, 0x8A, 0x3A, 0x07, 0x6F, 0x5F, 0x06, 0x47, 0x42, 0x37, 0x6D, 0x9E, 0x81, 0x2F,
    0x2E, 0x42, 0x7D, 0x74, 0xE6, 0x91, 0x97, 0x56, 0x61, 0x7F, 0xCD, 0xD5, 0xEE, 0xE7, 0x5A, 0xEC,
    0x46, 0xC5, 0xC5, 0x2A, 0x8B, 0x34, 0x9E, 0x1E, 0x2C, 0xB3, 0x35, 0x09, 0x1C, 0x0C, 0x2A, 0xBE,
    0x68, 0xE8, 0x81, 0xC6, 0x7B, 0x31, 0x1E, 0xA7, 0x88, 0x18, 0x9E, 0x18, 0x87, 0xD6, 0x10, 0xB9,
    0x12, 0x9F, 0xBA, 0x5D, 0x34, 0x34, 0x3C, 0x73, 0x90, 0xB2, 0xA1, 0xB0, 0x49, 0xB5, 0xB5, 0x4B,
    0x1E, 0xF1, 0xE1, 0x92, 0xF3, 0x4F, 0x4C, 0x87, 0xB7, 0xA2, 0x62, 0xD7, 0x4A, 0x67, 0x65, 0x94,
    0x9B, 0x62, 0xCC, 0xF8, 0x09, 0xB0, 0xF9, 0x2A, 0x46, 0xE1, 0x34, 0x2D, 0xB7, 0x8F, 0xB7, 0x61,
    0x75, 0xA0, 0xF2, 0x99, 0x49, 0xAB, 0x65, 0x2C, 0xAC, 0x27, 0x4B, 0xD0, 0x42, 0x0A, 0x72, 0x9A,
    0x71, 0xA1, 0x85, 0x05, 0x38, 0x67, 0x8A, 0xA2, 0x4B, 0xDC, 0xB8, 0x07, 0xE6, 0x1C, 0xBC, 0x0F,
    0xEA, 0xD2, 0xF9, 0x1B, 0xAC, 0x77, 0x69, 0x6F, 0xB1, 0x84, 0x78, 0x15, 0x77, 0x5D, 0xF4, 0xC7,
    0x45, 0xE8, 0xAF, 0x66, 0xC2, 0x61, 0xC7, 0xE3, 0x1B, 0x8F, 0x90, 0x58, 0xDA, 0x09, 0xBD, 0x83,
    0xD2, 0x73, 0x54, 0x0C, 0x19, 0x57, 0x7E, 0xFC, 0xA8, 0x9F, 0x4D, 0xE7, 0x63, 0x29, 0xDF, 0xC6,
    0xE8, 0xFF, 0xCA, 0x16, 0xFA, 0xE2, 0xAD, 0x7C, 0x17, 0x5F, 0x2A, 0x51, 0x88, 0x51, 0xA4, 0x07,
    0x2F, 0x9A, 0xF9, 0x13, 0x05, 0x2C, 0x81, 0x7E, 0x25, 0x6A, 0x9F, 0xD9, 0x86, 0xB1, 0x6A, 0xE2,
    0xEB, 0xC1, 0x1C, 0x36, 0x1C, 0xA9, 0x50, 0xCE, 0x32, 0x91, 0x27, 0x5A, 0xA4, 0x9F, 0x3F, 0xD1,
    0x0F, 0xEF, 0x16, 0xFD, 0x73, 0xB1, 0xFF, 0x48, 0x8D, 0xE5, 0x67, 0xC1, 0xFF, 0xC1, 0x29, 0xBE,
    0xF7, 0x56, 0xBC, 0xCF, 0xBD, 0x5B, 0x3A, 0x62, 0xB5, 0xB5, 0x28, 0xC4, 0x35, 0xB6, 0xFE, 0x1C,
    0xEF, 0xA5, 0x78, 0x6C, 0xAC, 0xE5, 0xBC, 0x8A, 0x0A, 0xB2, 0xC9, 0x61, 0x68, 0x52, 0xCC, 0x1B,
    0x98, 0x36, 0x30, 0x6B, 0x60, 0xD2, 0xC0, 0x9C, 0x81, 0x29, 0x03, 0x33, 0x06, 0x26, 0x0C, 0xCC,
    0x17, 0x98, 0x2E, 0x50, 0xA7, 0x0C, 0x8F, 0xA1, 0x98, 0xCF, 0x87, 0xC3, 0xA3, 0x5A, 0xF2, 0x32,
    0xCF, 0xBA, 0x13, 0x9D, 0xEC, 0x08, 0xC7, 0x59, 0xDF, 0x10, 0xB2, 0x2B, 0xF8, 0x4E, 0xFD, 0x08,
    0xCA, 0xC1, 0x92, 0x0A, 0xAB, 0x3F, 0xD3, 0xCD, 0x5C, 0x07, 0x72, 0xCB, 0x89, 0x64, 0x9E, 0x6D,
    0xEA, 0xE3, 0x40, 0xBD, 0xAD, 0x56, 0xA6, 0x05, 0x7E, 0xA0, 0x32, 0xC9, 0x4D, 0xBA, 0x5F, 0x8E,
    0xF4, 0xC4, 0xC8, 0xE5, 0x80, 0x65, 0xCC, 0x47, 0x7C, 0x4B, 0xC6, 0x0D, 0x6E, 0x16, 0x1E, 0x98,
    0x34, 0xEE, 0x64, 0x81, 0x1A, 0x24, 0x4E, 0x90, 0x55, 0xFC, 0x2C, 0xF0, 0xB3, 0xC4, 0xFF, 0x8B,
    0xF6, 0x7F, 0x15, 0x06, 0x8F, 0x8D, 0x07, 0xBE, 0x91, 0x87, 0x4C, 0x99, 0xE5, 0xF0, 0x81, 0x71,
    0x2D, 0x79, 0x25, 0xAE, 0x79, 0x61, 0xDB, 0xD3, 0xC1, 0x2D, 0xDD, 0xFA, 0xA5, 0xBE, 0xF5, 0x5B,
    0xBD, 0x7D, 0x5B, 0xD7, 0x9D, 0xB0, 0x6E, 0xFC, 0xA7, 0x12, 0x09, 0x8F, 0xD8, 0x5F, 0x9B, 0x35,
    0x26, 0x6C, 0x1E, 0x56, 0xA2, 0xF2, 0xCA, 0x14, 0x05, 0x5D, 0x83, 0x3D, 0x96, 0x2C, 0x67, 0x46,
    0x2C, 0x84, 0xCE, 0x90, 0x2E, 0x7F, 0x25, 0xD6, 0x7D, 0x1D, 0x64, 0x0B, 0x3C, 0x72, 0x7F, 0xB4,
    0xB7, 0x5B, 0xA4, 0xA3, 0xFD, 0xD1, 0xC3, 0x49, 0x6F, 0x6F, 0xB7, 0x3F, 0xDE, 0x3C, 0x44, 0xE5,
    0x26, 0x64, 0x27, 0x3C, 0xE1, 0x08, 0x55, 0x0F, 0xBE, 0x62, 0x0C, 0x8D, 0x49, 0x1B, 0x81, 0xC9,
    0x32, 0x6A, 0x16, 0x4F, 0x2E, 0x4F, 0xAD, 0xD0, 0x1B, 0xAC, 0xAC, 0x4C, 0x47, 0xA2, 0x89, 0x10,
    0x40, 0xF6, 0xF1, 0x2A, 0xA4, 0xF7, 0xE3, 0x56, 0xBA, 0xCC, 0x00, 0x5A, 0x1F, 0xA8, 0xF8, 0x72,
    0xA9, 0x0F, 0xEE, 0xEB, 0xCD, 0x6C, 0x61, 0x5D, 0xEE, 0xF8, 0x62, 0x29, 0x61, 0x5B, 0x1F, 0x1C,
    0x4C, 0xCF, 0x19, 0xE5, 0x39, 0x59, 0xFF, 0x0A, 0x7E, 0x5A, 0x6C, 0xC1, 0x59, 0x85, 0xF5, 0x83,
    0x39, 0x72, 0xC6, 0xD5, 0x08, 0xD5, 0x00, 0x6A, 0xF9, 0xD5, 0x39, 0x23, 0x2F, 0xCC, 0x3A, 0x85,
    0x52, 0x73, 0x80, 0x53, 0x5B, 0x6A, 0x84, 0x72, 0xE9, 0xD5, 0xE0, 0xF7, 0x35, 0xFC, 0x43, 0x2C,
    0xAE, 0x9B, 0xEF, 0xB1, 0x13, 0xEC, 0xBD, 0x63, 0xA2, 0x9B, 0x23, 0x6D, 0xAF, 0x26, 0x23, 0x51,
    0xCF, 0xC4, 0xC1, 0xEA, 0x24, 0xEA, 0xDD, 0x8F, 0x83, 0x74, 0x99, 0x37, 0xBE, 0x39, 0x6C, 0xEE,
    0x6C, 0xD1, 0xE0, 0x5F, 0x14, 0x66, 0x61, 0xDE, 0x09, 0x56, 0x56, 0x66, 0x45, 0x12, 0x6D, 0xEE,
    0xEC, 0x00, 0x1F, 0x64, 0x47, 0xE1, 0x53, 0xE1, 0xE2, 0xF3, 0x52, 0xA8, 0xC6, 0x5E, 0x9E, 0x23,
    0x93, 0x3B, 0xBB, 0xD4, 0x2B, 0xB3, 0xB8, 0x42, 0x19, 0xE5, 0x39, 0xE0, 0xCE, 0xAC, 0x71, 0x4A,
    0x52, 0xC8, 0x49, 0x8D, 0x6F, 0x15, 0x9F, 0x68, 0xD8, 0xE2, 0xCF, 0x14, 0xD6, 0x11, 0x24, 0x15,
    0x20, 0xCD, 0xA9, 0x70, 0xA3, 0x8E, 0x6D, 0x93, 0x1D, 0x92, 0xF2, 0x2C, 0xD6, 0x22, 0x8D, 0x0C,
    0xAE, 0xB7, 0xD0, 0x80, 0x93, 0xE1, 0x11, 0x56, 0xAF, 0xF9, 0xDB, 0x27, 0x5C, 0x44, 0xDB, 0xA1,
    0x8D, 0x3C, 0xD7, 0x9D, 0xBF, 0x87, 0x42, 0x3A, 0x5F, 0x50, 0x61, 0xF8, 0x96, 0x3C, 0x13, 0x62,
    0x99, 0x61, 0xA1, 0x9F, 0xF9, 0x6C, 0xCF, 0xCA, 0x9A, 0xF9, 0x8C, 0x53, 0xA1, 0x82, 0xB9, 0xEF,
    0xFA, 0x08, 0xB7, 0xEA, 0x93, 0xAD, 0x70, 0x4F, 0xD6, 0x6F, 0xE0, 0xFC, 0xC2, 0x7C, 0x99, 0x49,
    0x54, 0x8E, 0xA5, 0x53, 0x97, 0xC1, 0x66, 0x5A, 0x7C, 0xE2, 0x34, 0x07, 0x1B, 0x6D, 0x82, 0xF8,
    0x78, 0xEA, 0x9D, 0xBC, 0xE6, 0x93, 0x3C, 0x2B, 0xEC, 0x9F, 0x34, 0xF5, 0xFE, 0xC5, 0x6F, 0x95,
    0xC8, 0x68, 0xA9, 0xA8, 0xFD, 0x3C, 0x7B, 0xD8, 0xC9, 0x5E, 0x1E, 0x61, 0x9D, 0x9A, 0x10, 0xF5,
    0x63, 0xF7, 0x0F, 0xD9, 0xCB, 0xFF, 0x17, 0x38, 0xAF, 0xFF, 0x05, 0x65, 0x91, 0x31, 0x6C, 0xD3,
    0x40, 0x14, 0x86, 0xFF, 0x24, 0x0D, 0xB8, 0x56, 0xDA, 0x1A, 0x91, 0x54, 0x14, 0x1C, 0x74, 0x95,
    0x8A, 0xB8, 0x56, 0xA1, 0x3E, 0x20, 0x15, 0x16, 0x04, 0xD5, 0xE9, 0xC4, 0xE8, 0x01, 0x33, 0x20,
    0x86, 0x2C, 0x15, 0x4A, 0x05, 0xC2, 0x48, 0x41, 0x14, 0x54, 0xB7, 0x27, 0xB3, 0x76, 0xC8, 0x42,
    0x06, 0xC4, 0xE0, 0xA1, 0x48, 0x89, 0x17, 0x3A, 0x74, 0xE8, 0x80, 0xAA, 0x13, 0x62, 0x64, 0xF0,
    0x82, 0xBA, 0x74, 0x60, 0x60, 0x60, 0xEC, 0xC0, 0xD0, 0x01, 0x08, 0xCF, 0x75, 0x3B, 0x71, 0xEF,
    0x74, 0xBA, 0x7B, 0xF7, 0xEE, 0xEE, 0xFB, 0xFF, 0xE3, 0xA8, 0xE2, 0x2C, 0xF4, 0x9A, 0xD0, 0x61,
    0xC9, 0x56, 0x04, 0x58, 0xEF, 0xA7, 0xB7, 0x2B, 0xCE, 0x46, 0x02, 0x6C, 0xFC, 0x01, 0xB5, 0x17,
    0x89, 0xE5, 0xE0, 0xD0, 0x05, 0xFC, 0xC4, 0x70, 0xB8, 0xAE, 0x73, 0xF0, 0xDE, 0x9B, 0xBB, 0x3A,
    0x37, 0x7D, 0xA1, 0x5A, 0xDD, 0xDB, 0x6A, 0x02, 0x6E, 0x14, 0x21, 0xDC, 0xDF, 0xC7, 0x73, 0x65,
    0x7F, 0xD7, 0x04, 0xA0, 0x53, 0x2C, 0xD3, 0xA9, 0x22, 0x16, 0x95, 0xEB, 0x96, 0x4C, 0xBB, 0x0E,
    0xB3, 0x66, 0x0B, 0xD4, 0xED, 0x5A, 0x29, 0x9B, 0xF9, 0xB5, 0xD1, 0x31, 0xBB, 0x55, 0xAC, 0x3E,
    0x2D, 0xBA, 0x9D, 0x57, 0x6E, 0xEC, 0x4C, 0xCA, 0x3C, 0x05, 0x9D, 0x1C, 0x5F, 0xEB, 0x32, 0x95,
    0x30, 0xF0, 0xC0, 0xC3, 0x1E, 0x2F, 0x97, 0xDB, 0x41, 0xB9, 0xED, 0x69, 0xA6, 0xF9, 0xE4, 0x97,
    0x4C, 0x92, 0x1F, 0x6B, 0xF4, 0x50, 0x86, 0x41, 0x04, 0xE6, 0x0C, 0x9B, 0xB9, 0xA6, 0x7F, 0x02,
    0x17, 0x9D, 0x0B, 0x29, 0x01, 0x30, 0x3C, 0x54, 0x42, 0xB2, 0x1B, 0x9B, 0xF3, 0xBB, 0x19, 0xD7,
    0xB1, 0xA2, 0x6E, 0xA6, 0x20, 0x63, 0x49, 0xD5, 0x89, 0x9D, 0x54, 0xDD, 0xCA, 0x20, 0x8D, 0xB9,
    0x7E, 0xE5, 0xFE, 0xCA, 0x00, 0x58, 0xF7, 0x3F, 0x9F, 0xE8, 0xF5, 0x3C, 0x6F, 0x38, 0x1C, 0xC2,
    0x29, 0xA8, 0x79, 0x30, 0x40, 0x83, 0x89, 0x3A, 0x04, 0x22, 0x24, 0x39, 0x55, 0x90, 0x05, 0xBA,
    0x73, 0x8C, 0x52, 0x9C, 0x52, 0x52, 0x08, 0x22, 0x56, 0xE2, 0x9B, 0x1F, 0x47, 0x73, 0xFD, 0x85,
    0x47, 0xA2, 0xB4, 0xF8, 0xDB, 0xDA, 0xBD, 0xBE, 0xE9, 0x35, 0x02, 0x8C, 0xD8, 0x75, 0xB3, 0x66,
    0x9C, 0xDE, 0x9F, 0xA9, 0xCD, 0xDE, 0xB6, 0x4B, 0xE5, 0x82, 0x7C, 0xE9, 0x5F, 0x34, 0xDC, 0xED,
    0xD5, 0x95, 0xC1, 0x87, 0x87, 0xDD, 0x33, 0xC0, 0x69, 0x5D, 0xEA, 0xE1, 0x9E, 0xAE, 0x43, 0x5A,
    0x07, 0x37, 0x77, 0x52, 0xEB, 0xF3, 0x72, 0x54, 0xBB, 0xF3, 0xD3, 0x70, 0x53, 0x6B, 0x0C, 0x63,
    0x3D, 0x6A, 0xCA, 0xA0, 0xD5, 0x53, 0xC0, 0x82, 0x7A, 0x4D, 0xB8, 0x68, 0x70, 0x7E, 0x14, 0x58,
    0x0A, 0x05, 0xD9, 0xCB, 0xE7, 0x21, 0x35, 0xB0, 0x2F, 0x38, 0x4F, 0xFD, 0x1E, 0xA6, 0x69, 0x49,
    0x49, 0xDA, 0xA2, 0x02, 0x74, 0xAA, 0x1D, 0xB2, 0x4D, 0x46, 0x46, 0x6A, 0x47, 0xFA, 0x39, 0x08,
    0x1A, 0x65, 0xD4, 0x3A, 0xA3, 0x58, 0xAD, 0x12, 0x96, 0x5D, 0x1F, 0xEF, 0xD7, 0xBF, 0x22, 0x12,
    0xFE, 0xF1, 0x3F, 0xB7, 0x03, 0x5E, 0x74, 0x6F, 0x1D, 0xA4, 0x36, 0x82, 0x05, 0x1A, 0x0C, 0xC0,
    0xB1, 0x91, 0x57, 0x13, 0x6F, 0x9F, 0x01, 0x1F, 0xB7, 0xFE, 0x5B, 0x7B, 0x9E, 0x1B, 0xC7, 0x51,
    0x36, 0xA6, 0xD0, 0xD6, 0x5F, 0x4F, 0xB5, 0x8A, 0x7B, 0xCE, 0xB1, 0x80, 0xE1, 0x11, 0x2E, 0x3B,
    0x97, 0x1C, 0x81, 0x9C, 0xC2, 0x49, 0xAB, 0x78, 0x0F, 0xD4, 0x5C, 0x1C, 0xA7, 0x02, 0x30, 0x35,
    0x19, 0x5E, 0x99, 0x7D, 0xEC, 0x4E, 0x91, 0x3C, 0xC6, 0x8C, 0x59, 0x84, 0x14, 0x1C, 0x4B, 0x21,
    0x65, 0x19, 0x9B, 0xCA, 0xE5, 0xAF, 0xD2, 0x0C, 0x32, 0x0E, 0xC3, 0xE6, 0xBB, 0x56, 0xC8, 0x42,
    0xD6, 0x34, 0xB6, 0xA4, 0x74, 0x0C, 0xCE, 0x0C, 0x6D, 0x09, 0xD3, 0x54, 0x3A, 0x82, 0x73, 0x34,
    0x72, 0x34, 0xF1, 0x0F, 0xAD, 0x5A, 0x5D, 0x6C, 0xDC, 0x56, 0x76, 0x3E, 0x24, 0x65, 0xD3, 0x11,
    0x33, 0x1C, 0x6D, 0xE1, 0xAD, 0xB7, 0x31, 0x67, 0x26, 0x2D, 0x5C, 0xC0, 0x68, 0x69, 0x8D, 0x1E,
    0x08, 0x2C, 0x8D, 0x8C, 0x77, 0x68, 0xA7, 0x48, 0x8A, 0x1A, 0xCD, 0x0A, 0x58, 0xCB, 0x02, 0xEA,
    0x24, 0x4E, 0xD1, 0xA2, 0x58, 0x14, 0x49, 0x7C, 0x1D, 0x8F, 0x76, 0xA5, 0xC4, 0xCE, 0x10, 0x09,
    0xD0, 0x00, 0x4D, 0xB7, 0xD5, 0x43, 0xD2, 0x97, 0x5D, 0xB4, 0x2A, 0x52, 0xA0, 0xF9, 0x69, 0x77,
    0xAF, 0x22, 0xAB, 0x76, 0x1C, 0x3B, 0xC3, 0xC6, 0x0F, 0x79, 0x08, 0x0A, 0x30, 0x9B, 0x06, 0xFB,
    0x90, 0x4D, 0xC1, 0x6E, 0xDC, 0x6E, 0xBB, 0x49, 0x11, 0x02, 0x55, 0x8B, 0xD9, 0x40, 0x12, 0xFB,
    0x9D, 0x4B, 0xCE, 0x68, 0x64, 0x49, 0xF6, 0xA4, 0xE8, 0xF0, 0x5C, 0xEA, 0x92, 0xC3, 0x39, 0xBC,
    0xF7, 0xDC, 0xF3, 0xF3, 0x9D, 0x73, 0x35, 0x4A, 0x46, 0x40, 0x11, 0x51, 0x7B, 0x75, 0xE6, 0x84,
    0x20, 0x3E, 0xDA, 0xAB, 0x73, 0x45, 0x6F, 0xE6, 0x44, 0x7B, 0x8D, 0xA8, 0x34, 0xB1, 0xE7, 0xEE,
    0x9D, 0xBF, 0xCF, 0xB2, 0x70, 0xFA, 0xC5, 0xC0, 0x08, 0xA9, 0xA0, 0x2C, 0x31, 0xC2, 0x59, 0x23,
    0x74, 0x8D, 0xD0, 0x51, 0xE7, 0x59, 0xE3, 0xCF, 0x12, 0xC2, 0x47, 0x50, 0xAC, 0x07, 0x83, 0x6C,
    0x36, 0x1F, 0xF8, 0xE8, 0x59, 0x58, 0x3B, 0x19, 0xF8, 0x44, 0x92, 0x28, 0x25, 0xCA, 0xD6, 0xE8,
    0xF3, 0x97, 0x29, 0x51, 0x97, 0xB3, 0x44, 0xE3, 0x47, 0x03, 0x33, 0x0B, 0x49, 0x7D, 0xAC, 0x75,
    0x1A, 0xFF, 0x1D, 0xC2, 0x93, 0xA0, 0x43, 0xB8, 0x8C, 0x49, 0xBB, 0x46, 0x54, 0x26, 0x9E, 0x8A,
    0x11, 0x1C, 0xA8, 0x51, 0xB3, 0xAB, 0x5E, 0x39, 0xF0, 0x21, 0xFA, 0x36, 0xFD, 0x1E, 0xEE, 0x39,
    0x3B, 0x1C, 0x5A, 0xB4, 0xFD, 0xA1, 0x47, 0x66, 0xD8, 0xC6, 0xEF, 0x8C, 0x2C, 0x25, 0xE3, 0x45,
    0x34, 0x0C, 0xC7, 0x54, 0x6D, 0x19, 0xAD, 0xD3, 0x45, 0xBF, 0x6A, 0x91, 0xB4, 0xB8, 0xD9, 0x24,
    0xCB, 0x0F, 0xD1, 0xF2, 0x85, 0x55, 0xEA, 0xDC, 0x50, 0xEF, 0xD7, 0xA2, 0x2D, 0xAD, 0x9D, 0x65,
    0x49, 0x4B, 0x8F, 0x67, 0xD1, 0x77, 0xD0, 0x2A, 0x68, 0xAE, 0xD0, 0x3E, 0xB8, 0x2C, 0xB4, 0x2C,
    0xBE, 0xA5, 0x28, 0x0B, 0xA2, 0x83, 0x4A, 0x20, 0x91, 0xE2, 0x6F, 0x84, 0xC2, 0x22, 0x51, 0x21,
    0xE1, 0x93, 0x90, 0xD4, 0x8E, 0x69, 0x2E, 0x21, 0xD1, 0x22, 0xD1, 0x20, 0x61, 0x93, 0x30, 0x03,
    0x61, 0x60, 0x06, 0xEA, 0xF9, 0x03, 0xF9, 0x12, 0xA4, 0x42, 0x4F, 0x85, 0x21, 0x85, 0x2D, 0x84,
    0x23, 0x85, 0x27, 0xC5, 0x82, 0x3C, 0x1B, 0xC9, 0x73, 0x81, 0x7C, 0x8A, 0xE4, 0x79, 0x92, 0xB3,
    0xFC, 0x28, 0x19, 0xC7, 0x49, 0x5B, 0xE3, 0xE7, 0x25, 0x09, 0x8F, 0x12, 0x57, 0x8B, 0x4A, 0x46,
    0x68, 0x19, 0x01, 0xEE, 0xEB, 0xFF, 0x48, 0xB4, 0x4A, 0x74, 0x99, 0xBF, 0xDB, 0x1D, 0x53, 0x3D,
    0x2C, 0x56, 0x56, 0x50, 0xB2, 0x13, 0xCD, 0x4C, 0x25, 0xED, 0x2C, 0x61, 0xC6, 0xA0, 0x47, 0xD4,
    0xB9, 0x4B, 0xDA, 0x8F, 0x49, 0xFF, 0x0E, 0x19, 0xBF, 0x45, 0xA6, 0x49, 0xB6, 0x11, 0xD6, 0xB2,
    0xE8, 0xD0, 0x54, 0xEC, 0xF1, 0xF3, 0x22, 0x21, 0xAF, 0xBD, 0x4E, 0x33, 0x53, 0xAC, 0x13, 0xA0,
    0x16, 0xAB, 0x0C, 0x89, 0x5A, 0x3E, 0x9D, 0x40, 0x98, 0x34, 0xF3, 0x38, 0xB5, 0xBB, 0x4C, 0x33,
    0x67, 0x88, 0xEF, 0xA8, 0x9B, 0x78, 0x46, 0x5D, 0x86, 0x42, 0x8F, 0x30, 0xEB, 0x99, 0x53, 0x01,
    0x34, 0x77, 0x27, 0x5D, 0xD3, 0xB3, 0x15, 0xE3, 0x83, 0x96, 0x11, 0x7A, 0x4C, 0x41, 0x8F, 0xC8,
    0xB3, 0xC8, 0xB3, 0xC9, 0x7B, 0x6C, 0x6A, 0x2E, 0xC3, 0x22, 0x91, 0x09, 0x9A, 0xA7, 0xDD, 0x3B,
    0xE9, 0xBD, 0xC0, 0x0F, 0x5C, 0x23, 0x48, 0x6D, 0xE3, 0x68, 0x64, 0x1A, 0xF7, 0x06, 0xFA, 0xF5,
    0xAF, 0x43, 0x67, 0x57, 0x49, 0xFB, 0xE4, 0x2F, 0xC8, 0x78, 0xF6, 0x38, 0x59, 0xC6, 0xBD, 0x51,
    0xC5, 0x38, 0x1A, 0xFB, 0x46, 0x20, 0xA5, 0xC1, 0x6A, 0x4D, 0xF5, 0x2E, 0x41, 0x37, 0xA1, 0x36,
    0x4C, 0x65, 0xB2, 0xBA, 0xB4, 0xEB, 0x71, 0xF4, 0x83, 0x7C, 0xBD, 0xF7, 0xF6, 0xD5, 0x76, 0xF8,
    0x65, 0x5A, 0x1D, 0xF6, 0xF9, 0x61, 0x54, 0x05, 0x2A, 0x6E, 0xBC, 0x28, 0x0D, 0x5C, 0x0D, 0x90,
    0xA5, 0x08, 0x8F, 0x3C, 0x44, 0x62, 0x55, 0xD9, 0xE9, 0x79, 0x2A, 0x07, 0x17, 0xA8, 0x1C, 0x3E,
    0x49, 0xBF, 0x1E, 0x7E, 0x9B, 0xBE, 0x1A, 0x9E, 0x0B, 0xCE, 0x85, 0x4F, 0x44, 0x1F, 0x87, 0x22,
    0xBA, 0x1E, 0x8A, 0x9F, 0xA0, 0x9D, 0xBB, 0x37, 0x14, 0xF7, 0xE0, 0x7D, 0xE3, 0x68, 0x15, 0x34,
    0x5A, 0x10, 0x18, 0x40, 0x8F, 0xDA, 0x59, 0x3A, 0x37, 0x95, 0x0E, 0xDE, 0x11, 0x6A, 0x3A, 0x26,
    0x6C, 0xFA, 0xFE, 0xD8, 0xA7, 0x54, 0x52, 0x2B, 0x21, 0xBF, 0x4F, 0xB8, 0xF4, 0x28, 0x1D, 0x37,
    0x63, 0x33, 0xE3, 0xC9, 0x42, 0x97, 0xA0, 0x51, 0xB7, 0xD0, 0x37, 0x50, 0xFB, 0x06, 0x2B, 0x09,
    0x8F, 0x3B, 0x9F, 0x43, 0x55, 0x69, 0x4B, 0x50, 0x68, 0x54, 0x4E, 0x3D, 0x7F, 0x13, 0xE6, 0xFE,
    0x26, 0x19, 0xA0, 0x9B, 0xFC, 0x4D, 0x96, 0x45, 0x53, 0xFF, 0x1A, 0x50, 0x4C, 0xB7, 0xA0, 0x21,
    0x2D, 0x45, 0x7D, 0x6C, 0xB4, 0x33, 0x93, 0x64, 0x7D, 0xB6, 0x46, 0x15, 0xDB, 0x22, 0x1F, 0xFA,
    0xEF, 0x15, 0x8D, 0xFB, 0x7C, 0x8F, 0xBF, 0xA3, 0x33, 0xF3, 0xF9, 0xB3, 0xF8, 0xB4, 0xB4, 0xA8,
    0x61, 0x84, 0xF8, 0xC2, 0x74, 0xC8, 0xE8, 0xB2, 0x77, 0xD4, 0xE0, 0x89, 0x1E, 0x25, 0xAB, 0x44,
    0x0E, 0x38, 0x18, 0x91, 0xD4, 0xE2, 0xDB, 0x59, 0xE1, 0x8D, 0x36, 0x94, 0x13, 0x8E, 0x8E, 0x69,
    0xCF, 0x82, 0x11, 0x26, 0x3D, 0x92, 0x46, 0x78, 0xD1, 0x08, 0x9B, 0x59, 0xB8, 0xEB, 0x1B, 0x7D,
    0xCF, 0xC3, 0x04, 0xC3, 0xF2, 0x87, 0x69, 0x33, 0xD3, 0x2F, 0xCE, 0xC2, 0xAB, 0x75, 0x21, 0x69,
    0x6F, 0x98, 0x36, 0x73, 0x6A, 0x6A, 0x0E, 0xCF, 0xF3, 0x6A, 0x5A, 0x45, 0xDB, 0x9D, 0x05, 0x34,
    0x1D, 0xE4, 0xDE, 0x9B, 0x8C, 0x17, 0xE0, 0xF9, 0x62, 0x58, 0x96, 0xB2, 0x4B, 0x98, 0x4F, 0x0B,
    0x7E, 0xD7, 0xC8, 0xA0, 0x47, 0x25, 0x41, 0x76, 0x4E, 0x33, 0x64, 0xB7, 0xBB, 0xB6, 0xA8, 0xD9,
    0xC2, 0x54, 0x64, 0xD9, 0x33, 0x8F, 0xDB, 0xED, 0x15, 0x7B, 0x70, 0x85, 0x67, 0x88, 0x97, 0x5D,
    0x79, 0x0E, 0xA5, 0xE0, 0x96, 0xF2, 0x1C, 0x2B, 0x94, 0x1B, 0xE2, 0xAF, 0x9E, 0xC6, 0x9B, 0x22,
    0xD2, 0xB0, 0x7C, 0x89, 0x99, 0xA5, 0xBB, 0x5F, 0x4D, 0xD5, 0xDA, 0xC7, 0xB8, 0x79, 0xA0, 0x16,
    0xE4, 0x86, 0xA8, 0x8C, 0x0B, 0x7A, 0x29, 0xAA, 0xF7, 0xC7, 0xB0, 0x9B, 0x14, 0x51, 0xA4, 0x05,
    0xE3, 0xF1, 0xDB, 0x29, 0xF9, 0x73, 0x68, 0xDC, 0x57, 0xF7, 0xF8, 0xBB, 0xAA, 0x19, 0x0B, 0x13,
    0xF3, 0x50, 0x8A, 0x15, 0x95, 0x4F, 0x46, 0xD0, 0x06, 0x5F, 0xE3, 0x73, 0xF5, 0x58, 0x64, 0x66,
    0x91, 0xFE, 0x76, 0x64, 0x1E, 0x8D, 0xCA, 0x5A, 0x71, 0x9F, 0xA8, 0xD6, 0xDD, 0x53, 0xC5, 0xEC,
    0x4F, 0xD5, 0x3E, 0xF3, 0x2D, 0xCF, 0xF2, 0xEB, 0xB5, 0x9F, 0xE2, 0xA7, 0x77, 0x05, 0xC6, 0xE7,
    0x41, 0x59, 0x2D, 0xD2, 0xE1, 0x97, 0xA9, 0xF9, 0x97, 0xD4, 0x30, 0x22, 0x5F, 0x8F, 0xBC, 0x9C,
    0x97, 0x11, 0xD9, 0x56, 0x60, 0x2A, 0xDF, 0xDC, 0x59, 0x59, 0x7E, 0x54, 0x96, 0x96, 0x1F, 0xED,
    0xAC, 0xC8, 0x8A, 0xB4, 0xE5, 0x63, 0x9D, 0x95, 0x4E, 0xBA, 0x3C, 0x29, 0x69, 0xF0, 0x80, 0xFE,
    0x9A, 0xD3, 0xD0, 0xC7, 0x70, 0x54, 0x11, 0x74, 0xF3, 0x4E, 0x15, 0x4D, 0xB2, 0x2C, 0x4D, 0xD8,
    0xD1, 0x8A, 0x80, 0xC6, 0xD8, 0xF2, 0xBA, 0x54, 0x29, 0x93, 0x6F, 0xD2, 0xE1, 0xE9, 0xA0, 0x99,
    0x05, 0x9E, 0x0A, 0xAB, 0x55, 0x9D, 0x72, 0x83, 0x13, 0xD0, 0x30, 0xD7, 0x29, 0x91, 0xED, 0xF8,
    0x64, 0x3E, 0x28, 0x39, 0x2A, 0x91, 0xE5, 0x60, 0x31, 0x9C, 0x06, 0x35, 0x1C, 0x84, 0x3C, 0x07,
    0xCE, 0x8C, 0x9A, 0xE9, 0xDD, 0x0D, 0x72, 0x76, 0xCD, 0x96, 0x53, 0x72, 0xA9, 0x34, 0xE6, 0xB2,
    0x9C, 0x65, 0x59, 0xD6, 0xE5, 0x53, 0xF2, 0xC3, 0xC5, 0x77, 0x97, 0x8E, 0x5F, 0xB1, 0xAE, 0x5A,
    0x97, 0xAD, 0x91, 0x91, 0x92, 0x6F, 0x26, 0xDB, 0x7D, 0x23, 0x1D, 0xE9, 0x4B, 0xB9, 0x18, 0x75,
    0xC2, 0xC5, 0x58, 0x4A, 0xF4, 0x2B, 0x56, 0x16, 0xD8, 0xD3, 0x81, 0x6D, 0x04, 0xA5, 0x1E, 0xDD,
    0x69, 0x04, 0x70, 0xB8, 0x2B, 0x06, 0xCB, 0xF8, 0x32, 0x5D, 0xBC, 0x4A, 0x2B, 0xD7, 0xF4, 0x95,
    0x37, 0x8D, 0xD6, 0xD2, 0xFD, 0xDE, 0xEB, 0xDF, 0xF1, 0x16, 0x7F, 0xEC, 0xC9, 0xAE, 0xC7, 0xDE,
    0xCF, 0xCA, 0x8F, 0x4E, 0xD6, 0xEB, 0xF1, 0x1C, 0xD7, 0xA8, 0xAA, 0x2C, 0xC5, 0x53, 0xC2, 0xC4,
    0x19, 0xFD, 0x4A, 0x5F, 0x98, 0xEB, 0xCB, 0x0F, 0x43, 0x88, 0x03, 0x07, 0x6E, 0xFE, 0x4D, 0x97,
    0xAE, 0x55, 0x11, 0xD5, 0x49, 0x9A, 0x01, 0x1C, 0x38, 0x9F, 0x2D, 0xBA, 0x5A, 0xA5, 0x4B, 0xDD,
    0x22, 0x98, 0xE5, 0xC4, 0xBC, 0xAB, 0x23, 0x0D, 0xF2, 0xD4, 0xE1, 0x53, 0x95, 0xDF, 0x45, 0x9D,
    0xB5, 0x7D, 0x2F, 0x18, 0xE1, 0xE0, 0x91, 0x18, 0xAC, 0x82, 0x08, 0x30, 0xAE, 0x43, 0x25, 0x97,
    0x6C, 0x8F, 0x4C, 0x41, 0x46, 0x42, 0x7A, 0x4C, 0x7A, 0xC4, 0x16, 0x77, 0x9A, 0xE8, 0x2A, 0xB8,
    0x7D, 0x85, 0x20, 0xC1, 0x9C, 0xF4, 0x2C, 0x2E, 0x3F, 0x7A, 0xB1, 0xE1, 0xBA, 0x9E, 0x5B, 0xCA,
    0x09, 0xFD, 0xAA, 0x3B, 0x6B, 0x66, 0x71, 0xFF, 0x19, 0x50, 0x8B, 0x17, 0x48, 0x31, 0x84, 0x53,
    0x88, 0xF9, 0x6C, 0xFB, 0xD4, 0xA8, 0xB0, 0x03, 0x94, 0xA3, 0x84, 0xB9, 0xDC, 0x4C, 0x65, 0xEA,
    0x64, 0x50, 0x7D, 0x45, 0x14, 0xC4, 0x25, 0x3E, 0x92, 0xD2, 0xF2, 0x63, 0xF5, 0xFF, 0xA4, 0x12,
    0x1F, 0x12, 0x40, 0x63, 0xC7, 0x06, 0x8F, 0xDE, 0x01, 0x50, 0x41, 0x3F, 0xD8, 0xB1, 0x55, 0x4C,
    0x7E, 0x26, 0xA5, 0x5C, 0x40, 0xDC, 0xC6, 0x3A, 0x44, 0xFB, 0xF2, 0xD0, 0xF7, 0x0A, 0x99, 0xAF,
    0x45, 0x26, 0xAC, 0x0E, 0x74, 0x1F, 0xBC, 0x7A, 0x20, 0x69, 0x22, 0xA7, 0x2B, 0xF3, 0x13, 0x57,
    0xAE, 0x4E, 0x48, 0x47, 0xD1, 0xF9, 0x89, 0x4E, 0x32, 0x91, 0xEB, 0xF1, 0x95, 0xF9, 0x2B, 0x57,
    0xA1, 0xE5, 0x25, 0x79, 0xBE, 0x03, 0xE5, 0x69, 0x26, 0x63, 0xB3, 0xB0, 0x8F, 0x4A, 0x6D, 0x0D,
    0x63, 0x75, 0xC6, 0x66, 0x9B, 0x0A, 0x5E, 0x92, 0xAC, 0x27, 0xF2, 0xE2, 0xAC, 0x8C, 0x9D, 0xC5,
    0xA8, 0xD4, 0x89, 0x6C, 0x9C, 0xD1, 0x97, 0x17, 0x1B, 0xB8, 0xCF, 0x5E, 0x26, 0xA3, 0x43, 0xD3,
    0xAC, 0xE3, 0xA0, 0xDA, 0x6B, 0x64, 0x7C, 0x42, 0x96, 0x49, 0x15, 0x75, 0x09, 0x54, 0xCA, 0x72,
    0x78, 0x84, 0x6E, 0x6B, 0x0A, 0xFC, 0x80, 0x43, 0xFA, 0x9E, 0xDB, 0x3F, 0x89, 0x45, 0x3C, 0x34,
    0x49, 0x59, 0xAA, 0x16, 0xE8, 0x15, 0xAA, 0x7F, 0x37, 0x38, 0xA4, 0x47, 0xEE, 0x16, 0xA2, 0x9C,
    0xF6, 0x85, 0xF4, 0x35, 0xB8, 0x1E, 0x23, 0xDC, 0xCD, 0xBA, 0xB8, 0xC5, 0x8C, 0x73, 0x0D, 0xF3,
    0xF1, 0x82, 0x66, 0x77, 0x43, 0xC3, 0xD8, 0x81, 0xF8, 0x7B, 0x05, 0x1D, 0x21, 0x2B, 0x41, 0x4C,
    0x76, 0xC6, 0xDC, 0xA6, 0x12, 0xF8, 0x24, 0xC9, 0xDE, 0x87, 0xDE, 0xFC, 0x12, 0xB9, 0xBD, 0x0F,
    0x7B, 0xDA, 0x5D, 0xCA, 0xDF, 0x6E, 0x77, 0x3C, 0x8C, 0x60, 0x05, 0x19, 0x91, 0x3D, 0x8D, 0x86,
    0x55, 0x2A, 0x61, 0x99, 0x4A, 0x58, 0xA7, 0x12, 0x56, 0xE9, 0x4E, 0x34, 0xD7, 0xBC, 0x2F, 0x5A,
    0x29, 0xDC, 0x1B, 0x94, 0x8A, 0xD5, 0x48, 0xB5, 0xE5, 0xD3, 0x27, 0xA0, 0x4C, 0x58, 0x43, 0x5B,
    0x8F, 0xA4, 0xAD, 0x45, 0xB2, 0x6C, 0xA2, 0xAD, 0xF7, 0x04, 0xB0, 0xD2, 0x17, 0x40, 0xC8, 0x02,
    0xD0, 0x6E, 0xA6, 0x5E, 0x56, 0xB0, 0xD5, 0xFC, 0x47, 0xD9, 0x24, 0xA2, 0xED, 0x9D, 0x08, 0x95,
    0x0E, 0x32, 0x3A, 0xC3, 0x67, 0x48, 0xA3, 0x92, 0xA3, 0x9B, 0xAD, 0xBB, 0xB3, 0xAE, 0x03, 0xD8,
    0xB3, 0x73, 0x27, 0x17, 0x21, 0x8C, 0x5B, 0x03, 0x60, 0xD0, 0xF7, 0xCD, 0xC8, 0x73, 0xAD, 0xC8,
    0x73, 0x4A, 0xB1, 0x28, 0x39, 0xA9, 0xB4, 0x7C, 0x11, 0x9B, 0xAD, 0xC3, 0x91, 0x91, 0xD6, 0x42,
    0x2D, 0x29, 0xE7, 0x7A, 0xE6, 0xE8, 0xCA, 0x10, 0x04, 0x3C, 0x12, 0x62, 0x36, 0xF9, 0x75, 0x30,
    0xB9, 0xC7, 0xA6, 0xD2, 0xD2, 0x83, 0x64, 0xBD, 0xD7, 0x45, 0xFC, 0x48, 0x95, 0x9A, 0x07, 0x94,
    0xAD, 0xF3, 0x99, 0xFB, 0xEB, 0x81, 0xF9, 0xE7, 0x89, 0xC2, 0x22, 0x9E, 0x49, 0x2D, 0xF3, 0x64,
    0x0A, 0xCF, 0x7C, 0x87, 0x8A, 0xEE, 0x90, 0x50, 0x75, 0x92, 0x3B, 0xF6, 0x24, 0x95, 0xB3, 0xC8,
    0xA6, 0x84, 0x49, 0x8F, 0xCB, 0xB9, 0xA8, 0x85, 0xD6, 0x89, 0x85, 0xF5, 0xE2, 0x3C, 0x20, 0x0C,
    0x09, 0x88, 0x12, 0x91, 0x86, 0x33, 0x08, 0x9A, 0x7B, 0x63, 0x4A, 0xF5, 0x01, 0xDF, 0x18, 0xD4,
    0x91, 0x28, 0xCF, 0x07, 0x02, 0xEE, 0xA2, 0xD0, 0x52, 0x69, 0x75, 0xE5, 0x91, 0x31, 0x28, 0x80,
    0x4C, 0xB1, 0x3A, 0xA9, 0x04, 0xFC, 0x46, 0xDF, 0x1F, 0x91, 0x65, 0x15, 0xD7, 0x7C, 0x25, 0x94,
    0x8F, 0x48, 0x7B, 0x97, 0x8C, 0xE7, 0x18, 0xE5, 0x58, 0x57, 0xA2, 0x92, 0x97, 0xB8, 0x9E, 0xF4,
    0x3D, 0x4F, 0x78, 0x8D, 0xD4, 0x73, 0x18, 0x5F, 0x5C, 0x24, 0xE3, 0x20, 0x5C, 0x3D, 0x61, 0x39,
    0x9D, 0x0F, 0xC9, 0x7F, 0x3F, 0x10, 0x3F, 0x8C, 0xE4, 0x7B, 0x11, 0xD0, 0x04, 0x01, 0x6F, 0x02,
    0x6C, 0x5F, 0xC6, 0x8C, 0x5C, 0x80, 0xC3, 0x52, 0x3E, 0xA6, 0x0B, 0x9F, 0x60, 0x4C, 0xEF, 0x87,
    0x02, 0x8F, 0x89, 0x24, 0x8E, 0xCF, 0xC6, 0x71, 0xFA, 0x44, 0x14, 0xB7, 0x64, 0x39, 0x90, 0xD5,
    0x50, 0x1E, 0x8C, 0x64, 0x2B, 0xE1, 0xC1, 0xFC, 0xC8, 0x5B, 0x7C, 0xC7, 0x5D, 0x7A, 0xAE, 0x74,
    0xC9, 0xB4, 0xEB, 0xD9, 0x6A, 0x75, 0xEA, 0xB2, 0x85, 0x65, 0x7C, 0x3B, 0xA2, 0x9F, 0x32, 0x20,
    0x2B, 0x5F, 0x48, 0x1D, 0xD7, 0x87, 0x9B, 0xF3, 0x5D, 0x47, 0xB8, 0xB6, 0x74, 0xAD, 0x66, 0x16,
    0x57, 0xA7, 0x23, 0xD3, 0x22, 0xFD, 0x53, 0x48, 0x28, 0x70, 0xCF, 0x46, 0xBE, 0x48, 0x84, 0x90,
    0x0B, 0xC2, 0x13, 0xC0, 0x92, 0xE2, 0x08, 0xC0, 0x64, 0x45, 0x8B, 0x84, 0x89, 0x10, 0xAF, 0x7F,
    0x84, 0x91, 0xAC, 0x07, 0x73, 0x4F, 0xFF, 0x3D, 0xE2, 0xB5, 0x90, 0x48, 0xFB, 0x3C, 0x9C, 0xF9,
    0x79, 0xF7, 0x6C, 0x2C, 0x9C, 0x45, 0x8C, 0x52, 0x2E, 0x3F, 0x04, 0x49, 0xF8, 0xC8, 0xDA, 0x12,
    0x88, 0x66, 0x95, 0xE4, 0xC7, 0x7F, 0x4A, 0x8B, 0xD7, 0x9F, 0xA3, 0xA5, 0x67, 0x9F, 0x0D, 0x96,
    0xEE, 0x7D, 0x86, 0xF3, 0x2A, 0xBB, 0x4A, 0x46, 0x4A, 0xFB, 0xD7, 0xE8, 0xF0, 0x7E, 0x2A, 0xD0,
    0x90, 0x45, 0x90, 0xDC, 0xAE, 0xEF, 0xAB, 0x4B, 0x56, 0xAC, 0x88, 0xF6, 0x07, 0xF5, 0x35, 0x4E,
    0x4E, 0x40, 0xCD, 0x7C, 0xAD, 0xE8, 0x60, 0xC3, 0x8A, 0x9B, 0xE9, 0x01, 0x97, 0x1C, 0x6D, 0xD6,
    0x4A, 0xE1, 0xA2, 0x4A, 0xE4, 0xD6, 0x57, 0x24, 0x2D, 0x9F, 0x68, 0xAE, 0xF1, 0xD2, 0x41, 0xC7,
    0x0B, 0x12, 0x4C, 0xAE, 0xEF, 0xFB, 0xB5, 0x27, 0x53, 0x4C, 0xBA, 0xC8, 0x64, 0xFD, 0x5E, 0x7E,
    0xA4, 0x68, 0x41, 0x0A, 0xC9, 0x34, 0x21, 0xA5, 0xA7, 0x68, 0x02, 0x17, 0x47, 0x5E, 0x8F, 0x11,
    0x17, 0x6F, 0x8E, 0x3F, 0x59, 0x30, 0x7E, 0x1F, 0x90, 0x33, 0xD6, 0x18, 0x80, 0xD9, 0xFD, 0xFC,
    0xD5, 0xAB, 0x20, 0x74, 0x70, 0x39, 0x4B, 0x62, 0xFC, 0x58, 0x52, 0xD8, 0x6D, 0x11, 0x05, 0x83,
    0x86, 0xCE, 0x90, 0xA2, 0x99, 0x31, 0xA4, 0x40, 0xBF, 0x6A, 0x16, 0x51, 0x10, 0x6E, 0x44, 0xD0,
    0x0D, 0x4F, 0x61, 0x4D, 0x78, 0x71, 0x98, 0x3E, 0x32, 0x5A, 0xB3, 0x44, 0xC6, 0xF7, 0x58, 0xF6,
    0xDA, 0x8A, 0xCA, 0xCA, 0xD9, 0xE6, 0x22, 0xB6, 0xB9, 0x12, 0xDB, 0x9C, 0x73, 0x90, 0x4A, 0x1E,
    0x59, 0x82, 0xCC, 0x05, 0x0E, 0x3D, 0x80, 0x05, 0xD6, 0x41, 0xD2, 0x7F, 0x73, 0x58, 0x6E, 0x5E,
    0xCC, 0xA3, 0xBC, 0xE3, 0xC0, 0x6D, 0xD8, 0xE6, 0x63, 0x5F, 0xC7, 0x69, 0xFC, 0x54, 0xC8, 0x68,
    0x38, 0xE6, 0x99, 0xFF, 0x57, 0xE8, 0x24, 0xF4, 0x7A, 0x84, 0x29, 0x8B, 0xD8, 0x63, 0x3C, 0x03,
    0x44, 0x23, 0x45, 0x22, 0x29, 0xF5, 0xA2, 0x16, 0xC5, 0xE3, 0xD1, 0xB8, 0x19, 0x95, 0x03, 0x6B,
    0x9D, 0xCA, 0x3D, 0xD4, 0x8D, 0x05, 0x51, 0xF9, 0x0B, 0xB1, 0x8B, 0x28, 0x04, 0x52, 0x02, 0xBA,
    0xB3, 0x8E, 0x53, 0xD2, 0xD0, 0xDF, 0x09, 0x62, 0x5F, 0xBB, 0xFE, 0x0C, 0xE0, 0xC1, 0x3F, 0x5C,
    0x0F, 0x21, 0x9A, 0x1F, 0x11, 0x84, 0xF3, 0x1A, 0x41, 0x3C, 0x47, 0x58, 0x70, 0x8D, 0xC2, 0x72,
    0x08, 0x51, 0x9E, 0x18, 0x7F, 0x23, 0x85, 0x0B, 0xF9, 0x0E, 0xA7, 0x11, 0x6F, 0xA5, 0x88, 0xB8,
    0x92, 0x30, 0x20, 0xBB, 0x4F, 0x92, 0x2A, 0xB8, 0x59, 0x9D, 0x63, 0x63, 0xE7, 0x5F, 0xB7, 0x48,
    0x5F, 0x27, 0xFB, 0x5B, 0x91, 0x4B, 0x09, 0xD6, 0xCA, 0x63, 0xFB, 0x95, 0xE8, 0xDB, 0x7F, 0x80,
    0xC4, 0x2B, 0x60, 0x3D, 0xE2, 0x4F, 0x13, 0xA0, 0xFF, 0x77, 0xBF, 0xA9, 0xDC, 0x07, 0x19, 0x45,
    0xB1, 0x63, 0xA5, 0x1D, 0x1E, 0xD9, 0xFB, 0xCB, 0x29, 0x9E, 0xF0, 0xB0, 0xDE, 0x0D, 0x0C, 0xDD,
    0x45, 0x73, 0x12, 0x0D, 0x0D, 0xCE, 0x0B, 0xD8, 0xA4, 0xD1, 0x02, 0x4A, 0x1E, 0xDF, 0xFF, 0x5E,
    0x6A, 0xAD, 0x75, 0xF2, 0x44, 0xE3, 0x2E, 0xB4, 0x6F, 0x75, 0x55, 0xC0, 0x65, 0x4C, 0xAD, 0x3C,
    0x3F, 0xCF, 0x77, 0xA5, 0x19, 0x54, 0xC6, 0xBE, 0x14, 0x63, 0x38, 0x92, 0xDD, 0x87, 0xA7, 0x63,
    0x18, 0xF0, 0xA1, 0x0D, 0xC0, 0xED, 0xAA, 0xF5, 0x4C, 0x6C, 0xAE, 0x76, 0x72, 0x55, 0xF9, 0xC3,
    0x97, 0x89, 0x7E, 0x65, 0x4F, 0x81, 0x80, 0xBF, 0xB8, 0x93, 0xD4, 0x01, 0x12, 0xB5, 0x3D, 0x93,
    0x43, 0x3B, 0xCC, 0x7E, 0x36, 0xD6, 0xE8, 0x55, 0x7F, 0x6E, 0xCE, 0xC6, 0x02, 0x15, 0xF4, 0x2A,
    0x6A, 0x0D, 0x73, 0xE2, 0xA8, 0xF8, 0x1B, 0x0D, 0x2C, 0x00, 0xC7, 0xC4, 0x06, 0x47, 0xC5, 0x2E,
    0x3A, 0x07, 0xD5, 0xC1, 0xB3, 0x26, 0xFD, 0x8F, 0x95, 0x9F, 0x6B, 0x06, 0x74, 0x36, 0x3A, 0x02,
    0x5C, 0x14, 0xB1, 0x4B, 0x1B, 0xDD, 0x43, 0x77, 0xE6, 0xB2, 0x98, 0xB8, 0xB2, 0xC0, 0xE8, 0x77,
    0x7F, 0xFA, 0xFB, 0x07, 0xE4, 0xFC, 0xDD, 0x62, 0x62, 0xF2, 0xAE, 0xE0, 0xF0, 0xEA, 0xD8, 0x48,
    0xE1, 0x42, 0xAF, 0xF1, 0xE9, 0x99, 0x5E, 0xD4, 0x4F, 0xA9, 0x1C, 0x8D, 0x8C, 0xD1, 0xD8, 0x58,
    0x3F, 0x8B, 0x53, 0x12, 0x9D, 0xBC, 0x07, 0xD8, 0xE1, 0x53, 0xC2, 0x69, 0xE3, 0x3E, 0x69, 0x21,
    0xED, 0x0E, 0x46, 0x05, 0xFD, 0xD2, 0x7C, 0x71, 0x83, 0x15, 0x8E, 0xDE, 0xE9, 0x7F, 0xAF, 0xA4,
    0xEA, 0x28, 0x87, 0x81, 0x16, 0x1D, 0xA0, 0x10, 0xD3, 0x2C, 0x73, 0x76, 0xBA, 0x67, 0x80, 0x0B,
    0xBF, 0x29, 0xA8, 0xE3, 0xD4, 0x65, 0xDE, 0x23, 0x9B, 0xBE, 0xC1, 0x73, 0x17, 0xA1, 0xD0, 0x6C,
    0x57, 0xCC, 0x45, 0x2F, 0x74, 0x92, 0xEE, 0xC6, 0xA8, 0x34, 0x32, 0x91, 0x7F, 0xAE, 0xE7, 0x75,
    0x01, 0x29, 0x34, 0x55, 0x17, 0xB0, 0x26, 0x44, 0x65, 0x42, 0xF8, 0xF0, 0x20, 0x13, 0x67, 0xE3,
    0x89, 0x73, 0xE1, 0xC4, 0x53, 0x34, 0x71, 0x81, 0xBC, 0x59, 0x86, 0x1D, 0x25, 0x35, 0x18, 0xD6,
    0xEE, 0xAF, 0xDC, 0x41, 0x95, 0x0A, 0x54, 0x84, 0x7F, 0xBB, 0x00, 0xA7, 0x5D, 0x0B, 0xE4, 0x57,
    0x03, 0xF9, 0x52, 0xB0, 0x78, 0x1D, 0x9E, 0x31, 0x78, 0xD3, 0x08, 0xAE, 0x1A, 0xC1, 0x65, 0x43,
    0x25, 0x49, 0xA4, 0x70, 0x8B, 0xFA, 0x25, 0xC2, 0x7C, 0x27, 0x2D, 0xF2, 0xCA, 0xDA, 0xCF, 0xA9,
    0x7A, 0x2A, 0x74, 0xB4, 0xC8, 0xA1, 0xD8, 0xD1, 0xE2, 0xCA, 0xA9, 0xA8, 0xB6, 0x5E, 0x00, 0xDA,
    0xB7, 0x42, 0xBA, 0x10, 0x6C, 0xA0, 0x56, 0xFC, 0xAA, 0x0E, 0x67, 0x6E, 0x28, 0x1C, 0x60, 0x86,
    0xF5, 0x75, 0xCE, 0xCC, 0x8A, 0xA4, 0x1D, 0xFA, 0xF8, 0x1C, 0x89, 0x8E, 0xAA, 0xE9, 0x3C, 0x48,
    0x62, 0x64, 0x53, 0xD2, 0xBE, 0x0D, 0x2A, 0xFF, 0x2E, 0x5D, 0x7D, 0x9A, 0x2E, 0xAD, 0x2A, 0xB0,
    0xDB, 0xF7, 0x8A, 0x23, 0x0C, 0x64, 0xDB, 0x6B, 0x73, 0xDB, 0x17, 0x1B, 0x27, 0x19, 0x58, 0x75,
    0xD2, 0xCD, 0x38, 0x4B, 0x52, 0x2D, 0x0B, 0xAA, 0x53, 0xC5, 0x5C, 0x40, 0x8F, 0xFF, 0x35, 0x8F,
    0xAA, 0x7F, 0x99, 0x53, 0x7D, 0xF5, 0xD0, 0x09, 0x17, 0x53, 0xC8, 0x12, 0x3E, 0xF3, 0xD1, 0x5E,
    0xA3, 0xB9, 0x13, 0x1B, 0x83, 0x7C, 0x72, 0x9E, 0xEF, 0x08, 0x8B, 0x4B, 0x2A, 0x42, 0x2B, 0x28,
    0x8F, 0x1A, 0x5A, 0xAD, 0x97, 0x70, 0x14, 0x20, 0xAF, 0x93, 0xC8, 0x59, 0x60, 0x9F, 0x92, 0x64,
    0xDC, 0xED, 0x8C, 0xCC, 0x96, 0x21, 0x5D, 0x88, 0x20, 0x71, 0x2D, 0x1D, 0xA9, 0x9E, 0x45, 0xC6,
    0xF3, 0x15, 0xD2, 0x3E, 0x84, 0xA5, 0x32, 0xF0, 0x7D, 0x13, 0x69, 0xFF, 0xBB, 0x48, 0xC2, 0x8E,
    0x23, 0x19, 0xB3, 0xCC, 0xA0, 0x61, 0xE9, 0x31, 0xE4, 0xC0, 0x25, 0x20, 0x77, 0xA0, 0x51, 0x0B,
    0x49, 0x99, 0xE3, 0xB8, 0x2A, 0x49, 0xD3, 0x3F, 0xC2, 0x2A, 0xC1, 0xFD, 0x18, 0xDF, 0x8B, 0xA9,
    0xEC, 0xB4, 0xE0, 0x5B, 0x2B, 0xB0, 0x47, 0x0B, 0x37, 0xB5, 0x81, 0x46, 0x34, 0x6C, 0x71, 0x8A,
    0x31, 0x13, 0x69, 0x92, 0x75, 0x7C, 0xBB, 0x9C, 0x4F, 0x07, 0x64, 0xD3, 0xA2, 0xDD, 0x01, 0x57,
    0x9B, 0xCA, 0xAA, 0xB6, 0x24, 0xE9, 0x89, 0x88, 0x9E, 0x0A, 0x98, 0x9E, 0x88, 0xF9, 0x12, 0x28,
    0x46, 0x94, 0x27, 0x05, 0x02, 0xEC, 0xC0, 0x62, 0xC1, 0x0F, 0x22, 0x78, 0x2D, 0x46, 0x74, 0x29,
    0xA0, 0xB7, 0x88, 0x96, 0x42, 0x5A, 0x8C, 0x49, 0xB6, 0x80, 0xE9, 0x7B, 0x03, 0x32, 0x7B, 0xF5,
    0xCE, 0x32, 0x9D, 0x6B, 0xD0, 0xB9, 0x94, 0xCE, 0xF5, 0xD8, 0x9E, 0x8B, 0xE9, 0x1C, 0xDE, 0xC2,
    0x6C, 0xF1, 0x40, 0x24, 0xDD, 0x25, 0xB9, 0x14, 0x5D, 0x0A, 0x3A, 0x74, 0x29, 0x5C, 0x8A, 0x97,
    0x5A, 0x12, 0xE1, 0x24, 0x79, 0xFC, 0x58, 0xD4, 0x79, 0x2E, 0x60, 0xB9, 0xB8, 0x54, 0x03, 0xE2,
    0x42, 0xFE, 0x50, 0x21, 0xA7, 0x4C, 0x5C, 0x50, 0xD5, 0x62, 0x87, 0xD2, 0x5C, 0x47, 0x0B, 0xBC,
    0x8E, 0x74, 0x0A, 0xCB, 0x2A, 0xE8, 0x90, 0x2A, 0xDB, 0xC0, 0xD7, 0xBA, 0x10, 0x5C, 0x85, 0xEF,
    0x43, 0x63, 0x4F, 0x41, 0xEB, 0x8E, 0x45, 0xC6, 0xF1, 0xC0, 0x78, 0x48, 0x21, 0xA4, 0xCB, 0x64,
    0x3C, 0x4C, 0xC6, 0xFD, 0x81, 0x71, 0x2C, 0x36, 0x58, 0x21, 0xDD, 0x4E, 0x98, 0xEC, 0x7B, 0x36,
    0x34, 0x9E, 0x27, 0xE3, 0x6F, 0xC9, 0x58, 0xE1, 0x70, 0xC7, 0xFD, 0x67, 0x22, 0x23, 0x4C, 0x55,
    0x25, 0x6C, 0xA0, 0x4C, 0x95, 0x25, 0x73, 0x9B, 0x4A, 0x59, 0x2B, 0x82, 0x56, 0x07, 0x34, 0x0D,
    0x2A, 0xBE, 0x41, 0x9D, 0xAC, 0xDF, 0x87, 0xD2, 0x0F, 0x96, 0xAB, 0xB0, 0x22, 0x9D, 0x40, 0xD0,
    0x7F, 0x93, 0x02, 0x66, 0x45, 0xE3, 0x92, 0x2B, 0x98, 0x6F, 0xBA, 0xD7, 0x6B, 0xD2, 0x5C, 0x95,
    0xE6, 0x89, 0x2D, 0x6C, 0x99, 0xDA, 0xC8, 0x0B, 0xE7, 0x4E, 0xDE, 0x5C, 0xB5, 0xFE, 0x8F, 0x40,
    0x68, 0xD9, 0x0A, 0xFA, 0x0D, 0x34, 0x1B, 0xCD, 0xEA, 0x35, 0x52, 0x55, 0x77, 0x0E, 0xAE, 0x7B,
    0xE1, 0xE5, 0xEA, 0x69, 0x9E, 0x4C, 0x23, 0x2D, 0x78, 0x78, 0x23, 0x45, 0x90, 0xE5, 0x35, 0xFC,
    0x85, 0xC1, 0xDA, 0xC8, 0x1E, 0x55, 0x9A, 0xC0, 0xAE, 0x83, 0x1B, 0x34, 0x8B, 0x8E, 0x23, 0xDE,
    0xAC, 0xF5, 0x5C, 0x9B, 0xB9, 0x4A, 0xE3, 0x27, 0xA8, 0xB5, 0x3B, 0x94, 0xD5, 0x34, 0xF1, 0xFD,
    0xC4, 0x73, 0x73, 0x02, 0x60, 0x9B, 0x75, 0xE5, 0xF8, 0xD7, 0x81, 0x64, 0xFE, 0x9D, 0xE8, 0x9B,
    0xB9, 0x47, 0x06, 0x24, 0x6E, 0xD4, 0x22, 0x7E, 0x4A, 0x48, 0x50, 0xC3, 0x8F, 0xAB, 0xF5, 0xC8,
    0xC4, 0xBC, 0x69, 0xF2, 0xA6, 0xE2, 0x5E, 0xBA, 0x7D, 0x71, 0x4F, 0x15, 0x04, 0x3D, 0x05, 0xE1,
    0x16, 0xB6, 0x86, 0x93, 0x11, 0x0C, 0x66, 0x81, 0x26, 0x30, 0xFD, 0xF9, 0x2C, 0x8B, 0x4E, 0xDE,
    0xA2, 0x02, 0x78, 0x43, 0x55, 0xFA, 0xFA, 0xAE, 0x8D, 0x25, 0xB0, 0xEF, 0x9F, 0x36, 0x25, 0xFF,
    0x69, 0xCF, 0xEF, 0x48, 0x2D, 0x42, 0x08, 0x75, 0x4D, 0x2A, 0xD9, 0x64, 0xB9, 0xAC, 0x40, 0x7A,
    0xAF, 0xEE, 0xD4, 0xA7, 0xC1, 0x9C, 0xC6, 0xF1, 0x07, 0x72, 0x9A, 0x68, 0x13, 0xED, 0xC4, 0xAA,
    0x9E, 0x6D, 0x30, 0xDC, 0xC4, 0xEA, 0xE0, 0x26, 0x56, 0xCD, 0xD5, 0x0D, 0x56, 0x42, 0x81, 0xB4,
    0xD2, 0x8E, 0xE5, 0xC5, 0x58, 0x32, 0x5C, 0xF3, 0x7A, 0xC4, 0x85, 0x72, 0xD8, 0x43, 0xD9, 0x67,
    0x98, 0x8C, 0x4C, 0xCB, 0x50, 0x05, 0x07, 0xD7, 0x46, 0x66, 0xD3, 0xAB, 0x2A, 0x28, 0xAF, 0x92,
    0x65, 0xD7, 0x83, 0x93, 0x1F, 0xDC, 0x1B, 0x6A, 0xD0, 0xFD, 0x5B, 0xB6, 0x0F, 0xA6, 0xE7, 0xB5,
    0xBC, 0x5C, 0x20, 0x06, 0x1A, 0x75, 0x56, 0xBD, 0x7D, 0x2F, 0x0C, 0x14, 0xE8, 0x0B, 0x9A, 0x35,
    0xB8, 0x76, 0x68, 0xF5, 0x88, 0x05, 0xB1, 0x89, 0xF4, 0xE8, 0xC8, 0x99, 0x68, 0xFF, 0xBF, 0xF5,
    0x87, 0x12, 0xD3, 0xE6, 0xD1, 0x2F, 0x8C, 0x52, 0x62, 0x15, 0x74, 0xF1, 0x0C, 0xD5, 0x3F, 0xEC,
    0x33, 0xDB, 0x34, 0xFA, 0x9C, 0x55, 0x41, 0x6F, 0x33, 0x7D, 0xED, 0xB3, 0xC8, 0xFA, 0x9F, 0x88,
    0xDE, 0x56, 0x74, 0x8C, 0x25, 0xB7, 0x30, 0x9A, 0xD8, 0xFF, 0x62, 0xFF, 0xE4, 0x81, 0x4B, 0xDF,
    0xAF, 0xFF, 0xB3, 0xFE, 0x80, 0xFE, 0x00, 0x6D, 0x2E, 0x40, 0xBE, 0x42, 0xED, 0xD7, 0x94, 0xFF,
    0xA7, 0x78, 0x90, 0x1E, 0x29, 0xA2, 0xCD, 0xA5, 0xEE, 0xB5, 0x6A, 0xAF, 0x44, 0xD5, 0x2F, 0x54,
    0x71, 0x5A, 0x4F, 0xF4, 0xC6, 0x69, 0x55, 0x0F, 0xF8, 0x05, 0x64, 0xA9, 0x4B, 0xA1, 0x1E, 0xB5,
    0x7F, 0xF6, 0x5A, 0xB4, 0xFF, 0x67, 0xAF, 0x86, 0x6C, 0x30, 0x6C, 0x38, 0x0C, 0x80, 0xE9, 0x8D,
    0xDD, 0x01, 0x07, 0xAC, 0x9E, 0xED, 0x74, 0x42, 0xFD, 0xBD, 0xE4, 0xA5, 0x40, 0xBC, 0x39, 0x25,
    0xEB, 0x59, 0x6A, 0x2A, 0xD8, 0xA7, 0xC7, 0x93, 0x2A, 0x72, 0xD0, 0x20, 0x63, 0xAD, 0xCF, 0x58,
    0xBB, 0x35, 0xE3, 0x2D, 0x21, 0xE2, 0x96, 0x2F, 0xD9, 0xC0, 0x65, 0xD4, 0x46, 0x1E, 0xBB, 0xF5,
    0x68, 0xE7, 0x6C, 0x3C, 0x48, 0xA6, 0x96, 0x63, 0xFA, 0x2F, 0xBC, 0x85, 0x12, 0x60, 0xB6, 0x3F,
    0xC4, 0x50, 0x9F, 0x2E, 0x6A, 0xB3, 0x43, 0x94, 0x26, 0x6F, 0x0E, 0x45, 0x21, 0xB5, 0xD7, 0x11,
    0x62, 0x43, 0xA1, 0x6D, 0x94, 0xCB, 0xD9, 0x60, 0xB4, 0x58, 0xB3, 0xC2, 0x1C, 0x37, 0x49, 0x97,
    0x4B, 0x11, 0x97, 0x30, 0xA9, 0x8B, 0xE7, 0x11, 0x9A, 0x6D, 0xAC, 0x0B, 0xD0, 0xEA, 0x48, 0x03,
    0x39, 0x1D, 0x69, 0x59, 0xAA, 0x7F, 0x20, 0x79, 0x8F, 0x29, 0x54, 0x84, 0x50, 0xD7, 0xDB, 0x26,
    0xB1, 0x39, 0x13, 0x6F, 0x75, 0x79, 0x70, 0x1B, 0x98, 0xCA, 0xC8, 0xC8, 0x9C, 0xE6, 0x5D, 0x2E,
    0xCB, 0xA4, 0x51, 0x93, 0x4B, 0x2B, 0x48, 0x84, 0x5C, 0x33, 0x58, 0x31, 0x95, 0x8D, 0x6A, 0x05,
    0x8E, 0xBA, 0x5D, 0x64, 0x18, 0x18, 0xA5, 0x19, 0x15, 0xA3, 0xDC, 0x3E, 0x38, 0x30, 0x71, 0xB4,
    0xB4, 0x48, 0xAB, 0x2A, 0x63, 0xBE, 0x3D, 0xF3, 0x7E, 0xD8, 0xF1, 0x95, 0x2F, 0xBC, 0x75, 0xD8,
    0xD9, 0x18, 0xF3, 0x6D, 0xEC, 0x6E, 0x77, 0x04, 0xCC, 0xAC, 0x2A, 0x1B, 0x45, 0xF2, 0x05, 0x63,
    0xB1, 0xF8, 0xB8, 0x78, 0x06, 0x26, 0x87, 0x84, 0x9A, 0x9A, 0x45, 0xCD, 0x74, 0xEB, 0x8E, 0x52,
    0x58, 0xEC, 0x28, 0xC5, 0x5B, 0x76, 0x94, 0xE6, 0x45, 0x85, 0xA1, 0x83, 0x72, 0xD8, 0x71, 0xAE,
    0xB3, 0x5C, 0x0C, 0x4E, 0xAF, 0xEA, 0xE9, 0x35, 0x43, 0xBE, 0x6A, 0x8A, 0x97, 0x46, 0xC5, 0x4B,
    0x7F, 0x22, 0xFE, 0xEA, 0x53, 0xB1, 0xB0, 0x22, 0x16, 0xE4, 0x05, 0x62, 0xB4, 0xEF, 0xE6, 0x89,
    0xDB, 0x2D, 0xD4, 0xD2, 0xB0, 0x48, 0x5F, 0xCD, 0xB3, 0x95, 0xDB, 0x6F, 0x4F, 0x8E, 0x8C, 0x58,
    0x8E, 0x0E, 0x97, 0x62, 0xAD, 0xDE, 0x51, 0x2E, 0x0A, 0xF8, 0xA6, 0x67, 0xF9, 0xB5, 0xDA, 0xC7,
    0x8A, 0x83, 0xF1, 0x00, 0x69, 0x23, 0xC3, 0xF2, 0x02, 0x17, 0x87, 0x9F, 0xDE, 0x96, 0x97, 0x95,
    0x75, 0xC9, 0x5E, 0x3E, 0xC1, 0x39, 0x32, 0xEF, 0x83, 0xB1, 0x0A, 0x53, 0xD2, 0x59, 0xD1, 0xA2,
    0xE5, 0x49, 0xDE, 0x8E, 0x36, 0xA7, 0x24, 0xC6, 0x8F, 0x34, 0x93, 0x96, 0x27, 0x1B, 0xD4, 0x51,
    0x6B, 0x6D, 0x75, 0x3B, 0xB4, 0xA7, 0x06, 0xFF, 0x64, 0x41, 0x3C, 0xA7, 0xA7, 0x92, 0xDA, 0x0F,
    0xB2, 0xD8, 0x87, 0x5F, 0xF1, 0x10, 0xA6, 0xFD, 0x7A, 0x14, 0xD4, 0x92, 0x4E, 0x61, 0xCD, 0x8E,
    0xCF, 0xFA, 0xBC, 0xE3, 0xAE, 0xFF, 0x88, 0x2A, 0x75, 0xAE, 0x14, 0x51, 0xD9, 0x2E, 0x13, 0x0C,
    0xF5, 0xF0, 0x74, 0xD8, 0xCC, 0x78, 0x27, 0x13, 0x9A, 0x5D, 0xD5, 0x36, 0x8A, 0xA2, 0x56, 0x16,
    0xDC, 0x71, 0x5F, 0xA2, 0x94, 0x07, 0xA2, 0x76, 0x7E, 0xED, 0xD5, 0xBF, 0x6B, 0x66, 0x6B, 0x3E,
    0x83, 0x2D, 0xC4, 0x1D, 0xBF, 0x7C, 0x54, 0xD5, 0x38, 0x7A, 0x2E, 0x68, 0x6F, 0x55, 0xE9, 0xA7,
    0xC1, 0x55, 0xD3, 0xC3, 0xD3, 0x81, 0x6F, 0xD2, 0x21, 0x9B, 0xD1, 0x66, 0x91, 0x3C, 0x21, 0x4F,
    0x3A, 0xFA, 0xC5, 0x78, 0x8E, 0xBA, 0xB4, 0x6B, 0x64, 0x28, 0xE6, 0xC8, 0x95, 0x20, 0xC1, 0x22,
    0x89, 0xFB, 0x3F, 0xEC, 0xDF, 0x12, 0xBD, 0x1F, 0x16, 0xC3, 0x1B, 0x76, 0x5F, 0x84, 0x4A, 0x3E,
    0x8D, 0x8C, 0xD1, 0xF0, 0x9B, 0xBF, 0x98, 0xAB, 0xE0, 0x1F, 0x6C, 0xB7, 0xA1, 0x82, 0x49, 0x7D,
    0xF9, 0xB4, 0x92, 0x87, 0x64, 0xCD, 0x37, 0x6F, 0x90, 0x76, 0x26, 0xAF, 0x50, 0x71, 0xAD, 0xF3,
    0x11, 0x8B, 0xF3, 0x0E, 0x76, 0xD2, 0x6B, 0x5F, 0x3E, 0xCF, 0xD6, 0x69, 0x06, 0xE5, 0xF9, 0x5D,
    0x97, 0xE1, 0x8C, 0x58, 0xCD, 0x4B, 0x2F, 0x9C, 0x6F, 0x27, 0xDA, 0x09, 0xEA, 0xA5, 0x86, 0xB7,
    0xDF, 0x32, 0xDE, 0x35, 0xC9, 0x01, 0x63, 0x6B, 0xFD, 0x75, 0x50, 0xC5, 0x87, 0xDB, 0xAA, 0x2E,
    0x79, 0x3C, 0xA3, 0xED, 0x39, 0x3D, 0x4F, 0x9A, 0xD6, 0x2B, 0x62, 0x9D, 0xDC, 0x28, 0x62, 0xF5,
    0x69, 0x6B, 0x11, 0xCB, 0x28, 0x15, 0x2F, 0xDF, 0xA8, 0x66, 0x69, 0xC5, 0x06, 0xD9, 0x60, 0x35,
    0xEB, 0xFF, 0xB1, 0x30, 0x76, 0xF3, 0x38, 0x87, 0xE3, 0xB9, 0xCD, 0x38, 0x77, 0x60, 0x3E, 0xA8,
    0x23, 0xC3, 0xED, 0x4B, 0x1E, 0x94, 0x7B, 0xC7, 0xB6, 0xDF, 0x09, 0xC1, 0x12, 0x9B, 0xEB, 0x5F,
    0xE0, 0x9F, 0x37, 0x76, 0x4D, 0x52, 0x5E, 0x14, 0x1E, 0x76, 0x7F, 0x0A, 0x13, 0xFB, 0xED, 0x62,
    0x62, 0xC3, 0xEF, 0x7A, 0xF7, 0x67, 0x38, 0xEC, 0x5B, 0xCE, 0x46, 0xF4, 0x71, 0xA8, 0xFD, 0xD1,
    0x17, 0x78, 0x0B, 0x1E, 0xC6, 0xC0, 0xF2, 0x5A, 0xE2, 0x82, 0x7A, 0x8B, 0xBF, 0xF3, 0x5B, 0xF6,
    0x2B, 0x06, 0x9C, 0xB9, 0x1C, 0x2C, 0x06, 0x36, 0xCC, 0x8E, 0x38, 0x4C, 0x4F, 0xD9, 0xE6, 0xD6,
    0x1D, 0xB3, 0xED, 0x0A, 0x0D, 0x2D, 0x20, 0x81, 0x3C, 0xC4, 0xA8, 0x7C, 0x3F, 0x18, 0x2C, 0x34,
    0x5C, 0x2D, 0xFE, 0xEB, 0x28, 0xFF, 0x5C, 0x0F, 0x72, 0xA7, 0x32, 0xCC, 0x0E, 0xF7, 0xA0, 0xF5,
    0xDD, 0x62, 0xE3, 0xEC, 0xD6, 0x95, 0x8C, 0x0A, 0x9C, 0x65, 0x6F, 0xBB, 0xBD, 0xAE, 0xAA, 0x4B,
    0x37, 0x57, 0x35, 0xEA, 0x64, 0xC0, 0x4F, 0x35, 0xF1, 0xD5, 0x10, 0xC9, 0x01, 0x54, 0x74, 0x82,
    0x47, 0xCF, 0x91, 0x39, 0xD8, 0x3E, 0x39, 0x28, 0x0D, 0x24, 0x07, 0x5C, 0x36, 0xDD, 0xCC, 0xF6,
    0x32, 0x5C, 0x5B, 0xF8, 0x8B, 0x3F, 0x0F, 0x06, 0xD8, 0x86, 0x52, 0x8B, 0xFB, 0xAC, 0x90, 0xED,
    0x35, 0xB3, 0x41, 0x56, 0xF4, 0xBF, 0x8D, 0x55, 0xCF, 0x6B, 0xDC, 0x46, 0x14, 0xFE, 0x24, 0x6D,
    0x2C, 0xF0, 0x20, 0x69, 0x0F, 0x49, 0x9B, 0xB4, 0xD2, 0x6E, 0x0E, 0x3D, 0x04, 0xAC, 0x5D, 0xF9,
    0xA0, 0x6E, 0x54, 0xBA, 0xB1, 0x26, 0xF5, 0x21, 0x07, 0x83, 0xEB, 0x43, 0x20, 0x87, 0x10, 0x52,
    0xC8, 0xA5, 0x2D, 0x29, 0xD9, 0x83, 0x20, 0x4E, 0x58, 0x67, 0x05, 0xE9, 0xA9, 0x86, 0xE0, 0x3F,
    0xC1, 0x2D, 0x81, 0x16, 0x0A, 0x61, 0x9C, 0x35, 0x34, 0xC1, 0x0E, 0x2B, 0xC8, 0xC1, 0x25, 0xE9,
    0x61, 0x29, 0xB4, 0x97, 0x10, 0x10, 0x0D, 0xF4, 0x50, 0x97, 0x64, 0x0F, 0x0B, 0x5D, 0x9A, 0xB5,
    0xB7, 0x6F, 0xB4, 0x9B, 0xD8, 0x4E, 0xDC, 0xB4, 0x7A, 0xEF, 0xE9, 0xC7, 0x9B, 0xA7, 0x99, 0xF7,
    0xBE, 0xF9, 0x66, 0x46, 0x81, 0xD7, 0x13, 0x4E, 0xC7, 0x2C, 0x99, 0x91, 0x29, 0x46, 0x02, 0x84,
    0x4C, 0x67, 0x8C, 0x39, 0xCC, 0xCD, 0xC4, 0x29, 0xB0, 0x1E, 0xE8, 0xAA, 0xCC, 0x4C, 0xCC, 0xBC,
    0xEA, 0x55, 0xB8, 0xD7, 0x8F, 0x0A, 0x82, 0x09, 0xB6, 0xF6, 0xF0, 0x2E, 0x13, 0x99, 0xE4, 0xF2,
    0xE1, 0xF6, 0xCA, 0xA2, 0xD0, 0x85, 0xBE, 0xB6, 0x71, 0x57, 0x17, 0x99, 0xC8, 0xDF, 0xA7, 0xE3,
    0x89, 0xE9, 0x98, 0x69, 0xB1, 0xA3, 0xC5, 0xAE, 0x16, 0x07, 0x5A, 0x5C, 0xD5, 0xE2, 0x29, 0xC6,
    0x2B, 0xDB, 0x18, 0x5E, 0xBF, 0xF5, 0x50, 0x73, 0xE0, 0x33, 0x04, 0x3A, 0x5C, 0x1D, 0x06, 0x83,
    0x69, 0x82, 0xD5, 0xA1, 0xA7, 0x50, 0xD0, 0xE8, 0xE6, 0x4B, 0xA0, 0xCF, 0x90, 0x12, 0x63, 0x26,
    0xBB, 0xC8, 0x3A, 0xE4, 0xEB, 0xCD, 0x49, 0xDF, 0x28, 0xED, 0xA8, 0xEC, 0xFD, 0x21, 0xBB, 0xA1,
    0xE4, 0x0B, 0xAC, 0xEA, 0x98, 0x7B, 0x93, 0x47, 0xE5, 0x14, 0x26, 0x66, 0xC1, 0x4A, 0x70, 0x18,
    0xDC, 0x17, 0xEA, 0x50, 0x8F, 0x7D, 0xD9, 0xAA, 0xC8, 0x1F, 0xBB, 0x6A, 0x22, 0x5C, 0x35, 0xE9,
    0x18, 0x6A, 0x52, 0x22, 0x8B, 0xC8, 0x84, 0x34, 0x53, 0x8B, 0x85, 0x75, 0x2A, 0x5E, 0x30, 0x06,
    0xD8, 0x89, 0x25, 0x1F, 0x55, 0xD1, 0xA1, 0x62, 0x4A, 0x86, 0x16, 0x47, 0x64, 0xE2, 0x85, 0x59,
    0xE7, 0xE3, 0x05, 0xED, 0xAF, 0x18, 0xD0, 0x62, 0x8C, 0x9F, 0x07, 0xC6, 0x28, 0x83, 0x39, 0xB0,
    0x6D, 0xAA, 0x8A, 0x53, 0xCD, 0x6C, 0x3A, 0xA6, 0x1E, 0xED, 0x4C, 0xA9, 0x8B, 0x3B, 0x14, 0x45,
    0xCE, 0xE7, 0xB1, 0xF9, 0x6E, 0x9C, 0xC3, 0x7F, 0x47, 0x5A, 0x67, 0xE3, 0xD2, 0xF3, 0x38, 0xAF,
    0x40, 0x51, 0x79, 0x63, 0x80, 0x39, 0x17, 0x84, 0x01, 0x69, 0xC8, 0xC0, 0xCC, 0x4C, 0x2F, 0x82,
    0xA5, 0x32, 0xD1, 0xF2, 0xE7, 0xA8, 0x3C, 0x45, 0x9E, 0x3A, 0xCD, 0xE1, 0x78, 0x2B, 0x9E, 0xF8,
    0x39, 0x61, 0x4A, 0x62, 0x28, 0x89, 0xBD, 0x57, 0x73, 0x79, 0xAA, 0x67, 0x4B, 0x49, 0x56, 0x6E,
    0x28, 0x49, 0xCA, 0xF6, 0x9A, 0x20, 0x8B, 0xD8, 0xF5, 0xC4, 0xFB, 0xAA, 0xC5, 0xFF, 0x5F, 0xED,
    0x2C, 0x5E, 0xD0, 0xFF, 0x8E, 0xB3, 0x58, 0xC9, 0x0D, 0xB3, 0xC3, 0x52, 0xD6, 0x26, 0xEB, 0xB0,
    0x88, 0x79, 0x8B, 0x32, 0x15, 0x84, 0x03, 0xAC, 0x6C, 0x20, 0xD5, 0xF8, 0x4B, 0x15, 0x1A, 0x8F,
    0x34, 0xEE, 0xDD, 0xE7, 0xC3, 0xDF, 0x5E, 0xA1, 0xE4, 0x02, 0xD5, 0x07, 0xFE, 0x7D, 0x7F, 0xBD,
    0x20, 0xD8, 0x6E, 0x51, 0x78, 0xA3, 0x97, 0xE6, 0xBA, 0x08, 0x97, 0x94, 0xDE, 0xB2, 0xBD, 0x6C,
    0x08, 0xB7, 0xD1, 0x95, 0x03, 0xEF, 0x8A, 0xB1, 0x84, 0x35, 0xEF, 0x79, 0x9B, 0x99, 0xD7, 0xDC,
    0x2D, 0xF3, 0xA5, 0xA2, 0xE4, 0xC5, 0x01, 0xC9, 0x1F, 0x98, 0xFB, 0xB5, 0x51, 0xA2, 0x0B, 0x59,
    0x66, 0xA4, 0x2B, 0xF7, 0x79, 0xF3, 0x09, 0x5F, 0x3B, 0xCE, 0xEF, 0x15, 0xF9, 0x1D, 0x8B, 0x0B,
    0x9D, 0x4B, 0x24, 0x34, 0x4E, 0x9A, 0xD3, 0xF8, 0x9B, 0xC2, 0x00, 0x3F, 0x70, 0xFD, 0x7A, 0x10,
    0xAC, 0xFB, 0xEE, 0xE3, 0x49, 0xFB, 0x41, 0xCD, 0xD9, 0x10, 0xD6, 0xF5, 0xD4, 0x52, 0x53, 0x4B,
    0x69, 0x67, 0x83, 0xD0, 0xFC, 0x1D, 0x03, 0x02, 0x3F, 0xF0, 0xFD, 0xBA, 0x1F, 0xAC, 0x4F, 0x1E,
    0x7B, 0x5C, 0x73, 0x65, 0xD8, 0xB2, 0x35, 0x4D, 0x61, 0x6D, 0x19, 0xF6, 0xEF, 0x94, 0x58, 0xD7,
    0x32, 0xA8, 0xB1, 0x17, 0x98, 0x7B, 0x85, 0x6F, 0x33, 0x56, 0x37, 0xCC, 0x8E, 0x99, 0x9A, 0x57,
    0xCC, 0x29, 0x2A, 0x2A, 0x35, 0x56, 0x5D, 0x4F, 0xC2, 0xC3, 0x8B, 0xFD, 0x20, 0xE7, 0xA3, 0xCC,
    0xF5, 0x2E, 0x4A, 0x30, 0x8E, 0x96, 0xC2, 0xEE, 0xBE, 0xA0, 0x5B, 0x43, 0x68, 0x28, 0x45, 0x8E,
    0xE2, 0x16, 0x0E, 0x32, 0x40, 0x87, 0x72, 0x16, 0xC5, 0x81, 0x5C, 0xA0, 0xBE, 0x2E, 0xEF, 0xC5,
    0x8D, 0x6C, 0xF4, 0x37, 0xE5, 0x97, 0x20, 0x63, 0xAD, 0x54, 0x85, 0xE0, 0x6E, 0xA4, 0x88, 0xA8,
    0x64, 0x3B, 0x93, 0x6A, 0x7E, 0x35, 0x24, 0x10, 0x94, 0x8F, 0xB8, 0x37, 0x40, 0x54, 0xA0, 0x2A,
    0xA4, 0xAE, 0x3D, 0xC4, 0x5D, 0x36, 0x7A, 0x27, 0xCD, 0xAA, 0x1B, 0xE9, 0xED, 0x45, 0xAC, 0x0C,
    0x92, 0xE1, 0xFB, 0x7C, 0x01, 0xC5, 0xE1, 0xD2, 0x3E, 0x19, 0x17, 0x07, 0xFC, 0x4D, 0xF9, 0x41,
    0x54, 0x85, 0xB8, 0xDD, 0x5E, 0xEB, 0xAF, 0x3B, 0x3B, 0x9B, 0x9C, 0x4D, 0xA0, 0xC3, 0x4A, 0x7D,
    0x08, 0xFF, 0xE8, 0x64, 0x10, 0xD5, 0x82, 0x3F, 0x6B, 0xEE, 0x4F, 0xC2, 0x79, 0x90, 0x16, 0x4F,
    0xB5, 0x2D, 0x2D, 0x31, 0xD5, 0x44, 0x41, 0xAB, 0xC3, 0xAB, 0x70, 0x60, 0x6C, 0x9B, 0x6D, 0x23,
    0x75, 0x56, 0xAB, 0x5E, 0x87, 0xB2, 0x1D, 0x6B, 0x6D, 0xBD, 0xEE, 0xCD, 0x21, 0xB4, 0x85, 0x2D,
    0x5C, 0x51, 0x0D, 0xFB, 0x8A, 0x3D, 0xAA, 0x0F, 0x35, 0x84, 0xC9, 0x01, 0x22, 0x41, 0x9E, 0x8A,
    0xF6, 0x92, 0x1A, 0xAE, 0x7D, 0x77, 0xE8, 0x74, 0x0E, 0x83, 0xE4, 0x64, 0x1B, 0x7B, 0x05, 0xF8,
    0x10, 0xB8, 0x00, 0x9A, 0x90, 0x6C, 0x8D, 0x85, 0x1D, 0xE4, 0x23, 0xA2, 0xCE, 0xEB, 0xEA, 0x6D,
    0x1D, 0x3A, 0x4D, 0x31, 0xA6, 0xB7, 0x4D, 0xCF, 0x1C, 0xAE, 0x7A, 0xBF, 0x67, 0xDF, 0x0F, 0xE4,
    0xF7, 0x6A, 0x10, 0xE4, 0xA3, 0x25, 0x3F, 0x2D, 0xB7, 0x0F, 0x20, 0xA8, 0x43, 0xC5, 0xDB, 0xBC,
    0xD5, 0x6B, 0x9E, 0x6B, 0xCE, 0x36, 0xCF, 0xB5, 0xBA, 0x3F, 0xAC, 0x37, 0x3F, 0x6E, 0xCE, 0x34,
    0x67, 0x5B, 0xFD, 0x33, 0xB1, 0x4A, 0x99, 0x8D, 0xAE, 0x29, 0x09, 0x4F, 0x2D, 0xD8, 0x5F, 0xA7,
    0x3C, 0xD9, 0x7A, 0x29, 0x5D, 0x98, 0xB3, 0x61, 0x90, 0x38, 0xD9, 0x7D, 0x47, 0xAC, 0x04, 0xB8,
    0x86, 0x33, 0x5C, 0x8B, 0x75, 0x22, 0x8A, 0xFB, 0x8A, 0x58, 0x54, 0xB8, 0x97, 0xBE, 0xD5, 0xD6,
    0xB8, 0x14, 0x9D, 0x6B, 0x7B, 0x25, 0x03, 0xED, 0x35, 0x28, 0xD2, 0xD1, 0x93, 0xD3, 0x29, 0xB2,
    0xD5, 0xBC, 0xF1, 0xF5, 0xAC, 0x20, 0xFE, 0x1E, 0x31, 0xB1, 0x5B, 0xE4, 0x16, 0xD2, 0xAD, 0xE1,
    0x72, 0x74, 0x78, 0x09, 0x69, 0x9A, 0xF2, 0x13, 0xE4, 0xF3, 0x3A, 0x87, 0xE6, 0x0A, 0xE9, 0xFB,
    0x93, 0xC1, 0x95, 0x1C, 0xE1, 0x61, 0x20, 0xE4, 0x06, 0xC5, 0xBD, 0xC3, 0xAF, 0xF2, 0x5A, 0x06,
    0xEE, 0x05, 0x82, 0x56, 0x81, 0xC9, 0xEB, 0x44, 0xD6, 0xF1, 0xE5, 0x13, 0xF5, 0x95, 0xD9, 0xCD,
    0x47, 0x8F, 0x36, 0x9F, 0x3C, 0x8C, 0x1C, 0xB9, 0x28, 0xD4, 0x9B, 0xB0, 0x6E, 0xA1, 0xAA, 0xF3,
    0x40, 0xE3, 0xBE, 0x3C, 0x9B, 0xB8, 0x63, 0x8D, 0x4E, 0x86, 0xB1, 0x9B, 0x28, 0x7F, 0x21, 0x4F,
    0x25, 0x62, 0xD4, 0x09, 0x62, 0x14, 0xD1, 0xAC, 0x00, 0x35, 0x23, 0xDE, 0x7B, 0xC3, 0x29, 0xF9,
    0x86, 0x57, 0x9E, 0x26, 0x95, 0x2F, 0xDB, 0x95, 0x76, 0xDB, 0x5F, 0x4E, 0x02, 0x25, 0x71, 0xF4,
    0x84, 0x65, 0x87, 0xDA, 0xF8, 0x67, 0x28, 0x6F, 0x22, 0x98, 0x86, 0x2F, 0xBB, 0x95, 0x9D, 0xBB,
    0x1A, 0xB7, 0xAE, 0x67, 0x3B, 0xE9, 0x18, 0xC0, 0xA0, 0xDE, 0x42, 0xF1, 0x26, 0xAA, 0xC4, 0xC4,
    0x23, 0xB4, 0x4F, 0xD0, 0x26, 0x80, 0x52, 0x00, 0x36, 0x80, 0xFA, 0x2B, 0xD4, 0xE3, 0xD0, 0xB6,
    0xF7, 0x6F, 0xFD, 0x84, 0x78, 0x55, 0x59, 0x9E, 0xAA, 0x1F, 0x34, 0x86, 0x80, 0x1C, 0x76, 0x8B,
    0xD9, 0xBE, 0x77, 0x98, 0x36, 0x93, 0xF1, 0x4F, 0xDD, 0xF2, 0x33, 0x37, 0x98, 0x71, 0x7D, 0x26,
    0x35, 0x60, 0xAE, 0xCB, 0xE6, 0xAD, 0xC5, 0xEC, 0x3C, 0x50, 0xE5, 0x0A, 0x79, 0x39, 0xA4, 0xAF,
    0xCA, 0xB4, 0x82, 0xE9, 0xB8, 0xFC, 0x24, 0xB6, 0x1A, 0x18, 0x05, 0x68, 0x18, 0xBF, 0x84, 0x72,
    0x17, 0x81, 0x80, 0x5F, 0xCB, 0x46, 0xB5, 0xE1, 0xD2, 0x4C, 0x2F, 0xCA, 0x76, 0x09, 0xBC, 0x4D,
    0x34, 0x27, 0x9E, 0xDB, 0xA2, 0x5A, 0x0D, 0x07, 0x44, 0x75, 0xE2, 0xF9, 0x0B, 0x05, 0x8A, 0xB4,
    0x1B, 0x7D, 0xF0, 0x4B, 0x1E, 0xFE, 0xA3, 0xCB, 0xF0, 0xAD, 0x67, 0x4B, 0xA5, 0xF9, 0x1F, 0x97,
    0x18, 0xB1, 0xFB, 0x1F, 0xA5, 0x57, 0x3D, 0x8B, 0xE3, 0x46, 0x18, 0x7E, 0x46, 0x73, 0xB6, 0x56,
    0x96, 0x3F, 0xB6, 0x3C, 0x58, 0xC7, 0xDE, 0x22, 0xC5, 0x16, 0xDA, 0x8F, 0x42, 0x85, 0x02, 0x07,
    0x99, 0x84, 0x0B, 0xC7, 0x05, 0x02, 0xE6, 0xBE, 0x52, 0x6C, 0x8A, 0xFB, 0x01, 0x29, 0x54, 0xF8,
    0x20, 0x07, 0x07, 0xD6, 0xB5, 0x81, 0x80, 0x7F, 0xC0, 0x16, 0x82, 0xDC, 0x0F, 0x50, 0xB1, 0xC5,
    0x91, 0x2C, 0x41, 0x3F, 0x41, 0xC5, 0x15, 0x21, 0xA4, 0x10, 0x5C, 0x71, 0x4D, 0x92, 0xDB, 0x62,
    0x09, 0x7B, 0xC4, 0x8E, 0xF3, 0xBE, 0x63, 0x79, 0xBD, 0x61, 0xD7, 0xF6, 0xC8, 0x2B, 0xCD, 0x18,
    0x8D, 0x3C, 0xF3, 0x3C, 0xEF, 0xBC, 0xF3, 0xCC, 0xBC, 0xAF, 0x90, 0x00, 0xE7, 0x10, 0xBF, 0xC3,
    0xFA, 0x01, 0xF2, 0x4B, 0xD8, 0x36, 0x9A, 0x32, 0xEA, 0x4E, 0xD2, 0xDD, 0xC7, 0x99, 0x8F, 0x3C,
    0x44, 0x98, 0xC3, 0x07, 0x5D, 0xA1, 0x2E, 0x70, 0x47, 0x4E, 0x0B, 0x2E, 0x0E, 0xBB, 0xEF, 0x03,
    0xDB, 0x77, 0x83, 0x6E, 0xF7, 0x2D, 0xBD, 0xCC, 0xE8, 0x8E, 0x81, 0x36, 0xE0, 0x01, 0x4F, 0xB9,
    0x37, 0x0C, 0x50, 0xC5, 0x10, 0x7D, 0xC2, 0x4C, 0x17, 0x80, 0xF2, 0x95, 0xE2, 0x03, 0xE4, 0x57,
    0xA6, 0x80, 0x10, 0x0A, 0x0F, 0x95, 0x3C, 0x83, 0x73, 0x1B, 0xDA, 0x54, 0x10, 0x2C, 0xE1, 0xE2,
    0x10, 0xDD, 0xF7, 0x08, 0x6C, 0xF8, 0x2E, 0x82, 0x2E, 0xA6, 0xE8, 0x9B, 0xDA, 0xD8, 0xCA, 0x79,
    0x09, 0xFC, 0x1E, 0x15, 0xFB, 0xD4, 0xD9, 0x58, 0x60, 0xB0, 0xA0, 0x92, 0x42, 0x44, 0xE5, 0x6C,
    0xAE, 0x80, 0x87, 0x3C, 0x04, 0x99, 0x5D, 0xDB, 0x58, 0x6D, 0x36, 0x3E, 0x83, 0xFC, 0x05, 0xB8,
    0xC5, 0xC8, 0xD6, 0x7D, 0x53, 0x16, 0xEB, 0x6E, 0xE3, 0x04, 0x3D, 0x79, 0xCA, 0x8E, 0xB9, 0xD6,
    0xF6, 0x04, 0xE2, 0x0F, 0xC8, 0xAA, 0xB1, 0xD5, 0x17, 0x82, 0xC8, 0xE5, 0xB1, 0x53, 0x5F, 0x22,
    0x0B, 0xD2, 0x84, 0xCF, 0xC0, 0x62, 0x54, 0x02, 0xDB, 0xC7, 0xB0, 0xD6, 0xB6, 0x4E, 0xAF, 0x87,
    0x25, 0x1F, 0x93, 0xD8, 0x4A, 0x42, 0x4A, 0x85, 0x68, 0x31, 0x24, 0x7A, 0xC0, 0xC7, 0xC0, 0x76,
    0x49, 0xD4, 0x21, 0x0E, 0xB4, 0xA1, 0x67, 0x0B, 0x50, 0x69, 0xA9, 0x7E, 0xE2, 0xA5, 0x22, 0x54,
    0x6B, 0x64, 0xBE, 0x54, 0xCE, 0xC9, 0x2D, 0x2C, 0x99, 0xBE, 0x80, 0x3C, 0x84, 0x38, 0x2F, 0xBD,
    0x54, 0x04, 0xFA, 0xCD, 0x22, 0x53, 0x45, 0x2A, 0xD2, 0xC1, 0xE8, 0xD9, 0x23, 0x1A, 0x42, 0xF7,
    0x60, 0xF4, 0xBC, 0x78, 0x7A, 0xF6, 0x68, 0x30, 0x06, 0xAC, 0xC8, 0x8A, 0x08, 0xC5, 0x1E, 0xA1,
    0xD9, 0x82, 0x27, 0xD5, 0x27, 0x5F, 0x47, 0x9F, 0x4E, 0x54, 0x00, 0xDC, 0x01, 0x3A, 0x02, 0xF6,
    0x44, 0xDB, 0x12, 0x73, 0xA1, 0x8E, 0x31, 0x72, 0xEE, 0xBE, 0x10, 0x8E, 0xFA, 0xED, 0x00, 0x81,
    0x1E, 0xB0, 0x12, 0x14, 0xFB, 0x47, 0x07, 0xC7, 0x4B, 0xC0, 0x80, 0xD6, 0x6F, 0xD8, 0x78, 0x61,
    0x80, 0x24, 0x78, 0x4B, 0xD9, 0xBF, 0xA2, 0xCE, 0xA7, 0x18, 0xC1, 0xD0, 0xF8, 0x42, 0xC2, 0xA1,
    0x6E, 0x3E, 0xBF, 0xD4, 0xA4, 0xBF, 0x34, 0x36, 0xED, 0x4B, 0x45, 0x2E, 0xAB, 0x6E, 0xAC, 0xC6,
    0xDF, 0xD4, 0x53, 0x72, 0xCE, 0x20, 0xEB, 0xDC, 0xEC, 0x4E, 0xF0, 0xD1, 0x63, 0x16, 0xFF, 0xB4,
    0x50, 0xB3, 0x73, 0xA9, 0x49, 0x7F, 0x75, 0x27, 0x6A, 0x9B, 0x1C, 0xD1, 0x43, 0xD5, 0x0C, 0x9F,
    0x3B, 0xA0, 0x66, 0xBF, 0xA9, 0x87, 0x4B, 0xBC, 0x31, 0x3B, 0x4B, 0xD8, 0xE6, 0xFA, 0x6A, 0xCC,
    0x0A, 0xB6, 0xCE, 0xA0, 0xEC, 0x74, 0x19, 0xA6, 0xF5, 0x05, 0x9C, 0x13, 0xDE, 0x20, 0x86, 0x7E,
    0xB0, 0x52, 0x37, 0xB9, 0xBD, 0xB3, 0x6C, 0xC5, 0xB4, 0x9A, 0x72, 0xC8, 0x63, 0x38, 0x0D, 0x18,
    0xCA, 0xAA, 0x02, 0x9B, 0x46, 0xD5, 0x48, 0xC3, 0x83, 0xB4, 0x89, 0xAB, 0xF7, 0x20, 0x7D, 0xD5,
    0xF6, 0x9E, 0x22, 0x99, 0x5D, 0x8B, 0x7A, 0x01, 0x0D, 0xBA, 0x91, 0xF4, 0xE6, 0x5D, 0x11, 0xB2,
    0x20, 0xEC, 0x89, 0xDA, 0x7B, 0x92, 0x05, 0xF4, 0x1A, 0x41, 0x0E, 0xEF, 0xA2, 0x50, 0xF3, 0x3B,
    0x84, 0x7B, 0x9F, 0xE7, 0xD4, 0x81, 0xAD, 0x39, 0xD0, 0x85, 0xFA, 0x8F, 0xD1, 0x71, 0xD5, 0x1D,
    0x2B, 0x0D, 0x44, 0xEA, 0x0B, 0xFE, 0xA5, 0xE7, 0x8E, 0xAD, 0xEC, 0xF1, 0xDC, 0x68, 0x3E, 0x55,
    0xBE, 0x65, 0x46, 0xDE, 0x84, 0x9B, 0xC6, 0x14, 0xB1, 0x0E, 0x4C, 0x3B, 0x45, 0x20, 0x5D, 0x41,
    0x04, 0x7D, 0xCC, 0x8E, 0x95, 0xF5, 0x3D, 0x4A, 0xCC, 0x82, 0x84, 0xFD, 0x20, 0x12, 0x1F, 0x60,
    0x39, 0x46, 0x14, 0xA4, 0xD8, 0xCA, 0x09, 0x4A, 0x51, 0x4C, 0xB5, 0x4D, 0xD1, 0xD5, 0x90, 0x02,
    0x94, 0x0C, 0x90, 0x55, 0xA3, 0x72, 0x2C, 0xB0, 0x74, 0x8E, 0xF0, 0x40, 0x09, 0x43, 0x22, 0x3A,
    0x91, 0x7F, 0xD6, 0xC1, 0xF3, 0x75, 0x39, 0x22, 0xEB, 0x25, 0xAA, 0x2F, 0x78, 0x41, 0x4D, 0x89,
    0xFA, 0xC0, 0x9F, 0x90, 0xF7, 0x50, 0x5A, 0x5A, 0x31, 0x87, 0x8A, 0x6A, 0xCD, 0x58, 0x63, 0x4D,
    0x68, 0xB9, 0x4C, 0x55, 0x69, 0x11, 0xD9, 0x3D, 0xEC, 0x3D, 0xF9, 0x8B, 0xCE, 0xA2, 0xD7, 0x14,
    0x1C, 0x02, 0xDA, 0x67, 0xDE, 0xFF, 0x2A, 0xBF, 0x23, 0x56, 0x10, 0x2D, 0x66, 0x62, 0x98, 0xC6,
    0x68, 0x0C, 0xF9, 0x08, 0xB3, 0xC7, 0x61, 0xC7, 0xCD, 0x16, 0x71, 0x72, 0xE8, 0xE5, 0x98, 0xC3,
    0xC1, 0x72, 0x5D, 0x36, 0xDA, 0xFC, 0x22, 0xA3, 0x53, 0x76, 0x35, 0x1B, 0x5E, 0x4D, 0x6D, 0xD3,
    0xF5, 0x26, 0xF3, 0xBB, 0x88, 0x38, 0x06, 0x53, 0xE4, 0x4B, 0xFE, 0xAD, 0x50, 0xE9, 0xDC, 0x80,
    0x90, 0x42, 0xCD, 0x3B, 0xD4, 0x77, 0x4D, 0xD8, 0xD6, 0x64, 0x38, 0x98, 0xB9, 0xC4, 0x80, 0x43,
    0x0B, 0x25, 0x44, 0x9C, 0x20, 0xBF, 0x5A, 0x42, 0xE4, 0x3E, 0xB2, 0x5D, 0x3B, 0x75, 0xFF, 0x9D,
    0x77, 0x8E, 0xDD, 0x64, 0x7E, 0xB7, 0xFA, 0xFB, 0xFB, 0xEF, 0xC8, 0x29, 0x91, 0x8C, 0x8A, 0x13,
    0xAD, 0x5D, 0xC4, 0x6E, 0x43, 0x4C, 0x5A, 0xF1, 0x04, 0x31, 0xE7, 0x04, 0xD7, 0xE1, 0xEA, 0xD5,
    0x0D, 0x50, 0x40, 0x5A, 0x2A, 0xC4, 0x8F, 0x2A, 0xC1, 0x3F, 0x34, 0xE4, 0x9C, 0x6A, 0x7E, 0xA5,
    0x12, 0x38, 0xA9, 0x35, 0x03, 0xC1, 0xA3, 0xB0, 0x59, 0x6F, 0xB7, 0x9C, 0x78, 0xD8, 0x19, 0xB1,
    0xDB, 0x4F, 0xDC, 0x2C, 0x71, 0x31, 0x2F, 0x2D, 0xF4, 0xF7, 0xA1, 0xB9, 0xA0, 0x13, 0x99, 0xEC,
    0x42, 0x4F, 0x6B, 0xB1, 0xD5, 0x74, 0x3A, 0x89, 0x74, 0x35, 0x1B, 0xFB, 0x8B, 0x1D, 0xA6, 0xE7,
    0x18, 0xAE, 0xCF, 0xC8, 0x56, 0x87, 0xEC, 0x21, 0x61, 0x30, 0x45, 0x7D, 0x74, 0xD0, 0x53, 0x7D,
    0xF7, 0x06, 0x0E, 0xA5, 0x94, 0xE5, 0x08, 0xDB, 0xC7, 0x26, 0x6C, 0x6B, 0x32, 0x24, 0x45, 0xC5,
    0x6A, 0x0E, 0x12, 0x1E, 0x17, 0x45, 0xC9, 0x45, 0x21, 0x93, 0x84, 0x84, 0x2E, 0x23, 0xCF, 0x46,
    0xA3, 0x09, 0xD7, 0xE3, 0x5C, 0x82, 0xD3, 0xE5, 0x5C, 0x2F, 0xED, 0xAC, 0xD4, 0xF4, 0x40, 0xFE,
    0xBC, 0xA4, 0x41, 0x52, 0x85, 0xF4, 0x11, 0xD5, 0x84, 0xD7, 0x46, 0xC3, 0x43, 0xD3, 0x87, 0x1D,
    0x42, 0x92, 0x64, 0x32, 0xC6, 0xA4, 0x6E, 0x5B, 0xA0, 0xD8, 0x63, 0x04, 0x3B, 0x8D, 0xB8, 0xFC,
    0xC1, 0xBB, 0x1C, 0xF3, 0x08, 0x5B, 0x6D, 0xC6, 0x64, 0x0D, 0xF4, 0xF5, 0x01, 0x4B, 0xA3, 0x94,
    0x11, 0x85, 0x35, 0xD4, 0xCB, 0x9D, 0x70, 0x32, 0x67, 0x6E, 0xFC, 0xE5, 0x5C, 0xD8, 0x70, 0x22,
    0x7A, 0x8D, 0x4B, 0x50, 0xFC, 0x07, 0x7D, 0x55, 0x41, 0x68, 0x24, 0x45, 0x14, 0x7D, 0xDD, 0x93,
    0xA4, 0xCD, 0x64, 0x7B, 0x66, 0x0E, 0x09, 0x9B, 0x43, 0xED, 0x26, 0x87, 0x08, 0x4D, 0x68, 0x49,
    0xB3, 0xF4, 0x42, 0x1F, 0xC6, 0x9D, 0x92, 0x15, 0xBC, 0x28, 0xE4, 0x32, 0x27, 0x2F, 0xAD, 0x89,
    0x08, 0xC9, 0xC1, 0x1E, 0xC8, 0xC2, 0x22, 0x68, 0x8A, 0x45, 0xBC, 0x29, 0x59, 0x04, 0x2F, 0x5E,
    0xDA, 0x24, 0x20, 0x46, 0x58, 0xCB, 0xE8, 0x49, 0xC1, 0x29, 0xD9, 0x83, 0x10, 0x36, 0xD0, 0xC1,
    0x83, 0x07, 0x11, 0xC6, 0x5C, 0x04, 0x77, 0xC1, 0x39, 0xE4, 0x90, 0x15, 0x93, 0xF6, 0x57, 0xF7,
    0x74, 0xB6, 0x67, 0x4D, 0xF6, 0x57, 0xD5, 0xAF, 0xFF, 0xAB, 0x7F, 0xFD, 0xAA, 0x7A, 0xBF, 0x7E,
    0x35, 0x30, 0x86, 0x55, 0xB4, 0xB1, 0x78, 0x4E, 0xD1, 0x34, 0x8B, 0x77, 0xF9, 0x14, 0x37, 0xCE,
    0x29, 0xFA, 0xEB, 0xBA, 0x28, 0xF8, 0xFC, 0x0E, 0x9F, 0xDF, 0xA1, 0x7E, 0xFD, 0x34, 0x9B, 0x86,
    0xF5, 0x34, 0x4D, 0x81, 0x61, 0x79, 0x43, 0x24, 0xEA, 0xD9, 0x45, 0xFB, 0x99, 0xFF, 0x72, 0xAA,
    0x3D, 0xBF, 0xE3, 0xF8, 0x91, 0x44, 0xE0, 0x47, 0x31, 0x5C, 0xE2, 0x90, 0x91, 0xEF, 0xC0, 0x09,
    0xFD, 0xA4, 0x93, 0xEC, 0x92, 0x55, 0xD0, 0x23, 0x49, 0x6D, 0xD2, 0x7A, 0xAE, 0xCC, 0x65, 0x60,
    0x57, 0x75, 0x94, 0x9F, 0x38, 0x31, 0xE8, 0x44, 0x16, 0x95, 0xD7, 0x17, 0xD3, 0xA3, 0xB1, 0x81,
    0x6C, 0x61, 0x22, 0x2B, 0xB9, 0xF6, 0x70, 0xFB, 0xB3, 0x65, 0x3D, 0xA2, 0xE5, 0xF4, 0x38, 0xFF,
    0x8A, 0xF7, 0xBB, 0xDD, 0x17, 0x39, 0x8E, 0x90, 0xE2, 0x04, 0x89, 0xDE, 0xAD, 0xEC, 0x6B, 0x16,
    0xC8, 0xDB, 0xD9, 0x19, 0xE4, 0x5A, 0x53, 0xDE, 0x6E, 0x66, 0x92, 0x24, 0xB6, 0xC2, 0x17, 0x2F,
    0x84, 0x6C, 0xE5, 0x5C, 0xB8, 0x34, 0x60, 0x6D, 0x02, 0x62, 0xF2, 0x8C, 0xD0, 0x16, 0xE2, 0xAF,
    0xB2, 0x6A, 0x9A, 0x5F, 0x95, 0xD4, 0x8C, 0x66, 0x84, 0x03, 0xF8, 0x89, 0x07, 0x78, 0x31, 0x9D,
    0xCC, 0x7B, 0x83, 0x0E, 0xEA, 0x6D, 0xBD, 0x0C, 0xEE, 0x7F, 0xD1, 0xB2, 0xFA, 0x57, 0xF7, 0x3F,
    0xDF, 0x77, 0x0C, 0x37, 0x79, 0x30, 0x0D, 0x2F, 0x79, 0xC0, 0x10, 0x1F, 0x90, 0xA4, 0x36, 0x3F,
    0x0A, 0x4C, 0xD1, 0xAA, 0xF4, 0x51, 0xA2, 0xCC, 0x0F, 0xE1, 0xA6, 0x3D, 0x0D, 0x7C, 0x51, 0x17,
    0xA9, 0xAC, 0xDB, 0xFD, 0x00, 0x7C, 0x04, 0xFE, 0x9F, 0xAD, 0x9B, 0x47, 0xEB, 0x58, 0xD8, 0xEF,
    0xEC, 0xB1, 0x43, 0x31, 0xCA, 0xE2, 0xDF, 0x2F, 0x1D, 0x28, 0xF8, 0xD4, 0xFD, 0xA4, 0x10, 0xC7,
    0xFB, 0x5A, 0x53, 0x9D, 0x3D, 0xF7, 0x50, 0x90, 0xF7, 0x9B, 0x47, 0xAD, 0xC2, 0xB5, 0x05, 0x1B,
    0x0C, 0x1E, 0x1A, 0xB0, 0x98, 0xED, 0xB3, 0xD0, 0x53, 0x0D, 0x6E, 0x31, 0x69, 0xFB, 0x09, 0x7B,
    0x53, 0x78, 0xF7, 0xD1, 0xE0, 0xF0, 0xE1, 0x92, 0x91, 0x05, 0x03, 0xD7, 0x95, 0x9B, 0xD8, 0x9E,
    0x35, 0x67, 0x8C, 0x5C, 0xDF, 0x83, 0xFB, 0x0B, 0xEC, 0x6B, 0xC2, 0x9A, 0x53, 0xC6, 0x08, 0x7D,
    0x22, 0x3F, 0x62, 0x5A, 0x79, 0x61, 0xE8, 0x99, 0x14, 0x0F, 0x96, 0x4D, 0xAA, 0xA1, 0x92, 0xDD,
    0xC1, 0x4C, 0xE2, 0x13, 0xD4, 0x7B, 0x83, 0x55, 0x67, 0x6B, 0x06, 0x67, 0x55, 0x8B, 0x5B, 0xB8,
    0x02, 0x43, 0xAD, 0x01, 0x9D, 0x04, 0xFE, 0xCC, 0x4B, 0x2A, 0x98, 0x31, 0x15, 0x6E, 0x29, 0x18,
    0x49, 0x04, 0x8B, 0x33, 0xD8, 0xE3, 0x16, 0xE6, 0xEA, 0x86, 0xC8, 0x23, 0x27, 0xFB, 0x52, 0x46,
    0xBA, 0xC4, 0x54, 0xC2, 0xC6, 0xA2, 0x8E, 0x72, 0x16, 0x67, 0xBC, 0xD3, 0xBB, 0x1A, 0xD4, 0x58,
    0x8D, 0x55, 0xFD, 0x6A, 0x6F, 0x82, 0x56, 0x1A, 0xA5, 0xB1, 0x2A, 0xEA, 0xC4, 0x5B, 0x69, 0x32,
    0xD5, 0xA6, 0xE0, 0x35, 0x66, 0xB1, 0x31, 0x6D, 0x0A, 0xEB, 0x44, 0x9B, 0x4F, 0xDC, 0x83, 0x63,
    0xA8, 0x10, 0x61, 0x9E, 0x23, 0x1B, 0x50, 0x86, 0xA8, 0xD0, 0xF5, 0xAA, 0xD1, 0x94, 0xE7, 0x85,
    0xA7, 0xE2, 0x0D, 0xE4, 0xDF, 0xA2, 0x82, 0xCD, 0xFC, 0x40, 0x60, 0x1B, 0x8F, 0x49, 0x32, 0x1E,
    0x11, 0xAB, 0x7C, 0x4C, 0xCC, 0xA4, 0x55, 0x68, 0xBB, 0x4C, 0xB3, 0x4B, 0x78, 0xEB, 0x43, 0xF3,
    0xD5, 0xB0, 0x7B, 0x6A, 0xA5, 0xFD, 0x4A, 0x82, 0x1B, 0xA8, 0x45, 0xF8, 0x96, 0xB3, 0x00, 0x87,
    0xAA, 0x48, 0xA3, 0xEC, 0x10, 0x8A, 0x80, 0x20, 0xAC, 0x08, 0x4F, 0x50, 0x48, 0x09, 0x8E, 0x84,
    0xCE, 0xAF, 0x61, 0xAA, 0x82, 0x1C, 0x11, 0x6A, 0xE8, 0x6E, 0xC7, 0x9A, 0xBA, 0x19, 0xFF, 0x7E,
    0xA5, 0x8B, 0xCB, 0x83, 0x1C, 0xD0, 0xA5, 0x5B, 0x92, 0x57, 0xB1, 0x92, 0x3B, 0xFE, 0x23, 0x15,
    0xCB, 0xB7, 0xEE, 0xF6, 0x08, 0x5E, 0x49, 0x4E, 0x63, 0xAC, 0x19, 0x89, 0x91, 0x10, 0xB6, 0xFC,
    0x0A, 0x79, 0x75, 0x08, 0x8B, 0xFC, 0x36, 0xD6, 0xD1, 0xCC, 0x5A, 0xB1, 0x9F, 0x9E, 0x5C, 0x5E,
    0xEB, 0x53, 0x06, 0xC2, 0x91, 0x58, 0x93, 0x46, 0x12, 0x5B, 0x3C, 0xAE, 0x22, 0x1C, 0xCD, 0xF2,
    0xA0, 0x8E, 0x3E, 0xD5, 0xDC, 0x52, 0x76, 0xC5, 0x37, 0x77, 0x7B, 0x92, 0xB2, 0x58, 0xD7, 0x24,
    0xB2, 0x44, 0x64, 0x23, 0x62, 0x68, 0x64, 0x7E, 0x25, 0x2D, 0xDB, 0xCC, 0xDF, 0x09, 0x41, 0x31,
    0x23, 0x0C, 0x07, 0x07, 0x91, 0x14, 0x45, 0x54, 0x84, 0xCE, 0xCE, 0x95, 0x6D, 0xBC, 0x9D, 0x62,
    0x29, 0x15, 0x59, 0x55, 0x85, 0x80, 0xA5, 0x6D, 0x2C, 0xE1, 0xE9, 0xAA, 0x2F, 0x65, 0xAA, 0x66,
    0x8E, 0x55, 0xAB, 0x54, 0x17, 0x8E, 0x55, 0x3D, 0x55, 0x46, 0x9B, 0x77, 0x8F, 0xB1, 0x95, 0xE2,
    0x93, 0x54, 0x94, 0x2A, 0xEF, 0x9E, 0x62, 0x8A, 0x76, 0x2D, 0x34, 0x9C, 0x04, 0xF1, 0x8D, 0xBF,
    0xF9, 0xD8, 0x11, 0x2A, 0x11, 0xEA, 0x2E, 0x46, 0x9F, 0xA3, 0xBC, 0x09, 0x32, 0xAF, 0x81, 0xCB,
    0xEC, 0xFF, 0x45, 0xFF, 0x59, 0x54, 0xBA, 0x33, 0x17, 0xB9, 0xBE, 0x68, 0x9C, 0x90, 0x92, 0x3D,
    0x28, 0x53, 0x54, 0xE8, 0x8E, 0x57, 0xE9, 0x7A, 0xB8, 0x04, 0x49, 0x24, 0xE3, 0x01, 0xA4, 0x0B,
    0x27, 0xF0, 0x42, 0xEB, 0xB4, 0x07, 0x4C, 0xC1, 0xD8, 0x46, 0xED, 0x15, 0xEE, 0x41, 0x71, 0x4A,
    0x42, 0xBA, 0xA9, 0x07, 0x60, 0xBF, 0xC1, 0xFA, 0x17, 0xAB, 0xFF, 0x88, 0xCB, 0x8F, 0x79, 0xF5,
    0x11, 0xD8, 0xAF, 0xC8, 0xDF, 0x34, 0xA2, 0x1A, 0xEC, 0x5C, 0x08, 0x10, 0x14, 0xDB, 0x1C, 0xD7,
    0x98, 0x5B, 0xEE, 0x16, 0xB7, 0xFD, 0x9F, 0xC1, 0x36, 0x5F, 0x83, 0x77, 0x7F, 0x9A, 0x5C, 0x35,
    0x8A, 0x19, 0x28, 0xE6, 0x14, 0x14, 0x50, 0x58, 0x74, 0x1B, 0x1A, 0x1C, 0x1F, 0xD8, 0x3E, 0xB1,
    0x51, 0x0E, 0xCC, 0x61, 0x9B, 0xDA, 0xB0, 0x8D, 0xA6, 0x39, 0x98, 0xFC, 0xCC, 0x57, 0x70, 0xB6,
    0x27, 0x2D, 0xD1, 0x06, 0xBE, 0xD3, 0xE9, 0x55, 0xF2, 0xD9, 0x0F, 0x20, 0x9F, 0xE8, 0x51, 0x66,
    0x30, 0x20, 0xDA, 0x63, 0xD5, 0x66, 0xA8, 0xDB, 0x2F, 0xE4, 0xFB, 0xA5, 0x36, 0x7F, 0x8F, 0x7E,
    0x4B, 0x5F, 0xEF, 0xF0, 0x42, 0xAF, 0xDB, 0xF4, 0x92, 0x50, 0xCB, 0xF4, 0x11, 0x4A, 0xD1, 0x7E,
    0xA8, 0x59, 0x23, 0x7F, 0xD5, 0xA9, 0x91, 0xDC, 0xE8, 0x47, 0x5A, 0x6A, 0x4F, 0x4E, 0xEE, 0x94,
    0x1F, 0xE7, 0x3B, 0x77, 0x1E, 0x96, 0xD5, 0xF7, 0x9A, 0x93, 0xE5, 0xB7, 0xDA, 0x69, 0xFE, 0x38,
    0xA4, 0x7E, 0xEA, 0x94, 0xD4, 0xC5, 0x61, 0x57, 0xFF, 0x01, 0xCD, 0x51, 0x3B, 0x4E, 0x03, 0x31,
    0x10, 0x7D, 0xC9, 0x56, 0x09, 0x0A, 0x49, 0xB3, 0x52, 0x58, 0x10, 0x6C, 0x11, 0x21, 0xC8, 0x4A,
    0xC9, 0x04, 0x02, 0x11, 0x91, 0xD0, 0xCE, 0x11, 0xB6, 0xA3, 0x35, 0x37, 0xD8, 0x26, 0x48, 0xD0,
    0x64, 0x7A, 0x1A, 0x1F, 0xC1, 0x15, 0x35, 0x0D, 0x15, 0x45, 0xE6, 0x08, 0x3E, 0x02, 0x47, 0xC1,
    0xDE, 0x0D, 0x42, 0xDC, 0x80, 0x27, 0x5B, 0x7A, 0x7E, 0xF3, 0xF1, 0x3C, 0x1B, 0x28, 0xA5, 0x56,
    0xE7, 0x9D, 0x75, 0xBE, 0xD6, 0xB9, 0x00, 0x20, 0x50, 0x44, 0x60, 0x89, 0x1C, 0x48, 0x26, 0x57,
    0xF2, 0xE9, 0x1F, 0x7C, 0x37, 0x86, 0x50, 0x2A, 0x61, 0x83, 0x42, 0xE1, 0xA1, 0xDB, 0x46, 0x39,
    0x0B, 0xCA, 0x1B, 0x3E, 0xD4, 0xB9, 0xDA, 0xCF, 0x35, 0x2A, 0xDB, 0x10, 0xEB, 0x4A, 0x82, 0x3E,
    0x06, 0x38, 0x41, 0x53, 0x15, 0xAE, 0xB8, 0xD1, 0x39, 0xD7, 0xDE, 0xF9, 0x52, 0x5B, 0xC5, 0x79,
    0x6B, 0x9F, 0x7C, 0x6A, 0xA1, 0x25, 0x47, 0xA5, 0x87, 0x53, 0x9E, 0x49, 0x2F, 0xB0, 0x94, 0xA7,
    0xD2, 0xEE, 0x94, 0x41, 0xC6, 0xAB, 0xAA, 0xAD, 0x27, 0x30, 0x74, 0x31, 0x1E, 0x8F, 0x27, 0x54,
    0x01, 0x6B, 0x4F, 0x7B, 0xFC, 0x74, 0xFF, 0x63, 0x60, 0xB8, 0x4A, 0x22, 0x9A, 0x10, 0x14, 0x9A,
    0xF0, 0x00, 0x4B, 0xEC, 0xDA, 0xE1, 0x82, 0xD2, 0x09, 0xA3, 0x04, 0x03, 0x7E, 0xD7, 0x18, 0xF8,
    0x9F, 0x26, 0x33, 0x86, 0x66, 0x5A, 0xEB, 0xA3, 0x5E, 0xF2, 0xB1, 0x90, 0x7D, 0xF9, 0x32, 0xC1,
    0x43, 0x5F, 0x02, 0x37, 0x86, 0x0C, 0x91, 0xEB, 0xB3, 0x91, 0x73, 0x3E, 0xC4, 0x10, 0x0B, 0xA9,
    0x78, 0x16, 0xF2, 0x53, 0xBB, 0xF1, 0xA4, 0x59, 0xFC, 0x40, 0xAC, 0x25, 0x26, 0x45, 0xE4, 0xA3,
    0x78, 0x26, 0xB9, 0xE6, 0x7B, 0xAC, 0xB0, 0xD0, 0xBC, 0xDA, 0xBF, 0x5D, 0x5E, 0xBC, 0x0A, 0xBD,
    0x2B, 0x19, 0xDB, 0xAE, 0x7C, 0xC4, 0x53, 0xFD, 0xAD, 0x2A, 0x84, 0xEA, 0xC8, 0x96, 0xE6, 0x56,
    0x62, 0x87, 0x82, 0x0D, 0xEE, 0xD0, 0xE5, 0x8E, 0x4C, 0x91, 0x3F, 0xC7, 0xC8, 0xD1, 0x37, 0x6D,
    0x54, 0xDF, 0x6B, 0x1C, 0x45, 0x1C, 0xFF, 0xEC, 0xEE, 0x91, 0xAD, 0xDD, 0xBB, 0xDD, 0x3E, 0x18,
    0xA8, 0x74, 0xEE, 0xCE, 0x42, 0x1F, 0x8A, 0xEE, 0x35, 0x27, 0x6C, 0xEA, 0x16, 0xAF, 0xB9, 0x81,
    0xFC, 0x03, 0xF7, 0xD0, 0x43, 0xA1, 0x62, 0xFF, 0x81, 0x26, 0xDD, 0x62, 0x53, 0xFB, 0xA0, 0xD9,
    0x15, 0xA1, 0x0A, 0x06, 0x39, 0xF1, 0xB5, 0x0F, 0x87, 0x3E, 0x58, 0xA4, 0x98, 0x4D, 0x48, 0x34,
    0x42, 0xEC, 0x4E, 0x5E, 0x2C, 0x62, 0x94, 0x2D, 0xA1, 0x4F, 0x8A, 0x5D, 0x51, 0xF1, 0x21, 0x10,
    0xB6, 0x72, 0xC2, 0x35, 0x5E, 0x19, 0xBF, 0xB3, 0x97, 0xA2, 0x05, 0x6F, 0x3E, 0x9F, 0x65, 0x66,
    0x76, 0xEE, 0xFB, 0xEB, 0xF3, 0x9D, 0x05, 0x60, 0xE5, 0x70, 0x8F, 0xC0, 0x03, 0x82, 0x49, 0x1E,
    0x84, 0x51, 0x10, 0xC0, 0x0F, 0xE0, 0xC8, 0x08, 0x31, 0x6D, 0x15, 0x08, 0x05, 0x8E, 0x73, 0xBC,
    0x0E, 0x5D, 0x0A, 0x67, 0x87, 0xBB, 0xDF, 0xC0, 0xFF, 0x16, 0xD3, 0xDB, 0x98, 0x5E, 0xC2, 0xE9,
    0x57, 0xD1, 0x3E, 0x8A, 0xFA, 0x09, 0x58, 0x52, 0x4C, 0x2C, 0xE0, 0x29, 0x3A, 0x0C, 0x68, 0x32,
    0xB2, 0xDE, 0xE6, 0x55, 0xC0, 0x05, 0x7C, 0x8D, 0x7B, 0x61, 0xE4, 0x5D, 0x51, 0x36, 0x5B, 0x01,
    0x18, 0x59, 0x5E, 0x21, 0x3B, 0x9C, 0x8E, 0x91, 0x0B, 0xA7, 0xCB, 0x6D, 0x60, 0x0C, 0xA7, 0x4B,
    0x3B, 0x6A, 0x59, 0xEB, 0xA0, 0x9D, 0x1F, 0x6C, 0x16, 0xD6, 0x60, 0x5E, 0x87, 0x55, 0x2C, 0xEB,
    0xE7, 0x10, 0x8E, 0xD4, 0x64, 0xFC, 0xAC, 0x00, 0x8D, 0x2E, 0x0F, 0xA5, 0x28, 0x0E, 0xA2, 0x4F,
    0x14, 0xF8, 0x74, 0x5F, 0xF2, 0xCD, 0xA9, 0x77, 0x44, 0xEC, 0x68, 0x22, 0xB6, 0x21, 0xE2, 0x1A,
    0x71, 0x86, 0xB8, 0x48, 0xFC, 0x99, 0xF8, 0x03, 0x84, 0x4E, 0xFE, 0x0D, 0x3A, 0x5D, 0x35, 0x70,
    0xCA, 0xC4, 0x94, 0x89, 0xE7, 0xDF, 0x45, 0x22, 0xD3, 0xC6, 0x1F, 0x7C, 0x6E, 0x97, 0xDF, 0x96,
    0x3D, 0xF7, 0x25, 0xB8, 0x53, 0x70, 0x1D, 0x85, 0x24, 0xC2, 0x17, 0x39, 0xFA, 0x3E, 0x81, 0xF7,
    0xFD, 0xB4, 0xFF, 0xE5, 0x28, 0xB9, 0x9B, 0xAE, 0x23, 0xED, 0x1F, 0x20, 0xEB, 0xE3, 0x6B, 0x32,
    0x45, 0xC7, 0xB0, 0x9E, 0x03, 0xB1, 0xA7, 0x28, 0x11, 0x9F, 0xDE, 0xC2, 0xCA, 0x9F, 0x02, 0xC9,
    0x56, 0x86, 0x55, 0xF1, 0x16, 0xE2, 0xD4, 0x41, 0x1C, 0x1B, 0x88, 0xA7, 0x2D, 0xC4, 0x33, 0x8F,
    0xC6, 0x01, 0x7B, 0x47, 0x83, 0x6B, 0x27, 0x83, 0x5B, 0x5E, 0xF3, 0x27, 0xCF, 0xDB, 0x6E, 0x2E,
    0xEE, 0x6D, 0x2C, 0xDE, 0x5F, 0xAB, 0x5E, 0xEF, 0xDB, 0xB3, 0x3D, 0x67, 0x36, 0x75, 0x0C, 0x61,
    0xE9, 0x22, 0xF9, 0x8D, 0xAD, 0x5F, 0x64, 0xB1, 0xCD, 0x56, 0xDE, 0x67, 0xAB, 0xDF, 0x3D, 0x09,
    0xE1, 0xAE, 0x8A, 0xB5, 0x55, 0x99, 0x42, 0x8B, 0xA0, 0x0B, 0xC8, 0x9C, 0x9E, 0xE6, 0xBE, 0xA8,
    0x1D, 0x13, 0x2D, 0x43, 0xF8, 0xBA, 0xF0, 0x74, 0xF5, 0xA4, 0x79, 0xD5, 0x12, 0xD6, 0x43, 0x55,
    0xA5, 0xC3, 0x9F, 0x45, 0x04, 0x14, 0xF1, 0x1A, 0xF7, 0x22, 0xAB, 0xA8, 0xE1, 0xFC, 0x4D, 0x05,
    0x12, 0x2B, 0x19, 0xAA, 0xA5, 0x43, 0xB5, 0xB9, 0xCB, 0xB5, 0xA2, 0xAA, 0x4C, 0x17, 0xCC, 0x04,
    0xAB, 0x80, 0xF9, 0x60, 0x39, 0x92, 0x7D, 0x7E, 0xE9, 0x2F, 0x30, 0x0F, 0xCC, 0x05, 0xB3, 0xC1,
    0x0C, 0xCE, 0x34, 0x91, 0x48, 0xD1, 0xFD, 0x9D, 0x23, 0x03, 0x76, 0x81, 0x11, 0xF4, 0x0C, 0xF6,
    0x2E, 0x4A, 0xC3, 0x62, 0x92, 0xA1, 0x44, 0xFB, 0x59, 0x91, 0x6D, 0x38, 0x04, 0x4E, 0x5C, 0x00,
    0x74, 0x23, 0x82, 0xA9, 0x09, 0x92, 0x34, 0x25, 0x11, 0x53, 0x54, 0x34, 0xD1, 0x61, 0xFA, 0x9D,
    0x4D, 0x66, 0x7C, 0x60, 0x9F, 0x74, 0xCA, 0xF6, 0x99, 0xCD, 0xAA, 0xDB, 0x4E, 0xA7, 0x06, 0xD4,
    0x3C, 0xF4, 0x2F, 0x2A, 0xA7, 0x6A, 0xC1, 0x82, 0x64, 0x03, 0xF8, 0x95, 0x63, 0x27, 0xC2, 0x0E,
    0xC7, 0x27, 0xC0, 0x1B, 0xC0, 0x59, 0xA0, 0x85, 0x72, 0x0B, 0xB5, 0x3D, 0xBC, 0x78, 0x07, 0x2B,
    0xB3, 0x1C, 0x64, 0x5E, 0x79, 0xE0, 0x98, 0x41, 0x7D, 0x80, 0xEA, 0x3C, 0xE6, 0x97, 0xA3, 0xB9,
    0x97, 0x23, 0x66, 0x72, 0x92, 0x98, 0xD5, 0x50, 0x1F, 0x82, 0xE1, 0x5F, 0xE0, 0x59, 0xEA, 0xC7,
    0xB4, 0xBE, 0xD0, 0x6B, 0x79, 0x4A, 0xBC, 0xDC, 0x43, 0x36, 0xDD, 0xC9, 0xDA, 0x79, 0xE6, 0xC5,
    0xB1, 0x17, 0xFB, 0x5E, 0x3C, 0xB5, 0x10, 0x9B, 0x32, 0x53, 0x81, 0x1C, 0x01, 0x48, 0xE1, 0x01,
    0xF4, 0x21, 0x8C, 0x1B, 0x38, 0xFF, 0x79, 0x67, 0x79, 0xB9, 0x6F, 0x9B, 0x90, 0x32, 0x6F, 0x51,
    0xB1, 0x35, 0x11, 0x20, 0xCB, 0xD5, 0xAD, 0x41, 0x7D, 0x84, 0x67, 0x28, 0x53, 0x8A, 0x41, 0xBD,
    0x15, 0xDA, 0x06, 0xEA, 0x3D, 0x6A, 0x30, 0xE1, 0x15, 0xF9, 0x9C, 0x9D, 0xA0, 0xEB, 0x52, 0xA4,
    0xA3, 0x5C, 0x47, 0xF5, 0xAB, 0x91, 0xDF, 0x44, 0xDC, 0x44, 0xDE, 0x44, 0xF6, 0x18, 0xB4, 0xBC,
    0xD6, 0xC4, 0xA9, 0xCB, 0xDC, 0xA4, 0xBB, 0xD2, 0x54, 0xAE, 0xCB, 0x65, 0x85, 0x50, 0x66, 0x8D,
    0x39, 0x30, 0xF6, 0x24, 0xAA, 0x60, 0x74, 0x8B, 0xC7, 0x3F, 0x4A, 0x6F, 0xED, 0x15, 0x8C, 0xAB,
    0xBE, 0x06, 0xB4, 0x39, 0x26, 0xA8, 0x94, 0xAD, 0xAB, 0x3F, 0x56, 0x6E, 0x5C, 0x5E, 0x6A, 0x1D,
    0xBF, 0xE5, 0xC8, 0xAC, 0xFC, 0x82, 0x6A, 0x81, 0x44, 0x46, 0xDD, 0x2E, 0x9F, 0xEC, 0xAA, 0xC0,
    0x48, 0x86, 0xFF, 0x45, 0x32, 0xB2, 0x22, 0xEA, 0xC1, 0x91, 0x2E, 0x8E, 0xF1, 0xAF, 0x28, 0x76,
    0x97, 0x14, 0x33, 0xB9, 0x21, 0xA8, 0x4D, 0xEC, 0x12, 0x9C, 0x0D, 0x5C, 0xE2, 0x78, 0xED, 0xA2,
    0xCA, 0xEE, 0xB6, 0x26, 0x6C, 0x5D, 0xD8, 0x46, 0x64, 0x9B, 0xDC, 0x9E, 0x87, 0x33, 0x38, 0x08,
    0x87, 0x54, 0x00, 0x3E, 0xA2, 0xFB, 0xF6, 0x31, 0xF9, 0x0C, 0xE5, 0x10, 0x13, 0xF7, 0xCE, 0x43,
    0x8F, 0x68, 0x2C, 0x7D, 0x18, 0x69, 0x7F, 0xEF, 0x73, 0x7D, 0xEB, 0x30, 0x2C, 0x72, 0x86, 0x35,
    0x2A, 0x6F, 0xFD, 0x20, 0x8B, 0xCA, 0x7F, 0x58, 0xA3, 0x7E, 0x94, 0x03, 0x38, 0x95, 0x06, 0xDC,
    0x8A, 0x05, 0xBF, 0x62, 0x12, 0x0D, 0xEE, 0x95, 0x88, 0x18, 0xB3, 0xFE, 0x10, 0xD5, 0x0B, 0x9C,
    0x19, 0x42, 0xF5, 0xAB, 0x4E, 0xED, 0xCE, 0xE5, 0x23, 0x34, 0x80, 0xB9, 0x0E, 0x92, 0xFE, 0x63,
    0x9D, 0xDF, 0x83, 0xBE, 0x07, 0xE7, 0xBE, 0x38, 0xF3, 0x7D, 0xBE, 0xB2, 0xED, 0x3D, 0xD8, 0xF6,
    0x7F, 0xD9, 0x76, 0xA9, 0x46, 0xE3, 0xAF, 0x5C, 0x4B, 0x7D, 0x80, 0x3A, 0x6D, 0x99, 0x1F, 0xEA,
    0x94, 0x7B, 0x61, 0xBE, 0xF0, 0x66, 0x60, 0xD3, 0x60, 0xE1, 0x80, 0x66, 0x4E, 0x60, 0x05, 0xCE,
    0xC2, 0x5C, 0x38, 0x28, 0xF7, 0x0E, 0x75, 0x48, 0xD5, 0x51, 0xED, 0x69, 0x9F, 0x6A, 0xA1, 0x86,
    0x8F, 0x5A, 0xC9, 0x1C, 0x01, 0xCF, 0xDD, 0x9C, 0x3C, 0xF7, 0x0F, 0x13, 0x0D, 0x75, 0xD0, 0x5A,
    0xE5, 0x00, 0x00, 0x63, 0x5A, 0xA0, 0xC5, 0xC0, 0xBF, 0xE0, 0x1B, 0x03, 0x2F, 0xE3, 0x01, 0x30,
    0xAE, 0x7F, 0xFD, 0x97, 0x41, 0x96, 0xE9, 0x00, 0x9C, 0x8F, 0x0D, 0x33, 0x2D, 0x60, 0xE0, 0x5F,
    0xDC, 0xC0, 0xCB, 0xE8, 0xC0, 0xCB, 0xC0, 0x50, 0xFF, 0xB8, 0x41, 0x96, 0xB9, 0x81, 0x17, 0x1B,
    0x62, 0x5A, 0xE4, 0x00, 0x52, 0x06, 0x66, 0xE3, 0x53, 0x06, 0x71, 0x81, 0x09, 0xD0, 0x64, 0x05,
    0xA8, 0x0B, 0x4C, 0x80, 0x2E, 0x00, 0xF1, 0x71, 0x62, 0xA0, 0x1E, 0x05, 0xA8, 0x1E, 0x30, 0x26,
    0x46, 0x0F, 0xD7, 0x04, 0x06, 0xBB, 0x3D, 0x0C, 0x05, 0x32, 0x0C, 0x1B, 0x80, 0xA8, 0xFE, 0xC1,
    0x06, 0x59, 0x30, 0x03, 0x19, 0xF1, 0x31, 0x6C, 0xE0, 0xFE, 0xC0, 0x00, 0x04, 0x6C, 0x13, 0x18,
    0x18, 0xE4, 0x76, 0x30, 0x30, 0x58, 0xE8, 0x30, 0x30, 0x68, 0xC8, 0x30, 0xC8, 0xFF, 0xD9, 0xFF,
    0xC0, 0x42, 0x44, 0x87, 0xC1, 0x84, 0x41, 0x86, 0x41, 0x0F, 0x88, 0xD9, 0x1F, 0xC8, 0x30, 0x30,
    0xD4, 0x00, 0xB1, 0x8C, 0x0C, 0x83, 0x80, 0x8E, 0x2C, 0x83, 0xFD, 0x17, 0xEE, 0x07, 0x20, 0x6D,
    0x00, 0x63, 0x60, 0x70, 0x60, 0x60, 0x60, 0xBE, 0xC0, 0xC0, 0xC0, 0xFF, 0x85, 0x81, 0xC1, 0x6E,
    0x2D, 0x03, 0xC3, 0x07, 0x76, 0x07, 0xE6, 0x6F, 0x87, 0x1F, 0xF0, 0xFF, 0x3F, 0xFC, 0xC3, 0xFE,
    0xBF, 0xFB, 0x3F, 0xFD, 0xBF, 0xFA, 0x7F, 0xB9, 0xFF, 0xD8, 0x7F, 0x61, 0xFA, 0xFF, 0xFF, 0x02,
    0xC3, 0x5E, 0x7B, 0x07, 0x06, 0x1D, 0x5B, 0x06, 0x06, 0x6E, 0xA0, 0x5A, 0x26, 0xA0, 0x1E, 0xA0,
    0x5E, 0x00,
};

static const EpdGlyph notosans_8_regularGlyphs[] = {
    { 0, 0, 0, 0, 0, 0, 0 }, // U+0000
    { 0, 0, 69, 0, 0, 0, 0 }, // U+000D
    { 0, 0, 69, 0, 0, 0, 0 }, // U+0020
    { 3, 13, 72, 1, 12, 10, 0 }, // !
    { 5, 5, 109, 1, 12, 7, 10 }, // "
    { 11, 12, 172, 0, 12, 33, 17 }, // #
    { 8, 14, 153, 1, 13, 28, 50 }, // $
    { 14, 14, 222, 0, 13, 49, 78 }, // %
    { 13, 14, 195, 0, 13, 46, 127 }, // &
    { 2, 5, 60, 1, 12, 3, 173 }, // '
    { 5, 15, 80, 0, 12, 19, 176 }, // (
    { 5, 15, 80, 0, 12, 19, 195 }, // )
    { 9, 8, 147, 0, 13, 18, 214 }, // *
    { 9, 9, 153, 0, 10, 21, 232 }, // +
    { 4, 5, 71, 0, 2, 5, 253 }, // ,
    { 5, 3, 86, 0, 6, 4, 258 }, // -
    { 3, 4, 71, 1, 3, 3, 262 }, // .
    { 7, 12, 99, 0, 12, 21, 265 }, // /
    { 9, 14, 153, 0, 13, 32, 286 }, // 0
    { 5, 12, 153, 1, 12, 15, 318 }, // 1
    { 9, 13, 153, 0, 13, 30, 333 }, // 2
    { 9, 14, 153, 0, 13, 32, 363 }, // 3
    { 10, 12, 153, 0, 12, 30, 395 }, // 4
    { 8, 13, 153, 1, 12, 26, 425 }, // 5
    { 9, 14, 153, 0, 13, 32, 451 }, // 6
    { 9, 12, 153, 0, 12, 27, 483 }, // 7
    { 9, 14, 153, 0, 13, 32, 510 }, // 8
    { 9, 14, 153, 0, 13, 32, 542 }, // 9
    { 3, 11, 71, 1, 10, 9, 574 }, // :
    { 4, 13, 71, 0, 10, 13, 583 }, // ;
    { 9, 10, 153, 0, 11, 23, 596 }, // <
    { 9, 6, 153, 0, 9, 14, 619 }, // =
    { 9, 10, 153, 0, 11, 23, 633 }, // >
    { 7, 14, 116, 0, 13, 25, 656 }, // ?
    { 15, 14, 240, 0, 12, 53, 681 }, // @
    { 11, 12, 170, 0, 12, 33, 734 }, // A
    { 9, 12, 173, 1, 12, 27, 767 }, // B
    { 10, 14, 169, 1, 13, 35, 794 }, // C
    { 11, 12, 195, 1, 12, 33, 829 }, // D
    { 8, 12, 148, 1, 12, 24, 862 }, // E
    { 8, 12, 138, 1, 12, 24, 886 }, // F
    { 10, 14, 194, 1, 13, 35, 910 }, // G
    { 10, 12, 198, 1, 12, 30, 945 }, // H
    { 5, 12, 90, 0, 12, 15, 975 }, // I
    { 6, 16, 73, -2, 12, 24, 990 }, // J
    { 10, 12, 165, 1, 12, 30, 1014 }, // K
    { 8, 12, 140, 1, 12, 24, 1044 }, // L
    { 13, 12, 242, 1, 12, 39, 1068 }, // M
    { 11, 12, 203, 1, 12, 33, 1107 }, // N
    { 11, 14, 208, 1, 13, 39, 1140 }, // O
    { 9, 12, 161, 1, 12, 27, 1179 }, // P
    { 11, 16, 208, 1, 13, 44, 1206 }, // Q
    { 10, 12, 166, 1, 12, 30, 1250 }, // R
    { 9, 14, 146, 0, 13, 32, 1280 }, // S
    { 10, 12, 148, 0, 12, 30, 1312 }, // T
    { 10, 13, 195, 1, 12, 33, 1342 }, // U
    { 10, 12, 160, 0, 12, 30, 1375 }, // V
    { 16, 12, 248, 0, 12, 48, 1405 }, // W
    { 10, 12, 156, 0, 12, 30, 1453 }, // X
    { 10, 12, 151, 0, 12, 30, 1483 }, // Y
    { 9, 12, 153, 0, 12, 27, 1513 }, // Z
    { 5, 15, 88, 1, 12, 19, 1540 }, // [
    { 7, 12, 99, 0, 12, 21, 1559 }, // <backslash>
    { 5, 15, 88, 0, 12, 19, 1580 }, // ]
    { 9, 8, 153, 0, 12, 18, 1599 }, // ^
    { 9, 2, 118, -1, -1, 5, 1617 }, // _
    { 5, 3, 75, 0, 13, 4, 1622 }, // `
    { 8, 11, 150, 0, 10, 22, 1626 }, // a
    { 9, 14, 164, 1, 13, 32, 1648 }, // b
    { 8, 11, 128, 0, 10, 22, 1680 }, // c
    { 9, 14, 164, 0, 13, 32, 1702 }, // d
    { 9, 11, 150, 0, 10, 25, 1734 }, // e
    { 7, 13, 92, 0, 13, 23, 1759 }, // f
    { 9, 14, 164, 0, 10, 32, 1782 }, // g
    { 8, 13, 165, 1, 13, 26, 1814 }, // h
    { 3, 13, 69, 1, 13, 10, 1840 }, // i
    { 5, 17, 69, -1, 13, 22, 1850 }, // j
    { 8, 13, 142, 1, 13, 26, 1872 }, // k
    { 2, 13, 69, 1, 13, 7, 1898 }, // l
    { 14, 10, 249, 1, 10, 35, 1905 }, // m
    { 8, 10, 165, 1, 10, 20, 1940 }, // n
    { 10, 11, 161, 0, 10, 28, 1960 }, // o
    { 9, 14, 164, 1, 10, 32, 1988 }, // p
    { 9, 14, 164, 0, 10, 32, 2020 }, // q
    { 6, 10, 110, 1, 10, 15, 2052 }, // r
    { 8, 11, 128, 0, 10, 22, 2067 }, // s
    { 6, 12, 96, 0, 11, 18, 2089 }, // t
    { 8, 10, 165, 1, 9, 20, 2107 }, // u
    { 9, 9, 136, 0, 9, 21, 2127 }, // v
    { 13, 9, 210, 0, 9, 30, 2148 }, // w
    { 9, 9, 141, 0, 9, 21, 2178 }, // x
    { 9, 13, 136, 0, 9, 30, 2199 }, // y
    { 8, 9, 125, 0, 9, 18, 2229 }, // z
    { 6, 15, 101, 0, 12, 23, 2247 }, // {
    { 3, 18, 147, 3, 13, 14, 2270 }, // |
    { 6, 15, 101, 0, 12, 23, 2284 }, // }
    { 9, 3, 153, 0, 7, 7, 2307 }, // ~
    { 0, 0, 69, 0, 0, 0, 0 }, // U+00A0
    { 3, 14, 72, 1, 10, 11, 0 }, // U+00A1
    { 8, 14, 153, 1, 13, 28, 11 }, // U+00A2
    { 9, 13, 153, 0, 13, 30, 39 }, // U+00A3
    { 9, 8, 153, 0, 10, 18, 69 }, // U+00A4
    { 10, 12, 153, 0, 12, 30, 87 }, // U+00A5
    { 3, 18, 147, 3, 13, 14, 117 }, // U+00A6
    { 8, 14, 137, 0, 13, 28, 131 }, // U+00A7
    { 6, 3, 155, 2, 13, 5, 159 }, // U+00A8
    { 14, 14, 222, 0, 13, 49, 164 }, // U+00A9
    { 6, 7, 95, 0, 13, 11, 213 }, // U+00AA
    { 8, 8, 136, 0, 8, 16, 224 }, // U+00AB
    { 9, 5, 153, 0, 7, 12, 240 }, // U+00AC
    { 5, 3, 86, 0, 6, 4, 252 }, // U+00AD
    { 14, 14, 222, 0, 13, 49, 256 }, // U+00AE
    { 10, 2, 133, -1, 14, 5, 305 }, // U+00AF
    { 7, 7, 114, 0, 13, 13, 310 }, // U+00B0
    { 9, 10, 153, 0, 10, 23, 323 }, // U+00B1
    { 6, 9, 93, 0, 15, 14, 346 }, // U+00B2
    { 6, 9, 93, 0, 15, 14, 360 }, // U+00B3
    { 5, 3, 75, 0, 13, 4, 374 }, // U+00B4
    { 8, 13, 166, 1, 9, 26, 378 }, // U+00B5
    { 10, 16, 175, 0, 13, 40, 404 }, // U+00B6
    { 3, 4, 71, 1, 8, 3, 444 }, // U+00B7
    { 4, 4, 60, 0, 0, 4, 447 }, // U+00B8
    { 4, 9, 93, 0, 15, 9, 451 }, // U+00B9
    { 6, 7, 100, 0, 13, 11, 460 }, // U+00BA
    { 8, 8, 136, 0, 8, 16, 471 }, // U+00BB
    { 13, 12, 199, 0, 12, 39, 487 }, // U+00BC
    { 13, 12, 206, 0, 12, 39, 526 }, // U+00BD
    { 13, 13, 208, 0, 13, 43, 565 }, // U+00BE
    { 7, 14, 116, 0, 10, 25, 608 }, // U+00BF
    { 11, 16, 170, 0, 16, 44, 633 }, // U+00C0
    { 11, 16, 170, 0, 16, 44, 677 }, // U+00C1
    { 11, 16, 170, 0, 16, 44, 721 }, // U+00C2
    { 11, 16, 170, 0, 16, 44, 765 }, // U+00C3
    { 11, 16, 170, 0, 16, 44, 809 }, // U+00C4
    { 11, 15, 170, 0, 15, 42, 853 }, // U+00C5
    { 15, 12, 235, -1, 12, 45, 895 }, // U+00C6
    { 10, 17, 169, 1, 13, 43, 940 }, // U+00C7
    { 8, 16, 148, 1, 16, 32, 983 }, // U+00C8
    { 8, 16, 148, 1, 16, 32, 1015 }, // U+00C9
    { 8, 16, 148, 1, 16, 32, 1047 }, // U+00CA
    { 8, 16, 148, 1, 16, 32, 1079 }, // U+00CB
    { 5, 16, 90, 0, 16, 20, 1111 }, // U+00CC
    { 6, 16, 90, 0, 16, 24, 1131 }, // U+00CD
    { 6, 16, 90, 0, 16, 24, 1155 }, // U+00CE
    { 6, 16, 90, 0, 16, 24, 1179 }, // U+00CF
    { 12, 12, 195, 0, 12, 36, 1203 }, // U+00D0
    { 11, 16, 203, 1, 16, 44, 1239 }, // U+00D1
    { 11, 17, 208, 1, 16, 47, 1283 }, // U+00D2
    { 11, 17, 208, 1, 16, 47, 1330 }, // U+00D3
    { 11, 17, 208, 1, 16, 47, 1377 }, // U+00D4
    { 11, 17, 208, 1, 16, 47, 1424 }, // U+00D5
    { 11, 17, 208, 1, 16, 47, 1471 }, // U+00D6
    { 8, 8, 153, 1, 10, 16, 1518 }, // U+00D7
    { 11, 14, 208, 1, 13, 39, 1534 }, // U+00D8
    { 10, 17, 195, 1, 16, 43, 1573 }, // U+00D9
    { 10, 17, 195, 1, 16, 43, 1616 }, // U+00DA
    { 10, 17, 195, 1, 16, 43, 1659 }, // U+00DB
    { 10, 17, 195, 1, 16, 43, 1702 }, // U+00DC
    { 10, 16, 151, 0, 16, 40, 1745 }, // U+00DD
    { 9, 12, 161, 1, 12, 27, 1785 }, // U+00DE
    { 9, 14, 168, 1, 13, 32, 1812 }, // U+00DF
    { 8, 14, 150, 0, 13, 28, 1844 }, // U+00E0
    { 8, 14, 150, 0, 13, 28, 1872 }, // U+00E1
    { 8, 14, 150, 0, 13, 28, 1900 }, // U+00E2
    { 8, 14, 150, 0, 13, 28, 1928 }, // U+00E3
    { 8, 14, 150, 0, 13, 28, 1956 }, // U+00E4
    { 8, 15, 150, 0, 14, 30, 1984 }, // U+00E5
    { 14, 11, 230, 0, 10, 39, 2014 }, // U+00E6
    { 8, 14, 128, 0, 10, 28, 2053 }, // U+00E7
    { 9, 14, 150, 0, 13, 32, 2081 }, // U+00E8
    { 9, 14, 150, 0, 13, 32, 2113 }, // U+00E9
    { 9, 14, 150, 0, 13, 32, 2145 }, // U+00EA
    { 9, 14, 150, 0, 13, 32, 2177 }, // U+00EB
    { 5, 13, 69, -1, 13, 17, 2209 }, // U+00EC
    { 4, 13, 69, 1, 13, 13, 2226 }, // U+00ED
    { 6, 13, 69, -1, 13, 20, 2239 }, // U+00EE
    { 6, 13, 69, -1, 13, 20, 2259 }, // U+00EF
    { 10, 14, 161, 0, 13, 35, 2279 }, // U+00F0
    { 8, 13, 165, 1, 13, 26, 2314 }, // U+00F1
    { 10, 14, 161, 0, 13, 35, 2340 }, // U+00F2
    { 10, 14, 161, 0, 13, 35, 2375 }, // U+00F3
    { 10, 14, 161, 0, 13, 35, 2410 }, // U+00F4
    { 10, 14, 161, 0, 13, 35, 2445 }, // U+00F5
    { 10, 14, 161, 0, 13, 35, 2480 }, // U+00F6
    { 9, 8, 153, 0, 10, 18, 2515 }, // U+00F7
    { 10, 11, 161, 0, 10, 28, 2533 }, // U+00F8
    { 8, 14, 165, 1, 13, 28, 2561 }, // U+00F9
    { 8, 14, 165, 1, 13, 28, 2589 }, // U+00FA
    { 8, 14, 165, 1, 13, 28, 2617 }, // U+00FB
    { 8, 14, 165, 1, 13, 28, 2645 }, // U+00FC
    { 9, 17, 136, 0, 13, 39, 2673 }, // U+00FD
    { 9, 17, 164, 1, 13, 39, 2712 }, // U+00FE
    { 9, 17, 136, 0, 13, 39, 2751 }, // U+00FF
    { 11, 15, 170, 0, 15, 42, 0 }, // U+0100
    { 8, 13, 150, 0, 12, 26, 42 }, // U+0101
    { 11, 16, 170, 0, 16, 44, 68 }, // U+0102
    { 8, 14, 150, 0, 13, 28, 112 }, // U+0103
    { 11, 16, 170, 0, 12, 44, 140 }, // U+0104
    { 9, 14, 150, 0, 10, 32, 184 }, // U+0105
    { 10, 17, 169, 1, 16, 43, 216 }, // U+0106
    { 8, 14, 128, 0, 13, 28, 259 }, // U+0107
    { 10, 17, 169, 1, 16, 43, 287 }, // U+0108
    { 8, 14, 128, 0, 13, 28, 330 }, // U+0109
    { 10, 17, 169, 1, 16, 43, 358 }, // U+010A
    { 8, 14, 128, 0, 13, 28, 401 }, // U+010B
    { 10, 17, 169, 1, 16, 43, 429 }, // U+010C
    { 8, 14, 128, 0, 13, 28, 472 }, // U+010D
    { 11, 16, 195, 1, 16, 44, 500 }, // U+010E
    { 12, 14, 164, 0, 13, 42, 544 }, // U+010F
    { 12, 12, 195, 0, 12, 36, 586 }, // U+0110
    { 11, 14, 165, 0, 13, 39, 622 }, // U+0111
    { 8, 15, 148, 1, 15, 30, 661 }, // U+0112
    { 9, 13, 150, 0, 12, 30, 691 }, // U+0113
    { 8, 16, 148, 1, 16, 32, 721 }, // U+0114
    { 9, 14, 150, 0, 13, 32, 753 }, // U+0115
    { 8, 16, 148, 1, 16, 32, 785 }, // U+0116
    { 9, 14, 150, 0, 13, 32, 817 }, // U+0117
    { 8, 16, 148, 1, 12, 32, 849 }, // U+0118
    { 9, 14, 150, 0, 10, 32, 881 }, // U+0119
    { 8, 16, 148, 1, 16, 32, 913 }, // U+011A
    { 9, 14, 150, 0, 13, 32, 945 }, // U+011B
    { 10, 17, 194, 1, 16, 43, 977 }, // U+011C
    { 9, 17, 164, 0, 13, 39, 1020 }, // U+011D
    { 10, 17, 194, 1, 16, 43, 1059 }, // U+011E
    { 9, 17, 164, 0, 13, 39, 1102 }, // U+011F
    { 10, 17, 194, 1, 16, 43, 1141 }, // U+0120
    { 9, 17, 164, 0, 13, 39, 1184 }, // U+0121
    { 10, 17, 194, 1, 13, 43, 1223 }, // U+0122
    { 9, 17, 164, 0, 13, 39, 1266 }, // U+0123
    { 10, 16, 198, 1, 16, 40, 1305 }, // U+0124
    { 10, 17, 165, -1, 17, 43, 1345 }, // U+0125
    { 13, 12, 198, 0, 12, 39, 1388 }, // U+0126
    { 9, 13, 165, 0, 13, 30, 1427 }, // U+0127
    { 7, 16, 90, -1, 16, 28, 1457 }, // U+0128
    { 7, 13, 69, -1, 13, 23, 1485 }, // U+0129
    { 6, 15, 90, 0, 15, 23, 1508 }, // U+012A
    { 6, 12, 69, -1, 12, 18, 1531 }, // U+012B
    { 6, 16, 90, 0, 16, 24, 1549 }, // U+012C
    { 6, 13, 69, -1, 13, 20, 1573 }, // U+012D
    { 5, 16, 90, 0, 12, 20, 1593 }, // U+012E
    { 4, 17, 69, 0, 13, 17, 1613 }, // U+012F
    { 5, 16, 90, 0, 16, 20, 1630 }, // U+0130
    { 2, 9, 69, 1, 9, 5, 1650 }, // U+0131
    { 9, 16, 163, 0, 12, 36, 1655 }, // U+0132
    { 7, 17, 138, 1, 13, 30, 1691 }, // U+0133
    { 8, 20, 73, -2, 16, 40, 1721 }, // U+0134
    { 6, 17, 69, -1, 13, 26, 1761 }, // U+0135
    { 10, 16, 165, 1, 12, 40, 1787 }, // U+0136
    { 8, 17, 142, 1, 13, 34, 1827 }, // U+0137
    { 8, 9, 142, 1, 9, 18, 1861 }, // U+0138
    { 8, 16, 140, 1, 16, 32, 1879 }, // U+0139
    { 4, 17, 69, 1, 17, 17, 1911 }, // U+013A
    { 8, 16, 140, 1, 12, 32, 1928 }, // U+013B
    { 3, 17, 69, 1, 13, 13, 1960 }, // U+013C
    { 8, 12, 140, 1, 12, 24, 1973 }, // U+013D
    { 5, 13, 69, 1, 13, 17, 1997 }, // U+013E
    { 8, 12, 140, 1, 12, 24, 2014 }, // U+013F
    { 5, 13, 71, 1, 13, 17, 2038 }, // U+0140
    { 9, 12, 140, 0, 12, 27, 2055 }, // U+0141
    { 6, 13, 69, -1, 13, 20, 2082 }, // U+0142
    { 11, 16, 203, 1, 16, 44, 2102 }, // U+0143
    { 8, 13, 165, 1, 13, 26, 2146 }, // U+0144
    { 11, 16, 203, 1, 12, 44, 2172 }, // U+0145
    { 8, 14, 165, 1, 10, 28, 2216 }, // U+0146
    { 11, 16, 203, 1, 16, 44, 2244 }, // U+0147
    { 8, 13, 165, 1, 13, 26, 2288 }, // U+0148
    { 11, 12, 184, 0, 12, 33, 2314 }, // U+0149
    { 11, 16, 203, 1, 12, 44, 2347 }, // U+014A
    { 8, 14, 165, 1, 10, 28, 2391 }, // U+014B
    { 11, 16, 208, 1, 15, 44, 2419 }, // U+014C
    { 10, 13, 161, 0, 12, 33, 2463 }, // U+014D
    { 11, 17, 208, 1, 16, 47, 2496 }, // U+014E
    { 10, 14, 161, 0, 13, 35, 2543 }, // U+014F
    { 11, 17, 208, 1, 16, 47, 2578 }, // U+0150
    { 10, 14, 161, 0, 13, 35, 2625 }, // U+0151
    { 14, 14, 248, 1, 13, 49, 2660 }, // U+0152
    { 15, 11, 252, 0, 10, 42, 2709 }, // U+0153
    { 10, 16, 166, 1, 16, 40, 2751 }, // U+0154
    { 6, 13, 110, 1, 13, 20, 2791 }, // U+0155
    { 10, 16, 166, 1, 12, 40, 2811 }, // U+0156
    { 6, 14, 110, 1, 10, 21, 2851 }, // U+0157
    { 10, 16, 166, 1, 16, 40, 2872 }, // U+0158
    { 6, 13, 110, 1, 13, 20, 2912 }, // U+0159
    { 9, 17, 146, 0, 16, 39, 2932 }, // U+015A
    { 8, 14, 128, 0, 13, 28, 2971 }, // U+015B
    { 9, 17, 146, 0, 16, 39, 2999 }, // U+015C
    { 8, 14, 128, 0, 13, 28, 3038 }, // U+015D
    { 9, 17, 146, 0, 13, 39, 3066 }, // U+015E
    { 8, 14, 128, 0, 10, 28, 3105 }, // U+015F
    { 9, 17, 146, 0, 16, 39, 3133 }, // U+0160
    { 8, 14, 128, 0, 13, 28, 3172 }, // U+0161
    { 10, 16, 148, 0, 12, 40, 3200 }, // U+0162
    { 6, 15, 96, 0, 11, 23, 3240 }, // U+0163
    { 10, 16, 148, 0, 16, 40, 3263 }, // U+0164
    { 8, 14, 96, 0, 13, 28, 3303 }, // U+0165
    { 10, 12, 148, 0, 12, 30, 3331 }, // U+0166
    { 6, 12, 96, 0, 11, 18, 3361 }, // U+0167
    { 10, 17, 195, 1, 16, 43, 3379 }, // U+0168
    { 8, 14, 165, 1, 13, 28, 3422 }, // U+0169
    { 10, 16, 195, 1, 15, 40, 3450 }, // U+016A
    { 8, 13, 165, 1, 12, 26, 3490 }, // U+016B
    { 10, 17, 195, 1, 16, 43, 3516 }, // U+016C
    { 8, 14, 165, 1, 13, 28, 3559 }, // U+016D
    { 10, 18, 195, 1, 17, 45, 3587 }, // U+016E
    { 8, 15, 165, 1, 14, 30, 3632 }, // U+016F
    { 10, 17, 195, 1, 16, 43, 3662 }, // U+0170
    { 8, 14, 165, 1, 13, 28, 3705 }, // U+0171
    { 10, 16, 195, 1, 12, 40, 3733 }, // U+0172
    { 9, 13, 165, 1, 9, 30, 3773 }, // U+0173
    { 16, 16, 248, 0, 16, 64, 3803 }, // U+0174
    { 13, 13, 210, 0, 13, 43, 3867 }, // U+0175
    { 10, 16, 151, 0, 16, 40, 3910 }, // U+0176
    { 9, 17, 136, 0, 13, 39, 3950 }, // U+0177
    { 10, 16, 151, 0, 16, 40, 3989 }, // U+0178
    { 9, 16, 153, 0, 16, 36, 4029 }, // U+0179
    { 8, 13, 125, 0, 13, 26, 4065 }, // U+017A
    { 9, 16, 153, 0, 16, 36, 4091 }, // U+017B
    { 8, 13, 125, 0, 13, 26, 4127 }, // U+017C
    { 9, 16, 153, 0, 16, 36, 4153 }, // U+017D
    { 8, 13, 125, 0, 13, 26, 4189 }, // U+017E
    { 6, 13, 87, 1, 13, 20, 4215 }, // U+017F
    { 13, 14, 209, 1, 13, 46, 0 }, // U+01A0
    { 11, 12, 164, 0, 11, 33, 46 }, // U+01A1
    { 13, 14, 208, 1, 13, 46, 79 }, // U+01AF
    { 11, 12, 180, 1, 11, 33, 125 }, // U+01B0
    { 20, 16, 345, 1, 16, 80, 158 }, // U+01C4
    { 19, 13, 320, 1, 13, 62, 238 }, // U+01C5
    { 18, 14, 289, 0, 13, 63, 300 }, // U+01C6
    { 11, 16, 213, 1, 12, 44, 363 }, // U+01C7
    { 11, 17, 209, 1, 13, 47, 407 }, // U+01C8
    { 7, 17, 138, 1, 13, 30, 454 }, // U+01C9
    { 15, 16, 276, 1, 12, 60, 484 }, // U+01CA
    { 15, 17, 272, 1, 13, 64, 544 }, // U+01CB
    { 13, 17, 234, 1, 13, 56, 608 }, // U+01CC
    { 11, 16, 170, 0, 16, 44, 664 }, // U+01CD
    { 8, 14, 150, 0, 13, 28, 708 }, // U+01CE
    { 6, 16, 90, 0, 16, 24, 736 }, // U+01CF
    { 6, 13, 69, -1, 13, 20, 760 }, // U+01D0
    { 11, 17, 208, 1, 16, 47, 780 }, // U+01D1
    { 10, 14, 161, 0, 13, 35, 827 }, // U+01D2
    { 10, 17, 195, 1, 16, 43, 862 }, // U+01D3
    { 8, 14, 165, 1, 13, 28, 905 }, // U+01D4
    { 10, 18, 195, 1, 17, 45, 933 }, // U+01D5
    { 8, 15, 165, 1, 14, 30, 978 }, // U+01D6
    { 10, 19, 195, 1, 18, 48, 1008 }, // U+01D7
    { 8, 16, 165, 1, 15, 32, 1056 }, // U+01D8
    { 10, 19, 195, 1, 18, 48, 1088 }, // U+01D9
    { 8, 16, 165, 1, 15, 32, 1136 }, // U+01DA
    { 10, 19, 195, 1, 18, 48, 1168 }, // U+01DB
    { 8, 16, 165, 1, 15, 32, 1216 }, // U+01DC
    { 9, 11, 150, 0, 10, 25, 1248 }, // U+01DD
    { 11, 17, 170, 0, 17, 47, 1273 }, // U+01DE
    { 8, 15, 150, 0, 14, 30, 1320 }, // U+01DF
    { 11, 17, 170, 0, 17, 47, 1350 }, // U+01E0
    { 8, 15, 150, 0, 14, 30, 1397 }, // U+01E1
    { 15, 15, 235, -1, 15, 57, 1427 }, // U+01E2
    { 14, 13, 230, 0, 12, 46, 1484 }, // U+01E3
    { 11, 14, 194, 1, 13, 39, 1530 }, // U+01E4
    { 10, 14, 164, 0, 10, 35, 1569 }, // U+01E5
    { 10, 17, 194, 1, 16, 43, 1604 }, // U+01E6
    { 9, 17, 164, 0, 13, 39, 1647 }, // U+01E7
    { 10, 16, 165, 1, 16, 40, 1686 }, // U+01E8
    { 10, 17, 142, -1, 17, 43, 1726 }, // U+01E9
    { 11, 17, 208, 1, 13, 47, 1769 }, // U+01EA
    { 10, 14, 161, 0, 10, 35, 1816 }, // U+01EB
    { 11, 19, 208, 1, 15, 53, 1851 }, // U+01EC
    { 10, 16, 161, 0, 12, 40, 1904 }, // U+01ED
    { 9, 17, 156, 0, 16, 39, 1944 }, // U+01EE
    { 8, 17, 133, 0, 13, 34, 1983 }, // U+01EF
    { 6, 17, 69, -1, 13, 26, 2017 }, // U+01F0
    { 20, 12, 345, 1, 12, 60, 2043 }, // U+01F1
    { 19, 12, 320, 1, 12, 57, 2103 }, // U+01F2
    { 18, 14, 289, 0, 13, 63, 2160 }, // U+01F3
    { 10, 17, 194, 1, 16, 43, 2223 }, // U+01F4
    { 9, 17, 164, 0, 13, 39, 2266 }, // U+01F5
    { 14, 13, 250, 1, 12, 46, 2305 }, // U+01F6
    { 10, 17, 176, 1, 13, 43, 2351 }, // U+01F7
    { 11, 16, 203, 1, 16, 44, 2394 }, // U+01F8
    { 8, 13, 165, 1, 13, 26, 2438 }, // U+01F9
    { 11, 16, 171, 0, 16, 44, 2464 }, // U+01FA
    { 8, 17, 150, 0, 16, 34, 2508 }, // U+01FB
    { 15, 16, 235, -1, 16, 60, 2542 }, // U+01FC
    { 14, 14, 230, 0, 13, 49, 2602 }, // U+01FD
    { 11, 17, 208, 1, 16, 47, 2651 }, // U+01FE
    { 10, 14, 161, 0, 13, 35, 2698 }, // U+01FF
    { 11, 16, 170, 0, 16, 44, 2733 }, // U+0200
    { 8, 14, 150, 0, 13, 28, 2777 }, // U+0201
    { 11, 16, 170, 0, 16, 44, 2805 }, // U+0202
    { 8, 14, 150, 0, 13, 28, 2849 }, // U+0203
    { 8, 16, 148, 1, 16, 32, 2877 }, // U+0204
    { 9, 14, 150, 0, 13, 32, 2909 }, // U+0205
    { 8, 16, 148, 1, 16, 32, 2941 }, // U+0206
    { 9, 14, 150, 0, 13, 32, 2973 }, // U+0207
    { 7, 16, 90, -1, 16, 28, 3005 }, // U+0208
    { 7, 13, 69, -2, 13, 23, 3033 }, // U+0209
    { 6, 16, 90, 0, 16, 24, 3056 }, // U+020A
    { 6, 13, 69, -1, 13, 20, 3080 }, // U+020B
    { 11, 17, 208, 1, 16, 47, 3100 }, // U+020C
    { 10, 14, 161, 0, 13, 35, 3147 }, // U+020D
    { 11, 17, 208, 1, 16, 47, 3182 }, // U+020E
    { 10, 14, 161, 0, 13, 35, 3229 }, // U+020F
    { 10, 16, 166, 1, 16, 40, 3264 }, // U+0210
    { 7, 13, 110, 0, 13, 23, 3304 }, // U+0211
    { 10, 16, 166, 1, 16, 40, 3327 }, // U+0212
    { 6, 13, 110, 1, 13, 20, 3367 }, // U+0213
    { 10, 17, 195, 1, 16, 43, 3387 }, // U+0214
    { 8, 14, 165, 1, 13, 28, 3430 }, // U+0215
    { 10, 17, 195, 1, 16, 43, 3458 }, // U+0216
    { 8, 14, 165, 1, 13, 28, 3501 }, // U+0217
    { 9, 17, 146, 0, 13, 39, 3529 }, // U+0218
    { 8, 14, 128, 0, 10, 28, 3568 }, // U+0219
    { 10, 16, 148, 0, 12, 40, 3596 }, // U+021A
    { 6, 15, 96, 0, 11, 23, 3636 }, // U+021B
    { 9, 16, 153, 0, 13, 36, 3659 }, // U+021C
    { 8, 14, 132, 0, 10, 28, 3695 }, // U+021D
    { 10, 16, 198, 1, 16, 40, 3723 }, // U+021E
    { 10, 17, 165, -1, 17, 43, 3763 }, // U+021F
    { 5, 3, 0, -9, 13, 4, 0 }, // U+0300
    { 4, 3, 0, -6, 13, 3, 4 }, // U+0301
    { 6, 3, 0, -3, 13, 5, 7 }, // U+0302
    { 7, 3, 0, -9, 13, 6, 12 }, // U+0303
    { 6, 2, 0, -3, 12, 3, 18 }, // U+0304
    { 8, 3, 0, -4, 15, 6, 21 }, // U+0305
    { 6, 3, 0, -3, 13, 5, 27 }, // U+0306
    { 2, 3, 0, -1, 13, 2, 32 }, // U+0307
    { 6, 3, 0, -3, 13, 5, 34 }, // U+0308
    { 4, 5, 0, -7, 14, 5, 39 }, // U+0309
    { 4, 4, 0, -2, 14, 4, 44 }, // U+030A
    { 7, 3, 0, -3, 13, 6, 48 }, // U+030B
    { 6, 3, 0, -3, 13, 5, 54 }, // U+030C
    { 2, 4, 0, -1, 13, 2, 59 }, // U+030D
    { 4, 4, 0, -2, 13, 4, 61 }, // U+030E
    { 7, 3, 0, -9, 13, 6, 65 }, // U+030F
    { 6, 5, 0, -3, 15, 8, 71 }, // U+0310
    { 6, 3, 0, -3, 13, 5, 79 }, // U+0311
    { 4, 5, 0, -2, 12, 5, 84 }, // U+0312
    { 4, 5, 0, -2, 12, 5, 89 }, // U+0313
    { 4, 5, 0, -2, 12, 5, 94 }, // U+0314
    { 4, 5, 0, -2, 12, 5, 99 }, // U+0315
    { 4, 3, 0, -2, 0, 3, 104 }, // U+0316
    { 4, 3, 0, -2, 0, 3, 107 }, // U+0317
    { 4, 4, 0, -2, 0, 4, 110 }, // U+0318
    { 4, 4, 0, -2, 0, 4, 114 }, // U+0319
    { 5, 5, 83, 0, 13, 7, 118 }, // U+031A
    { 4, 4, 0, -2, 13, 4, 125 }, // U+031B
    { 2, 4, 0, -1, 0, 2, 129 }, // U+031C
    { 4, 4, 0, -2, 0, 4, 131 }, // U+031D
    { 4, 4, 0, -2, 0, 4, 135 }, // U+031E
    { 4, 4, 0, -2, 0, 4, 139 }, // U+031F
    { 4, 2, 0, -2, -1, 2, 143 }, // U+0320
    { 3, 5, 0, -3, 1, 4, 145 }, // U+0321
    { 3, 5, 0, 0, 1, 4, 149 }, // U+0322
    { 2, 2, 0, -6, -1, 1, 153 }, // U+0323
    { 6, 3, 0, -3, 0, 5, 154 }, // U+0324
    { 4, 4, 0, -2, 0, 4, 159 }, // U+0325
    { 4, 3, 0, -2, -1, 3, 163 }, // U+0326
    { 4, 4, 0, -2, 0, 4, 166 }, // U+0327
    { 4, 5, 0, -2, 1, 5, 170 }, // U+0328
    { 2, 4, 0, -1, 0, 2, 175 }, // U+0329
    { 6, 4, 0, -3, 0, 6, 177 }, // U+032A
    { 8, 2, 0, -4, -1, 4, 183 }, // U+032B
    { 6, 3, 0, -3, 0, 5, 187 }, // U+032C
    { 6, 3, 0, -3, 0, 5, 192 }, // U+032D
    { 6, 3, 0, -3, 0, 5, 197 }, // U+032E
    { 6, 3, 0, -3, 0, 5, 202 }, // U+032F
    { 8, 3, 0, -4, 0, 6, 207 }, // U+0330
    { 6, 2, 0, -3, -1, 3, 213 }, // U+0331
    { 8, 2, 0, -4, -1, 4, 216 }, // U+0332
    { 8, 4, 0, -4, 0, 8, 220 }, // U+0333
    { 7, 3, 0, -3, 6, 6, 228 }, // U+0334
    { 8, 3, 0, -4, 6, 6, 234 }, // U+0335
    { 12, 2, 0, -6, 6, 6, 240 }, // U+0336
    { 6, 4, 0, -3, 7, 6, 246 }, // U+0337
    { 8, 14, 0, -4, 13, 28, 252 }, // U+0338
    { 2, 4, 0, -1, 0, 2, 280 }, // U+0339
    { 6, 4, 0, -3, 0, 6, 282 }, // U+033A
    { 8, 4, 0, -4, 0, 8, 288 }, // U+033B
    { 8, 2, 0, -4, -1, 4, 296 }, // U+033C
    { 4, 4, 0, -2, 13, 4, 300 }, // U+033D
    { 4, 6, 0, -2, 15, 6, 304 }, // U+033E
    { 8, 4, 0, -4, 16, 8, 310 }, // U+033F
    { 4, 3, 0, -3, 13, 3, 318 }, // U+0340
    { 4, 3, 0, -1, 13, 3, 321 }, // U+0341
    { 8, 3, 0, -4, 13, 6, 324 }, // U+0342
    { 4, 3, 0, -2, 13, 3, 330 }, // U+0343
    { 7, 3, 0, -3, 13, 6, 333 }, // U+0344
    { 3, 3, 0, -1, -1, 3, 339 }, // U+0345
    { 8, 4, 0, -4, 13, 8, 342 }, // U+0346
    { 8, 4, 0, -4, 0, 8, 350 }, // U+0347
    { 4, 4, 0, -2, 0, 4, 358 }, // U+0348
    { 4, 3, 0, -2, -1, 3, 362 }, // U+0349
    { 8, 4, 0, -4, 13, 8, 365 }, // U+034A
    { 8, 7, 0, -4, 16, 14, 373 }, // U+034B
    { 6, 5, 0, -3, 15, 8, 387 }, // U+034C
    { 6, 4, 0, -3, 0, 6, 395 }, // U+034D
    { 4, 4, 0, -2, 0, 4, 401 }, // U+034E
    { 12, 12, 0, -6, 12, 36, 405 }, // U+034F
    { 4, 5, 0, -2, 14, 5, 441 }, // U+0350
    { 3, 5, 0, -1, 14, 4, 446 }, // U+0351
    { 6, 4, 0, -3, 14, 6, 450 }, // U+0352
    { 4, 4, 0, -2, 0, 4, 456 }, // U+0353
    { 4, 4, 0, -2, 0, 4, 460 }, // U+0354
    { 4, 4, 0, -2, 0, 4, 464 }, // U+0355
    { 8, 4, 0, -4, 0, 8, 468 }, // U+0356
    { 3, 5, 0, -1, 14, 4, 476 }, // U+0357
    { 2, 3, 0, 2, 13, 2, 480 }, // U+0358
    { 4, 4, 0, -2, 0, 4, 482 }, // U+0359
    { 8, 4, 0, -4, 0, 8, 486 }, // U+035A
    { 4, 5, 0, -2, 14, 5, 494 }, // U+035B
    { 14, 4, 0, -7, 0, 14, 499 }, // U+035C
    { 14, 4, 0, -7, 14, 14, 513 }, // U+035D
    { 10, 2, 0, -5, 12, 5, 527 }, // U+035E
    { 10, 2, 0, -5, 0, 5, 532 }, // U+035F
    { 14, 3, 0, -7, 13, 11, 537 }, // U+0360
    { 14, 5, 0, -7, 15, 18, 548 }, // U+0361
    { 14, 4, 0, -7, 0, 14, 566 }, // U+0362
    { 4, 4, 0, -2, 14, 4, 580 }, // U+0363
    { 4, 4, 0, -2, 14, 4, 584 }, // U+0364
    { 2, 6, 0, -1, 16, 3, 588 }, // U+0365
    { 5, 4, 0, -2, 14, 5, 591 }, // U+0366
    { 4, 4, 0, -2, 14, 4, 596 }, // U+0367
    { 4, 4, 0, -2, 14, 4, 600 }, // U+0368
    { 4, 6, 0, -2, 16, 6, 604 }, // U+0369
    { 4, 6, 0, -2, 16, 6, 610 }, // U+036A
    { 7, 4, 0, -3, 14, 7, 616 }, // U+036B
    { 3, 4, 0, -1, 14, 3, 623 }, // U+036C
    { 4, 5, 0, -2, 15, 5, 626 }, // U+036D
    { 5, 4, 0, -2, 14, 5, 631 }, // U+036E
    { 5, 4, 0, -2, 14, 5, 636 }, // U+036F
    { 8, 16, 148, 1, 16, 32, 0 }, // U+0400
    { 8, 16, 148, 1, 16, 32, 32 }, // U+0401
    { 12, 13, 191, 0, 12, 39, 64 }, // U+0402
    { 8, 16, 136, 1, 16, 32, 103 }, // U+0403
    { 9, 14, 170, 1, 13, 32, 135 }, // U+0404
    { 9, 14, 146, 0, 13, 32, 167 }, // U+0405
    { 3, 12, 76, 1, 12, 9, 199 }, // U+0406
    { 5, 16, 76, 0, 16, 20, 208 }, // U+0407
    { 6, 16, 73, -2, 12, 24, 228 }, // U+0408
    { 16, 13, 269, 0, 12, 52, 252 }, // U+0409
    { 16, 12, 274, 1, 12, 48, 304 }, // U+040A
    { 11, 12, 191, 0, 12, 33, 352 }, // U+040B
    { 10, 16, 167, 1, 16, 40, 385 }, // U+040C
    { 10, 16, 202, 1, 16, 40, 425 }, // U+040D
    { 11, 17, 164, 0, 16, 47, 465 }, // U+040E
    { 10, 15, 195, 1, 12, 38, 512 }, // U+040F
    { 11, 12, 170, 0, 12, 33, 550 }, // U+0410
    { 9, 12, 164, 1, 12, 27, 583 }, // U+0411
    { 9, 12, 173, 1, 12, 27, 610 }, // U+0412
    { 8, 12, 136, 1, 12, 24, 637 }, // U+0413
    { 12, 15, 194, 0, 12, 45, 661 }, // U+0414
    { 8, 12, 148, 1, 12, 24, 706 }, // U+0415
    { 16, 12, 241, 0, 12, 48, 730 }, // U+0416
    { 9, 14, 154, 0, 13, 32, 778 }, // U+0417
    { 10, 12, 202, 1, 12, 30, 810 }, // U+0418
    { 10, 16, 202, 1, 16, 40, 840 }, // U+0419
    { 10, 12, 167, 1, 12, 30, 880 }, // U+041A
    { 11, 13, 186, 0, 12, 36, 910 }, // U+041B
    { 13, 12, 242, 1, 12, 39, 946 }, // U+041C
    { 10, 12, 198, 1, 12, 30, 985 }, // U+041D
    { 11, 14, 203, 1, 13, 39, 1015 }, // U+041E
    { 10, 12, 196, 1, 12, 30, 1054 }, // U+041F
    { 9, 12, 161, 1, 12, 27, 1084 }, // U+0420
    { 9, 14, 171, 1, 13, 32, 1111 }, // U+0421
    { 10, 12, 148, 0, 12, 30, 1143 }, // U+0422
    { 11, 13, 164, 0, 12, 36, 1173 }, // U+0423
    { 13, 14, 218, 0, 13, 46, 1209 }, // U+0424
    { 10, 12, 157, 0, 12, 30, 1255 }, // U+0425
    { 12, 15, 197, 1, 12, 45, 1285 }, // U+0426
    { 9, 12, 180, 1, 12, 27, 1330 }, // U+0427
    { 15, 12, 276, 1, 12, 45, 1357 }, // U+0428
    { 16, 15, 274, 1, 12, 60, 1402 }, // U+0429
    { 11, 12, 183, 0, 12, 33, 1462 }, // U+042A
    { 12, 12, 226, 1, 12, 36, 1495 }, // U+042B
    { 9, 12, 162, 1, 12, 27, 1531 }, // U+042C
    { 10, 14, 173, 0, 13, 35, 1558 }, // U+042D
    { 15, 14, 266, 1, 13, 53, 1593 }, // U+042E
    { 10, 12, 170, 0, 12, 30, 1646 }, // U+042F
    { 8, 11, 148, 0, 10, 22, 1676 }, // U+0430
    { 10, 14, 159, 0, 13, 35, 1698 }, // U+0431
    { 8, 9, 150, 1, 9, 18, 1733 }, // U+0432
    { 6, 9, 117, 1, 9, 14, 1751 }, // U+0433
    { 10, 12, 162, 0, 9, 30, 1765 }, // U+0434
    { 9, 11, 147, 0, 10, 25, 1795 }, // U+0435
    { 13, 9, 202, 0, 9, 30, 1820 }, // U+0436
    { 8, 11, 130, 0, 10, 22, 1850 }, // U+0437
    { 8, 9, 166, 1, 9, 18, 1872 }, // U+0438
    { 8, 13, 166, 1, 13, 26, 1890 }, // U+0439
    { 8, 9, 142, 1, 9, 18, 1916 }, // U+043A
    { 9, 10, 157, 0, 9, 23, 1934 }, // U+043B
    { 11, 9, 205, 1, 9, 25, 1957 }, // U+043C
    { 8, 9, 164, 1, 9, 18, 1982 }, // U+043D
    { 10, 11, 158, 0, 10, 28, 2000 }, // U+043E
    { 8, 9, 162, 1, 9, 18, 2028 }, // U+043F
    { 9, 14, 162, 1, 10, 32, 2046 }, // U+0440
    { 8, 11, 132, 0, 10, 22, 2078 }, // U+0441
    { 8, 9, 124, 0, 9, 18, 2100 }, // U+0442
    { 9, 13, 136, 0, 9, 30, 2118 }, // U+0443
    { 12, 17, 197, 0, 13, 51, 2148 }, // U+0444
    { 9, 9, 136, 0, 9, 21, 2199 }, // U+0445
    { 10, 12, 163, 1, 9, 30, 2220 }, // U+0446
    { 8, 9, 157, 1, 9, 18, 2250 }, // U+0447
    { 13, 9, 238, 1, 9, 30, 2268 }, // U+0448
    { 14, 12, 239, 1, 9, 42, 2298 }, // U+0449
    { 10, 9, 166, 0, 9, 23, 2340 }, // U+044A
    { 11, 9, 202, 1, 9, 25, 2363 }, // U+044B
    { 8, 9, 145, 1, 9, 18, 2388 }, // U+044C
    { 8, 11, 132, 0, 10, 22, 2406 }, // U+044D
    { 12, 11, 213, 1, 10, 33, 2428 }, // U+044E
    { 9, 9, 154, 0, 9, 21, 2461 }, // U+044F
    { 9, 14, 147, 0, 13, 32, 2482 }, // U+0450
    { 9, 14, 147, 0, 13, 32, 2514 }, // U+0451
    { 9, 17, 165, 0, 13, 39, 2546 }, // U+0452
    { 6, 13, 117, 1, 13, 20, 2585 }, // U+0453
    { 8, 11, 132, 0, 10, 22, 2605 }, // U+0454
    { 8, 11, 125, 0, 10, 22, 2627 }, // U+0455
    { 3, 13, 69, 1, 13, 10, 2649 }, // U+0456
    { 4, 13, 69, 0, 13, 13, 2659 }, // U+0457
    { 5, 17, 69, -1, 13, 22, 2672 }, // U+0458
    { 14, 10, 229, 0, 9, 35, 2694 }, // U+0459
    { 14, 9, 237, 1, 9, 32, 2729 }, // U+045A
    { 9, 13, 166, 0, 13, 30, 2761 }, // U+045B
    { 8, 13, 142, 1, 13, 26, 2791 }, // U+045C
    { 8, 13, 166, 1, 13, 26, 2817 }, // U+045D
    { 9, 17, 136, 0, 13, 39, 2843 }, // U+045E
    { 8, 12, 162, 1, 9, 24, 2882 }, // U+045F
    { 15, 13, 245, 0, 12, 49, 2906 }, // U+0460
    { 13, 9, 210, 0, 9, 30, 2955 }, // U+0461
    { 11, 12, 180, 0, 12, 33, 2985 }, // U+0462
    { 10, 11, 169, 0, 11, 28, 3018 }, // U+0463
    { 14, 14, 246, 1, 13, 49, 3046 }, // U+0464
    { 11, 11, 198, 1, 10, 31, 3095 }, // U+0465
    { 12, 12, 182, 0, 12, 36, 3126 }, // U+0466
    { 10, 9, 153, 0, 9, 23, 3162 }, // U+0467
    { 15, 12, 248, 1, 12, 45, 3185 }, // U+0468
    { 12, 9, 208, 1, 9, 27, 3230 }, // U+0469
    { 12, 12, 194, 0, 12, 36, 3257 }, // U+046A
    { 11, 9, 171, 0, 9, 25, 3293 }, // U+046B
    { 16, 12, 262, 1, 12, 48, 3318 }, // U+046C
    { 14, 9, 226, 1, 9, 32, 3366 }, // U+046D
    { 9, 19, 157, 0, 15, 43, 3398 }, // U+046E
    { 8, 16, 131, 0, 12, 32, 3441 }, // U+046F
    { 12, 12, 214, 1, 12, 36, 3473 }, // U+0470
    { 11, 17, 203, 1, 13, 47, 3509 }, // U+0471
    { 11, 14, 209, 1, 13, 39, 3556 }, // U+0472
    { 10, 11, 161, 0, 10, 28, 3595 }, // U+0473
    { 12, 12, 169, 0, 12, 36, 3623 }, // U+0474
    { 9, 10, 138, 0, 10, 23, 3659 }, // U+0475
    { 12, 16, 169, 0, 16, 48, 3682 }, // U+0476
    { 9, 13, 138, 0, 13, 30, 3730 }, // U+0477
    { 20, 17, 325, 1, 13, 85, 3760 }, // U+0478
    { 19, 14, 292, 0, 10, 67, 3845 }, // U+0479
    { 12, 14, 219, 1, 13, 42, 3912 }, // U+047A
    { 11, 11, 176, 0, 10, 31, 3954 }, // U+047B
    { 16, 19, 274, 1, 18, 76, 3985 }, // U+047C
    { 15, 16, 241, 0, 15, 60, 4061 }, // U+047D
    { 15, 16, 245, 0, 15, 60, 4121 }, // U+047E
    { 13, 12, 210, 0, 12, 39, 4181 }, // U+047F
    { 10, 17, 172, 1, 13, 43, 4220 }, // U+0480
    { 8, 14, 131, 0, 10, 28, 4263 }, // U+0481
    { 10, 12, 162, 0, 11, 30, 4291 }, // U+0482
    { 7, 3, 0, -8, 12, 6, 4321 }, // U+0483
    { 7, 3, 0, -8, 13, 6, 4327 }, // U+0484
    { 3, 3, 0, -6, 13, 3, 4333 }, // U+0485
    { 3, 3, 0, -6, 13, 3, 4336 }, // U+0486
    { 7, 3, 0, -4, 15, 6, 4339 }, // U+0487
    { 20, 19, 0, -10, 14, 95, 4345 }, // U+0488
    { 20, 19, 0, -10, 14, 95, 4440 }, // U+0489
    { 12, 20, 209, 1, 16, 60, 4535 }, // U+048A
    { 10, 17, 176, 1, 13, 43, 4595 }, // U+048B
    { 10, 12, 164, 0, 12, 30, 4638 }, // U+048C
    { 10, 13, 158, 0, 13, 33, 4668 }, // U+048D
    { 9, 12, 164, 1, 12, 27, 4701 }, // U+048E
    { 9, 14, 164, 1, 10, 32, 4728 }, // U+048F
    { 8, 15, 142, 1, 15, 30, 4760 }, // U+0490
    { 6, 12, 116, 1, 12, 18, 4790 }, // U+0491
    { 9, 12, 141, 0, 12, 27, 4808 }, // U+0492
    { 7, 9, 116, 0, 9, 16, 4835 }, // U+0493
    { 10, 17, 174, 1, 12, 43, 4851 }, // U+0494
    { 8, 14, 142, 1, 9, 28, 4894 }, // U+0495
    { 15, 16, 241, 0, 12, 60, 4922 }, // U+0496
    { 13, 13, 212, 0, 9, 43, 4982 }, // U+0497
    { 9, 17, 154, 0, 13, 39, 5025 }, // U+0498
    { 8, 14, 130, 0, 10, 28, 5064 }, // U+0499
    { 10, 16, 179, 1, 12, 40, 5092 }, // U+049A
    { 9, 13, 149, 1, 9, 30, 5132 }, // U+049B
    { 10, 12, 167, 1, 12, 30, 5162 }, // U+049C
    { 8, 9, 141, 1, 9, 18, 5192 }, // U+049D
    { 11, 12, 167, 0, 12, 33, 5210 }, // U+049E
    { 9, 13, 142, 0, 13, 30, 5243 }, // U+049F
    { 12, 12, 185, 0, 12, 36, 5273 }, // U+04A0
    { 11, 9, 166, 0, 9, 25, 5309 }, // U+04A1
    { 12, 16, 201, 1, 12, 48, 5334 }, // U+04A2
    { 10, 13, 175, 1, 9, 33, 5382 }, // U+04A3
    { 13, 12, 217, 1, 12, 39, 5415 }, // U+04A4
    { 12, 9, 197, 1, 9, 27, 5454 }, // U+04A5
    { 16, 17, 282, 1, 12, 68, 5481 }, // U+04A6
    { 13, 14, 230, 1, 9, 46, 5549 }, // U+04A7
    { 12, 14, 208, 1, 13, 42, 5595 }, // U+04A8
    { 11, 11, 171, 0, 10, 31, 5637 }, // U+04A9
    { 10, 17, 169, 1, 13, 43, 5668 }, // U+04AA
    { 8, 14, 128, 0, 10, 28, 5711 }, // U+04AB
    { 10, 16, 148, 0, 12, 40, 5739 }, // U+04AC
    { 8, 13, 127, 0, 9, 26, 5779 }, // U+04AD
    { 10, 12, 151, 0, 12, 30, 5805 }, // U+04AE
    { 9, 13, 136, 0, 9, 30, 5835 }, // U+04AF
    { 10, 12, 151, 0, 12, 30, 5865 }, // U+04B0
    { 9, 13, 136, 0, 9, 30, 5895 }, // U+04B1
    { 11, 16, 168, 0, 12, 44, 5925 }, // U+04B2
    { 9, 13, 147, 0, 9, 30, 5969 }, // U+04B3
    { 14, 16, 230, 0, 12, 56, 5999 }, // U+04B4
    { 12, 13, 193, 0, 9, 39, 6055 }, // U+04B5
    { 11, 16, 188, 1, 12, 44, 6094 }, // U+04B6
    { 10, 13, 166, 1, 9, 33, 6138 }, // U+04B7
    { 10, 12, 186, 1, 12, 30, 6171 }, // U+04B8
    { 8, 9, 162, 1, 9, 18, 6201 }, // U+04B9
    { 10, 12, 186, 1, 12, 30, 6219 }, // U+04BA
    { 8, 13, 165, 1, 13, 26, 6249 }, // U+04BB
    { 14, 14, 226, 0, 13, 49, 6275 }, // U+04BC
    { 11, 11, 177, 0, 10, 31, 6324 }, // U+04BD
    { 14, 17, 226, 0, 13, 60, 6355 }, // U+04BE
    { 11, 14, 177, 0, 10, 39, 6415 }, // U+04BF
    { 5, 12, 90, 0, 12, 15, 6454 }, // U+04C0
    { 16, 16, 241, 0, 16, 64, 6469 }, // U+04C1
    { 13, 13, 202, 0, 13, 43, 6533 }, // U+04C2
    { 10, 17, 186, 1, 12, 43, 6576 }, // U+04C3
    { 8, 14, 149, 1, 9, 28, 6619 }, // U+04C4
    { 12, 16, 192, 0, 12, 48, 6647 }, // U+04C5
    { 10, 13, 157, 0, 9, 33, 6695 }, // U+04C6
    { 10, 17, 195, 1, 12, 43, 6728 }, // U+04C7
    { 9, 14, 166, 1, 9, 32, 6771 }, // U+04C8
    { 12, 16, 202, 1, 12, 48, 6803 }, // U+04C9
    { 10, 13, 177, 1, 9, 33, 6851 }, // U+04CA
    { 10, 16, 186, 1, 12, 40, 6884 }, // U+04CB
    { 8, 13, 164, 1, 9, 26, 6924 }, // U+04CC
    { 15, 16, 245, 1, 12, 60, 6950 }, // U+04CD
    { 12, 13, 201, 1, 9, 39, 7010 }, // U+04CE
    { 5, 12, 90, 0, 12, 15, 7049 }, // U+04CF
    { 11, 16, 170, 0, 16, 44, 7064 }, // U+04D0
    { 8, 14, 150, 0, 13, 28, 7108 }, // U+04D1
    { 11, 16, 170, 0, 16, 44, 7136 }, // U+04D2
    { 8, 14, 150, 0, 13, 28, 7180 }, // U+04D3
    { 15, 12, 235, -1, 12, 45, 7208 }, // U+04D4
    { 14, 11, 230, 0, 10, 39, 7253 }, // U+04D5
    { 8, 16, 148, 1, 16, 32, 7292 }, // U+04D6
    { 9, 14, 150, 0, 13, 32, 7324 }, // U+04D7
    { 12, 14, 197, 0, 13, 42, 7356 }, // U+04D8
    { 9, 11, 150, 0, 10, 25, 7398 }, // U+04D9
    { 12, 17, 197, 0, 16, 51, 7423 }, // U+04DA
    { 9, 14, 150, 0, 13, 32, 7474 }, // U+04DB
    { 16, 16, 241, 0, 16, 64, 7506 }, // U+04DC
    { 13, 13, 202, 0, 13, 43, 7570 }, // U+04DD
    { 9, 17, 154, 0, 16, 39, 7613 }, // U+04DE
    { 8, 14, 130, 0, 13, 28, 7652 }, // U+04DF
    { 9, 13, 156, 0, 12, 30, 7680 }, // U+04E0
    { 8, 13, 133, 0, 9, 26, 7710 }, // U+04E1
    { 10, 15, 202, 1, 15, 38, 7736 }, // U+04E2
    { 8, 12, 166, 1, 12, 24, 7774 }, // U+04E3
    { 10, 16, 202, 1, 16, 40, 7798 }, // U+04E4
    { 8, 13, 166, 1, 13, 26, 7838 }, // U+04E5
    { 11, 17, 208, 1, 16, 47, 7864 }, // U+04E6
    { 10, 14, 161, 0, 13, 35, 7911 }, // U+04E7
    { 11, 14, 209, 1, 13, 39, 7946 }, // U+04E8
    { 10, 11, 161, 0, 10, 28, 7985 }, // U+04E9
    { 11, 17, 209, 1, 16, 47, 8013 }, // U+04EA
    { 10, 14, 161, 0, 13, 35, 8060 }, // U+04EB
    { 10, 17, 173, 0, 16, 43, 8095 }, // U+04EC
    { 8, 14, 132, 0, 13, 28, 8138 }, // U+04ED
    { 11, 16, 164, 0, 15, 44, 8166 }, // U+04EE
    { 9, 16, 136, 0, 12, 36, 8210 }, // U+04EF
    { 11, 17, 164, 0, 16, 47, 8246 }, // U+04F0
    { 9, 17, 136, 0, 13, 39, 8293 }, // U+04F1
    { 11, 17, 164, 0, 16, 47, 8332 }, // U+04F2
    { 9, 17, 136, 0, 13, 39, 8379 }, // U+04F3
    { 9, 16, 180, 1, 16, 36, 8418 }, // U+04F4
    { 8, 13, 157, 1, 13, 26, 8454 }, // U+04F5
    { 8, 16, 141, 1, 12, 32, 8480 }, // U+04F6
    { 6, 13, 116, 1, 9, 20, 8512 }, // U+04F7
    { 12, 16, 226, 1, 16, 48, 8532 }, // U+04F8
    { 11, 13, 202, 1, 13, 36, 8580 }, // U+04F9
    { 9, 16, 141, 0, 12, 36, 8616 }, // U+04FA
    { 7, 13, 116, 0, 9, 23, 8652 }, // U+04FB
    { 11, 16, 169, 0, 12, 44, 8675 }, // U+04FC
    { 9, 13, 147, 0, 9, 30, 8719 }, // U+04FD
    { 10, 12, 156, 0, 12, 30, 8749 }, // U+04FE
    { 9, 9, 141, 0, 9, 21, 8779 }, // U+04FF
    { 8, 10, 160, 1, 10, 20, 0 }, // U+0E01
    { 8, 11, 146, 0, 10, 22, 20 }, // U+0E02
    { 8, 11, 146, 0, 10, 22, 42 }, // U+0E03
    { 8, 10, 164, 1, 10, 20, 64 }, // U+0E04
    { 8, 10, 166, 1, 10, 20, 84 }, // U+0E05
    { 9, 11, 160, 0, 10, 25, 104 }, // U+0E06
    { 9, 10, 143, 0, 10, 23, 129 }, // U+0E07
    { 8, 10, 142, 0, 10, 20, 152 }, // U+0E08
    { 8, 11, 161, 1, 10, 22, 172 }, // U+0E09
    { 8, 11, 147, 0, 10, 22, 194 }, // U+0E0A
    { 9, 11, 148, 0, 10, 25, 216 }, // U+0E0B
    { 13, 11, 242, 1, 10, 36, 241 }, // U+0E0C
    { 13, 13, 242, 1, 10, 43, 277 }, // U+0E0D
    { 9, 14, 161, 0, 10, 32, 320 }, // U+0E0E
    { 9, 14, 161, 0, 10, 32, 352 }, // U+0E0F
    { 9, 14, 146, 0, 10, 32, 384 }, // U+0E10
    { 10, 10, 167, 0, 10, 25, 416 }, // U+0E11
    { 14, 11, 241, 1, 10, 39, 441 }, // U+0E12
    { 13, 11, 242, 1, 10, 36, 480 }, // U+0E13
    { 8, 11, 164, 1, 10, 22, 516 }, // U+0E14
    { 9, 11, 170, 1, 10, 25, 538 }, // U+0E15
    { 8, 11, 161, 1, 10, 22, 563 }, // U+0E16
    { 8, 10, 162, 1, 10, 20, 585 }, // U+0E17
    { 8, 11, 145, 1, 10, 22, 605 }, // U+0E18
    { 8, 11, 164, 1, 10, 22, 627 }, // U+0E19
    { 8, 11, 161, 1, 10, 22, 649 }, // U+0E1A
    { 8, 14, 161, 1, 13, 28, 671 }, // U+0E1B
    { 9, 10, 173, 1, 10, 23, 699 }, // U+0E1C
    { 9, 13, 174, 1, 13, 30, 722 }, // U+0E1D
    { 11, 10, 185, 0, 10, 28, 752 }, // U+0E1E
    { 12, 13, 182, 0, 13, 39, 780 }, // U+0E1F
    { 9, 11, 161, 0, 10, 25, 819 }, // U+0E20
    { 8, 11, 164, 1, 10, 22, 844 }, // U+0E21
    { 8, 11, 158, 1, 10, 22, 866 }, // U+0E22
    { 8, 11, 130, 0, 10, 22, 888 }, // U+0E23
    { 8, 14, 161, 1, 10, 28, 910 }, // U+0E24
    { 9, 11, 152, 0, 10, 25, 938 }, // U+0E25
    { 9, 14, 161, 0, 10, 32, 963 }, // U+0E26
    { 8, 11, 131, 0, 10, 22, 995 }, // U+0E27
    { 9, 10, 168, 1, 10, 23, 1017 }, // U+0E28
    { 10, 11, 171, 1, 10, 28, 1040 }, // U+0E29
    { 9, 11, 153, 0, 10, 25, 1068 }, // U+0E2A
    { 8, 10, 157, 1, 10, 20, 1093 }, // U+0E2B
    { 12, 12, 178, 0, 12, 36, 1113 }, // U+0E2C
    { 8, 11, 153, 1, 10, 22, 1149 }, // U+0E2D
    { 8, 11, 149, 1, 10, 22, 1171 }, // U+0E2E
    { 8, 10, 138, 0, 10, 20, 1193 }, // U+0E2F
    { 5, 8, 90, 0, 9, 10, 1213 }, // U+0E30
    { 7, 3, 0, -6, 13, 6, 1223 }, // U+0E31
    { 6, 10, 108, 0, 10, 15, 1229 }, // U+0E32
    { 11, 14, 108, -5, 14, 39, 1244 }, // U+0E33
    { 8, 2, 0, -9, 12, 4, 1283 }, // U+0E34
    { 8, 4, 0, -9, 14, 8, 1287 }, // U+0E35
    { 8, 4, 0, -9, 14, 8, 1295 }, // U+0E36
    { 8, 4, 0, -9, 14, 8, 1303 }, // U+0E37
    { 3, 4, 0, -4, -1, 3, 1311 }, // U+0E38
    { 6, 4, 0, -7, -1, 6, 1314 }, // U+0E39
    { 3, 3, 0, -4, -1, 3, 1320 }, // U+0E3A
    { 8, 14, 156, 1, 13, 28, 1323 }, // U+0E3F
    { 4, 11, 79, 1, 10, 11, 1351 }, // U+0E40
    { 9, 11, 152, 1, 10, 25, 1362 }, // U+0E41
    { 6, 15, 82, 0, 14, 23, 1387 }, // U+0E42
    { 5, 15, 77, 0, 14, 19, 1410 }, // U+0E43
    { 6, 15, 81, -1, 14, 23, 1429 }, // U+0E44
    { 6, 14, 108, 0, 10, 21, 1452 }, // U+0E45
    { 8, 14, 159, 1, 10, 28, 1473 }, // U+0E46
    { 7, 5, 0, -8, 15, 9, 1501 }, // U+0E47
    { 2, 5, 0, -3, 15, 3, 1510 }, // U+0E48
    { 7, 4, 0, -7, 14, 7, 1513 }, // U+0E49
    { 8, 4, 0, -8, 14, 8, 1520 }, // U+0E4A
    { 5, 5, 0, -6, 15, 7, 1528 }, // U+0E4B
    { 5, 3, 0, -5, 13, 4, 1535 }, // U+0E4C
    { 5, 4, 0, -5, 14, 5, 1539 }, // U+0E4D
    { 5, 4, 0, -5, 14, 5, 1544 }, // U+0E4E
    { 8, 9, 159, 1, 8, 18, 1549 }, // U+0E4F
    { 9, 9, 152, 0, 8, 21, 1567 }, // U+0E50
    { 9, 9, 145, 0, 8, 21, 1588 }, // U+0E51
    { 10, 11, 164, 0, 10, 28, 1609 }, // U+0E52
    { 9, 9, 149, 0, 8, 21, 1637 }, // U+0E53
    { 9, 10, 144, 0, 10, 23, 1658 }, // U+0E54
    { 9, 10, 144, 0, 10, 23, 1681 }, // U+0E55
    { 8, 11, 139, 0, 10, 22, 1704 }, // U+0E56
    { 11, 11, 192, 0, 10, 31, 1726 }, // U+0E57
    { 9, 11, 151, 0, 10, 25, 1757 }, // U+0E58
    { 9, 11, 134, 0, 10, 25, 1782 }, // U+0E59
    { 12, 11, 205, 0, 10, 33, 1807 }, // U+0E5A
    { 14, 6, 233, 0, 7, 21, 1840 }, // U+0E5B
    { 11, 15, 170, 0, 12, 42, 0 }, // U+1EA0
    { 8, 13, 150, 0, 10, 26, 42 }, // U+1EA1
    { 11, 17, 170, 0, 17, 47, 68 }, // U+1EA2
    { 8, 15, 150, 0, 14, 30, 115 }, // U+1EA3
    { 11, 17, 170, 0, 17, 47, 145 }, // U+1EA4
    { 10, 15, 150, 0, 14, 38, 192 }, // U+1EA5
    { 11, 17, 170, 0, 17, 47, 230 }, // U+1EA6
    { 8, 15, 150, 0, 14, 30, 277 }, // U+1EA7
    { 11, 18, 170, 0, 18, 50, 307 }, // U+1EA8
    { 9, 16, 150, 0, 15, 36, 357 }, // U+1EA9
    { 11, 18, 170, 0, 18, 50, 393 }, // U+1EAA
    { 8, 16, 150, 0, 15, 32, 443 }, // U+1EAB
    { 11, 19, 170, 0, 16, 53, 475 }, // U+1EAC
    { 8, 16, 150, 0, 13, 32, 528 }, // U+1EAD
    { 11, 17, 170, 0, 17, 47, 560 }, // U+1EAE
    { 8, 16, 150, 0, 15, 32, 607 }, // U+1EAF
    { 11, 17, 170, 0, 17, 47, 639 }, // U+1EB0
    { 8, 16, 150, 0, 15, 32, 686 }, // U+1EB1
    { 11, 18, 170, 0, 18, 50, 718 }, // U+1EB2
    { 8, 16, 150, 0, 15, 32, 768 }, // U+1EB3
    { 11, 18, 170, 0, 18, 50, 800 }, // U+1EB4
    { 8, 16, 150, 0, 15, 32, 850 }, // U+1EB5
    { 11, 19, 170, 0, 16, 53, 882 }, // U+1EB6
    { 8, 16, 150, 0, 13, 32, 935 }, // U+1EB7
    { 8, 15, 148, 1, 12, 30, 967 }, // U+1EB8
    { 9, 13, 150, 0, 10, 30, 997 }, // U+1EB9
    { 8, 17, 148, 1, 17, 34, 1027 }, // U+1EBA
    { 9, 15, 150, 0, 14, 34, 1061 }, // U+1EBB
    { 8, 16, 148, 1, 16, 32, 1095 }, // U+1EBC
    { 9, 14, 150, 0, 13, 32, 1127 }, // U+1EBD
    { 9, 17, 148, 1, 17, 39, 1159 }, // U+1EBE
    { 10, 15, 150, 0, 14, 38, 1198 }, // U+1EBF
    { 9, 17, 148, 0, 17, 39, 1236 }, // U+1EC0
    { 9, 15, 150, 0, 14, 34, 1275 }, // U+1EC1
    { 8, 18, 148, 1, 18, 36, 1309 }, // U+1EC2
    { 9, 16, 150, 0, 15, 36, 1345 }, // U+1EC3
    { 8, 18, 148, 1, 18, 36, 1381 }, // U+1EC4
    { 9, 16, 150, 0, 15, 36, 1417 }, // U+1EC5
    { 8, 19, 148, 1, 16, 38, 1453 }, // U+1EC6
    { 9, 16, 150, 0, 13, 36, 1491 }, // U+1EC7
    { 5, 17, 90, 0, 17, 22, 1527 }, // U+1EC8
    { 4, 14, 69, 1, 14, 14, 1549 }, // U+1EC9
    { 5, 15, 90, 0, 12, 19, 1563 }, // U+1ECA
    { 3, 16, 69, 1, 13, 12, 1582 }, // U+1ECB
    { 11, 16, 208, 1, 13, 44, 1594 }, // U+1ECC
    { 10, 13, 161, 0, 10, 33, 1638 }, // U+1ECD
    { 11, 18, 208, 1, 17, 50, 1671 }, // U+1ECE
    { 10, 15, 161, 0, 14, 38, 1721 }, // U+1ECF
    { 11, 18, 208, 1, 17, 50, 1759 }, // U+1ED0
    { 10, 15, 161, 0, 14, 38, 1809 }, // U+1ED1
    { 11, 18, 208, 1, 17, 50, 1847 }, // U+1ED2
    { 10, 15, 161, 0, 14, 38, 1897 }, // U+1ED3
    { 11, 19, 208, 1, 18, 53, 1935 }, // U+1ED4
    { 10, 16, 161, 0, 15, 40, 1988 }, // U+1ED5
    { 11, 19, 208, 1, 18, 53, 2028 }, // U+1ED6
    { 10, 16, 161, 0, 15, 40, 2081 }, // U+1ED7
    { 11, 19, 208, 1, 16, 53, 2121 }, // U+1ED8
    { 10, 16, 161, 0, 13, 40, 2174 }, // U+1ED9
    { 13, 17, 209, 1, 16, 56, 2214 }, // U+1EDA
    { 11, 14, 164, 0, 13, 39, 2270 }, // U+1EDB
    { 13, 17, 209, 1, 16, 56, 2309 }, // U+1EDC
    { 11, 14, 164, 0, 13, 39, 2365 }, // U+1EDD
    { 13, 18, 209, 1, 17, 59, 2404 }, // U+1EDE
    { 11, 15, 164, 0, 14, 42, 2463 }, // U+1EDF
    { 13, 17, 209, 1, 16, 56, 2505 }, // U+1EE0
    { 11, 14, 164, 0, 13, 39, 2561 }, // U+1EE1
    { 13, 16, 209, 1, 13, 52, 2600 }, // U+1EE2
    { 11, 14, 164, 0, 11, 39, 2652 }, // U+1EE3
    { 10, 15, 195, 1, 12, 38, 2691 }, // U+1EE4
    { 8, 12, 165, 1, 9, 24, 2729 }, // U+1EE5
    { 10, 18, 195, 1, 17, 45, 2753 }, // U+1EE6
    { 8, 15, 165, 1, 14, 30, 2798 }, // U+1EE7
    { 13, 17, 208, 1, 16, 56, 2828 }, // U+1EE8
    { 11, 14, 180, 1, 13, 39, 2884 }, // U+1EE9
    { 13, 17, 208, 1, 16, 56, 2923 }, // U+1EEA
    { 11, 14, 180, 1, 13, 39, 2979 }, // U+1EEB
    { 13, 18, 208, 1, 17, 59, 3018 }, // U+1EEC
    { 11, 15, 180, 1, 14, 42, 3077 }, // U+1EED
    { 13, 17, 208, 1, 16, 56, 3119 }, // U+1EEE
    { 11, 14, 180, 1, 13, 39, 3175 }, // U+1EEF
    { 13, 16, 208, 1, 13, 52, 3214 }, // U+1EF0
    { 11, 14, 180, 1, 11, 39, 3266 }, // U+1EF1
    { 10, 16, 151, 0, 16, 40, 3305 }, // U+1EF2
    { 9, 17, 136, 0, 13, 39, 3345 }, // U+1EF3
    { 10, 15, 151, 0, 12, 38, 3384 }, // U+1EF4
    { 9, 13, 136, 0, 9, 30, 3422 }, // U+1EF5
    { 10, 17, 151, 0, 17, 43, 3452 }, // U+1EF6
    { 9, 18, 136, 0, 14, 41, 3495 }, // U+1EF7
    { 10, 16, 151, 0, 16, 40, 3536 }, // U+1EF8
    { 9, 17, 136, 0, 13, 39, 3576 }, // U+1EF9
    { 0, 0, 133, 0, 0, 0, 0 }, // U+2000
    { 0, 0, 267, 0, 0, 0, 0 }, // U+2001
    { 0, 0, 133, 0, 0, 0, 0 }, // U+2002
    { 0, 0, 267, 0, 0, 0, 0 }, // U+2003
    { 0, 0, 89, 0, 0, 0, 0 }, // U+2004
    { 0, 0, 67, 0, 0, 0, 0 }, // U+2005
    { 0, 0, 45, 0, 0, 0, 0 }, // U+2006
    { 0, 0, 153, 0, 0, 0, 0 }, // U+2007
    { 0, 0, 71, 0, 0, 0, 0 }, // U+2008
    { 0, 0, 44, 0, 0, 0, 0 }, // U+2009
    { 0, 0, 27, 0, 0, 0, 0 }, // U+200A
    { 0, 0, 0, 0, 0, 0, 0 }, // U+200B
    { 0, 0, 0, 0, 0, 0, 0 }, // U+200C
    { 0, 0, 0, 0, 0, 0, 0 }, // U+200D
    { 5, 15, 0, -1, 12, 19, 0 }, // U+200E
    { 5, 15, 0, -4, 12, 19, 19 }, // U+200F
    { 5, 3, 86, 0, 6, 4, 38 }, // U+2010
    { 5, 3, 86, 0, 6, 4, 42 }, // U+2011
    { 9, 2, 153, 0, 7, 5, 46 }, // U+2012
    { 8, 3, 133, 0, 6, 6, 51 }, // U+2013
    { 16, 3, 267, 0, 6, 12, 57 }, // U+2014
    { 16, 3, 267, 0, 6, 12, 69 }, // U+2015
    { 6, 18, 147, 2, 13, 27, 81 }, // U+2016
    { 8, 4, 110, -1, 0, 8, 108 }, // U+2017
    { 3, 5, 47, 0, 12, 4, 116 }, // U+2018
    { 3, 5, 47, 0, 12, 4, 120 }, // U+2019
    { 4, 5, 67, 0, 2, 5, 124 }, // U+201A
    { 3, 5, 47, 0, 12, 4, 129 }, // U+201B
    { 6, 5, 96, 0, 12, 8, 133 }, // U+201C
    { 6, 5, 96, 0, 12, 8, 141 }, // U+201D
    { 7, 5, 111, 0, 2, 9, 149 }, // U+201E
    { 6, 5, 96, 0, 12, 8, 158 }, // U+201F
    { 7, 13, 137, 1, 13, 23, 166 }, // U+2020
    { 7, 13, 137, 1, 13, 23, 189 }, // U+2021
    { 4, 5, 100, 1, 9, 5, 212 }, // U+2022
    { 5, 6, 98, 1, 9, 8, 217 }, // U+2023
    { 3, 4, 133, 3, 3, 3, 225 }, // U+2024
    { 7, 4, 143, 1, 3, 7, 228 }, // U+2025
    { 11, 4, 211, 1, 3, 11, 235 }, // U+2026
    { 3, 4, 71, 1, 6, 3, 246 }, // U+2027
    { 0, 0, 160, 0, 0, 0, 249 }, // U+2028
    { 0, 0, 160, 0, 0, 0, 249 }, // U+2029
    { 5, 14, 0, -1, 11, 18, 249 }, // U+202A
    { 5, 14, 0, -4, 11, 18, 267 }, // U+202B
    { 4, 15, 0, -2, 12, 15, 285 }, // U+202C
    { 4, 15, 0, -2, 12, 15, 300 }, // U+202D
    { 4, 15, 0, -2, 12, 15, 315 }, // U+202E
    { 0, 0, 44, 0, 0, 0, 330 }, // U+202F
    { 19, 14, 314, 0, 13, 67, 330 }, // U+2030
    { 25, 14, 412, 0, 13, 88, 397 }, // U+2031
    { 5, 5, 62, 0, 12, 7, 485 }, // U+2032
    { 8, 5, 109, 0, 12, 10, 492 }, // U+2033
    { 11, 5, 156, 0, 12, 14, 502 }, // U+2034
    { 5, 5, 62, -1, 12, 7, 516 }, // U+2035
    { 7, 5, 117, -1, 12, 9, 523 }, // U+2036
    { 10, 5, 161, -1, 12, 13, 532 }, // U+2037
    { 7, 6, 106, 0, 2, 11, 545 }, // U+2038
    { 5, 8, 83, 0, 8, 10, 556 }, // U+2039
    { 5, 8, 83, 0, 8, 10, 566 }, // U+203A
    { 14, 14, 223, 0, 13, 49, 576 }, // U+203B
    { 7, 13, 133, 1, 12, 23, 625 }, // U+203C
    { 7, 14, 118, 0, 13, 25, 648 }, // U+203D
    { 10, 2, 133, -1, 14, 5, 673 }, // U+203E
    { 10, 4, 162, 0, 0, 10, 678 }, // U+203F
    { 10, 5, 162, 0, 14, 13, 688 }, // U+2040
    { 6, 11, 100, 0, 7, 17, 701 }, // U+2041
    { 19, 16, 298, 0, 13, 76, 718 }, // U+2042
    { 5, 3, 86, 0, 6, 4, 794 }, // U+2043
    { 10, 12, 35, -4, 12, 30, 798 }, // U+2044
    { 4, 15, 86, 1, 12, 15, 828 }, // U+2045
    { 5, 15, 86, 0, 12, 19, 843 }, // U+2046
    { 14, 14, 228, 0, 13, 49, 862 }, // U+2047
    { 11, 14, 181, 0, 13, 39, 911 }, // U+2048
    { 10, 14, 182, 1, 13, 35, 950 }, // U+2049
    { 9, 9, 153, 0, 9, 21, 985 }, // U+204A
    { 9, 16, 175, 1, 13, 36, 1006 }, // U+204B
    { 10, 9, 170, 0, 9, 23, 1042 }, // U+204C
    { 9, 9, 170, 1, 9, 21, 1065 }, // U+204D
    { 9, 8, 147, 0, 5, 18, 1086 }, // U+204E
    { 4, 13, 63, 0, 10, 13, 1104 }, // U+204F
    { 10, 18, 161, 0, 14, 45, 1117 }, // U+2050
    { 9, 16, 147, 0, 13, 36, 1162 }, // U+2051
    { 7, 14, 99, 0, 13, 25, 1198 }, // U+2052
    { 15, 4, 267, 1, 7, 15, 1223 }, // U+2053
    { 10, 4, 161, 0, 0, 10, 1238 }, // U+2054
    { 9, 10, 153, 0, 9, 23, 1248 }, // U+2055
    { 8, 14, 138, 0, 13, 28, 1271 }, // U+2056
    { 13, 5, 198, 0, 12, 17, 1299 }, // U+2057
    { 13, 14, 219, 0, 13, 46, 1316 }, // U+2058
    { 13, 14, 221, 0, 13, 46, 1362 }, // U+2059
    { 3, 14, 59, 0, 13, 11, 1408 }, // U+205A
    { 11, 14, 174, 0, 13, 39, 1419 }, // U+205B
    { 13, 14, 212, 0, 13, 46, 1458 }, // U+205C
    { 3, 13, 71, 1, 12, 10, 1504 }, // U+205D
    { 3, 14, 71, 1, 13, 11, 1514 }, // U+205E
    { 0, 0, 59, 0, 0, 0, 1525 }, // U+205F
    { 0, 0, 160, 0, 0, 0, 1525 }, // U+2060
    { 0, 0, 160, 0, 0, 0, 1525 }, // U+2061
    { 0, 0, 160, 0, 0, 0, 1525 }, // U+2062
    { 0, 0, 160, 0, 0, 0, 1525 }, // U+2063
    { 0, 0, 160, 0, 0, 0, 1525 }, // U+2064
    { 0, 0, 0, 0, 0, 0, 1525 }, // U+2066
    { 0, 0, 0, 0, 0, 0, 1525 }, // U+2067
    { 0, 0, 0, 0, 0, 0, 1525 }, // U+2068
    { 0, 0, 0, 0, 0, 0, 1525 }, // U+2069
    { 4, 15, 0, -2, 12, 15, 1525 }, // U+206A
    { 4, 15, 0, -2, 12, 15, 1540 }, // U+206B
    { 4, 15, 0, -2, 12, 15, 1555 }, // U+206C
    { 4, 15, 0, -2, 12, 15, 1570 }, // U+206D
    { 4, 15, 0, -2, 12, 15, 1585 }, // U+206E
    { 4, 15, 0, -2, 12, 15, 1600 }, // U+206F
    { 6, 9, 93, 0, 15, 14, 0 }, // U+2070
    { 2, 9, 45, 0, 13, 5, 14 }, // U+2071
    { 6, 9, 93, 0, 15, 14, 19 }, // U+2074
    { 6, 9, 93, 0, 15, 14, 33 }, // U+2075
    { 6, 9, 93, 0, 15, 14, 47 }, // U+2076
    { 6, 9, 93, 0, 15, 14, 61 }, // U+2077
    { 6, 9, 93, 0, 15, 14, 75 }, // U+2078
    { 6, 9, 93, 0, 15, 14, 89 }, // U+2079
    { 6, 6, 90, 0, 13, 9, 103 }, // U+207A
    { 6, 2, 90, 0, 11, 3, 112 }, // U+207B
    { 6, 4, 90, 0, 12, 6, 115 }, // U+207C
    { 3, 10, 60, 1, 16, 8, 121 }, // U+207D
    { 3, 10, 60, 0, 16, 8, 129 }, // U+207E
    { 6, 7, 107, 0, 11, 11, 137 }, // U+207F
    { 6, 9, 93, 0, 6, 14, 148 }, // U+2080
    { 4, 9, 93, 0, 6, 9, 162 }, // U+2081
    { 6, 9, 93, 0, 6, 14, 171 }, // U+2082
    { 6, 9, 93, 0, 6, 14, 185 }, // U+2083
    { 6, 9, 93, 0, 6, 14, 199 }, // U+2084
    { 6, 9, 93, 0, 6, 14, 213 }, // U+2085
    { 6, 9, 93, 0, 6, 14, 227 }, // U+2086
    { 6, 9, 93, 0, 6, 14, 241 }, // U+2087
    { 6, 9, 93, 0, 6, 14, 255 }, // U+2088
    { 6, 9, 93, 0, 6, 14, 269 }, // U+2089
    { 6, 6, 90, 0, 4, 9, 283 }, // U+208A
    { 6, 2, 90, 0, 2, 3, 292 }, // U+208B
    { 6, 4, 90, 0, 3, 6, 295 }, // U+208C
    { 3, 10, 60, 1, 7, 8, 301 }, // U+208D
    { 3, 10, 60, 0, 7, 8, 309 }, // U+208E
    { 6, 6, 97, 0, 4, 9, 317 }, // U+2090
    { 6, 6, 98, 0, 4, 9, 326 }, // U+2091
    { 6, 6, 105, 0, 4, 9, 335 }, // U+2092
    { 6, 6, 92, 0, 4, 9, 344 }, // U+2093
    { 6, 6, 98, 0, 4, 9, 353 }, // U+2094
    { 6, 8, 107, 0, 6, 12, 362 }, // U+2095
    { 6, 8, 93, 0, 6, 12, 374 }, // U+2096
    { 2, 8, 45, 0, 6, 4, 386 }, // U+2097
    { 10, 6, 162, 0, 4, 15, 390 }, // U+2098
    { 6, 6, 107, 0, 4, 9, 405 }, // U+2099
    { 7, 8, 107, 0, 4, 14, 414 }, // U+209A
    { 5, 6, 83, 0, 4, 8, 428 }, // U+209B
    { 4, 7, 63, 0, 5, 7, 436 }, // U+209C
    { 9, 13, 153, 0, 13, 30, 0 }, // U+20A0
    { 10, 14, 153, 0, 13, 35, 30 }, // U+20A1
    { 9, 14, 153, 0, 13, 32, 65 }, // U+20A2
    { 9, 12, 153, 0, 12, 27, 97 }, // U+20A3
    { 9, 13, 153, 0, 13, 30, 124 }, // U+20A4
    { 14, 14, 249, 1, 12, 49, 154 }, // U+20A5
    { 10, 12, 153, 0, 12, 30, 203 }, // U+20A6
    { 12, 13, 207, 1, 12, 39, 233 }, // U+20A7
    { 13, 13, 222, 1, 12, 43, 272 }, // U+20A8
    { 11, 12, 179, 0, 12, 33, 315 }, // U+20A9
    { 11, 12, 213, 1, 12, 33, 348 }, // U+20AA
    { 11, 16, 165, 0, 13, 44, 381 }, // U+20AB
    { 10, 14, 153, 0, 13, 35, 425 }, // U+20AC
    { 10, 12, 153, 0, 12, 30, 460 }, // U+20AD
    { 10, 12, 153, 0, 12, 30, 490 }, // U+20AE
    { 16, 17, 259, 0, 13, 68, 520 }, // U+20AF
    { 9, 17, 153, 0, 13, 39, 588 }, // U+20B0
    { 10, 12, 153, 0, 12, 30, 627 }, // U+20B1
    { 10, 15, 194, 1, 13, 38, 657 }, // U+20B2
    { 11, 12, 162, 0, 12, 33, 695 }, // U+20B3
    { 9, 14, 146, 0, 13, 32, 728 }, // U+20B4
    { 10, 15, 169, 1, 13, 38, 760 }, // U+20B5
    { 10, 12, 166, 0, 11, 30, 798 }, // U+20B6
    { 12, 15, 194, 0, 13, 45, 828 }, // U+20B7
    { 9, 12, 146, 0, 12, 27, 873 }, // U+20B8
    { 8, 12, 153, 1, 12, 24, 900 }, // U+20B9
    { 10, 13, 153, 0, 12, 33, 924 }, // U+20BA
    { 13, 14, 208, 0, 13, 46, 957 }, // U+20BB
    { 13, 12, 216, 0, 12, 39, 1003 }, // U+20BC
    { 10, 12, 155, 0, 12, 30, 1042 }, // U+20BD
    { 11, 13, 206, 1, 13, 36, 1072 }, // U+20BE
    { 8, 16, 153, 1, 14, 32, 1108 }, // U+20BF
    { 8, 13, 132, 0, 10, 26, 1140 }, // U+20C0
    { 9, 2, 153, 0, 7, 5, 0 }, // U+2212
    { 13, 13, 184, 0, 13, 43, 0 }, // U+FB00
    { 9, 13, 161, 0, 13, 30, 43 }, // U+FB01
    { 9, 13, 161, 0, 13, 30, 73 }, // U+FB02
    { 15, 13, 252, 0, 13, 49, 103 }, // U+FB03
    { 15, 13, 252, 0, 13, 49, 152 }, // U+FB04
    { 10, 14, 180, 1, 13, 35, 201 }, // U+FB05
    { 14, 14, 224, 0, 13, 49, 236 }, // U+FB06
    { 16, 16, 267, 0, 13, 64, 0 }, // U+FFFD
};

static const EpdUnicodeInterval notosans_8_regularIntervals[] = {
    { 0x0, 0x0, 0x0 },
    { 0xD, 0xD, 0x1 },
    { 0x20, 0x7E, 0x2 },
    { 0xA0, 0xFF, 0x61 },
    { 0x100, 0x17F, 0xC1 },
    { 0x1A0, 0x1A1, 0x141 },
    { 0x1AF, 0x1B0, 0x143 },
    { 0x1C4, 0x21F, 0x145 },
    { 0x300, 0x36F, 0x1A1 },
    { 0x400, 0x4FF, 0x211 },
    { 0xE01, 0xE3A, 0x311 },
    { 0xE3F, 0xE5B, 0x34B },
    { 0x1EA0, 0x1EF9, 0x368 },
    { 0x2000, 0x2064, 0x3C2 },
    { 0x2066, 0x206F, 0x427 },
    { 0x2070, 0x2071, 0x431 },
    { 0x2074, 0x208E, 0x433 },
    { 0x2090, 0x209C, 0x44E },
    { 0x20A0, 0x20C0, 0x45B },
    { 0x2212, 0x2212, 0x47C },
    { 0xFB00, 0xFB06, 0x47D },
    { 0xFFFD, 0xFFFD, 0x484 },
};

static const EpdFontGroup notosans_8_regularGroups[] = {
    { 0, 1577, 2816, 97, 0 },
    { 1577, 1413, 3213, 96, 97 },
    { 2990, 1764, 4912, 128, 193 },
    { 4754, 1689, 4302, 96, 321 },
    { 6443, 553, 712, 112, 417 },
    { 6996, 4418, 9910, 256, 529 },
    { 11414, 1230, 2151, 87, 785 },
    { 12644, 1042, 4140, 90, 872 },
    { 13686, 1028, 1907, 111, 962 },
    { 14714, 293, 573, 42, 1073 },
    { 15007, 956, 1355, 33, 1115 },
    { 15963, 8, 6, 1, 1148 },
    { 15971, 158, 332, 7, 1149 },
    { 16129, 65, 64, 1, 1156 },
};

static const EpdKernClassEntry notosans_8_regularKernLeftClasses[] = {
    { 0x0022, 1 }, // "
    { 0x0026, 2 }, // &
    { 0x0027, 1 }, // '
    { 0x0028, 3 }, // (
    { 0x002C, 4 }, // ,
    { 0x002D, 5 }, // -
    { 0x002E, 4 }, // .
    { 0x003A, 6 }, // :
    { 0x0041, 7 }, // A
    { 0x0042, 8 }, // B
    { 0x0043, 9 }, // C
    { 0x0044, 10 }, // D
    { 0x0045, 11 }, // E
    { 0x0046, 12 }, // F
    { 0x004B, 9 }, // K
    { 0x004C, 13 }, // L
    { 0x004F, 10 }, // O
    { 0x0050, 14 }, // P
    { 0x0051, 10 }, // Q
    { 0x0052, 15 }, // R
    { 0x0054, 16 }, // T
    { 0x0055, 17 }, // U
    { 0x0056, 18 }, // V
    { 0x0057, 18 }, // W
    { 0x0058, 9 }, // X
    { 0x0059, 19 }, // Y
    { 0x005A, 20 }, // Z
    { 0x005B, 3 }, // [
    { 0x005F, 21 }, // _
    { 0x0061, 22 }, // a
    { 0x0062, 23 }, // b
    { 0x0063, 24 }, // c
    { 0x0065, 23 }, // e
    { 0x0066, 25 }, // f
    { 0x0068, 22 }, // h
    { 0x006D, 22 }, // m
    { 0x006E, 22 }, // n
    { 0x006F, 23 }, // o
    { 0x0070, 23 }, // p
    { 0x0072, 26 }, // r
    { 0x0074, 24 }, // t
    { 0x0076, 27 }, // v
    { 0x0077, 27 }, // w
    { 0x0078, 28 }, // x
    { 0x0079, 27 }, // y
    { 0x007B, 3 }, // {
    { 0x00A1, 29 }, // U+00A1
    { 0x00AB, 30 }, // U+00AB
    { 0x00BB, 31 }, // U+00BB
    { 0x00BF, 32 }, // U+00BF
    { 0x00C0, 7 }, // U+00C0
    { 0x00C1, 7 }, // U+00C1
    { 0x00C2, 7 }, // U+00C2
    { 0x00C3, 7 }, // U+00C3
    { 0x00C4, 7 }, // U+00C4
    { 0x00C5, 7 }, // U+00C5
    { 0x00C6, 11 }, // U+00C6
    { 0x00C7, 9 }, // U+00C7
    { 0x00C8, 11 }, // U+00C8
    { 0x00C9, 11 }, // U+00C9
    { 0x00CA, 11 }, // U+00CA
    { 0x00CB, 11 }, // U+00CB
    { 0x00D0, 10 }, // U+00D0
    { 0x00D2, 10 }, // U+00D2
    { 0x00D3, 10 }, // U+00D3
    { 0x00D4, 10 }, // U+00D4
    { 0x00D5, 10 }, // U+00D5
    { 0x00D6, 10 }, // U+00D6
    { 0x00D8, 10 }, // U+00D8
    { 0x00D9, 17 }, // U+00D9
    { 0x00DA, 17 }, // U+00DA
    { 0x00DB, 17 }, // U+00DB
    { 0x00DC, 17 }, // U+00DC
    { 0x00DD, 19 }, // U+00DD
    { 0x00DE, 14 }, // U+00DE
    { 0x00E0, 22 }, // U+00E0
    { 0x00E1, 22 }, // U+00E1
    { 0x00E2, 22 }, // U+00E2
    { 0x00E3, 22 }, // U+00E3
    { 0x00E4, 22 }, // U+00E4
    { 0x00E5, 22 }, // U+00E5
    { 0x00E6, 23 }, // U+00E6
    { 0x00E8, 23 }, // U+00E8
    { 0x00E9, 23 }, // U+00E9
    { 0x00EA, 23 }, // U+00EA
    { 0x00EB, 23 }, // U+00EB
    { 0x00EE, 33 }, // U+00EE
    { 0x00EF, 33 }, // U+00EF
    { 0x00F0, 23 }, // U+00F0
    { 0x00F2, 23 }, // U+00F2
    { 0x00F3, 23 }, // U+00F3
    { 0x00F4, 23 }, // U+00F4
    { 0x00F5, 23 }, // U+00F5
    { 0x00F6, 23 }, // U+00F6
    { 0x00F8, 23 }, // U+00F8
    { 0x00FD, 27 }, // U+00FD
    { 0x00FE, 23 }, // U+00FE
    { 0x00FF, 27 }, // U+00FF
    { 0x0100, 7 }, // U+0100
    { 0x0101, 22 }, // U+0101
    { 0x0102, 7 }, // U+0102
    { 0x0103, 22 }, // U+0103
    { 0x0104, 34 }, // U+0104
    { 0x0105, 22 }, // U+0105
    { 0x0106, 9 }, // U+0106
    { 0x0108, 9 }, // U+0108
    { 0x010A, 9 }, // U+010A
    { 0x010C, 9 }, // U+010C
    { 0x010E, 10 }, // U+010E
    { 0x010F, 35 }, // U+010F
    { 0x0110, 10 }, // U+0110
    { 0x0112, 11 }, // U+0112
    { 0x0113, 23 }, // U+0113
    { 0x0114, 11 }, // U+0114
    { 0x0115, 23 }, // U+0115
    { 0x0116, 11 }, // U+0116
    { 0x0117, 23 }, // U+0117
    { 0x0118, 11 }, // U+0118
    { 0x0119, 23 }, // U+0119
    { 0x011A, 11 }, // U+011A
    { 0x011B, 23 }, // U+011B
    { 0x0125, 22 }, // U+0125
    { 0x0129, 36 }, // U+0129
    { 0x012B, 33 }, // U+012B
    { 0x012E, 37 }, // U+012E
    { 0x0136, 9 }, // U+0136
    { 0x0138, 28 }, // U+0138
    { 0x0139, 13 }, // U+0139
    { 0x013B, 13 }, // U+013B
    { 0x013D, 13 }, // U+013D
    { 0x013E, 35 }, // U+013E
    { 0x013F, 13 }, // U+013F
    { 0x0141, 13 }, // U+0141
    { 0x0144, 22 }, // U+0144
    { 0x0146, 22 }, // U+0146
    { 0x0149, 22 }, // U+0149
    { 0x014B, 22 }, // U+014B
    { 0x014C, 10 }, // U+014C
    { 0x014D, 23 }, // U+014D
    { 0x014E, 10 }, // U+014E
    { 0x014F, 23 }, // U+014F
    { 0x0150, 10 }, // U+0150
    { 0x0151, 23 }, // U+0151
    { 0x0152, 11 }, // U+0152
    { 0x0153, 23 }, // U+0153
    { 0x0155, 26 }, // U+0155
    { 0x0157, 26 }, // U+0157
    { 0x0159, 26 }, // U+0159
    { 0x0162, 16 }, // U+0162
    { 0x0163, 24 }, // U+0163
    { 0x0164, 16 }, // U+0164
    { 0x0165, 38 }, // U+0165
    { 0x0166, 16 }, // U+0166
    { 0x0167, 24 }, // U+0167
    { 0x0168, 17 }, // U+0168
    { 0x016A, 17 }, // U+016A
    { 0x016C, 17 }, // U+016C
    { 0x016E, 17 }, // U+016E
    { 0x0170, 17 }, // U+0170
    { 0x0172, 17 }, // U+0172
    { 0x0174, 18 }, // U+0174
    { 0x0175, 27 }, // U+0175
    { 0x0176, 19 }, // U+0176
    { 0x0177, 27 }, // U+0177
    { 0x0178, 19 }, // U+0178
    { 0x0179, 20 }, // U+0179
    { 0x017B, 20 }, // U+017B
    { 0x017D, 20 }, // U+017D
    { 0x01A0, 39 }, // U+01A0
    { 0x01A1, 40 }, // U+01A1
    { 0x01AF, 41 }, // U+01AF
    { 0x01B0, 42 }, // U+01B0
    { 0x01FA, 7 }, // U+01FA
    { 0x01FB, 22 }, // U+01FB
    { 0x01FC, 11 }, // U+01FC
    { 0x01FD, 23 }, // U+01FD
    { 0x01FE, 10 }, // U+01FE
    { 0x020B, 33 }, // U+020B
    { 0x021A, 16 }, // U+021A
    { 0x021B, 24 }, // U+021B
    { 0x0400, 43 }, // U+0400
    { 0x0401, 43 }, // U+0401
    { 0x0402, 44 }, // U+0402
    { 0x0403, 45 }, // U+0403
    { 0x0404, 46 }, // U+0404
    { 0x0405, 47 }, // U+0405
    { 0x0409, 48 }, // U+0409
    { 0x040A, 48 }, // U+040A
    { 0x040B, 44 }, // U+040B
    { 0x040C, 49 }, // U+040C
    { 0x040E, 50 }, // U+040E
    { 0x0410, 51 }, // U+0410
    { 0x0411, 52 }, // U+0411
    { 0x0412, 53 }, // U+0412
    { 0x0413, 45 }, // U+0413
    { 0x0414, 54 }, // U+0414
    { 0x0415, 43 }, // U+0415
    { 0x0416, 49 }, // U+0416
    { 0x0417, 53 }, // U+0417
    { 0x041A, 49 }, // U+041A
    { 0x041E, 55 }, // U+041E
    { 0x0420, 56 }, // U+0420
    { 0x0421, 46 }, // U+0421
    { 0x0422, 45 }, // U+0422
    { 0x0423, 50 }, // U+0423
    { 0x0424, 57 }, // U+0424
    { 0x0425, 49 }, // U+0425
    { 0x0426, 54 }, // U+0426
    { 0x0429, 54 }, // U+0429
    { 0x042A, 48 }, // U+042A
    { 0x042C, 48 }, // U+042C
    { 0x042D, 55 }, // U+042D
    { 0x042E, 55 }, // U+042E
    { 0x0430, 58 }, // U+0430
    { 0x0431, 59 }, // U+0431
    { 0x0432, 60 }, // U+0432
    { 0x0433, 61 }, // U+0433
    { 0x0434, 62 }, // U+0434
    { 0x0435, 63 }, // U+0435
    { 0x0436, 64 }, // U+0436
    { 0x0437, 60 }, // U+0437
    { 0x0438, 65 }, // U+0438
    { 0x0439, 65 }, // U+0439
    { 0x043A, 64 }, // U+043A
    { 0x043B, 65 }, // U+043B
    { 0x043C, 65 }, // U+043C
    { 0x043D, 65 }, // U+043D
    { 0x043E, 63 }, // U+043E
    { 0x043F, 65 }, // U+043F
    { 0x0440, 63 }, // U+0440
    { 0x0441, 66 }, // U+0441
    { 0x0442, 61 }, // U+0442
    { 0x0443, 67 }, // U+0443
    { 0x0444, 63 }, // U+0444
    { 0x0445, 64 }, // U+0445
    { 0x0446, 62 }, // U+0446
    { 0x0447, 65 }, // U+0447
    { 0x0448, 65 }, // U+0448
    { 0x0449, 62 }, // U+0449
    { 0x044A, 68 }, // U+044A
    { 0x044B, 65 }, // U+044B
    { 0x044C, 68 }, // U+044C
    { 0x044D, 63 }, // U+044D
    { 0x044E, 63 }, // U+044E
    { 0x044F, 65 }, // U+044F
    { 0x0450, 63 }, // U+0450
    { 0x0451, 63 }, // U+0451
    { 0x0452, 69 }, // U+0452
    { 0x0453, 61 }, // U+0453
    { 0x0454, 66 }, // U+0454
    { 0x0455, 70 }, // U+0455
    { 0x0457, 71 }, // U+0457
    { 0x0458, 72 }, // U+0458
    { 0x0459, 68 }, // U+0459
    { 0x045A, 68 }, // U+045A
    { 0x045B, 73 }, // U+045B
    { 0x045C, 64 }, // U+045C
    { 0x045D, 65 }, // U+045D
    { 0x045E, 67 }, // U+045E
    { 0x045F, 65 }, // U+045F
    { 0x0460, 55 }, // U+0460
    { 0x0461, 74 }, // U+0461
    { 0x0462, 75 }, // U+0462
    { 0x0463, 68 }, // U+0463
    { 0x0464, 46 }, // U+0464
    { 0x0465, 66 }, // U+0465
    { 0x0466, 51 }, // U+0466
    { 0x0467, 76 }, // U+0467
    { 0x0468, 51 }, // U+0468
    { 0x0469, 76 }, // U+0469
    { 0x046E, 77 }, // U+046E
    { 0x0471, 63 }, // U+0471
    { 0x0472, 55 }, // U+0472
    { 0x0473, 63 }, // U+0473
    { 0x0474, 50 }, // U+0474
    { 0x0475, 74 }, // U+0475
    { 0x0476, 50 }, // U+0476
    { 0x0477, 74 }, // U+0477
    { 0x0478, 67 }, // U+0478
    { 0x0479, 67 }, // U+0479
    { 0x047A, 55 }, // U+047A
    { 0x047B, 63 }, // U+047B
    { 0x047C, 55 }, // U+047C
    { 0x047D, 63 }, // U+047D
    { 0x047E, 55 }, // U+047E
    { 0x047F, 74 }, // U+047F
    { 0x0480, 46 }, // U+0480
    { 0x048A, 54 }, // U+048A
    { 0x048B, 62 }, // U+048B
    { 0x048C, 75 }, // U+048C
    { 0x048D, 68 }, // U+048D
    { 0x048E, 56 }, // U+048E
    { 0x048F, 63 }, // U+048F
    { 0x0490, 78 }, // U+0490
    { 0x0491, 79 }, // U+0491
    { 0x0492, 80 }, // U+0492
    { 0x0493, 81 }, // U+0493
    { 0x0496, 82 }, // U+0496
    { 0x0497, 83 }, // U+0497
    { 0x0498, 77 }, // U+0498
    { 0x0499, 60 }, // U+0499
    { 0x049A, 82 }, // U+049A
    { 0x049B, 83 }, // U+049B
    { 0x049C, 49 }, // U+049C
    { 0x049D, 64 }, // U+049D
    { 0x049E, 49 }, // U+049E
    { 0x049F, 64 }, // U+049F
    { 0x04A0, 49 }, // U+04A0
    { 0x04A1, 64 }, // U+04A1
    { 0x04A2, 54 }, // U+04A2
    { 0x04A3, 62 }, // U+04A3
    { 0x04A4, 80 }, // U+04A4
    { 0x04A5, 79 }, // U+04A5
    { 0x04A9, 63 }, // U+04A9
    { 0x04AA, 46 }, // U+04AA
    { 0x04AB, 66 }, // U+04AB
    { 0x04AC, 78 }, // U+04AC
    { 0x04AD, 79 }, // U+04AD
    { 0x04AE, 84 }, // U+04AE
    { 0x04AF, 85 }, // U+04AF
    { 0x04B0, 84 }, // U+04B0
    { 0x04B1, 85 }, // U+04B1
    { 0x04B2, 82 }, // U+04B2
    { 0x04B3, 83 }, // U+04B3
    { 0x04B4, 54 }, // U+04B4
    { 0x04B5, 62 }, // U+04B5
    { 0x04B6, 54 }, // U+04B6
    { 0x04B7, 62 }, // U+04B7
    { 0x04BC, 86 }, // U+04BC
    { 0x04BD, 87 }, // U+04BD
    { 0x04BE, 86 }, // U+04BE
    { 0x04BF, 87 }, // U+04BF
    { 0x04C1, 49 }, // U+04C1
    { 0x04C2, 64 }, // U+04C2
    { 0x04C5, 54 }, // U+04C5
    { 0x04C6, 62 }, // U+04C6
    { 0x04C9, 54 }, // U+04C9
    { 0x04CA, 62 }, // U+04CA
    { 0x04CD, 54 }, // U+04CD
    { 0x04CE, 62 }, // U+04CE
    { 0x04D0, 51 }, // U+04D0
    { 0x04D1, 58 }, // U+04D1
    { 0x04D2, 51 }, // U+04D2
    { 0x04D3, 58 }, // U+04D3
    { 0x04D4, 43 }, // U+04D4
    { 0x04D5, 87 }, // U+04D5
    { 0x04D6, 43 }, // U+04D6
    { 0x04D7, 87 }, // U+04D7
    { 0x04D8, 55 }, // U+04D8
    { 0x04D9, 63 }, // U+04D9
    { 0x04DA, 55 }, // U+04DA
    { 0x04DB, 63 }, // U+04DB
    { 0x04DC, 49 }, // U+04DC
    { 0x04DD, 64 }, // U+04DD
    { 0x04DE, 77 }, // U+04DE
    { 0x04DF, 60 }, // U+04DF
    { 0x04E3, 65 }, // U+04E3
    { 0x04E5, 65 }, // U+04E5
    { 0x04E6, 55 }, // U+04E6
    { 0x04E7, 63 }, // U+04E7
    { 0x04E8, 55 }, // U+04E8
    { 0x04E9, 63 }, // U+04E9
    { 0x04EA, 55 }, // U+04EA
    { 0x04EB, 63 }, // U+04EB
    { 0x04EC, 55 }, // U+04EC
    { 0x04ED, 63 }, // U+04ED
    { 0x04EE, 50 }, // U+04EE
    { 0x04EF, 67 }, // U+04EF
    { 0x04F0, 50 }, // U+04F0
    { 0x04F1, 67 }, // U+04F1
    { 0x04F2, 50 }, // U+04F2
    { 0x04F3, 67 }, // U+04F3
    { 0x04F5, 65 }, // U+04F5
    { 0x04F6, 78 }, // U+04F6
    { 0x04F7, 79 }, // U+04F7
    { 0x04F9, 65 }, // U+04F9
    { 0x04FA, 80 }, // U+04FA
    { 0x04FB, 81 }, // U+04FB
    { 0x04FC, 82 }, // U+04FC
    { 0x04FD, 83 }, // U+04FD
    { 0x04FE, 49 }, // U+04FE
    { 0x04FF, 83 }, // U+04FF
    { 0x0E40, 88 }, // U+0E40
    { 0x0E41, 88 }, // U+0E41
    { 0x0E42, 88 }, // U+0E42
    { 0x0E43, 88 }, // U+0E43
    { 0x0E44, 88 }, // U+0E44
    { 0x0E50, 89 }, // U+0E50
    { 0x0E51, 89 }, // U+0E51
    { 0x0E54, 90 }, // U+0E54
    { 0x0E55, 90 }, // U+0E55
    { 0x0E59, 91 }, // U+0E59
    { 0x1EA0, 7 }, // U+1EA0
    { 0x1EA1, 22 }, // U+1EA1
    { 0x1EA2, 7 }, // U+1EA2
    { 0x1EA3, 22 }, // U+1EA3
    { 0x1EA4, 7 }, // U+1EA4
    { 0x1EA5, 22 }, // U+1EA5
    { 0x1EA6, 7 }, // U+1EA6
    { 0x1EA7, 22 }, // U+1EA7
    { 0x1EA8, 7 }, // U+1EA8
    { 0x1EA9, 22 }, // U+1EA9
    { 0x1EAA, 7 }, // U+1EAA
    { 0x1EAB, 22 }, // U+1EAB
    { 0x1EAC, 7 }, // U+1EAC
    { 0x1EAD, 22 }, // U+1EAD
    { 0x1EAE, 7 }, // U+1EAE
    { 0x1EAF, 22 }, // U+1EAF
    { 0x1EB0, 7 }, // U+1EB0
    { 0x1EB1, 22 }, // U+1EB1
    { 0x1EB2, 7 }, // U+1EB2
    { 0x1EB3, 22 }, // U+1EB3
    { 0x1EB4, 7 }, // U+1EB4
    { 0x1EB5, 22 }, // U+1EB5
    { 0x1EB6, 7 }, // U+1EB6
    { 0x1EB7, 22 }, // U+1EB7
    { 0x1EB8, 11 }, // U+1EB8
    { 0x1EB9, 23 }, // U+1EB9
    { 0x1EBA, 11 }, // U+1EBA
    { 0x1EBB, 23 }, // U+1EBB
    { 0x1EBC, 11 }, // U+1EBC
    { 0x1EBD, 23 }, // U+1EBD
    { 0x1EBE, 11 }, // U+1EBE
    { 0x1EBF, 23 }, // U+1EBF
    { 0x1EC0, 11 }, // U+1EC0
    { 0x1EC1, 23 }, // U+1EC1
    { 0x1EC2, 11 }, // U+1EC2
    { 0x1EC3, 23 }, // U+1EC3
    { 0x1EC4, 11 }, // U+1EC4
    { 0x1EC5, 23 }, // U+1EC5
    { 0x1EC6, 11 }, // U+1EC6
    { 0x1EC7, 23 }, // U+1EC7
    { 0x1ECC, 10 }, // U+1ECC
    { 0x1ECD, 23 }, // U+1ECD
    { 0x1ECE, 10 }, // U+1ECE
    { 0x1ECF, 23 }, // U+1ECF
    { 0x1ED0, 10 }, // U+1ED0
    { 0x1ED1, 23 }, // U+1ED1
    { 0x1ED2, 10 }, // U+1ED2
    { 0x1ED3, 23 }, // U+1ED3
    { 0x1ED4, 10 }, // U+1ED4
    { 0x1ED5, 23 }, // U+1ED5
    { 0x1ED6, 10 }, // U+1ED6
    { 0x1ED7, 23 }, // U+1ED7
    { 0x1ED8, 10 }, // U+1ED8
    { 0x1ED9, 23 }, // U+1ED9
    { 0x1EDA, 39 }, // U+1EDA
    { 0x1EDB, 40 }, // U+1EDB
    { 0x1EDC, 39 }, // U+1EDC
    { 0x1EDD, 40 }, // U+1EDD
    { 0x1EDE, 39 }, // U+1EDE
    { 0x1EDF, 40 }, // U+1EDF
    { 0x1EE0, 39 }, // U+1EE0
    { 0x1EE1, 40 }, // U+1EE1
    { 0x1EE2, 39 }, // U+1EE2
    { 0x1EE3, 40 }, // U+1EE3
    { 0x1EE4, 17 }, // U+1EE4
    { 0x1EE6, 17 }, // U+1EE6
    { 0x1EE8, 41 }, // U+1EE8
    { 0x1EE9, 42 }, // U+1EE9
    { 0x1EEA, 41 }, // U+1EEA
    { 0x1EEB, 42 }, // U+1EEB
    { 0x1EEC, 41 }, // U+1EEC
    { 0x1EED, 42 }, // U+1EED
    { 0x1EEE, 41 }, // U+1EEE
    { 0x1EEF, 42 }, // U+1EEF
    { 0x1EF0, 41 }, // U+1EF0
    { 0x1EF1, 42 }, // U+1EF1
    { 0x1EF2, 19 }, // U+1EF2
    { 0x1EF3, 27 }, // U+1EF3
    { 0x1EF4, 19 }, // U+1EF4
    { 0x1EF5, 27 }, // U+1EF5
    { 0x1EF6, 19 }, // U+1EF6
    { 0x1EF7, 27 }, // U+1EF7
    { 0x1EF8, 19 }, // U+1EF8
    { 0x1EF9, 27 }, // U+1EF9
    { 0x2013, 5 }, // U+2013
    { 0x2014, 5 }, // U+2014
    { 0x2015, 5 }, // U+2015
    { 0x2018, 1 }, // U+2018
    { 0x2019, 1 }, // U+2019
    { 0x201A, 4 }, // U+201A
    { 0x201C, 1 }, // U+201C
    { 0x201D, 1 }, // U+201D
    { 0x201E, 4 }, // U+201E
    { 0x2039, 30 }, // U+2039
    { 0x203A, 31 }, // U+203A
    { 0xFB00, 25 }, // U+FB00
};

static const EpdKernClassEntry notosans_8_regularKernRightClasses[] = {
    { 0x0021, 1 }, // !
    { 0x0022, 2 }, // "
    { 0x0026, 3 }, // &
    { 0x0027, 2 }, // '
    { 0x0029, 4 }, // )
    { 0x002C, 5 }, // ,
    { 0x002D, 6 }, // -
    { 0x002E, 5 }, // .
    { 0x003A, 7 }, // :
    { 0x003B, 7 }, // ;
    { 0x003F, 8 }, // ?
    { 0x0041, 9 }, // A
    { 0x0043, 10 }, // C
    { 0x0047, 10 }, // G
    { 0x0049, 11 }, // I
    { 0x004A, 12 }, // J
    { 0x004F, 10 }, // O
    { 0x0051, 10 }, // Q
    { 0x0054, 13 }, // T
    { 0x0055, 14 }, // U
    { 0x0056, 15 }, // V
    { 0x0057, 15 }, // W
    { 0x0058, 16 }, // X
    { 0x0059, 17 }, // Y
    { 0x005A, 18 }, // Z
    { 0x005D, 4 }, // ]
    { 0x0061, 19 }, // a
    { 0x0062, 20 }, // b
    { 0x0063, 21 }, // c
    { 0x0064, 21 }, // d
    { 0x0065, 21 }, // e
    { 0x0066, 22 }, // f
    { 0x0067, 23 }, // g
    { 0x0068, 20 }, // h
    { 0x006A, 24 }, // j
    { 0x006B, 20 }, // k
    { 0x006C, 20 }, // l
    { 0x006D, 25 }, // m
    { 0x006E, 25 }, // n
    { 0x006F, 21 }, // o
    { 0x0070, 25 }, // p
    { 0x0071, 21 }, // q
    { 0x0072, 25 }, // r
    { 0x0073, 26 }, // s
    { 0x0074, 22 }, // t
    { 0x0075, 25 }, // u
    { 0x0076, 27 }, // v
    { 0x0077, 27 }, // w
    { 0x0078, 27 }, // x
    { 0x0079, 27 }, // y
    { 0x007A, 28 }, // z
    { 0x007D, 4 }, // }
    { 0x00AB, 29 }, // U+00AB
    { 0x00BB, 30 }, // U+00BB
    { 0x00C0, 9 }, // U+00C0
    { 0x00C1, 9 }, // U+00C1
    { 0x00C2, 9 }, // U+00C2
    { 0x00C3, 9 }, // U+00C3
    { 0x00C4, 9 }, // U+00C4
    { 0x00C5, 9 }, // U+00C5
    { 0x00C6, 31 }, // U+00C6
    { 0x00C7, 10 }, // U+00C7
    { 0x00D2, 10 }, // U+00D2
    { 0x00D3, 10 }, // U+00D3
    { 0x00D4, 10 }, // U+00D4
    { 0x00D5, 10 }, // U+00D5
    { 0x00D6, 10 }, // U+00D6
    { 0x00D8, 10 }, // U+00D8
    { 0x00D9, 14 }, // U+00D9
    { 0x00DA, 14 }, // U+00DA
    { 0x00DB, 14 }, // U+00DB
    { 0x00DC, 14 }, // U+00DC
    { 0x00DD, 17 }, // U+00DD
    { 0x00E0, 21 }, // U+00E0
    { 0x00E1, 19 }, // U+00E1
    { 0x00E2, 19 }, // U+00E2
    { 0x00E3, 19 }, // U+00E3
    { 0x00E4, 19 }, // U+00E4
    { 0x00E5, 19 }, // U+00E5
    { 0x00E6, 19 }, // U+00E6
    { 0x00E7, 21 }, // U+00E7
    { 0x00E8, 21 }, // U+00E8
    { 0x00E9, 21 }, // U+00E9
    { 0x00EA, 21 }, // U+00EA
    { 0x00EB, 21 }, // U+00EB
    { 0x00F2, 21 }, // U+00F2
    { 0x00F3, 21 }, // U+00F3
    { 0x00F4, 21 }, // U+00F4
    { 0x00F5, 21 }, // U+00F5
    { 0x00F6, 21 }, // U+00F6
    { 0x00F8, 21 }, // U+00F8
    { 0x00F9, 25 }, // U+00F9
    { 0x00FA, 25 }, // U+00FA
    { 0x00FB, 25 }, // U+00FB
    { 0x00FC, 25 }, // U+00FC
    { 0x00FD, 27 }, // U+00FD
    { 0x00FE, 20 }, // U+00FE
    { 0x00FF, 27 }, // U+00FF
    { 0x0100, 9 }, // U+0100
    { 0x0101, 19 }, // U+0101
    { 0x0102, 9 }, // U+0102
    { 0x0103, 19 }, // U+0103
    { 0x0104, 9 }, // U+0104
    { 0x0105, 19 }, // U+0105
    { 0x0106, 10 }, // U+0106
    { 0x0107, 21 }, // U+0107
    { 0x0108, 10 }, // U+0108
    { 0x0109, 21 }, // U+0109
    { 0x010A, 10 }, // U+010A
    { 0x010B, 21 }, // U+010B
    { 0x010C, 10 }, // U+010C
    { 0x010D, 21 }, // U+010D
    { 0x010F, 21 }, // U+010F
    { 0x0111, 21 }, // U+0111
    { 0x0113, 21 }, // U+0113
    { 0x0115, 21 }, // U+0115
    { 0x0117, 21 }, // U+0117
    { 0x0119, 21 }, // U+0119
    { 0x011B, 21 }, // U+011B
    { 0x011C, 10 }, // U+011C
    { 0x011D, 23 }, // U+011D
    { 0x011E, 10 }, // U+011E
    { 0x011F, 23 }, // U+011F
    { 0x0120, 10 }, // U+0120
    { 0x0121, 23 }, // U+0121
    { 0x0122, 10 }, // U+0122
    { 0x0123, 23 }, // U+0123
    { 0x0125, 20 }, // U+0125
    { 0x0127, 32 }, // U+0127
    { 0x0129, 33 }, // U+0129
    { 0x0137, 20 }, // U+0137
    { 0x0138, 25 }, // U+0138
    { 0x013A, 20 }, // U+013A
    { 0x013C, 20 }, // U+013C
    { 0x013E, 20 }, // U+013E
    { 0x0140, 20 }, // U+0140
    { 0x0144, 25 }, // U+0144
    { 0x0146, 25 }, // U+0146
    { 0x014B, 25 }, // U+014B
    { 0x014C, 10 }, // U+014C
    { 0x014D, 21 }, // U+014D
    { 0x014E, 10 }, // U+014E
    { 0x014F, 21 }, // U+014F
    { 0x0150, 10 }, // U+0150
    { 0x0151, 21 }, // U+0151
    { 0x0152, 10 }, // U+0152
    { 0x0153, 21 }, // U+0153
    { 0x0155, 25 }, // U+0155
    { 0x0157, 25 }, // U+0157
    { 0x015B, 26 }, // U+015B
    { 0x015F, 26 }, // U+015F
    { 0x0162, 13 }, // U+0162
    { 0x0163, 22 }, // U+0163
    { 0x0164, 13 }, // U+0164
    { 0x0165, 22 }, // U+0165
    { 0x0166, 13 }, // U+0166
    { 0x0167, 22 }, // U+0167
    { 0x0168, 14 }, // U+0168
    { 0x0169, 25 }, // U+0169
    { 0x016A, 14 }, // U+016A
    { 0x016B, 25 }, // U+016B
    { 0x016C, 14 }, // U+016C
    { 0x016D, 25 }, // U+016D
    { 0x016E, 14 }, // U+016E
    { 0x016F, 25 }, // U+016F
    { 0x0170, 14 }, // U+0170
    { 0x0171, 25 }, // U+0171
    { 0x0172, 14 }, // U+0172
    { 0x0173, 25 }, // U+0173
    { 0x0174, 15 }, // U+0174
    { 0x0175, 27 }, // U+0175
    { 0x0176, 17 }, // U+0176
    { 0x0177, 27 }, // U+0177
    { 0x0178, 17 }, // U+0178
    { 0x0179, 18 }, // U+0179
    { 0x017A, 28 }, // U+017A
    { 0x017B, 18 }, // U+017B
    { 0x017C, 28 }, // U+017C
    { 0x017D, 18 }, // U+017D
    { 0x017E, 28 }, // U+017E
    { 0x01A0, 10 }, // U+01A0
    { 0x01A1, 21 }, // U+01A1
    { 0x01AF, 14 }, // U+01AF
    { 0x01B0, 25 }, // U+01B0
    { 0x01FA, 9 }, // U+01FA
    { 0x01FB, 19 }, // U+01FB
    { 0x01FC, 31 }, // U+01FC
    { 0x01FD, 19 }, // U+01FD
    { 0x01FE, 10 }, // U+01FE
    { 0x01FF, 21 }, // U+01FF
    { 0x0219, 26 }, // U+0219
    { 0x021A, 13 }, // U+021A
    { 0x021B, 22 }, // U+021B
    { 0x0402, 34 }, // U+0402
    { 0x0404, 35 }, // U+0404
    { 0x0405, 36 }, // U+0405
    { 0x0408, 37 }, // U+0408
    { 0x0409, 38 }, // U+0409
    { 0x040B, 34 }, // U+040B
    { 0x040E, 39 }, // U+040E
    { 0x0410, 40 }, // U+0410
    { 0x0414, 41 }, // U+0414
    { 0x0416, 42 }, // U+0416
    { 0x0417, 43 }, // U+0417
    { 0x041B, 38 }, // U+041B
    { 0x041E, 35 }, // U+041E
    { 0x0421, 35 }, // U+0421
    { 0x0422, 34 }, // U+0422
    { 0x0423, 39 }, // U+0423
    { 0x0424, 44 }, // U+0424
    { 0x0425, 42 }, // U+0425
    { 0x0427, 45 }, // U+0427
    { 0x042A, 34 }, // U+042A
    { 0x042D, 43 }, // U+042D
    { 0x042F, 46 }, // U+042F
    { 0x0430, 47 }, // U+0430
    { 0x0431, 48 }, // U+0431
    { 0x0432, 49 }, // U+0432
    { 0x0433, 49 }, // U+0433
    { 0x0434, 50 }, // U+0434
    { 0x0435, 51 }, // U+0435
    { 0x0436, 52 }, // U+0436
    { 0x0437, 53 }, // U+0437
    { 0x0438, 49 }, // U+0438
    { 0x0439, 49 }, // U+0439
    { 0x043A, 49 }, // U+043A
    { 0x043B, 54 }, // U+043B
    { 0x043C, 49 }, // U+043C
    { 0x043D, 49 }, // U+043D
    { 0x043E, 51 }, // U+043E
    { 0x043F, 49 }, // U+043F
    { 0x0440, 49 }, // U+0440
    { 0x0441, 51 }, // U+0441
    { 0x0442, 55 }, // U+0442
    { 0x0443, 56 }, // U+0443
    { 0x0444, 51 }, // U+0444
    { 0x0445, 52 }, // U+0445
    { 0x0446, 49 }, // U+0446
    { 0x0447, 57 }, // U+0447
    { 0x0448, 49 }, // U+0448
    { 0x0449, 49 }, // U+0449
    { 0x044A, 55 }, // U+044A
    { 0x044B, 49 }, // U+044B
    { 0x044C, 49 }, // U+044C
    { 0x044D, 53 }, // U+044D
    { 0x044E, 49 }, // U+044E
    { 0x044F, 58 }, // U+044F
    { 0x0450, 51 }, // U+0450
    { 0x0451, 51 }, // U+0451
    { 0x0452, 59 }, // U+0452
    { 0x0453, 49 }, // U+0453
    { 0x0454, 51 }, // U+0454
    { 0x0455, 60 }, // U+0455
    { 0x0457, 61 }, // U+0457
    { 0x0458, 62 }, // U+0458
    { 0x0459, 54 }, // U+0459
    { 0x045A, 49 }, // U+045A
    { 0x045B, 59 }, // U+045B
    { 0x045C, 49 }, // U+045C
    { 0x045D, 49 }, // U+045D
    { 0x045E, 56 }, // U+045E
    { 0x045F, 49 }, // U+045F
    { 0x0460, 63 }, // U+0460
    { 0x0461, 64 }, // U+0461
    { 0x0462, 65 }, // U+0462
    { 0x0465, 66 }, // U+0465
    { 0x0466, 40 }, // U+0466
    { 0x0467, 50 }, // U+0467
    { 0x0469, 66 }, // U+0469
    { 0x046D, 66 }, // U+046D
    { 0x046E, 43 }, // U+046E
    { 0x0470, 45 }, // U+0470
    { 0x0472, 63 }, // U+0472
    { 0x0473, 47 }, // U+0473
    { 0x0474, 67 }, // U+0474
    { 0x0475, 64 }, // U+0475
    { 0x0476, 67 }, // U+0476
    { 0x0477, 64 }, // U+0477
    { 0x0478, 63 }, // U+0478
    { 0x0479, 47 }, // U+0479
    { 0x047A, 63 }, // U+047A
    { 0x047B, 47 }, // U+047B
    { 0x047C, 63 }, // U+047C
    { 0x047D, 47 }, // U+047D
    { 0x047E, 63 }, // U+047E
    { 0x047F, 64 }, // U+047F
    { 0x0480, 63 }, // U+0480
    { 0x0481, 47 }, // U+0481
    { 0x048B, 66 }, // U+048B
    { 0x048C, 65 }, // U+048C
    { 0x048D, 59 }, // U+048D
    { 0x048F, 66 }, // U+048F
    { 0x0491, 66 }, // U+0491
    { 0x0492, 65 }, // U+0492
    { 0x0495, 66 }, // U+0495
    { 0x0496, 42 }, // U+0496
    { 0x0497, 52 }, // U+0497
    { 0x0498, 43 }, // U+0498
    { 0x0499, 53 }, // U+0499
    { 0x049B, 66 }, // U+049B
    { 0x049D, 66 }, // U+049D
    { 0x049F, 59 }, // U+049F
    { 0x04A0, 68 }, // U+04A0
    { 0x04A1, 55 }, // U+04A1
    { 0x04A3, 66 }, // U+04A3
    { 0x04A5, 66 }, // U+04A5
    { 0x04A7, 66 }, // U+04A7
    { 0x04A8, 63 }, // U+04A8
    { 0x04A9, 47 }, // U+04A9
    { 0x04AA, 63 }, // U+04AA
    { 0x04AB, 47 }, // U+04AB
    { 0x04AC, 34 }, // U+04AC
    { 0x04AD, 55 }, // U+04AD
    { 0x04AE, 69 }, // U+04AE
    { 0x04AF, 70 }, // U+04AF
    { 0x04B0, 69 }, // U+04B0
    { 0x04B1, 70 }, // U+04B1
    { 0x04B2, 42 }, // U+04B2
    { 0x04B3, 52 }, // U+04B3
    { 0x04B4, 68 }, // U+04B4
    { 0x04B5, 55 }, // U+04B5
    { 0x04B6, 45 }, // U+04B6
    { 0x04B7, 57 }, // U+04B7
    { 0x04B8, 45 }, // U+04B8
    { 0x04B9, 57 }, // U+04B9
    { 0x04BB, 66 }, // U+04BB
    { 0x04BC, 71 }, // U+04BC
    { 0x04BD, 72 }, // U+04BD
    { 0x04BE, 71 }, // U+04BE
    { 0x04BF, 72 }, // U+04BF
    { 0x04C1, 42 }, // U+04C1
    { 0x04C2, 52 }, // U+04C2
    { 0x04C4, 66 }, // U+04C4
    { 0x04C5, 73 }, // U+04C5
    { 0x04C6, 50 }, // U+04C6
    { 0x04C8, 66 }, // U+04C8
    { 0x04CA, 66 }, // U+04CA
    { 0x04CB, 45 }, // U+04CB
    { 0x04CC, 57 }, // U+04CC
    { 0x04CE, 66 }, // U+04CE
    { 0x04D0, 40 }, // U+04D0
    { 0x04D1, 74 }, // U+04D1
    { 0x04D2, 40 }, // U+04D2
    { 0x04D3, 74 }, // U+04D3
    { 0x04D4, 40 }, // U+04D4
    { 0x04D5, 74 }, // U+04D5
    { 0x04D7, 47 }, // U+04D7
    { 0x04D8, 75 }, // U+04D8
    { 0x04D9, 74 }, // U+04D9
    { 0x04DA, 75 }, // U+04DA
    { 0x04DB, 74 }, // U+04DB
    { 0x04DC, 42 }, // U+04DC
    { 0x04DD, 52 }, // U+04DD
    { 0x04DE, 43 }, // U+04DE
    { 0x04DF, 53 }, // U+04DF
    { 0x04E3, 49 }, // U+04E3
    { 0x04E5, 49 }, // U+04E5
    { 0x04E6, 63 }, // U+04E6
    { 0x04E7, 47 }, // U+04E7
    { 0x04E8, 63 }, // U+04E8
    { 0x04E9, 47 }, // U+04E9
    { 0x04EA, 63 }, // U+04EA
    { 0x04EB, 47 }, // U+04EB
    { 0x04EC, 43 }, // U+04EC
    { 0x04ED, 53 }, // U+04ED
    { 0x04EE, 39 }, // U+04EE
    { 0x04EF, 56 }, // U+04EF
    { 0x04F0, 39 }, // U+04F0
    { 0x04F1, 56 }, // U+04F1
    { 0x04F2, 39 }, // U+04F2
    { 0x04F3, 56 }, // U+04F3
    { 0x04F4, 45 }, // U+04F4
    { 0x04F5, 57 }, // U+04F5
    { 0x04F7, 66 }, // U+04F7
    { 0x04F9, 49 }, // U+04F9
    { 0x04FA, 65 }, // U+04FA
    { 0x04FC, 42 }, // U+04FC
    { 0x04FD, 52 }, // U+04FD
    { 0x04FE, 42 }, // U+04FE
    { 0x04FF, 52 }, // U+04FF
    { 0x0E02, 76 }, // U+0E02
    { 0x0E03, 76 }, // U+0E03
    { 0x0E04, 76 }, // U+0E04
    { 0x0E05, 76 }, // U+0E05
    { 0x0E06, 76 }, // U+0E06
    { 0x0E07, 77 }, // U+0E07
    { 0x0E08, 78 }, // U+0E08
    { 0x0E09, 76 }, // U+0E09
    { 0x0E0A, 76 }, // U+0E0A
    { 0x0E0B, 76 }, // U+0E0B
    { 0x0E0C, 79 }, // U+0E0C
    { 0x0E0D, 79 }, // U+0E0D
    { 0x0E10, 78 }, // U+0E10
    { 0x0E11, 76 }, // U+0E11
    { 0x0E12, 76 }, // U+0E12
    { 0x0E13, 79 }, // U+0E13
    { 0x0E14, 76 }, // U+0E14
    { 0x0E15, 76 }, // U+0E15
    { 0x0E16, 79 }, // U+0E16
    { 0x0E18, 80 }, // U+0E18
    { 0x0E19, 81 }, // U+0E19
    { 0x0E1A, 76 }, // U+0E1A
    { 0x0E1B, 76 }, // U+0E1B
    { 0x0E1E, 80 }, // U+0E1E
    { 0x0E1F, 80 }, // U+0E1F
    { 0x0E22, 78 }, // U+0E22
    { 0x0E23, 76 }, // U+0E23
    { 0x0E24, 79 }, // U+0E24
    { 0x0E25, 76 }, // U+0E25
    { 0x0E27, 76 }, // U+0E27
    { 0x0E28, 76 }, // U+0E28
    { 0x0E29, 76 }, // U+0E29
    { 0x0E2A, 76 }, // U+0E2A
    { 0x0E2C, 80 }, // U+0E2C
    { 0x0E2D, 76 }, // U+0E2D
    { 0x0E2E, 76 }, // U+0E2E
    { 0x0E50, 82 }, // U+0E50
    { 0x0E51, 82 }, // U+0E51
    { 0x0E54, 83 }, // U+0E54
    { 0x0E55, 83 }, // U+0E55
    { 0x0E56, 84 }, // U+0E56
    { 0x0E58, 85 }, // U+0E58
    { 0x1EA0, 9 }, // U+1EA0
    { 0x1EA1, 19 }, // U+1EA1
    { 0x1EA2, 9 }, // U+1EA2
    { 0x1EA3, 19 }, // U+1EA3
    { 0x1EA4, 9 }, // U+1EA4
    { 0x1EA5, 19 }, // U+1EA5
    { 0x1EA6, 9 }, // U+1EA6
    { 0x1EA7, 19 }, // U+1EA7
    { 0x1EA8, 9 }, // U+1EA8
    { 0x1EA9, 19 }, // U+1EA9
    { 0x1EAA, 9 }, // U+1EAA
    { 0x1EAB, 19 }, // U+1EAB
    { 0x1EAC, 9 }, // U+1EAC
    { 0x1EAD, 19 }, // U+1EAD
    { 0x1EAE, 9 }, // U+1EAE
    { 0x1EAF, 19 }, // U+1EAF
    { 0x1EB0, 9 }, // U+1EB0
    { 0x1EB1, 19 }, // U+1EB1
    { 0x1EB2, 9 }, // U+1EB2
    { 0x1EB3, 19 }, // U+1EB3
    { 0x1EB4, 9 }, // U+1EB4
    { 0x1EB5, 19 }, // U+1EB5
    { 0x1EB6, 9 }, // U+1EB6
    { 0x1EB7, 19 }, // U+1EB7
    { 0x1EB9, 21 }, // U+1EB9
    { 0x1EBB, 21 }, // U+1EBB
    { 0x1EBD, 21 }, // U+1EBD
    { 0x1EBF, 21 }, // U+1EBF
    { 0x1EC1, 21 }, // U+1EC1
    { 0x1EC3, 21 }, // U+1EC3
    { 0x1EC5, 21 }, // U+1EC5
    { 0x1EC7, 21 }, // U+1EC7
    { 0x1ECC, 10 }, // U+1ECC
    { 0x1ECD, 21 }, // U+1ECD
    { 0x1ECE, 10 }, // U+1ECE
    { 0x1ECF, 21 }, // U+1ECF
    { 0x1ED0, 10 }, // U+1ED0
    { 0x1ED1, 21 }, // U+1ED1
    { 0x1ED2, 10 }, // U+1ED2
    { 0x1ED3, 21 }, // U+1ED3
    { 0x1ED4, 10 }, // U+1ED4
    { 0x1ED5, 21 }, // U+1ED5
    { 0x1ED6, 10 }, // U+1ED6
    { 0x1ED7, 21 }, // U+1ED7
    { 0x1ED8, 10 }, // U+1ED8
    { 0x1ED9, 21 }, // U+1ED9
    { 0x1EDA, 10 }, // U+1EDA
    { 0x1EDB, 21 }, // U+1EDB
    { 0x1EDC, 10 }, // U+1EDC
    { 0x1EDD, 21 }, // U+1EDD
    { 0x1EDE, 10 }, // U+1EDE
    { 0x1EDF, 21 }, // U+1EDF
    { 0x1EE0, 10 }, // U+1EE0
    { 0x1EE1, 21 }, // U+1EE1
    { 0x1EE2, 10 }, // U+1EE2
    { 0x1EE3, 21 }, // U+1EE3
    { 0x1EE4, 14 }, // U+1EE4
    { 0x1EE5, 25 }, // U+1EE5
    { 0x1EE6, 14 }, // U+1EE6
    { 0x1EE7, 25 }, // U+1EE7
    { 0x1EE8, 14 }, // U+1EE8
    { 0x1EE9, 25 }, // U+1EE9
    { 0x1EEA, 14 }, // U+1EEA
    { 0x1EEB, 25 }, // U+1EEB
    { 0x1EEC, 14 }, // U+1EEC
    { 0x1EED, 25 }, // U+1EED
    { 0x1EEE, 14 }, // U+1EEE
    { 0x1EEF, 25 }, // U+1EEF
    { 0x1EF0, 14 }, // U+1EF0
    { 0x1EF1, 25 }, // U+1EF1
    { 0x1EF2, 17 }, // U+1EF2
    { 0x1EF4, 17 }, // U+1EF4
    { 0x1EF5, 27 }, // U+1EF5
    { 0x1EF6, 17 }, // U+1EF6
    { 0x1EF7, 27 }, // U+1EF7
    { 0x1EF8, 17 }, // U+1EF8
    { 0x1EF9, 27 }, // U+1EF9
    { 0x2013, 6 }, // U+2013
    { 0x2014, 6 }, // U+2014
    { 0x2015, 6 }, // U+2015
    { 0x2018, 86 }, // U+2018
    { 0x2019, 2 }, // U+2019
    { 0x201A, 5 }, // U+201A
    { 0x201C, 86 }, // U+201C
    { 0x201D, 2 }, // U+201D
    { 0x201E, 5 }, // U+201E
    { 0x2026, 5 }, // U+2026
    { 0x2039, 29 }, // U+2039
    { 0x203A, 30 }, // U+203A
    { 0xFB00, 22 }, // U+FB00
    { 0xFB01, 22 }, // U+FB01
    { 0xFB02, 22 }, // U+FB02
    { 0xFB03, 22 }, // U+FB03
    { 0xFB04, 22 }, // U+FB04
};

static const int8_t notosans_8_regularKernMatrix[] = {
       0,    0,    0,    0,    0,    0,    0,    0,  -19,    0,    0,    0,    5,    0,    5,    0,    3,    0,  -11,    0,  -16,    0,   -8,    0,   -8,   -8,    0,    0,    0,    0,  -21,    0,   19,    5,    0,    0,    0,   -8,    5,  -19,  -16,    5,    0,   -3,    0,    0,  -11,    0,    0,  -19,    0,    0,    5,  -13,    8,    5,    0,    0,    8,    0,    8,    0,    0,    0,    0,    0,    0,    5,    0,    0,    0,    0,  -16,   -5,    0,    0,    0,    0,    0,    0,    0,    0,    0,    0,    0,    0,
       0,    0,    0,    0,    0,    0,    0,    0,    0,    0,    0,    0,  -16,    0,   -5,    0,   -8,    0,    0,    0,    0,    0,    0,    0,    0,    0,    0,    0,    0,    0,    0,    0,    0,    0,    0,    0,    0,    0,    0,    0,    0,    0,    0,    0,    0,    0,    0,    0,    0,    0,    0,    0,    0,    0,    0,    0,    0,    0,    0,    0,    0,    0,    0,    0,    0,    0,    0,    0,    0,    0,    0,    0,    0,    0,    0,    0,    0,    0,    0,    0,    0,    0,    0,    0,    0,    0,
       0,    0,    0,    0,    0,    0,    0,    0,    0,    0,    0,   24,    0,    0,    0,    0,    0,    0,    0,    0,    0,    0,    0,   11,    0,    0,    0,    0,    0,    0,    0,    0,    0,    0,    0,    0,   27,    0,    0,    0,    0,    0,    0,   -8,    0,    0,    0,    0,    0,    0,    0,    0,    0,    0,    0,    0,    0,    0,    0,    0,    0,   16,    0,    0,    0,    0,    0,    0,    0,    0,    0,    0,    0,    0,    0,    0,    0,    0,    0,    0,    0,    0,    0,    0,    0,    0,
       0,    0,    0,    0,    0,    0,    0,    0,    0,  -13,    0,    0,  -19,   -5,  -16,    0,  -16,    0,    0,    0,    0,    0,    0,    0,    0,    0,    0,    0,    0,    0,    0,    0,    0,  -13,    0,    0,   16,    0,   -5,    0,    0,    0,    0,  -11,  -21,    0,    0,    0,    0,    0,    0,    0,    0,    0,  -11,    0,  -16,    0,    0,    0,    0,    0,  -13,    0,    0,    0,  -16,  -19,  -16,    0,  -16,    0,    0,    0,    0,    0,    0,    0,    0,    0,    0,    0,    0,    0,    0,    0,
       0,    0,    0,    0,    0,    0,    0,    0,    0,    0,    0,    0,  -11,    0,    0,    0,    0,    0,    0,    0,    0,    0,    0,    0,    0,    0,    0,    0,    0,    0,    0,    0,    0,  -11,    0,    0,    0,    0,   -5,    0,    0,   -3,    0,    0,    0,    0,    0,    0,    0,    0,    0,   -3,    0,    0,   -5,    0,    0,    0,    0,    0,    0,    0,    0,    0,    0,    0,    0,  -11,    0,    0,    0,    0,    0,    0,    0,    0,    0,    0,    0,    0,    0,    0,    0,    0,    0,    0,
       0,    0,    0,    0,    0,    0,    0,    0,    0,    0,    0,    0,    0,    0,    0,    0,    0,    0,    0,    0,    0,    0,    0,    0,    0,    0,    0,    0,    0,    0,    0,    0,    0,   -8,    0,    0,    0,    0,    0,    0,    0,   -3,    0,   -3,   -3,    0,    0,    0,    0,    0,    0,    0,    0,    0,    0,    0,   -3,    0,    0,    0,    0,    0,    0,    0,    0,    0,    0,    0,    0,    0,    0,    0,    0,    0,    0,    0,    0,    0,    0,    0,    0,    0,    0,    0,    0,    0,
       0,  -19,    0,    0,    0,    0,    0,    0,    0,   -5,    0,   13,  -19,    0,  -11,    0,  -16,    0,    0,    0,    0,    0,    0,    0,    0,    0,    0,    0,    0,    0,    0,    0,    0,    0,    0,    0,    0,    0,    0,    0,    0,    0,    0,    0,    0,    0,    0,    0,    0,    0,    0,    0,    0,    0,    0,    0,    0,    0,    0,    0,    0,    0,    0,    0,    0,    0,    0,    0,    0,    0,    0,    0,    0,    0,    0,    0,    0,    0,    0,    0,    0,    0,    0,    0,    0,    0,
       0,    0,    0,    0,   -3,    0,    0,    0,    0,    0,    0,    0,    0,    0,    0,    0,    0,    0,    0,    0,    0,    0,    0,    0,    0,    0,    0,    0,    0,    0,    0,    0,    0,    0,    0,    0,    0,    0,    0,    0,    0,    0,    0,    0,    0,    0,    0,    0,    0,    0,    0,    0,    0,    0,    0,    0,    0,    0,    0,    0,    0,    0,    0,    0,    0,    0,    0,    0,    0,    0,    0,    0,    0,    0,    0,    0,    0,    0,    0,    0,    0,    0,    0,    0,    0,    0,
       0,    0,    0,    0,    0,    0,    0,    0,    0,   -5,    0,    0,    0,    0,    0,    0,    0,    0,    0,    0,    0,    0,    0,    0,    0,    0,    0,    0,   -5,    0,    0,    0,    0,    0,    0,    0,    0,    0,    0,    0,    0,    0,    0,    0,    0,    0,    0,    0,    0,    0,    0,    0,    0,    0,    0,    0,    0,    0,    0,    0,    0,    0,    0,    0,    0,    0,    0,    0,    0,    0,    0,    0,    0,    0,    0,    0,    0,    0,    0,    0,    0,    0,    0,    0,    0,    0,
       0,    0,    0,    0,  -11,    0,    0,    0,   -5,    0,    0,    0,   -8,    0,   -3,   -5,   -3,   -3,    0,    0,    0,    0,    0,    0,    0,    0,    0,    0,    0,    0,    0,    0,    0,    0,    0,    0,    0,    0,    0,    0,    0,    0,    0,    0,    0,    0,    0,    0,    0,    0,    0,    0,    0,    0,    0,    0,    0,    0,    0,    0,    0,    0,    0,    0,    0,    0,    0,    0,    0,    0,    0,    0,    0,    0,    0,    0,    0,    0,    0,    0,    0,    0,    0,    0,    0,    0,
       0,    0,    0,    0,    0,    0,    0,    0,    0,    0,    0,   16,    0,    0,    0,    0,    0,    0,    0,    0,    0,    0,    0,    0,    0,    0,    0,    0,    0,    0,    0,    0,    0,    0,    0,    0,    0,    0,    0,    0,    0,    0,    0,    0,    0,    0,    0,    0,    0,    0,    0,    0,    0,    0,    0,    0,    0,    0,    0,    0,    0,    0,    0,    0,    0,    0,    0,    0,    0,    0,    0,    0,    0,    0,    0,    0,    0,    0,    0,    0,    0,    0,    0,    0,    0,    0,
       0,    0,    0,    5,  -16,    0,    0,    5,   -5,    0,    0,    0,    0,    0,    0,    0,    0,    0,    0,    0,    0,    0,    0,    0,    0,    0,    0,    0,    0,    0,    0,    0,    0,    0,    0,    0,    0,    0,    0,    0,    0,    0,    0,    0,    0,    0,    0,    0,    0,    0,    0,    0,    0,    0,    0,    0,    0,    0,    0,    0,    0,    0,    0,    0,    0,    0,    0,    0,    0,    0,    0,    0,    0,    0,    0,    0,    0,    0,    0,    0,    0,    0,    0,    0,    0,    0,
       0,  -21,    0,    0,    0,    0,    0,    0,    0,   -5,    0,    0,   -5,   -3,   -5,    0,   -8,    0,    0,    0,    0,    0,    0,    0,    0,    0,    0,    0,    0,    0,    0,    0,    0,    0,    0,    0,    0,    0,    0,    0,    0,    0,    0,    0,    0,    0,    0,    0,    0,    0,    0,    0,    0,    0,    0,    0,    0,    0,    0,    0,    0,    0,    0,    0,    0,    0,    0,    0,    0,    0,    0,    0,    0,    0,    0,    0,    0,    0,    0,    0,    0,    0,    0,    0,    0,    0,
       0,    0,   -3,    0,  -35,    0,    0,    0,  -13,    0,    0,    0,    0,    0,    0,   -5,    0,   -3,    0,    0,    0,    0,    0,    0,    0,    0,    0,    0,   -5,    0,   -8,    0,    0,    0,    0,    0,    0,    0,    0,    0,    0,    0,    0,    0,    0,    0,    0,    0,    0,    0,    0,    0,    0,    0,    0,    0,    0,    0,    0,    0,    0,    0,    0,    0,    0,    0,    0,    0,    0,    0,    0,    0,    0,    0,    0,    0,    0,    0,    0,    0,    0,    0,    0,    0,    0,    0,
       0,    0,    0,    0,    0,    0,    0,    0,    0,    0,    0,    0,    0,    0,    0,    0,    0,    0,    0,    0,    0,    0,    0,    0,    0,    0,    0,    0,   -3,    0,    0,    0,    0,    0,    0,    0,    0,    0,    0,    0,    0,    0,    0,    0,    0,    0,    0,    0,    0,    0,    0,    0,    0,    0,    0,    0,    0,    0,    0,    0,    0,    0,    0,    0,    0,    0,    0,    0,    0,    0,    0,    0,    0,    0,    0,    0,    0,    0,    0,    0,    0,    0,    0,    0,    0,    0,
       0,    0,   -5,    0,  -16,  -11,    0,    5,  -19,   -5,    0,    0,    5,    0,    0,    0,    0,    0,  -21,    0,  -19,    0,  -19,    0,  -13,  -16,   -5,  -11,  -16,   -8,    0,    0,    0,    0,    0,    0,    0,    0,    0,    0,    0,    0,    0,    0,    0,    0,    0,    0,    0,    0,    0,    0,    0,    0,    0,    0,    0,    0,    0,    0,    0,    0,    0,    0,    0,    0,    0,    0,    0,    0,    0,    0,    0,    0,    0,    0,    0,    0,    0,    0,    0,    0,    0,    0,    0,    0,
       0,    0,    0,    0,   -5,    0,    0,    0,   -3,    0,    0,    0,    0,    0,    0,    0,    0,    0,    0,    0,    0,    0,    0,    0,    0,    0,    0,    0,    0,    0,    0,    0,    0,    0,    0,    0,    0,    0,    0,    0,    0,    0,    0,    0,    0,    0,    0,    0,    0,    0,    0,    0,    0,    0,    0,    0,    0,    0,    0,    0,    0,    0,    0,    0,    0,    0,    0,    0,    0,    0,    0,    0,    0,    0,    0,    0,    0,    0,    0,    0,    0,    0,    0,    0,    0,    0,
       0,    0,    0,    0,  -13,    0,    0,    5,  -11,   -3,    0,    0,    0,    0,    0,    0,    0,    0,   -5,    0,   -5,    0,   -3,    0,   -3,   -3,    0,    0,   -8,   -3,    0,    0,    0,    0,    0,    0,    0,    0,    0,    0,    0,    0,    0,    0,    0,    0,    0,    0,    0,    0,    0,    0,    0,    0,    0,    0,    0,    0,    0,    0,    0,    0,    0,    0,    0,    0,    0,    0,    0,    0,    0,    0,    0,    0,    0,    0,    0,    0,    0,    0,    0,    0,    0,    0,    0,    0,
       0,    0,   -8,    0,  -16,    0,    0,    5,  -16,   -5,    0,    0,    0,    0,    0,    0,    0,    0,  -13,    0,  -13,    0,  -13,    0,   -8,  -11,    0,   -5,  -21,   -8,    0,    0,    0,    0,    0,    0,    0,    0,    0,    0,    0,    0,    0,    0,    0,    0,    0,    0,    0,    0,    0,    0,    0,    0,    0,    0,    0,    0,    0,    0,    0,    0,    0,    0,    0,    0,    0,    0,    0,    0,    0,    0,    0,    0,    0,    0,    0,    0,    0,    0,    0,    0,    0,    0,    0,    0,
       0,    0,    0,    0,    0,    0,    0,    0,    0,   -3,    0,    0,    0,    0,    0,    0,    0,    0,    0,    0,    0,    0,    0,    0,    0,    0,    0,    0,   -5,    0,    0,    0,    0,    0,    0,    0,    0,    0,    0,    0,    0,    0,    0,    0,    0,    0,    0,    0,    0,    0,    0,    0,    0,    0,    0,    0,    0,    0,    0,    0,    0,    0,    0,    0,    0,    0,    0,    0,    0,    0,    0,    0,    0,    0,    0,    0,    0,    0,    0,    0,    0,    0,    0,    0,    0,    0,
       0,    0,    0,    0,    0,    0,    0,    0,    0,    0,    0,   25,    0,    0,    0,    0,    0,    0,    0,    0,    0,    0,    0,    0,    0,    0,    0,    0,    0,    0,    0,    0,    0,    0,    0,    0,    0,    0,    0,    0,    0,    0,    0,    0,    0,    0,    0,    0,    0,    0,    0,    0,    0,    0,    0,    0,    0,    0,    0,    0,    0,    0,    0,    0,    0,    0,    0,    0,    0,    0,    0,    0,    0,    0,    0,    0,    0,    0,    0,    0,    0,    0,    0,    0,    0,    0,
       0,   -3,    0,    0,    0,    0,    0,    0,    0,    0,    0,    0,    0,    0,    0,    0,    0,    0,    0,    0,    0,    0,    0,    0,    0,    0,    0,    0,    0,    0,    0,    0,    0,    0,    0,    0,    0,    0,    0,    0,    0,    0,    0,    0,    0,    0,    0,    0,    0,    0,    0,    0,    0,    0,    0,    0,    0,    0,    0,    0,    0,    0,    0,    0,    0,    0,    0,    0,    0,    0,    0,    0,    0,    0,    0,    0,    0,    0,    0,    0,    0,    0,    0,    0,    0,    0,
       0,   -3,    0,    0,    0,    0,    0,    0,    0,    0,    0,    0,    0,    0,    0,    0,    0,    0,    0,    0,    0,    0,    0,    0,    0,    0,   -5,   -3,    0,    0,    0,    0,    0,    0,    0,    0,    0,    0,    0,    0,    0,    0,    0,    0,    0,    0,    0,    0,    0,    0,    0,    0,    0,    0,    0,    0,    0,    0,    0,    0,    0,    0,    0,    0,    0,    0,    0,    0,    0,    0,    0,    0,    0,    0,    0,    0,    0,    0,    0,    0,    0,    0,    0,    0,    0,    0,
       0,    5,    0,    0,    0,    0,    0,    0,    0,    0,    0,    0,    0,    0,    0,    0,    0,    0,    0,    0,    0,    0,    0,    0,    0,    0,    0,    0,    0,    0,    0,    0,    0,    0,    0,    0,    0,    0,    0,    0,    0,    0,    0,    0,    0,    0,    0,    0,    0,    0,    0,    0,    0,    0,    0,    0,    0,    0,    0,    0,    0,    0,    0,    0,    0,    0,    0,    0,    0,    0,    0,    0,    0,    0,    0,    0,    0,    0,    0,    0,    0,    0,    0,    0,    0,    0,
       0,   16,    0,   11,   -5,    0,    0,    0,    0,    0,    0,    0,    0,    0,    0,    0,    0,    0,    0,    0,    0,    0,    0,    0,    0,    0,    0,    0,    0,    0,    0,    0,    0,    0,    0,    0,    0,    0,    0,    0,    0,    0,    0,    0,    0,    0,    0,    0,    0,    0,    0,    0,    0,    0,    0,    0,    0,    0,    0,    0,    0,    0,    0,    0,    0,    0,    0,    0,    0,    0,    0,    0,    0,    0,    0,    0,    0,    0,    0,    0,    0,    0,    0,    0,    0,    0,
       0,   11,    0,    0,  -43,    0,    0,    0,    0,    0,    0,    0,    0,    0,    0,    0,    0,    0,   -5,    0,   -5,    0,   -3,    0,    0,    0,    0,    0,    0,    0,    0,    0,    0,    0,    0,    0,    0,    0,    0,    0,    0,    0,    0,    0,    0,    0,    0,    0,    0,    0,    0,    0,    0,    0,    0,    0,    0,    0,    0,    0,    0,    0,    0,    0,    0,    0,    0,    0,    0,    0,    0,    0,    0,    0,    0,    0,    0,    0,    0,    0,    0,    0,    0,    0,    0,    0,
       0,   11,    0,    0,  -11,    0,    0,    5,    0,    0,    0,    0,    0,    0,    0,    0,    0,    0,    0,    0,    0,    0,    0,    0,    0,    0,    0,    0,    0,    0,    0,    0,    0,    0,    0,    0,    0,    0,    0,    0,    0,    0,    0,    0,    0,    0,    0,    0,    0,    0,    0,    0,    0,    0,    0,    0,    0,    0,    0,    0,    0,    0,    0,    0,    0,    0,    0,    0,    0,    0,    0,    0,    0,    0,    0,    0,    0,    0,    0,    0,    0,    0,    0,    0,    0,    0,
       0,    0,    0,    0,    0,    0,    0,    0,    0,    0,    0,    0,    0,    0,    0,    0,    0,    0,    0,    0,   -5,    0,    0,    0,    0,    0,    0,    0,    0,    0,    0,    0,    0,    0,    0,    0,    0,    0,    0,    0,    0,    0,    0,    0,    0,    0,    0,    0,    0,    0,    0,    0,    0,    0,    0,    0,    0,    0,    0,    0,    0,    0,    0,    0,    0,    0,    0,    0,    0,    0,    0,    0,    0,    0,    0,    0,    0,    0,    0,    0,    0,    0,    0,    0,    0,    0,
       0,    0,    0,    0,    0,    0,    0,    0,    0,    0,    0,   13,   -5,    0,   -3,    0,   -8,    0,    0,    0,    0,    0,    0,    0,    0,    0,    0,    0,    0,    0,    0,    0,    0,    0,    0,    0,    0,    0,    0,    0,    0,    0,    0,    0,    0,    0,    0,    0,    0,    0,    0,    0,    0,    0,    0,    0,    0,    0,    0,    0,    0,    0,    0,    0,    0,    0,    0,    0,    0,    0,    0,    0,    0,    0,    0,    0,    0,    0,    0,    0,    0,    0,    0,    0,    0,    0,
       0,    0,    0,    0,    0,    0,    0,    0,    0,    0,    0,    0,   -8,    0,   -3,    0,   -8,    0,    0,    0,    0,    0,    0,    0,    0,    0,    0,    0,    0,    0,    0,    0,    0,   -8,    0,    0,    0,    0,    0,   -3,    0,    0,    0,    0,    0,    0,    0,    0,    0,    0,    0,    0,    0,    0,    0,    0,    0,    0,    0,    0,    0,    0,    0,    0,    0,    0,    0,   -3,    0,    0,    0,    0,    0,    0,    0,    0,    0,    0,    0,    0,    0,    0,    0,    0,    0,    0,
       0,    0,    0,    0,    0,    0,    0,    0,    0,    0,    0,    0,  -16,    0,   -8,   -5,  -21,    0,    0,    0,    0,    0,    0,    0,    0,    0,    0,    0,    0,    0,    0,    0,    0,  -16,    0,    0,    0,    0,   -5,    0,    0,   -5,    0,    0,   -5,    0,    0,    0,    0,    0,    0,    0,    0,    0,    0,    0,    0,    0,    0,    0,    0,    0,    0,    0,    0,    0,    0,  -11,    0,    0,    0,    0,    0,    0,    0,    0,    0,    0,    0,    0,    0,    0,    0,    0,    0,    0,
       0,    0,    0,    0,    0,    0,    0,    0,    0,    0,    0,   27,  -11,    0,   -8,    0,  -11,    0,    0,    0,    0,    0,    0,    0,    0,    0,    0,    0,    0,    0,    0,    0,    0,    0,    0,    0,    0,    0,    0,    0,    0,    0,    0,    0,    0,    0,    0,    0,    0,    0,    0,    0,    0,    0,    0,    0,    0,    0,    0,    0,    0,    0,    0,    0,    0,    0,    0,    0,    0,    0,    0,    0,    0,    0,    0,    0,    0,    0,    0,    0,    0,    0,    0,    0,    0,    0,
       0,    0,    0,   13,    0,    0,    0,    0,    0,    0,    0,    0,    0,    0,    0,    0,    0,    0,    0,    0,    0,    0,    0,    0,    0,    0,    0,    0,    0,    0,    0,    0,    0,    0,    0,    0,    0,    0,    0,    0,    0,    0,    0,    0,    0,    0,    0,    0,    0,    0,    0,    0,    0,    0,    0,    0,    0,    0,    0,    0,    0,    0,    0,    0,    0,    0,    0,    0,    0,    0,    0,    0,    0,    0,    0,    0,    0,    0,    0,    0,    0,    0,    0,    0,    0,    0,
       0,  -19,    0,    0,    0,    0,    0,    0,    0,   -5,    0,   29,  -19,    0,  -11,    0,  -16,    0,    0,    0,    0,    0,    0,    0,    0,    0,    0,    0,    0,    0,    0,    0,    0,    0,    0,    0,    0,    0,    0,    0,    0,    0,    0,    0,    0,    0,    0,    0,    0,    0,    0,    0,    0,    0,    0,    0,    0,    0,    0,    0,    0,    0,    0,    0,    0,    0,    0,    0,    0,    0,    0,    0,    0,    0,    0,    0,    0,    0,    0,    0,    0,    0,    0,    0,    0,    0,
      13,   13,    0,   24,    0,    0,    0,   24,    0,    0,    0,    0,    0,    0,    0,    0,    0,    0,    0,    8,    0,    0,    0,    0,    0,    0,    0,    0,    0,    0,    0,   19,    0,    0,    0,    0,    0,    0,    0,    0,    0,    0,    0,    0,    0,    0,    0,    0,    0,    0,    0,    0,    0,    0,    0,    0,    0,    0,    0,    0,    0,    0,    0,    0,    0,    0,    0,    0,    0,    0,    0,    0,    0,    0,    0,    0,    0,    0,    0,    0,    0,    0,    0,    0,    0,   19,
       0,    0,    0,   13,    0,    0,    0,    0,    0,    0,    0,    0,    0,    0,    0,    0,    0,    0,    0,    0,    0,    0,    0,    0,    0,    0,    0,    0,    0,    0,    0,    0,   35,    0,    0,    0,    0,    0,    0,    0,    0,    0,    0,    0,    0,    0,    0,    0,    0,    0,    0,    0,    0,    0,    0,    0,    0,    0,    0,    0,    0,    0,    0,    0,    0,    0,    0,    0,    0,    0,    0,    0,    0,    0,    0,    0,    0,    0,    0,    0,    0,    0,    0,    0,    0,    0,
       0,    0,    0,    0,    0,    0,    0,    0,    0,    0,    0,   13,    0,    0,    0,    0,    0,    0,    0,    0,    0,    0,    0,    0,    0,    0,    0,    0,    0,    0,    0,    0,    0,    0,    0,    0,    0,    0,    0,    0,    0,    0,    0,    0,    0,    0,    0,    0,    0,    0,    0,    0,    0,    0,    0,    0,    0,    0,    0,    0,    0,    0,    0,    0,    0,    0,    0,    0,    0,    0,    0,    0,    0,    0,    0,    0,    0,    0,    0,    0,    0,    0,    0,    0,    0,    0,
      19,   29,    0,   32,    0,    0,    0,   29,    0,    0,    0,    0,    0,    0,    0,    0,    0,    0,    0,    0,    0,    0,    0,    0,    0,    0,    0,    0,    0,    0,    0,    0,    0,    0,    0,    0,    0,    0,    0,    0,    0,    0,    0,    0,    0,    0,    0,    0,    0,    0,    0,    0,    0,    0,    0,    0,    0,    0,    0,    0,    0,    0,    0,    0,    0,    0,    0,    0,    0,    0,    0,    0,    0,    0,    0,    0,    0,    0,    0,    0,    0,    0,    0,    0,    0,   19,
       0,    0,    0,    0,    0,    0,    0,    0,   -5,    0,    5,    0,   16,    0,   19,   13,   16,    0,    0,    0,    0,    0,    0,    0,    0,    0,    0,    0,    0,    0,    0,    0,    0,    0,    0,    0,    0,    0,    0,    0,    0,    0,    0,    0,    0,    0,    0,    0,    0,    0,    0,    0,    0,    0,    0,    0,    0,    0,    0,    0,    0,    0,    0,    0,    0,    0,    0,    0,    0,    0,    0,    0,    0,    0,    0,    0,    0,    0,    0,    0,    0,    0,    0,    0,    0,    0,
       0,    0,    0,    0,    0,    0,    0,    0,    0,    0,    0,    0,    0,    0,    0,    0,    0,    0,    0,    5,    0,   11,    0,    0,    0,    0,   13,    0,    0,    0,    0,    0,    0,    0,    0,    0,    0,    0,    0,    0,    0,    0,    0,    0,    0,    0,    0,    0,    0,    0,    0,    0,    0,    0,    0,    0,    0,    0,    0,    0,    0,    0,    0,    0,    0,    0,    0,    0,    0,    0,    0,    0,    0,    0,    0,    0,    0,    0,    0,    0,    0,    0,    0,    0,    0,    0,
       0,    0,    0,    0,    0,    0,    0,    0,   -8,   -3,    5,    0,   19,    0,   19,   13,   16,    0,   -8,    0,   -5,    0,   -5,    0,    0,    0,    0,    0,    0,    0,    0,    0,    0,    0,    0,    0,    0,    0,    0,    0,    0,    0,    0,    0,    0,    0,    0,    0,    0,    0,    0,    0,    0,    0,    0,    0,    0,    0,    0,    0,    0,    0,    0,    0,    0,    0,    0,    0,    0,    0,    0,    0,    0,    0,    0,    0,    0,    0,    0,    0,    0,    0,    0,    0,    0,    0,
       0,    0,    0,    0,    0,    0,    0,    0,    0,    0,    0,    0,    0,    0,    0,    0,    0,    0,    0,    5,    0,   13,    0,    0,    0,    0,   13,    0,    0,    0,    0,    0,    0,    0,    0,    0,    0,    0,    0,    0,    0,    0,    0,    0,    0,    0,    0,    0,    0,    0,    0,    0,    0,    0,    0,    0,    0,    0,    0,    0,    0,    0,    0,    0,    0,    0,    0,    0,    0,    0,    0,    0,    0,    0,    0,    0,    0,    0,    0,    0,    0,    0,    0,    0,    0,    0,
       0,    0,    0,    0,    0,    0,    0,    0,    0,    0,    0,    0,    0,    0,    0,    0,    0,    0,    0,    0,    0,    0,    0,    0,    0,    0,    0,    0,    0,    0,    0,    0,    0,    0,    0,    0,   13,    0,    0,    0,    0,    0,    0,    0,    0,    0,    0,    0,    0,    0,    0,    0,    0,    0,    0,    0,    0,    0,    0,    0,    0,    0,    0,    0,    0,    0,    0,    0,    0,    0,    0,    0,    0,    0,    0,    0,    0,    0,    0,    0,    0,    0,    0,    0,    0,    0,
       0,  -19,    0,    0,    0,    0,    0,    0,    0,    0,    0,    0,    0,    0,    0,    0,    0,    0,    0,    0,    0,    0,    0,    0,    0,    0,    0,    0,    0,    0,    0,    0,    0,  -13,    0,    0,    0,    0,   -5,    0,    0,    0,    0,    0,   -8,    0,    0,    0,    0,    0,    0,    0,    0,    0,   -5,   -5,   -5,    0,    0,    0,    0,    0,    0,    0,   -5,    0,  -11,  -16,  -13,   -5,    0,    0,    0,    0,    0,    0,    0,    0,    0,    0,    0,    0,    0,    0,    0,   -8,
       0,    5,    0,    0,  -13,  -11,   -8,    0,    0,    0,    0,    0,    0,    0,    0,    0,    0,    0,    0,    0,    0,    0,    0,    0,    0,    0,    0,    0,    0,   -8,    0,    0,    0,    5,   -5,    0,    0,   -7,    0,  -19,   -7,    0,    0,   -9,    0,    0,  -11,   -5,   -8,  -11,  -11,   -3,   -3,   -8,   -3,   -5,   -8,  -11,    0,   -5,    0,    0,    0,    0,    0,    0,    0,    3,    0,    0,    0,    0,    0,    0,    0,    0,    0,    0,    0,    0,    0,    0,    0,    0,    0,    0,
       0,    0,    0,    0,    0,    0,    0,    0,    0,    0,    0,    0,    0,    0,    0,    0,    0,    0,    0,    0,    0,    0,    0,    0,    0,    0,    0,    0,   -5,    0,    0,    0,    0,    0,   -5,    0,    0,    0,    0,    0,    0,    0,    0,   -8,    0,    0,    0,    0,    0,    0,    0,    0,    0,    0,    0,    0,   -5,    0,    0,    0,    0,    0,   -5,    0,    0,    0,    0,    0,    0,    0,   -5,    0,    0,    0,    0,    0,    0,    0,    0,    0,    0,    0,    0,    0,    0,    0,
       0,    0,    0,    0,   -5,    0,    0,    0,    0,    0,    0,    0,    0,    0,    0,    0,    0,    0,    0,    0,    0,    0,    0,    0,    0,    0,    0,    0,    0,    0,    0,    0,    0,    0,    0,    0,    0,    0,    0,    0,    0,    0,    0,   -3,    0,    0,    0,    0,    0,    0,    0,    0,    0,    0,    0,    0,    0,    0,    0,    0,    0,    0,    0,    0,    0,    0,    0,    0,    0,    0,    0,    0,    0,    0,    0,    0,    0,    0,    0,    0,    0,    0,    0,    0,    0,    0,
       0,  -24,    0,    0,   -3,    0,    0,    0,    0,    0,    0,    0,    0,    0,    0,    0,    0,    0,    0,    0,    0,    0,    0,    0,    0,    0,    0,    0,    0,    0,    0,    0,    0,  -16,    0,    0,    0,    0,   -5,    0,    0,    0,    0,    0,   -8,    0,    0,    0,    0,    0,    0,   -5,    0,    0,   -5,   -5,    0,   -5,    0,    0,    0,    0,    0,    0,    0,    0,    0,   -8,    0,    0,    0,    0,    0,    0,    0,    0,    0,    0,    0,    0,    0,    0,    0,    0,    0,  -16,
       0,    5,    0,    0,    0,   -3,   -3,    0,    0,    0,    0,    0,    0,    0,    0,    0,    0,    0,    0,    0,    0,    0,    0,    0,    0,    0,    0,    0,   -5,    0,    0,    0,    0,    0,   -5,    0,    0,    0,    0,    0,    0,    0,    0,  -11,   -3,    0,   -3,   -5,    0,    0,   -5,    0,    0,    0,   -3,   -3,   -5,    0,    0,    0,    0,    0,   -5,    0,    0,    0,    0,    0,    0,    0,  -13,    0,    0,    0,    0,    0,    0,    0,    0,    0,    0,    0,    0,    0,    0,    0,
       0,    5,    0,    0,  -19,   -5,   -3,    0,    0,    0,    0,    0,    0,    0,    0,    0,    0,    0,    0,    0,    0,    0,    0,    0,    0,    0,    0,    0,  -13,   -5,    0,    0,    0,    0,  -11,   -5,    0,  -24,    0,  -32,  -27,    0,    0,   -8,    0,   -8,  -13,  -11,   -3,  -27,  -16,   -8,   -5,  -13,    0,    0,   -5,  -13,   13,   -8,    0,    0,   -3,    0,    0,    0,    0,    0,    0,    0,   -5,   -8,  -13,    0,    0,    0,    0,    0,    0,    0,    0,    0,    0,    0,    0,    0,
       0,  -19,    0,    0,    0,    0,    0,    0,    0,    0,    0,    0,    0,    0,    0,    0,    0,    0,    0,    0,    0,    0,    0,    0,    0,    0,    0,    0,    0,   -3,    0,    0,    0,  -19,   -5,    0,   13,    0,   -8,    0,    0,    0,    0,   -9,  -16,    0,    0,    0,    0,    0,   -3,    0,    0,    0,   -8,   -5,   -8,    0,    0,    0,    0,    0,    0,    0,   -5,    0,  -11,  -13,  -16,    0,  -13,    0,    0,    0,   -3,    0,    0,    0,    0,    0,    0,    0,    0,    0,    0,  -11,
       0,    0,    0,    0,    0,    0,    0,    0,    0,    0,    0,    0,    0,    0,    0,    0,    0,    0,    0,    0,    0,    0,    0,    0,    0,    0,    0,    0,    0,    0,    0,    0,    0,    0,    0,    0,    0,    0,    0,    0,    0,    0,    0,    0,    0,    0,    0,    0,    0,    0,    0,   -3,    0,    0,    0,   -3,    0,    0,    0,    0,    0,    0,    0,    0,    0,    0,    0,    0,    0,    0,    0,    0,    0,    0,    0,    0,    0,    0,    0,    0,    0,    0,    0,    0,    0,    0,
       0,    0,    0,   -7,    0,    0,    0,    0,    0,    0,    0,    0,    0,    0,    0,    0,    0,    0,    0,    0,    0,    0,    0,    0,    0,    0,    0,    0,    0,    0,    0,    0,    0,    0,    0,    0,    0,    0,    0,    0,    0,    0,    0,    0,    0,    0,    0,    0,    0,    0,    0,   -3,    0,    0,    0,    0,   -4,   -3,    0,    0,    0,    0,    0,    0,    0,    0,    0,    0,    0,    0,    0,    0,    0,    0,    0,    0,    0,    0,    0,    0,    0,    0,    0,    0,    0,    0,
       0,    0,    0,    0,    8,    0,    0,    0,    0,    0,    0,    0,    0,    0,    0,    0,    0,    0,    0,    0,    0,    0,    0,    0,    0,    0,    0,    0,    0,    0,    0,    0,    0,    0,    0,    0,   24,    8,    0,    0,   11,    0,    0,   -3,   -7,    0,    0,    0,    0,    8,    0,    0,    0,    8,   -3,    8,   -5,    0,    0,    0,    0,   19,    0,    0,    0,    0,    0,    0,    0,    0,    0,    0,    0,    0,    0,    0,    0,    0,    0,    0,    0,    0,    0,    0,    0,    0,
       0,    0,    0,    0,  -11,    0,    0,    0,    0,    0,    0,    0,    0,    0,    0,    0,    0,    0,    0,    0,    0,    0,    0,    0,    0,    0,    0,    0,    0,    0,    0,    0,    0,   -5,    0,    0,    0,   -3,  -11,   -5,   -3,   -5,   -3,    0,    0,    0,    0,    0,    0,   -3,    0,   -4,    0,   -3,    0,    0,    0,   -3,    0,    0,    0,    0,    0,    0,    0,    0,   -3,   -3,   -3,    0,    0,    0,   -5,    0,    0,    0,    0,    0,    0,    0,    0,    0,    0,    0,    0,    0,
       0,    0,    0,    0,  -35,   -3,   -3,    0,    0,    0,    0,    0,    0,    0,    0,    0,    0,    0,    0,    0,    0,    0,    0,    0,    0,    0,    0,    0,   -5,   -3,    0,    0,    0,    0,    0,    0,    0,  -16,   -5,  -13,  -16,   -5,    0,   -3,    0,    0,   -7,    0,    0,  -13,   -3,    0,    0,  -11,    0,    0,    0,   -3,    0,    0,    0,    0,    0,    0,    0,    0,    0,    0,    0,    0,    0,    0,  -16,    0,    0,    0,    0,    0,    0,    0,    0,    0,    0,    0,    0,    0,
       0,   -3,    0,   -8,  -11,    0,   -3,    0,    0,    0,    0,    0,    0,    0,    0,    0,    0,    0,    0,    0,    0,    0,    0,    0,    0,    0,    0,    0,    0,    0,    0,    0,    0,   -9,    0,   -3,    0,   -7,   -8,   -9,   -8,  -11,   -8,    0,    0,   -3,    0,    0,    0,   -7,    0,   -4,    0,   -4,    0,    0,    0,   -3,    0,    0,    0,    0,    0,    0,    0,    0,    0,   -5,    0,    0,    0,    0,    0,    0,    0,    0,    0,    0,    0,    0,    0,    0,    0,    0,    0,    0,
       0,   -3,    0,    0,    0,    0,    0,    0,    0,    0,    0,    0,    0,    0,    0,    0,    0,    0,    0,    0,    0,    0,    0,    0,    0,    0,    0,    0,    0,    0,    0,    0,    0,  -11,    0,    0,    0,    0,  -11,    0,    0,    0,    0,    0,    0,    0,    0,    0,    0,    0,    0,   -5,    0,    0,   -3,   -3,    0,    0,    0,    0,    0,    0,    0,    0,    0,    0,    0,    0,    0,    0,    0,    0,    0,    0,    0,    0,    0,    0,    0,    0,    0,    0,    0,    0,    0,    0,
       0,    0,    0,    0,    0,    0,    0,    0,    0,    0,    0,    0,    0,    0,    0,    0,    0,    0,    0,    0,    0,    0,    0,    0,    0,    0,    0,    0,    0,    0,    0,    0,    0,  -16,    0,    0,    0,    0,  -11,   -3,    0,   -8,    0,    0,    0,   -5,    0,    0,    0,   -3,    0,   -5,    0,    0,   -3,   -8,   -3,   -3,    0,    0,    0,    0,    0,    0,    0,    0,    0,    0,    0,    0,    0,    0,    0,    0,    0,    0,    0,    0,    0,    0,    0,    0,    0,    0,    0,    0,
       0,    0,    0,   -3,    0,    0,    0,    0,    0,    0,    0,    0,    0,    0,    0,    0,    0,    0,    0,    0,    0,    0,    0,    0,    0,    0,    0,    0,    0,    0,    0,    0,    0,   -8,    0,    0,    0,    0,   -3,    0,    0,   -3,    0,    0,    0,   -3,    0,    0,    0,    0,    0,   -5,    0,    0,   -3,   -3,    0,    0,    0,    0,    0,    0,    0,    0,    0,    0,    0,    0,    0,    0,    0,    0,    0,    0,    0,    0,    0,    0,    0,    0,    0,    0,    0,    0,    0,    0,
       0,    8,    0,    0,  -11,   -5,    0,    0,    0,    0,    0,    0,    0,    0,    0,    0,    0,    0,    0,    0,    0,    0,    0,    0,    0,    0,    0,    0,    0,    0,    0,    0,    0,    0,    0,    0,    0,   -5,    0,   -8,   -8,   -3,    0,    0,    0,    0,    0,    0,    0,  -11,   -3,    0,    0,   -8,    0,    0,    0,    0,    0,    0,    0,    0,    0,    0,    0,    0,    0,    0,    0,    0,    0,    0,    0,    0,    0,    0,    0,    0,    0,    0,    0,    0,    0,    0,    0,   11,
       0,   -3,    0,    0,    5,    0,    0,    0,    0,    0,    0,    0,    0,    0,    0,    0,    0,    0,    0,    0,    0,    0,    0,    0,    0,    0,    0,    0,    0,    0,    0,    0,    0,   -8,    0,    0,   27,    5,    0,    0,    8,    0,    0,    0,   -4,    0,    0,    0,    0,    5,    0,    0,    0,    7,   -4,    0,   -8,    0,    0,    0,    0,   16,    0,    0,    0,    0,    0,    0,    0,    0,    0,    0,    0,    0,    0,    0,    0,    0,    0,    0,    0,    0,    0,    0,    0,    0,
       0,    0,    0,    0,    0,    0,    0,    0,    0,    0,    0,    0,    0,    0,    0,    0,    0,    0,    0,    0,    0,    0,    0,    0,    0,    0,    0,    0,    0,    0,    0,    0,    0,  -11,    0,    0,    0,    0,  -11,   -3,    0,   -5,    0,    0,    0,   -5,    0,    0,    0,   -3,    0,   -5,    0,    0,   -3,   -8,   -3,   -3,    0,    0,    0,    0,    0,    0,    0,    0,    0,    0,    0,    0,    0,    0,    0,    0,    0,    0,    0,    0,    0,    0,    0,    0,    0,    0,    0,    0,
       0,    0,    0,    0,    0,   -3,    0,    0,    0,    0,    0,    0,    0,    0,    0,    0,    0,    0,    0,    0,    0,    0,    0,    0,    0,    0,    0,    0,    0,    0,    0,    0,    0,   -3,   -4,    0,    0,    0,   -3,    0,    0,    0,    0,   -4,   -3,    0,   -5,    0,    0,    0,   -5,    0,    0,    0,    0,    0,   -5,   -3,    0,    0,    0,    0,    0,    0,    0,    0,    0,    0,    0,    0,    0,   -5,    0,    0,    0,    0,    0,    0,    0,    0,    0,    0,    0,    0,    0,    8,
       0,    0,    0,    0,    0,    0,    0,    0,    0,    0,    0,    0,    0,    0,    0,    0,    0,    0,    0,    0,    0,    0,    0,    0,    0,    0,    0,    0,    0,    0,    0,    0,    0,   -8,    0,    0,    0,    0,    0,    0,    0,    0,    0,    0,    0,    0,    0,    0,    0,    0,    0,    0,    0,    0,    0,    0,    0,    0,   -1,    0,    0,    0,    0,    0,    0,    0,    0,    0,    0,    0,    0,    0,    0,    0,    0,    0,    0,    0,    0,    0,    0,    0,    0,    0,    0,    0,
       0,    5,    0,    0,    0,    0,    0,    0,    0,    0,    0,    0,    0,    0,    0,    0,    0,    0,    0,    0,    0,    0,    0,    0,    0,    0,    0,    0,    0,    0,    0,    0,    0,   -5,    0,    0,    0,    0,    0,    0,    0,    0,    0,    0,    0,    0,    0,    0,    0,    0,   -3,    0,    0,    0,    0,    0,    0,   -3,    0,    0,    0,    0,    0,    0,    0,    0,    0,    0,    0,    0,    0,    0,    0,    0,    0,    0,    0,    0,    0,    0,    0,    0,    0,    0,    0,    0,
       0,    5,    0,    0,  -11,    0,    0,    0,    0,    0,    0,    0,    0,    0,    0,    0,    0,    0,    0,    0,    0,    0,    0,    0,    0,    0,    0,    0,    0,    0,    0,    0,    0,    0,    0,    0,    0,   -5,    0,   -5,   -8,   -3,    0,    0,    0,    0,   -3,    0,    0,  -13,   -8,    0,    0,  -13,    0,    0,    0,   -8,    0,    0,    0,    0,    0,    0,    0,    0,    0,    0,    0,    0,    0,    0,    0,    0,    0,    0,    0,    0,    0,    0,    0,    0,    0,    0,    0,   11,
       0,  -21,    0,    0,    0,    0,   -3,    0,    0,    0,    0,    0,    0,    0,    0,    0,    0,    0,    0,    0,    0,    0,    0,    0,    0,    0,    0,    0,    0,    0,    0,    0,    0,  -16,    0,    0,    0,    0,   -5,   -3,    0,   -3,    0,   -3,  -19,   -5,    0,    0,    0,    0,    0,   -5,    0,    0,  -16,  -12,  -11,   -5,    0,    0,    0,    0,    0,   -5,    0,    0,    0,    0,    0,   -8,    0,   -5,    0,    0,    0,    0,    0,    0,    0,    0,    0,    0,    0,    0,    0,   -8,
       0,   -3,    0,    0,    0,    0,    0,    0,    0,    0,    0,    0,    0,    0,    0,    0,    0,    0,    0,    0,    0,    0,    0,    0,    0,    0,    0,    0,    0,    0,    0,    0,    0,  -11,    0,    0,   21,    0,    0,    0,    0,    0,    0,    0,    0,    0,    0,    0,    0,    0,    0,    0,    0,    0,   -8,  -13,    0,    0,    0,    0,    0,    5,    0,    0,    0,    0,    0,    0,    0,    0,    0,    0,    0,    0,    0,    0,    0,    0,    0,    0,    0,    0,    0,    0,    0,    0,
       0,    0,    0,    0,    0,    0,    0,    0,    0,    0,    0,    0,    0,    0,    0,    0,    0,    0,    0,    0,    0,    0,    0,    0,    0,    0,    0,    0,    0,    0,    0,    0,    0,   -5,    0,    0,    0,    0,   -8,    0,    0,    0,    0,    0,    0,   -3,    0,    0,    0,    0,    0,    0,    0,    0,    0,    0,    0,   -5,    0,    0,    0,    0,    0,    0,    0,    0,    0,    0,    0,    0,    0,    0,    0,    0,    0,    0,    0,    0,    0,    0,    0,    0,    0,    0,    0,    0,
       0,    8,    0,    0,    0,    0,    0,    0,    0,    0,    0,    0,    0,    0,    0,    0,    0,    0,    0,    0,    0,    0,    0,    0,    0,    0,    0,    0,    0,    0,    0,    0,    0,    5,    0,    0,    0,    0,    0,    0,    0,    0,    0,    0,    0,    0,    0,    0,    0,    0,    0,    0,    0,    0,    0,    0,    0,    0,    8,    0,    3,    0,    0,    0,    0,    0,    0,    0,    0,    0,    0,    0,    0,    0,    0,    0,    0,    0,    0,    0,    0,    0,    0,    0,    0,    0,
       0,    0,    0,    0,    0,    0,    0,    0,    0,    0,    0,    0,    0,    0,    0,    0,    0,    0,    0,    0,    0,    0,    0,    0,    0,    0,    0,    0,    0,    0,    0,    0,    0,    0,    0,    0,    8,    0,    0,    0,    0,    0,    0,    0,    0,    0,    0,    0,    0,    0,    0,    0,    0,    0,    0,    0,    0,    0,    0,    0,    0,    5,    0,    0,    0,    0,    0,    0,    0,    0,    0,    0,    0,    0,    0,    0,    0,    0,    0,    0,    0,    0,    0,    0,    0,    0,
       0,   -3,    0,    0,    0,    0,    0,    0,    0,    0,    0,    0,    0,    0,    0,    0,    0,    0,    0,    0,    0,    0,    0,    0,    0,    0,    0,    0,    0,    0,    0,    0,    0,  -11,    0,    0,   11,    0,    0,    0,    0,    0,    0,    0,    0,    0,    0,    0,    0,    0,    0,    0,    0,    0,   -8,  -13,    0,    0,    0,    0,    0,    0,    0,    0,    0,    0,    0,    0,    0,    0,    0,    0,    0,    0,    0,    0,    0,    0,    0,    0,    0,    0,    0,    0,    0,    0,
       0,    0,    0,    0,  -11,    0,    0,    0,    0,    0,    0,    0,    0,    0,    0,    0,    0,    0,    0,    0,    0,    0,    0,    0,    0,    0,    0,    0,    0,    0,    0,    0,    0,    0,    0,    0,    0,    0,    0,    0,    0,    0,    0,    0,    0,    0,    0,    0,    0,   -5,    0,    0,    0,    0,    0,    0,    0,    0,    0,    0,    0,    0,    0,    0,    0,    0,    0,    0,    0,    0,    0,    0,    0,    0,    0,    0,    0,    0,    0,    0,    0,    0,    0,    0,    0,    0,
       0,  -11,    0,    0,    0,    0,    0,    0,    0,    0,    0,    0,    0,    0,    0,    0,    0,    0,    0,    0,    0,    0,    0,    0,    0,    0,    0,    0,    0,    0,    0,    0,    0,  -11,    0,    0,    0,    0,    0,    0,    0,    0,    0,    0,  -11,    0,    0,    0,    0,    0,    0,    0,    0,    0,   -5,    0,    0,    0,    0,    0,    0,    0,    0,    0,    0,    0,   -8,   -5,   -8,    0,    0,    0,    0,    0,    0,    0,    0,    0,    0,    0,    0,    0,    0,    0,    0,    0,
       0,  -19,    0,    0,    0,    0,    0,    0,    0,    0,    0,    0,    0,    0,    0,    0,    0,    0,    0,    0,    0,    0,    0,    0,    0,    0,    0,    0,    0,    0,    0,    0,    0,    0,    0,    0,    0,    0,    0,    0,    0,    0,    0,    0,    0,    0,   -5,    0,    0,    0,    0,    0,    0,    0,  -13,   -8,   -8,    0,    0,    0,    0,    0,    0,   -5,    0,    0,    0,    0,    0,   -5,    0,   -5,    0,    0,    0,    0,    0,    0,    0,    0,    0,    0,    0,    0,    0,    0,
       0,    0,    0,    0,  -11,    0,    0,    0,    0,    0,    0,    0,    0,    0,    0,    0,    0,    0,    0,    0,    0,    0,    0,    0,    0,    0,    0,    0,    0,    0,    0,    0,    0,    0,    0,    0,    0,    0,    0,    0,    0,    0,    0,    0,    0,    0,    0,    0,    0,    0,    0,    0,    0,    0,    0,    0,    0,    0,    0,    0,    0,    0,    0,    0,    0,    0,   -3,    0,   -3,    0,    0,    0,    0,    0,    0,    0,    0,    0,    0,    0,    0,    0,    0,    0,    0,    0,
       0,    0,    0,    0,  -16,  -11,    0,    0,    0,    0,    0,    0,    0,    0,    0,    0,    0,    0,    0,    0,    0,    0,    0,    0,    0,    0,    0,    0,  -16,   -8,    0,    0,    0,    5,   -5,    0,    0,  -11,    0,  -19,  -13,    0,    0,   -9,    0,    0,  -19,    0,    0,  -16,    0,   -5,   -5,    0,  -11,  -11,  -13,    0,    0,    0,    0,    0,   -5,   -5,    0,  -13,    0,    0,    0,  -11,  -13,  -19,  -13,  -21,    0,    0,    0,    0,    0,    0,    0,    0,    0,    0,    0,    0,
       0,    0,    0,    0,  -13,   -5,    0,    0,    0,    0,    0,    0,    0,    0,    0,    0,    0,    0,    0,    0,    0,    0,    0,    0,    0,    0,    0,    0,    0,    0,    0,    0,    0,    0,    0,    0,    0,    0,    0,   -8,    0,    0,    0,    0,    0,    0,   -3,    0,    0,  -11,   -3,    0,    0,   -8,    0,    0,    0,    0,    0,    0,    0,    0,    0,    0,    0,    0,    0,    0,    0,    0,    0,    0,    0,    0,    0,    0,    0,    0,    0,    0,    0,    0,    0,    0,    0,    0,
       0,    0,    0,    0,  -13,   -5,    0,    0,    0,    0,    0,    0,    0,    0,    0,    0,    0,    0,    0,    0,    0,    0,    0,    0,    0,    0,    0,    0,    0,    0,    0,    0,    0,    5,    0,    0,    0,    0,    0,  -16,    0,    0,    0,    0,    0,    0,  -11,    0,    0,  -13,    0,   -5,   -5,    0,    0,    0,  -13,    0,    5,    0,    0,    0,   -5,    0,    0,   -8,    0,    5,    0,    0,   -5,   -8,  -11,    0,    0,    0,    0,    0,    0,    0,    0,    0,    0,    0,    0,    0,
       0,    0,    0,    0,   -8,    0,    0,    0,    0,    0,    0,    0,    0,    0,    0,    0,    0,    0,    0,    0,    0,    0,    0,    0,    0,    0,    0,    0,    0,    0,    0,    0,    0,    0,    0,    0,    0,    0,    0,    0,    0,    0,    0,    0,    0,    0,   -5,    0,    0,   -8,    0,    0,    0,    0,    0,    0,    0,    0,    0,    0,    0,    0,    0,    0,    0,    0,    0,    0,    0,    0,    0,    0,    0,    0,    0,    0,    0,    0,    0,    0,    0,    0,    0,    0,    0,    0,
       0,    0,    0,    0,    0,    0,    0,    0,    0,    0,    0,    0,    0,    0,    0,    0,    0,    0,    0,    0,    0,    0,    0,    0,    0,    0,    0,    0,    0,    0,    0,    0,    0,    0,    0,    0,    0,    0,    0,    0,    0,    0,    0,    0,    0,    0,    0,    0,    0,    0,    0,    0,    0,    0,   -5,    0,  -13,    0,    0,    0,    0,    0,   -5,    0,    0,    0,    0,    0,    0,    0,  -13,   -5,    0,    0,    0,    0,    0,    0,    0,    0,    0,    0,    0,    0,    0,    0,
       0,    0,    0,    0,    0,    0,    0,    0,    0,    0,    0,    0,    0,    0,    0,    0,    0,    0,    0,    0,    0,    0,    0,    0,    0,    0,    0,    0,    0,    0,    0,    0,    0,    0,    0,    0,    0,    0,    0,    0,    0,    0,    0,    0,    0,    0,   -3,    0,    0,    0,    0,    0,    0,    0,    0,    0,   -3,    0,    0,    0,    0,    0,    0,    0,    0,    0,    0,    0,    0,    0,    0,    0,    0,    0,    0,    0,    0,    0,    0,    0,    0,    0,    0,    0,    0,    0,
       0,    0,    0,    0,  -16,    0,    0,    0,    0,    0,    0,    0,    0,    0,    0,    0,    0,    0,    0,    0,    0,    0,    0,    0,    0,    0,    0,    0,    0,    0,    0,    0,    0,    0,    0,    0,    0,    0,    0,  -16,    0,    0,    0,    0,    0,    0,  -13,    0,    0,  -13,    0,    0,    0,    0,    0,    0,  -11,    0,    5,    0,    0,    0,   -5,    0,    0,   -8,    0,    0,    0,    0,    0,  -11,  -11,  -11,   -3,    0,    0,    0,    0,    0,    0,    0,    0,    0,    0,    0,
       0,    0,    0,    0,  -11,    0,    0,    0,    0,    0,    0,    0,    0,    0,    0,    0,    0,    0,    0,    0,    0,    0,    0,    0,    0,    0,    0,    0,    0,    0,    0,    0,    0,    0,    0,    0,    0,    0,    0,    0,    0,    0,    0,    0,    0,    0,    0,    0,    0,   -3,    0,    0,    0,    0,    0,    0,    0,    0,    0,    0,    0,    0,    0,    0,    0,    0,    0,    0,    0,    0,    0,    0,    0,    0,    0,    0,    0,    0,    0,    0,    0,    0,    0,    0,    0,    0,
       0,    0,    0,    0,    0,    0,    0,    0,    0,    0,    0,    0,    0,    0,    0,    0,    0,    0,    0,    0,    0,    0,    0,    0,    0,    0,    0,    0,    0,    0,    0,    0,    0,   -5,    0,    0,    0,    0,    0,    0,    0,    0,    0,    0,    0,    0,    0,    0,    0,    0,    0,    0,    0,    0,    0,    0,    0,    0,    0,    0,    0,    0,    0,    0,    0,    0,   -3,    0,   -3,    0,    0,    0,    0,    0,    0,    0,    0,    0,    0,    0,    0,    0,    0,    0,    0,    0,
       0,   -3,    0,    0,    0,    0,    0,    0,    0,    0,    0,    0,    0,    0,    0,    0,    0,    0,    0,    0,    0,    0,    0,    0,    0,    0,    0,    0,    0,    0,    0,    0,    0,    0,    0,    0,    0,    0,    0,    0,    0,    0,    0,    0,    0,    0,    0,    0,    0,    0,    0,   -5,    0,    0,    0,   -3,    0,    0,    0,    0,    0,    0,    0,    0,    0,    0,    0,    0,    0,    0,    0,    0,    0,    0,    0,    0,    0,    0,    0,    0,    0,    0,    0,    0,    0,    0,
       0,    0,    0,    0,    0,    0,    0,    0,    0,    0,    0,    0,    0,    0,    0,    0,    0,    0,    0,    0,    0,    0,    0,    0,    0,    0,    0,    0,    0,    0,    0,    0,    0,    0,    0,    0,    0,    0,    0,    0,    0,    0,    0,    0,    0,    0,    0,    0,    0,    0,    0,    0,    0,    0,    0,    0,    0,    0,    0,    0,    0,    0,    0,    0,    0,    0,    0,    0,    0,    0,    0,    0,    0,    0,    0,   -3,  -11,   -8,   -4,   -5,   -2,    0,    0,    0,    0,    0,
       0,    0,    0,    0,    0,    0,    0,    0,    0,    0,    0,    0,    0,    0,    0,    0,    0,    0,    0,    0,    0,    0,    0,    0,    0,    0,    0,    0,    0,    0,    0,    0,    0,    0,    0,    0,    0,    0,    0,    0,    0,    0,    0,    0,    0,    0,    0,    0,    0,    0,    0,    0,    0,    0,    0,    0,    0,    0,    0,    0,    0,    0,    0,    0,    0,    0,    0,    0,    0,    0,    0,    0,    0,    0,    0,    0,    0,    0,    0,    0,    0,    0,    0,   -5,    0,    0,
       0,    0,    0,    0,    0,    0,    0,    0,    0,    0,    0,    0,    0,    0,    0,    0,    0,    0,    0,    0,    0,    0,    0,    0,    0,    0,    0,    0,    0,    0,    0,    0,    0,    0,    0,    0,    0,    0,    0,    0,    0,    0,    0,    0,    0,    0,    0,    0,    0,    0,    0,    0,    0,    0,    0,    0,    0,    0,    0,    0,    0,    0,    0,    0,    0,    0,    0,    0,    0,    0,    0,    0,    0,    0,    0,    0,    0,    0,    0,    0,    0,   -5,    0,    0,   -3,    0,
       0,    0,    0,    0,    0,    0,    0,    0,    0,    0,    0,    0,    0,    0,    0,    0,    0,    0,    0,    0,    0,    0,    0,    0,    0,    0,    0,    0,    0,    0,    0,    0,    0,    0,    0,    0,    0,    0,    0,    0,    0,    0,    0,    0,    0,    0,    0,    0,    0,    0,    0,    0,    0,    0,    0,    0,    0,    0,    0,    0,    0,    0,    0,    0,    0,    0,    0,    0,    0,    0,    0,    0,    0,    0,    0,    0,    0,    0,    0,    0,    0,   -3,   -3,    3,   -3,    0,
};

static const EpdLigaturePair notosans_8_regularLigaturePairs[] = {
    { 0x00660066, 0xFB00 }, // f f -> U+FB00
    { 0x00660069, 0xFB01 }, // f i -> U+FB01
    { 0x0066006C, 0xFB02 }, // f l -> U+FB02
    { 0xFB000069, 0xFB03 }, // U+FB00 i -> U+FB03
    { 0xFB00006C, 0xFB04 }, // U+FB00 l -> U+FB04
};

static const EpdFontData notosans_8_regular = {
    notosans_8_regularBitmaps,
    notosans_8_regularGlyphs,
    notosans_8_regularIntervals,
    22,
    23,
    18,
    -5,
    true,
    notosans_8_regularGroups,
    14,
    nullptr,
    notosans_8_regularKernLeftClasses,
    notosans_8_regularKernRightClasses,
    notosans_8_regularKernMatrix,
    488,
    516,
    91,
    86,
    notosans_8_regularLigaturePairs,
    5,
};
