/**
 * generated by fontconvert.py
 * name: ubuntu_12_regular
 * size: 12
 * mode: 2-bit  compressed: true
 * Command used: fontconvert.py ubuntu_12_regular 12 ../builtinFonts/source/Ubuntu/Ubuntu-Regular.ttf ../builtinFonts/source/NotoSansThai/NotoSansThai-Regular.ttf --additional-intervals 0x0E01,0x0E5B --2bit --compress
 */
#pragma once
#include "EpdFontData.h"

static const uint8_t ubuntu_12_regularBitmaps[17649] = {
    0xB5, 0x58, 0xBD, 0x93, 0xDC, 0xB6, 0x15, 0x7F, 0x24, 0x3D, 0xC7, 0x99, 0x60, 0x1C, 0xA8, 0x70,
    0x11, 0xCF, 0xC9, 0xA2, 0x0B, 0x15, 0xCA, 0x8C, 0x6F, 0xE9, 0xE2, 0xCA, 0x25, 0x09, 0xD9, 0xFF,
    0x40, 0xFE, 0x91, 0xE4, 0x52, 0xBA, 0xD8, 0xBB, 0x85, 0x9D, 0xC2, 0xAD, 0xFA, 0x34, 0xA9, 0x53,
    0x24, 0x2E, 0xAE, 0xD8, 0x82, 0x67, 0x42, 0x56, 0x99, 0x22, 0xCC, 0xA4, 0x48, 0xE1, 0xC2, 0xB4,
    0xA2, 0x99, 0x78, 0x26, 0x85, 0x90, 0x18, 0x76, 0x78, 0x3A, 0x92, 0xC8, 0xEF, 0x81, 0xBB, 0xD2,
    0xE9, 0x74, 0x67, 0x6B, 0x32, 0x13, 0x02, 0x0F, 0x4B, 0xE2, 0xF3, 0xE1, 0xE1, 0xF7, 0x3E, 0xB0,
    0x25, 0x95, 0x97, 0xD2, 0x02, 0xE9, 0x80, 0xDE, 0xA1, 0xDB, 0xC4, 0xCF, 0x82, 0x2A, 0xD0, 0xB2,
    0x44, 0x5A, 0x2C, 0x0F, 0x96, 0xEF, 0x2C, 0x6F, 0xD3, 0x32, 0x31, 0xF4, 0x51, 0x6A, 0xE8, 0x34,
    0xD5, 0xE4, 0x84, 0x22, 0x2B, 0xC9, 0x7B, 0xEF, 0x98, 0xE2, 0xEE, 0x0E, 0x25, 0xED, 0x01, 0x25,
    0xA6, 0x78, 0x5E, 0x27, 0xF4, 0x47, 0x24, 0xD5, 0x29, 0x49, 0x72, 0x20, 0x4B, 0x19, 0x88, 0x96,
    0xDB, 0x1C, 0xF9, 0x27, 0xD2, 0xBB, 0x5C, 0xDD, 0x2A, 0x89, 0x0A, 0xC2, 0xEA, 0x94, 0x69, 0x4A,
    0x1D, 0x51, 0xA3, 0x48, 0x74, 0x44, 0x3D, 0xD1, 0x2A, 0xB4, 0x14, 0x87, 0xD1, 0xB0, 0xF6, 0x6E,
    0xDF, 0xEB, 0xE7, 0x63, 0x85, 0x45, 0x43, 0x3E, 0xA0, 0xC3, 0x2A, 0xC7, 0xDC, 0xA7, 0x32, 0xEE,
    0x50, 0x80, 0xB9, 0x53, 0x29, 0x34, 0x8A, 0x0C, 0x63, 0xF3, 0x22, 0x37, 0xF9, 0xB0, 0x6A, 0xAC,
    0xB0, 0xDF, 0xD9, 0x9A, 0xE2, 0xC7, 0xED, 0x92, 0x92, 0x2F, 0x50, 0x88, 0x4F, 0x50, 0x64, 0x31,
    0x8A, 0x22, 0x42, 0xC3, 0x8A, 0x1A, 0x8B, 0x39, 0x72, 0x43, 0x8D, 0xA6, 0xC4, 0x5B, 0x12, 0x0F,
    0xC1, 0xAD, 0xDA, 0x80, 0x63, 0x90, 0xB2, 0x94, 0x3E, 0xEA, 0x28, 0xF6, 0x8A, 0x92, 0x01, 0x2C,
    0xFE, 0x91, 0xEC, 0x52, 0x18, 0xBB, 0x89, 0xFF, 0xDD, 0xF6, 0xD4, 0x98, 0x9A, 0x72, 0x3A, 0xA1,
    0xB5, 0xC9, 0xFD, 0xF7, 0x76, 0xCF, 0xEB, 0x7A, 0x19, 0x1E, 0x7A, 0x9F, 0x36, 0x91, 0x4D, 0xDA,
    0xD4, 0x48, 0x2D, 0xB1, 0xEB, 0x05, 0x76, 0x57, 0x3C, 0x4F, 0x2C, 0xE7, 0x0C, 0xB3, 0x4B, 0x9D,
    0x9A, 0xA4, 0x8D, 0x2C, 0x96, 0x79, 0xFF, 0x5D, 0xAA, 0xD1, 0x82, 0x5A, 0x85, 0x3A, 0x93, 0x74,
    0xB1, 0x8D, 0x90, 0x28, 0x24, 0x7E, 0x8B, 0x6D, 0xD2, 0x25, 0x06, 0xF3, 0xA9, 0x0C, 0xFD, 0x6A,
    0x7A, 0x77, 0x2B, 0x88, 0x7B, 0xCB, 0x7B, 0xD5, 0xEF, 0x07, 0xE1, 0x3B, 0x3A, 0x26, 0xFA, 0x27,
    0x25, 0x8F, 0x8C, 0xF8, 0xA4, 0x8B, 0xE9, 0x85, 0xA4, 0xE6, 0xDC, 0x78, 0x8F, 0x7C, 0xA5, 0x52,
    0xAA, 0x90, 0xB0, 0xEA, 0x01, 0xBD, 0x47, 0xEB, 0x61, 0x3D, 0x14, 0x9F, 0x17, 0x41, 0xE8, 0x1B,
    0x82, 0x40, 0xB0, 0x3C, 0xA4, 0x9A, 0xB4, 0x84, 0xF3, 0x86, 0x50, 0xA5, 0x42, 0x47, 0x70, 0x4E,
    0xAF, 0xDD, 0x25, 0xF2, 0x0A, 0x8C, 0x65, 0x1F, 0xBB, 0x92, 0x6A, 0xC8, 0x7A, 0x45, 0x65, 0x4D,
    0x0B, 0x08, 0x6C, 0x43, 0x79, 0xCD, 0x79, 0x81, 0x1A, 0xD4, 0xA3, 0x15, 0x7D, 0xD0, 0x13, 0xFD,
    0x69, 0x19, 0x0D, 0xF9, 0xB0, 0x5E, 0x1D, 0x2E, 0xE9, 0x86, 0xB4, 0x37, 0xA9, 0xCA, 0x77, 0xC7,
    0x89, 0xBD, 0xC5, 0x00, 0x09, 0x19, 0x5C, 0x24, 0x1D, 0x49, 0x03, 0xB8, 0xD2, 0x40, 0x89, 0xE5,
    0xD7, 0x2C, 0x30, 0x51, 0xF9, 0x71, 0xED, 0xC7, 0x74, 0xC2, 0x4B, 0x7B, 0x2F, 0xB5, 0xCC, 0xF2,
    0xCC, 0x75, 0xDA, 0xC5, 0x5E, 0x23, 0x13, 0x57, 0xD6, 0x81, 0x5B, 0xE4, 0xFA, 0x6E, 0xDC, 0xAF,
    0x7D, 0xB7, 0x3F, 0x29, 0x8A, 0x51, 0x0F, 0x90, 0x51, 0x06, 0x2A, 0x41, 0xE7, 0xD8, 0xE9, 0xBF,
    0x30, 0xEE, 0x21, 0x66, 0xBF, 0x6F, 0x69, 0x81, 0x39, 0x96, 0x7C, 0x72, 0x20, 0x00, 0x3D, 0x10,
    0xCF, 0x7B, 0x99, 0x84, 0xEF, 0x25, 0xB2, 0xC2, 0x49, 0xEF, 0xF2, 0x39, 0x49, 0xDF, 0xD2, 0xBE,
    0x63, 0x3E, 0xB7, 0xE0, 0xDE, 0x2E, 0x5B, 0xCD, 0xCB, 0xEE, 0xF5, 0xB4, 0xEE, 0xE3, 0x91, 0xD2,
    0x96, 0x85, 0x09, 0x49, 0x96, 0x8D, 0xAE, 0xBC, 0x3B, 0xA1, 0x01, 0xB2, 0x5A, 0x51, 0x8E, 0x0C,
    0xFC, 0x54, 0x54, 0x64, 0x1F, 0xE3, 0xD0, 0x6D, 0xD4, 0xE8, 0xC6, 0x4F, 0xC8, 0x61, 0x1E, 0xC7,
    0x62, 0xC0, 0x49, 0x48, 0xCD, 0xDB, 0x2F, 0x77, 0xD3, 0xF7, 0xBB, 0x93, 0x9A, 0x0F, 0xAB, 0xC3,
    0xB9, 0x68, 0xE9, 0x6D, 0x7E, 0x7F, 0x28, 0x68, 0x05, 0xF9, 0xA3, 0xAC, 0xA8, 0x97, 0xFF, 0xB0,
    0x89, 0x37, 0xF2, 0xB7, 0xAE, 0x08, 0x6B, 0x85, 0x93, 0x2A, 0x2B, 0x55, 0x67, 0xD0, 0x6C, 0x88,
    0x6A, 0x52, 0xD2, 0x77, 0xD5, 0x7D, 0xB7, 0xA2, 0xBA, 0xA6, 0xE5, 0x86, 0x0A, 0x6E, 0xA5, 0xE3,
    0xCC, 0x8F, 0x7B, 0xFE, 0x2C, 0x2C, 0x33, 0x50, 0xE4, 0x20, 0x57, 0xD6, 0x85, 0x89, 0xF2, 0x07,
    0x14, 0xB0, 0x14, 0x1E, 0xBC, 0x49, 0x95, 0x6B, 0x6C, 0xE8, 0xA5, 0xE7, 0x65, 0xF8, 0x11, 0xBD,
    0x4D, 0x11, 0x06, 0x3E, 0xC1, 0x69, 0xAD, 0x5B, 0xC2, 0x9C, 0x28, 0xF1, 0x8E, 0x1A, 0xAE, 0xA7,
    0xB7, 0xB7, 0x10, 0xDE, 0x3D, 0xF3, 0xE7, 0x21, 0xBA, 0x69, 0x12, 0xD8, 0x62, 0x83, 0xDE, 0x23,
    0xBE, 0xB8, 0x6C, 0xDA, 0xFD, 0x73, 0x56, 0x66, 0xB4, 0xEE, 0x8F, 0xB4, 0xF6, 0xFA, 0x2E, 0x10,
    0x01, 0x94, 0xCE, 0x40, 0x05, 0x1F, 0x25, 0x4B, 0x85, 0x85, 0x61, 0x38, 0xCF, 0x0F, 0x37, 0x5A,
    0x2E, 0x29, 0x6A, 0x9E, 0xE0, 0x3B, 0xF7, 0x80, 0x07, 0x4D, 0x6A, 0x1F, 0x95, 0xE1, 0xC0, 0x84,
    0x61, 0xA1, 0x62, 0x27, 0x3D, 0x14, 0x3A, 0xF2, 0xA3, 0xD0, 0x45, 0xDA, 0x15, 0xA9, 0x59, 0x4A,
    0x53, 0x24, 0x66, 0x25, 0x55, 0x28, 0xE9, 0x52, 0xA9, 0x42, 0xAB, 0x2E, 0x42, 0xCF, 0x12, 0xA3,
    0x62, 0xEF, 0x47, 0xCC, 0xB0, 0xFE, 0xD2, 0x85, 0xD9, 0x28, 0xCC, 0x8C, 0xC7, 0xAB, 0x37, 0xC2,
    0x8A, 0xD8, 0x00, 0x56, 0xEF, 0xB9, 0x01, 0x06, 0x30, 0x00, 0x90, 0x24, 0x7F, 0x42, 0x5B, 0x88,
    0x35, 0x85, 0xCD, 0x1A, 0x0A, 0x46, 0x15, 0x6C, 0xAF, 0xC6, 0x99, 0xA6, 0xBC, 0xB3, 0x70, 0xEE,
    0x31, 0x43, 0xCE, 0xC3, 0x74, 0x79, 0xDF, 0x33, 0x00, 0xEA, 0x19, 0x02, 0xAC, 0x06, 0x0C, 0xF1,
    0x0C, 0x22, 0xD3, 0xC4, 0x6D, 0x7D, 0x34, 0x62, 0xFB, 0x38, 0x73, 0xD8, 0xAE, 0x1E, 0x9D, 0xFA,
    0xA8, 0x46, 0x3D, 0x03, 0x79, 0xC0, 0xF7, 0x1A, 0x24, 0xF5, 0x4B, 0x14, 0x35, 0xA1, 0xAD, 0xF1,
    0x0F, 0x20, 0xD0, 0x49, 0x45, 0xDE, 0x77, 0xA9, 0x8B, 0x5A, 0x08, 0x95, 0x98, 0x1B, 0x66, 0xEB,
    0x98, 0x02, 0x08, 0x78, 0xA1, 0xF0, 0xBB, 0xDA, 0xD6, 0x43, 0x25, 0xD9, 0xAC, 0x93, 0x70, 0xD1,
    0x03, 0x1E, 0x47, 0xD9, 0xA4, 0x9A, 0x69, 0xC7, 0x47, 0x83, 0xB5, 0x32, 0xD3, 0x03, 0x36, 0x3D,
    0xF4, 0x96, 0x35, 0x19, 0xE4, 0x18, 0xB0, 0xF3, 0x2F, 0x7F, 0x73, 0x3D, 0xB7, 0xA3, 0x5F, 0xE0,
    0x03, 0x56, 0x77, 0x1E, 0x8F, 0xBC, 0xB3, 0x00, 0xDB, 0x8C, 0x4D, 0x20, 0x5F, 0xA9, 0x0C, 0xF5,
    0x63, 0xC8, 0xD7, 0x0E, 0xE9, 0x90, 0x5F, 0x1D, 0x32, 0xE7, 0xED, 0x6E, 0x2D, 0x76, 0xFB, 0xBB,
    0x9B, 0x77, 0x1B, 0x59, 0xA6, 0x12, 0x54, 0x81, 0x32, 0x13, 0x59, 0xEC, 0xD6, 0xF2, 0x38, 0xCA,
    0xFC, 0x03, 0xEC, 0xA0, 0xBD, 0x89, 0x60, 0x36, 0x02, 0xFD, 0x50, 0x9F, 0x40, 0x57, 0x9F, 0xAD,
    0x25, 0xFB, 0xD1, 0x1C, 0xD9, 0xC3, 0xD4, 0x36, 0xDE, 0xEC, 0x4F, 0x7C, 0xDA, 0xAA, 0x87, 0x5E,
    0xF5, 0xB1, 0xA3, 0x5E, 0xB4, 0xD4, 0xE7, 0x8A, 0x7A, 0xA8, 0xD9, 0x33, 0x74, 0x84, 0x51, 0x22,
    0x20, 0x87, 0x9E, 0x01, 0x80, 0xFD, 0x1A, 0xF5, 0x19, 0xDA, 0x81, 0xCD, 0x9E, 0x86, 0x2D, 0x52,
    0x32, 0x20, 0x41, 0xB4, 0x37, 0xC9, 0xE9, 0xDA, 0x3C, 0xCB, 0x5B, 0xB2, 0x2D, 0x65, 0xF5, 0xB3,
    0x98, 0x53, 0xD8, 0x3B, 0x9F, 0xD1, 0x9B, 0x76, 0x71, 0x48, 0xEF, 0xD9, 0xC5, 0x3D, 0x3A, 0x3C,
    0x3D, 0xB8, 0x4D, 0xBF, 0x3E, 0x2D, 0x7E, 0x4A, 0xDD, 0xA6, 0x10, 0xD4, 0x6E, 0x8A, 0xE4, 0x03,
    0x83, 0xE2, 0x91, 0xDE, 0x14, 0xD1, 0xDF, 0xD8, 0x38, 0x3D, 0xE5, 0xE2, 0x8C, 0x0B, 0x78, 0xFA,
    0x80, 0xAB, 0x50, 0x30, 0x32, 0x46, 0x90, 0x57, 0x20, 0xC8, 0xFB, 0x02, 0x1E, 0xB2, 0xEF, 0x41,
    0x70, 0xE8, 0x7D, 0x06, 0x12, 0x0F, 0x6D, 0x9F, 0x7C, 0x6D, 0xFB, 0xE8, 0x3B, 0xC0, 0xE1, 0x0C,
    0x54, 0x81, 0x24, 0x48, 0xD8, 0x1D, 0xD2, 0x70, 0xB6, 0xEC, 0xA2, 0x00, 0xC9, 0xD4, 0xED, 0x0D,
    0xEC, 0x33, 0x4E, 0xF8, 0x7C, 0x73, 0x3E, 0x60, 0xA9, 0xB1, 0x8C, 0x34, 0x28, 0x04, 0x3C, 0x3C,
    0x8A, 0xD5, 0xB6, 0x90, 0x26, 0xB4, 0x86, 0x7E, 0x61, 0x44, 0x18, 0x1B, 0x66, 0x09, 0xF3, 0x35,
    0xB0, 0xE1, 0xAC, 0x83, 0x2F, 0x54, 0x2C, 0x63, 0x75, 0x52, 0xF3, 0x6F, 0x15, 0xEA, 0x19, 0xC2,
    0x1E, 0xFD, 0x18, 0x5F, 0xD7, 0xD1, 0xFF, 0x85, 0xB1, 0xED, 0xD4, 0x0C, 0x5C, 0xB6, 0xA8, 0x18,
    0x15, 0x2A, 0x7F, 0x79, 0x8D, 0x51, 0xC8, 0xB6, 0x04, 0xE3, 0x10, 0x9D, 0xCD, 0xDC, 0x7A, 0x33,
    0x43, 0x06, 0xBE, 0xB5, 0x0F, 0xE9, 0x78, 0xDB, 0x97, 0x0D, 0x84, 0x30, 0x6C, 0x30, 0x05, 0x9C,
    0x50, 0xA6, 0x7F, 0x16, 0x54, 0x24, 0xDF, 0x29, 0x3D, 0x3B, 0x42, 0x5E, 0x07, 0x47, 0x4F, 0x31,
    0x5C, 0x1E, 0x8C, 0x0B, 0x3E, 0x14, 0x73, 0xCA, 0xBF, 0x3F, 0xC7, 0x37, 0x5C, 0x34, 0xED, 0x81,
    0x4B, 0x18, 0xF3, 0x8E, 0x89, 0xCD, 0xF3, 0xFF, 0x4A, 0xF0, 0x3F, 0xE6, 0x75, 0x09, 0x46, 0x05,
    0x12, 0x14, 0xE6, 0x18, 0xBC, 0x54, 0x6A, 0x0D, 0xAB, 0x09, 0x71, 0xC1, 0x89, 0xD4, 0xCC, 0x7E,
    0x08, 0x47, 0x2B, 0x16, 0x57, 0xCE, 0x4A, 0x0E, 0x6E, 0xB1, 0x55, 0xC3, 0x71, 0x03, 0x9B, 0x5A,
    0x44, 0x62, 0x2D, 0x40, 0xCD, 0x16, 0xDC, 0xF1, 0x46, 0x86, 0x8C, 0x25, 0xCB, 0x76, 0xA1, 0x64,
    0x97, 0x97, 0xF1, 0x46, 0xA5, 0xDB, 0xD9, 0x6F, 0xB6, 0xE4, 0xC1, 0x13, 0x3A, 0xEE, 0x41, 0xB0,
    0x13, 0x10, 0x98, 0xE5, 0x53, 0x8A, 0x2D, 0xE2, 0xBD, 0x2E, 0xE9, 0xE0, 0x52, 0x10, 0x2B, 0xC2,
    0x4F, 0xD8, 0x04, 0xF1, 0xE2, 0x72, 0x93, 0x1A, 0x61, 0x36, 0x2B, 0x81, 0xE8, 0xD0, 0x2D, 0xA5,
    0x4A, 0xFE, 0x62, 0x17, 0x92, 0x92, 0xC7, 0x5D, 0x96, 0x51, 0xFC, 0xAD, 0x91, 0xBF, 0x22, 0xBA,
    0xD0, 0x62, 0x64, 0xA7, 0xC1, 0x01, 0x69, 0x13, 0x04, 0x5B, 0xB2, 0xF3, 0x85, 0xF5, 0xE9, 0xA5,
    0x4E, 0x6C, 0xDA, 0x0A, 0x03, 0x75, 0x03, 0xC2, 0x78, 0x0B, 0xBC, 0x21, 0x30, 0x23, 0xC1, 0x06,
    0x8E, 0x70, 0x0E, 0x68, 0x30, 0x62, 0x28, 0xB1, 0x85, 0x4C, 0x71, 0x5F, 0x89, 0x78, 0x33, 0xC7,
    0x04, 0xE0, 0x6F, 0x80, 0x41, 0xC0, 0xA8, 0xB9, 0x45, 0x86, 0x16, 0xAC, 0x6A, 0xB9, 0x05, 0xF3,
    0x9C, 0x60, 0x9E, 0xBC, 0x63, 0xB0, 0x11, 0x87, 0x7B, 0x37, 0x11, 0x3C, 0xA7, 0x61, 0x9A, 0x41,
    0xC0, 0xBB, 0xC6, 0x7A, 0x1C, 0x50, 0x21, 0xAA, 0x09, 0x27, 0x5F, 0xCD, 0xA6, 0x13, 0x2C, 0x73,
    0xB4, 0x16, 0x5C, 0xE1, 0xAE, 0xBA, 0x82, 0x35, 0x64, 0x6A, 0x6C, 0x63, 0x37, 0xF4, 0xBA, 0x89,
    0x7B, 0xAF, 0x42, 0x54, 0xCB, 0xB7, 0x88, 0x10, 0x6B, 0x81, 0x8F, 0xE0, 0x1A, 0xD9, 0xCD, 0x47,
    0x73, 0xE4, 0xB7, 0xD9, 0xC5, 0x5C, 0x8B, 0xB9, 0x93, 0xBA, 0xA9, 0x13, 0xDC, 0x48, 0x08, 0xBA,
    0x5F, 0x2F, 0x71, 0x6F, 0x56, 0x2C, 0x4F, 0xD1, 0x85, 0x0E, 0x01, 0x38, 0xCE, 0x15, 0x61, 0x14,
    0x4C, 0x55, 0x79, 0x97, 0xDE, 0xDC, 0xED, 0xE8, 0x2E, 0x47, 0xDC, 0x58, 0x2E, 0xD2, 0xD0, 0xC7,
    0xCC, 0x9B, 0x37, 0x10, 0x6D, 0xF0, 0x9A, 0x36, 0xF5, 0xB6, 0xF2, 0xF6, 0x8C, 0x60, 0x95, 0x38,
    0xE3, 0x05, 0x9F, 0x08, 0x87, 0x4F, 0x5F, 0xB1, 0xE7, 0xCF, 0x26, 0x05, 0x0D, 0x19, 0x63, 0xE7,
    0xA8, 0x76, 0xB4, 0x72, 0x54, 0xEC, 0x32, 0xDE, 0x07, 0x97, 0xE2, 0xCE, 0xD5, 0x1E, 0x4D, 0x0C,
    0x63, 0x0C, 0xCF, 0xB5, 0x2A, 0xE7, 0xF0, 0x32, 0x6C, 0x6A, 0x0E, 0x72, 0x51, 0x93, 0xEB, 0x5B,
    0x21, 0x72, 0xC4, 0x39, 0xDE, 0x09, 0xA2, 0x78, 0x91, 0x23, 0xFF, 0x07, 0xE9, 0xA7, 0x5C, 0x9D,
    0x14, 0x1C, 0x9B, 0x23, 0x00, 0x5C, 0x6C, 0x42, 0x89, 0x77, 0xDC, 0x59, 0x72, 0xBD, 0x80, 0x92,
    0x47, 0xCD, 0x39, 0xA2, 0x4E, 0xB1, 0x8D, 0x1F, 0x11, 0xD4, 0x17, 0x73, 0x04, 0x7A, 0x69, 0xFE,
    0xB7, 0x10, 0xF9, 0xC2, 0x24, 0x88, 0xA9, 0x9A, 0xD8, 0x4E, 0x38, 0x24, 0x78, 0xDF, 0xD1, 0xD1,
    0x75, 0x29, 0x6A, 0xBE, 0x11, 0x7E, 0xCC, 0x35, 0x82, 0x1B, 0x9E, 0x0C, 0xB7, 0xA0, 0x10, 0x5C,
    0x72, 0xC6, 0xF4, 0xB9, 0x3A, 0x93, 0x7E, 0x8C, 0xFC, 0xF1, 0x1C, 0xCC, 0xBE, 0x15, 0x0D, 0x90,
    0xCD, 0xBE, 0x57, 0xAF, 0xCA, 0xE6, 0x62, 0x22, 0x76, 0xA4, 0xA9, 0x85, 0xEB, 0xC5, 0xBC, 0x21,
    0xF7, 0xAF, 0xE6, 0x82, 0x55, 0xB1, 0xB8, 0xFC, 0x04, 0x2E, 0xE6, 0xC7, 0xFD, 0x40, 0xB2, 0x89,
    0x6D, 0xDA, 0xE6, 0x9A, 0x85, 0x5D, 0xD2, 0xC1, 0x0A, 0x40, 0x79, 0x10, 0xAF, 0x5C, 0x74, 0x04,
    0xD8, 0x03, 0x0E, 0xDF, 0x63, 0xDB, 0x9F, 0x13, 0x2E, 0xB7, 0x4E, 0x1A, 0x97, 0x80, 0x27, 0x77,
    0x70, 0xE9, 0x02, 0x78, 0x5D, 0xAA, 0x70, 0x01, 0x15, 0xE6, 0x68, 0x12, 0xEC, 0x20, 0x10, 0x7A,
    0xE2, 0x34, 0x85, 0xC1, 0xA5, 0x3A, 0x69, 0xB1, 0x21, 0x2C, 0x81, 0x2B, 0xE0, 0xEB, 0x14, 0x47,
    0x41, 0x0C, 0xEE, 0xC7, 0xC4, 0x80, 0x23, 0x84, 0xC5, 0xC6, 0xA5, 0x57, 0x9F, 0x05, 0x4B, 0xB7,
    0x82, 0x42, 0xD4, 0xF3, 0xA5, 0x57, 0xF1, 0x2F, 0x7F, 0x73, 0x3D, 0xB7, 0x73, 0x3F, 0xEE, 0xBF,
    0x9B, 0xDA, 0x31, 0xD6, 0xAE, 0xA2, 0xAF, 0x06, 0x2A, 0x81, 0x4D, 0x20, 0xF4, 0x8A, 0x78, 0x80,
    0x17, 0xA0, 0x06, 0xD8, 0x29, 0x5F, 0xC1, 0x14, 0x50, 0x06, 0xAC, 0x01, 0x71, 0xC0, 0xDD, 0x15,
    0x24, 0x1E, 0x0D, 0x7E, 0xB8, 0xFE, 0x1C, 0x04, 0x5F, 0xE6, 0xD4, 0x59, 0xC4, 0xFE, 0x0C, 0x98,
    0xAB, 0x1E, 0x10, 0xDB, 0x42, 0xC4, 0x2C, 0x82, 0x63, 0xF9, 0x5F, 0x08, 0xE3, 0xBD, 0x3A, 0x3A,
    0xE7, 0x0B, 0xC5, 0xF3, 0x9B, 0x6E, 0xE5, 0x39, 0xBF, 0x7C, 0xF7, 0xDD, 0x66, 0x0E, 0x8E, 0x23,
    0x68, 0xA3, 0xDA, 0x9B, 0xF0, 0x59, 0x5C, 0x9B, 0x0B, 0x0E, 0xBC, 0x8B, 0x4C, 0x17, 0x01, 0x89,
    0xDF, 0xB0, 0x68, 0x8A, 0xED, 0x8D, 0x3E, 0x87, 0xE0, 0x82, 0xC0, 0xB4, 0x0B, 0x57, 0xC3, 0xE4,
    0xAF, 0x1D, 0xDB, 0x68, 0xF8, 0x5D, 0xC3, 0xF6, 0x79, 0xF6, 0x77, 0x41, 0x0B, 0x71, 0x6F, 0xE2,
    0x6B, 0x7B, 0x5F, 0xD2, 0x08, 0x58, 0xD0, 0x84, 0x38, 0x31, 0x7A, 0x1A, 0x77, 0xF2, 0x83, 0xAF,
    0x92, 0x56, 0xFC, 0xE6, 0x4F, 0x1F, 0x9A, 0xF4, 0xD1, 0xA7, 0x9F, 0x9A, 0xE4, 0xCB, 0x0F, 0xFF,
    0xAC, 0xE2, 0xA7, 0xF1, 0x53, 0xB8, 0x4D, 0x76, 0x9C, 0x23, 0x12, 0x0F, 0x0D, 0x7F, 0xCE, 0x64,
    0x58, 0x48, 0xF0, 0x22, 0x7F, 0xE7, 0x68, 0xCD, 0xB0, 0xE9, 0x9F, 0x6D, 0x26, 0x3C, 0x78, 0xFC,
    0x1F, 0xDC, 0x5E, 0xBE, 0xC0, 0xDD, 0x54, 0x0D, 0x60, 0x0D, 0xB6, 0x27, 0xB0, 0xC6, 0x77, 0x45,
    0xB0, 0x89, 0x57, 0x9C, 0x2C, 0x78, 0x4C, 0x8D, 0x85, 0x37, 0x89, 0x1F, 0xB7, 0xF4, 0x6D, 0xF8,
    0xB3, 0xA3, 0x52, 0x3C, 0x7E, 0x11, 0xFE, 0x8C, 0xE9, 0xF9, 0x5F, 0x90, 0x06, 0x15, 0x1E, 0x77,
    0xD1, 0x9E, 0xCD, 0x35, 0xBC, 0x05, 0x7C, 0xC8, 0x09, 0x5B, 0xEF, 0xD8, 0x86, 0x1B, 0xA9, 0xE6,
    0xEE, 0x95, 0x87, 0x0E, 0x0E, 0x54, 0x27, 0x03, 0x7C, 0x87, 0x16, 0xEA, 0x45, 0x92, 0x98, 0x6A,
    0xA0, 0x89, 0x23, 0x90, 0x4B, 0xB5, 0xF0, 0x63, 0x2D, 0x1C, 0x55, 0xBD, 0xB9, 0xE9, 0x41, 0x7C,
    0xA1, 0xC2, 0x5F, 0x21, 0x97, 0x13, 0xFF, 0x2D, 0x32, 0x46, 0x63, 0x62, 0x2F, 0xD7, 0xA6, 0x70,
    0x48, 0x5E, 0xE1, 0x12, 0xDD, 0xFE, 0xA4, 0x1A, 0xEF, 0x9C, 0xAE, 0x87, 0xCF, 0x52, 0xF7, 0x5F,
    0xBD, 0x58, 0x3F, 0x6F, 0xDC, 0xC8, 0x15, 0x7F, 0x24, 0x1D, 0x8D, 0x13, 0xFA, 0x3C, 0x2E, 0x5C,
    0x08, 0x90, 0x25, 0xBA, 0x50, 0x29, 0x2D, 0x5D, 0x5C, 0xE1, 0x00, 0xE4, 0x72, 0x1C, 0x17, 0x57,
    0x5C, 0x11, 0x7F, 0x83, 0x5C, 0x11, 0xE0, 0x4A, 0xA7, 0x50, 0xA1, 0x00, 0x2B, 0x89, 0x71, 0x80,
    0x5C, 0x79, 0xFA, 0x06, 0xB9, 0x0F, 0x61, 0x20, 0x5B, 0x70, 0x6F, 0xC7, 0x0E, 0x90, 0x26, 0x45,
    0x78, 0x69, 0xD2, 0x25, 0xBC, 0x43, 0x80, 0x4B, 0x97, 0x01, 0x32, 0x49, 0x98, 0x1C, 0x77, 0x27,
    0xBF, 0x37, 0xDC, 0xB5, 0xD6, 0x3A, 0x29, 0x96, 0x2C, 0xEB, 0x96, 0x33, 0x6F, 0x87, 0x33, 0xF3,
    0xFE, 0xCC, 0xCC, 0xFB, 0x37, 0x1C, 0x50, 0x41, 0x03, 0xE2, 0xDF, 0x3D, 0xDA, 0xA4, 0x5D, 0xB4,
    0x07, 0x34, 0x3C, 0xF5, 0x50, 0xB6, 0x28, 0xC1, 0xB4, 0x8E, 0x5D, 0x93, 0x2A, 0x95, 0x13, 0x55,
    0x44, 0xED, 0xB2, 0xA0, 0x7D, 0x40, 0x94, 0x96, 0x77, 0xA4, 0x33, 0x81, 0x6B, 0x5E, 0xCD, 0xA7,
    0xB4, 0x25, 0x37, 0x0B, 0xED, 0x8D, 0xA8, 0xA1, 0xA8, 0xA6, 0x48, 0x2F, 0xCA, 0xD4, 0x19, 0x94,
    0xBE, 0x2D, 0x7C, 0x89, 0x51, 0x9C, 0x93, 0xCE, 0x3D, 0xA0, 0x5B, 0x93, 0xE9, 0x51, 0xE1, 0x3A,
    0xF9, 0xC8, 0x0E, 0x68, 0x7F, 0x87, 0x32, 0x14, 0x34, 0xF0, 0x8A, 0xCE, 0x89, 0x3B, 0xC2, 0x84,
    0x03, 0x10, 0x4B, 0x81, 0x22, 0x95, 0x04, 0x1C, 0x52, 0xD4, 0x8C, 0x28, 0xB0, 0x96, 0xE8, 0x73,
    0x43, 0x54, 0x68, 0x02, 0x19, 0xC5, 0x95, 0x24, 0x96, 0x85, 0x7A, 0xFA, 0x9D, 0xEB, 0x78, 0xF9,
    0xFB, 0xA9, 0x5F, 0xFC, 0xAB, 0xD7, 0x71, 0xE8, 0x8E, 0x13, 0xD7, 0x0C, 0x83, 0x63, 0x88, 0x8F,
    0xA5, 0x27, 0x35, 0xC9, 0x39, 0xE5, 0x4F, 0xEB, 0x71, 0x64, 0x0C, 0x19, 0x4B, 0xE6, 0x30, 0x30,
    0xE9, 0xD7, 0xF5, 0x1A, 0xC8, 0x25, 0x58, 0x40, 0x43, 0x61, 0xF3, 0x44, 0x34, 0x53, 0xA7, 0x9F,
    0xCE, 0x69, 0x57, 0xD2, 0x30, 0x51, 0x80, 0x14, 0xCF, 0x15, 0x61, 0x99, 0x96, 0x22, 0x1B, 0xCC,
    0x48, 0x96, 0x94, 0xD0, 0x56, 0x38, 0x17, 0x3A, 0x93, 0xEE, 0xB1, 0xCE, 0x86, 0x41, 0x50, 0xEF,
    0x83, 0x7E, 0xB3, 0xB7, 0x0F, 0xE0, 0x5B, 0xBE, 0x2F, 0x4B, 0xDC, 0x2F, 0x35, 0xE6, 0x7D, 0xA0,
    0x3D, 0x86, 0xC7, 0xF5, 0x54, 0x3C, 0xBD, 0xB8, 0xC5, 0x4A, 0xD0, 0x54, 0xC2, 0xA9, 0xD4, 0xA9,
    0x4C, 0x70, 0x41, 0x23, 0x86, 0x28, 0x9F, 0xAD, 0x07, 0x26, 0x8B, 0xEA, 0x56, 0x3E, 0x33, 0xA9,
    0xA8, 0x87, 0x52, 0x03, 0xA2, 0x8D, 0x1E, 0xF4, 0x63, 0x74, 0xEA, 0x1C, 0x4A, 0xBF, 0x1B, 0xA7,
    0xCA, 0x51, 0x77, 0xD4, 0x9D, 0x29, 0xAF, 0x9C, 0x41, 0xDE, 0x84, 0xE5, 0xDD, 0x14, 0x2F, 0xEA,
    0xFD, 0x4D, 0xA1, 0x9B, 0xBD, 0xC4, 0xA9, 0x66, 0x3F, 0x99, 0x41, 0xDE, 0xCD, 0x2D, 0xC8, 0xBB,
    0x29, 0x20, 0xEF, 0x66, 0xF8, 0xA7, 0x33, 0xE5, 0x75, 0x33, 0x37, 0x8B, 0x9B, 0xB4, 0xCB, 0x76,
    0xF7, 0x6E, 0x67, 0x83, 0xB4, 0x8B, 0x57, 0x14, 0xC3, 0x97, 0x85, 0x50, 0xAF, 0x77, 0x12, 0x2D,
    0xFA, 0x37, 0x6C, 0xD1, 0x6D, 0xEF, 0xD2, 0x0E, 0x3D, 0xA4, 0x46, 0x94, 0xEF, 0x51, 0xEA, 0x0A,
    0x97, 0xA0, 0xEF, 0x6E, 0x26, 0xAC, 0xE8, 0xA0, 0xA6, 0xB7, 0xEF, 0x0C, 0x8A, 0x2E, 0x6D, 0x22,
    0x25, 0x15, 0x14, 0x84, 0x3E, 0x22, 0x4B, 0xED, 0x79, 0xA5, 0xA3, 0x76, 0x4E, 0xAD, 0x73, 0xED,
    0xBF, 0x5C, 0x03, 0xF1, 0x56, 0x0B, 0x4D, 0xE7, 0xD8, 0x42, 0x57, 0x16, 0x4E, 0x94, 0x53, 0x54,
    0xB7, 0x52, 0xF9, 0x9D, 0xFB, 0x25, 0x6A, 0x30, 0x15, 0x25, 0xC9, 0x8B, 0xD7, 0xFC, 0xF3, 0x3C,
    0x52, 0x31, 0xC5, 0x65, 0x54, 0x17, 0xBA, 0x50, 0x91, 0x4E, 0xF5, 0x54, 0x7F, 0xAC, 0xA3, 0x95,
    0x07, 0x27, 0x5A, 0x38, 0xAA, 0xE2, 0x12, 0xB6, 0xD0, 0x97, 0x51, 0x0C, 0x7E, 0x7C, 0xD2, 0x3F,
    0xBB, 0x47, 0xE3, 0x84, 0x72, 0x59, 0x26, 0x51, 0x2D, 0x5F, 0x1A, 0x81, 0xA3, 0x7D, 0x69, 0xD0,
    0x46, 0x0F, 0xFA, 0x31, 0x0A, 0xD3, 0xC1, 0x2F, 0xD5, 0x6C, 0xBD, 0x53, 0xCD, 0x1B, 0xF7, 0xB1,
    0xE6, 0xE5, 0x44, 0x3A, 0x30, 0x0C, 0x61, 0x6F, 0x80, 0x10, 0x05, 0x90, 0x75, 0x3E, 0xD2, 0x03,
    0x4C, 0x8A, 0x74, 0x46, 0x1D, 0xDE, 0x6C, 0x04, 0x18, 0x98, 0x78, 0x87, 0x07, 0x36, 0x01, 0xE3,
    0xF2, 0xE1, 0x0E, 0xEB, 0xC3, 0x11, 0x94, 0x69, 0x80, 0x13, 0x50, 0x4C, 0x71, 0xC7, 0x6F, 0xD0,
    0x4E, 0xCF, 0x2B, 0x65, 0x26, 0xE0, 0xF4, 0x1C, 0x8C, 0xC0, 0xC2, 0x73, 0xF0, 0x0C, 0x3C, 0x7D,
    0x26, 0xCF, 0xD4, 0x93, 0x26, 0xD2, 0xCF, 0x8B, 0x0E, 0xB4, 0xB7, 0x33, 0xB6, 0xF9, 0x1D, 0xC2,
    0x8C, 0x3D, 0x10, 0x0E, 0x1A, 0xD0, 0x15, 0x4C, 0x76, 0x93, 0xA9, 0x16, 0x73, 0xD0, 0x28, 0xE6,
    0x09, 0x1F, 0x00, 0x61, 0x3E, 0x58, 0xDC, 0xCD, 0x48, 0x2A, 0x12, 0x16, 0x9A, 0x44, 0x38, 0x60,
    0x56, 0x85, 0x01, 0x8D, 0x01, 0x6F, 0x13, 0x56, 0x74, 0x67, 0x10, 0xD6, 0x3C, 0x53, 0x80, 0x5B,
    0xDA, 0x48, 0x55, 0x60, 0x20, 0x21, 0xA8, 0x34, 0x65, 0xE1, 0xEF, 0xD9, 0x82, 0xC5, 0x87, 0x80,
    0xE6, 0x76, 0x4C, 0x14, 0xD6, 0x89, 0xAB, 0xE1, 0x55, 0x52, 0x40, 0x50, 0x44, 0xCF, 0x16, 0x31,
    0x1C, 0x11, 0xCD, 0x3C, 0xEC, 0x7F, 0xBD, 0xBA, 0x81, 0x81, 0x61, 0x33, 0x86, 0x06, 0xA7, 0x44,
    0xB9, 0x1F, 0x07, 0x2C, 0x1E, 0x95, 0x20, 0x12, 0x62, 0x1F, 0x6E, 0x91, 0xE7, 0x84, 0x9F, 0xE0,
    0x6D, 0x08, 0x1B, 0x6E, 0x1E, 0xD3, 0xEA, 0x2F, 0xE2, 0xBE, 0xD8, 0xB0, 0x67, 0x69, 0x79, 0xA7,
    0xE0, 0x0F, 0x29, 0x87, 0xF3, 0xA0, 0x11, 0x48, 0x52, 0x0B, 0x19, 0xC8, 0x80, 0x7E, 0x68, 0x40,
    0x21, 0xAA, 0x31, 0x5B, 0xE8, 0xD0, 0xB0, 0xC3, 0xB3, 0xEC, 0x9B, 0x5A, 0xA6, 0x5E, 0xB1, 0xB3,
    0xC9, 0x3D, 0x67, 0x76, 0xA7, 0xCC, 0x6F, 0x9D, 0x49, 0x7B, 0x69, 0x8D, 0x3F, 0x3F, 0x66, 0xAE,
    0xBE, 0x03, 0xBE, 0xE5, 0x92, 0xB2, 0xDC, 0xE3, 0x5D, 0xDA, 0x05, 0xD8, 0xBE, 0x79, 0xFD, 0x7C,
    0x93, 0x0F, 0x80, 0x7B, 0xC4, 0x07, 0xFA, 0x51, 0x45, 0xDF, 0xFA, 0x5D, 0x0B, 0xCB, 0x0C, 0x7A,
    0x41, 0x13, 0xD6, 0x24, 0xDF, 0xBA, 0x66, 0x6E, 0x82, 0x89, 0xBE, 0xF7, 0x3E, 0x87, 0xDA, 0x7B,
    0xDC, 0x7A, 0xB8, 0xE4, 0x71, 0x9A, 0x51, 0x7E, 0xD5, 0x13, 0xC4, 0x38, 0x48, 0x26, 0x1E, 0x0E,
    0xBD, 0x85, 0x75, 0x0C, 0x03, 0xC3, 0x30, 0xAA, 0x19, 0xC6, 0x9A, 0x61, 0xA2, 0x9C, 0xD3, 0xC0,
    0x67, 0x58, 0x79, 0x67, 0x68, 0x19, 0x86, 0x4C, 0x9F, 0x84, 0x87, 0xD2, 0x7B, 0x95, 0xC4, 0x7B,
    0x02, 0x30, 0x42, 0x5F, 0xE5, 0x21, 0x6D, 0xCC, 0x55, 0xE0, 0x5C, 0x23, 0x6C, 0x50, 0x63, 0x0E,
    0x1B, 0x0F, 0x8F, 0x73, 0x22, 0xE0, 0x95, 0xB6, 0x5A, 0xFC, 0x8F, 0x16, 0xFD, 0xDE, 0x5E, 0xA1,
    0x5A, 0xB1, 0x0D, 0x8E, 0x19, 0x8F, 0x12, 0x84, 0x88, 0xA8, 0xEC, 0x15, 0x1B, 0x6B, 0x22, 0x76,
    0x5B, 0x69, 0xE3, 0x27, 0x05, 0xDA, 0x9B, 0xD9, 0x73, 0x6F, 0x89, 0x4B, 0xD5, 0xC3, 0x72, 0x51,
    0xDA, 0x95, 0xB4, 0xA3, 0xE5, 0x4E, 0x83, 0x72, 0xAA, 0xD3, 0xF7, 0xCF, 0x50, 0x28, 0x82, 0xF5,
    0x97, 0x6C, 0xFD, 0x90, 0xE2, 0xC1, 0x15, 0xE8, 0xDC, 0xE7, 0x97, 0xE8, 0xCF, 0x14, 0x0B, 0xF5,
    0xBD, 0xA5, 0x0D, 0xBE, 0x05, 0x1D, 0x44, 0x85, 0xE4, 0x43, 0xCD, 0xF1, 0xE1, 0x6D, 0x29, 0x6C,
    0xC3, 0x65, 0x25, 0x70, 0xA9, 0xBD, 0x10, 0xB2, 0x7C, 0xD3, 0x13, 0x94, 0xEC, 0x2F, 0x33, 0xDA,
    0xF6, 0x0C, 0x87, 0x6F, 0x7C, 0xA8, 0x8C, 0x1A, 0xB9, 0xBF, 0xB3, 0x79, 0xF7, 0x66, 0x6F, 0x06,
    0x6F, 0x7A, 0x60, 0x37, 0x07, 0xE9, 0x89, 0xF5, 0x70, 0x9E, 0x77, 0xC9, 0xB2, 0xE6, 0xFE, 0xE3,
    0x15, 0xB6, 0x86, 0x4A, 0x6E, 0x58, 0x4E, 0x04, 0x67, 0x0C, 0x0A, 0x06, 0x09, 0x03, 0x89, 0x28,
    0xBC, 0x04, 0xFE, 0x75, 0x09, 0x92, 0x57, 0xF3, 0x18, 0x23, 0xB6, 0x3D, 0x15, 0x4F, 0x8F, 0x26,
    0xF7, 0xA0, 0xC4, 0x1D, 0x85, 0xBF, 0x6A, 0x5E, 0xB3, 0xEB, 0x16, 0x5A, 0x36, 0x43, 0x75, 0x0A,
    0x15, 0x51, 0xEC, 0x1B, 0x13, 0x98, 0x16, 0x29, 0x52, 0x9B, 0xA3, 0x26, 0xA8, 0xF1, 0x0B, 0xD3,
    0x46, 0x5F, 0x9A, 0x36, 0xF8, 0x27, 0x8E, 0x60, 0x82, 0x5A, 0xA0, 0x4A, 0xD4, 0x18, 0x35, 0x32,
    0x8C, 0x4F, 0x3F, 0xF0, 0x5B, 0xAF, 0x96, 0x3E, 0xD9, 0x7B, 0x67, 0xD6, 0x90, 0x95, 0xDF, 0xC6,
    0x1C, 0xFA, 0xCC, 0x4A, 0x2E, 0xEC, 0x5A, 0xC7, 0x26, 0x74, 0xC8, 0xF6, 0x91, 0xF2, 0x06, 0xCB,
    0x72, 0xC4, 0x46, 0x35, 0x62, 0x13, 0xAC, 0x18, 0x8C, 0x16, 0x40, 0x6A, 0x3F, 0xEA, 0xE7, 0x79,
    0x0C, 0x8F, 0xEB, 0xA9, 0x78, 0x7A, 0xD4, 0x47, 0x22, 0x76, 0x0E, 0x6C, 0x19, 0x7D, 0x20, 0x0A,
    0xCA, 0xEF, 0x80, 0x2F, 0xF3, 0x60, 0x0B, 0x25, 0xC1, 0xC6, 0xBC, 0xC5, 0xD9, 0xC4, 0xCD, 0xB5,
    0xEB, 0xE7, 0x2B, 0x9F, 0x61, 0x8F, 0x0B, 0x44, 0x60, 0x7A, 0xFF, 0xE0, 0xDB, 0x01, 0xE1, 0x5A,
    0x58, 0x72, 0xEA, 0x4E, 0x05, 0xBB, 0x29, 0xDF, 0xBA, 0xEE, 0x8D, 0xA5, 0xE7, 0x41, 0x73, 0x20,
    0xEA, 0xE4, 0x27, 0x4A, 0xCC, 0x28, 0x6C, 0x09, 0x10, 0x6D, 0xF4, 0xA0, 0xBF, 0xE7, 0xBB, 0xC6,
    0x53, 0x25, 0x3B, 0xDA, 0xF9, 0x92, 0x75, 0x30, 0x07, 0xBD, 0xC8, 0x81, 0xB5, 0xFC, 0x14, 0xAC,
    0x87, 0xCC, 0xBA, 0x02, 0xEB, 0xD0, 0x80, 0xAB, 0xD0, 0x00, 0xB8, 0x17, 0xE9, 0xE1, 0x90, 0x59,
    0xB7, 0xCC, 0xDA, 0x80, 0x75, 0xEC, 0x71, 0x99, 0xF5, 0x80, 0x59, 0xF7, 0x3E, 0xF5, 0x98, 0xFA,
    0x04, 0x38, 0x5B, 0x5C, 0x8B, 0x56, 0xCE, 0xD4, 0x22, 0xD0, 0x5C, 0xB4, 0x42, 0x6E, 0x2C, 0x3C,
    0xD6, 0x07, 0xE0, 0x58, 0xA8, 0x23, 0xB0, 0xE9, 0xF8, 0xA6, 0xD8, 0x2B, 0x27, 0x9B, 0x08, 0xDB,
    0xCA, 0xEE, 0x32, 0xA1, 0x79, 0x87, 0xF4, 0x79, 0x15, 0x1C, 0x76, 0x7E, 0xA3, 0x29, 0xA8, 0x1B,
    0xB0, 0x7B, 0xF2, 0x4E, 0xE9, 0x87, 0x35, 0x12, 0xC3, 0x2F, 0xAD, 0xFF, 0x7F, 0xA7, 0x72, 0xE3,
    0xAA, 0xE2, 0xBD, 0xC6, 0x72, 0x6F, 0xBE, 0x7F, 0xB2, 0x2F, 0x13, 0xF8, 0xA8, 0x02, 0xC6, 0x96,
    0x28, 0xDC, 0xDF, 0xB4, 0xD4, 0x51, 0x93, 0xE0, 0x0D, 0x7A, 0xD4, 0x41, 0xB5, 0x0E, 0x6D, 0x1F,
    0x21, 0x39, 0xDC, 0xC6, 0xE5, 0xB9, 0xB5, 0xF5, 0x8E, 0xAE, 0xAF, 0x8E, 0xEF, 0x61, 0x08, 0xD6,
    0x2D, 0x6E, 0x66, 0x70, 0x66, 0xC4, 0x19, 0x03, 0x1C, 0x9A, 0xEA, 0xFF, 0x0B, 0xDF, 0xCF, 0x79,
    0x04, 0xCF, 0x5B, 0xC5, 0x5B, 0xC3, 0x7B, 0x0A, 0x6D, 0x39, 0x84, 0xDD, 0x57, 0x3E, 0x29, 0xC0,
    0x03, 0xDF, 0x67, 0x91, 0xD2, 0x5B, 0xC8, 0x8C, 0xBB, 0x39, 0x59, 0xB8, 0x22, 0x5B, 0xA0, 0x9D,
    0x62, 0x4C, 0xCC, 0x31, 0xE3, 0x08, 0x55, 0x96, 0xBE, 0x3E, 0x49, 0x94, 0x85, 0xCB, 0xB6, 0x4F,
    0x2D, 0x27, 0xAD, 0x7C, 0x19, 0x31, 0x3E, 0x0A, 0xAF, 0x9F, 0x18, 0x54, 0xE2, 0xF4, 0x0D, 0x61,
    0x7C, 0xDC, 0x37, 0xC2, 0x99, 0xC2, 0x99, 0x09, 0xC1, 0xC3, 0x72, 0x41, 0x03, 0xAF, 0x31, 0x04,
    0x58, 0xF3, 0xAA, 0x99, 0x7B, 0x97, 0xF7, 0xD9, 0x25, 0x71, 0xEF, 0x73, 0x16, 0x12, 0xFE, 0x85,
    0xE2, 0xC7, 0xE5, 0x5A, 0xA0, 0x2E, 0x85, 0x1B, 0x35, 0xB5, 0x74, 0xFA, 0x56, 0xAA, 0x56, 0x3D,
    0xC0, 0x45, 0x10, 0xE3, 0xC7, 0x5A, 0x7E, 0x52, 0x03, 0x5E, 0x4E, 0xD4, 0x8A, 0xA2, 0x4F, 0x28,
    0x7A, 0xCC, 0x90, 0xAA, 0xCB, 0x71, 0xDC, 0x98, 0x07, 0x73, 0x95, 0xB8, 0x3F, 0xB8, 0xE6, 0x86,
    0x70, 0xA1, 0xA5, 0xA0, 0xE3, 0x3B, 0x8D, 0xA5, 0x11, 0xF2, 0x37, 0xD7, 0x15, 0x0C, 0x26, 0x6C,
    0xE6, 0x6D, 0x9F, 0x48, 0x80, 0xFA, 0x24, 0x70, 0xEA, 0x0E, 0x0F, 0x98, 0x78, 0xFE, 0x23, 0xD7,
    0x2C, 0xBE, 0xEA, 0x94, 0x6A, 0xE8, 0x4F, 0xA8, 0xF2, 0x77, 0xA2, 0xCA, 0xB7, 0x87, 0xFE, 0xAB,
    0x4E, 0xEC, 0x4C, 0x30, 0xF5, 0x97, 0xF7, 0xDC, 0x67, 0x82, 0xB8, 0xCC, 0x39, 0x66, 0x43, 0xDA,
    0x4B, 0x36, 0xF6, 0xD6, 0xBD, 0x54, 0xE2, 0x60, 0x5A, 0x62, 0x7E, 0xFA, 0xA8, 0x43, 0x4A, 0x3A,
    0xA2, 0x7C, 0xEA, 0xE6, 0x28, 0x2B, 0xD4, 0xEE, 0xC6, 0xAE, 0x0D, 0xA6, 0x7F, 0x65, 0xAD, 0x88,
    0x4B, 0x9F, 0x84, 0x9F, 0xA4, 0x66, 0x17, 0xC5, 0x5D, 0xF7, 0x92, 0x7C, 0xAD, 0xA2, 0x97, 0x3A,
    0xA4, 0xF2, 0x52, 0xB8, 0xE2, 0x17, 0x4D, 0xFC, 0x5B, 0x03, 0x78, 0x29, 0xAC, 0x07, 0xE8, 0xD8,
    0xA2, 0x58, 0x2D, 0xD2, 0x2E, 0x75, 0xDE, 0x13, 0xAA, 0xB8, 0x4C, 0xB0, 0xA2, 0x3E, 0x1B, 0xC8,
    0xCF, 0x7D, 0x82, 0x12, 0xB7, 0xFA, 0xBD, 0x6C, 0xF7, 0x7E, 0x9F, 0x66, 0xD5, 0xE7, 0x3D, 0xFB,
    0x5B, 0x55, 0xB1, 0xBF, 0xF5, 0xFF, 0xE7, 0xF8, 0x7C, 0x24, 0xF9, 0x5D, 0x89, 0x7C, 0xBD, 0xE4,
    0x0F, 0x6E, 0xF4, 0xC3, 0xD1, 0x22, 0x4D, 0x48, 0x91, 0x03, 0xFD, 0x9A, 0xBD, 0x3E, 0xC1, 0xFD,
    0x28, 0xB8, 0x21, 0x55, 0xA1, 0x8E, 0x71, 0x7E, 0x15, 0x36, 0xBE, 0xC2, 0x38, 0xCB, 0x82, 0xC5,
    0x63, 0x0E, 0x94, 0x0C, 0xE8, 0xE2, 0x0B, 0x0D, 0x95, 0x5B, 0x4F, 0x4F, 0x1C, 0xD2, 0xD3, 0x39,
    0xFC, 0x43, 0x6D, 0x85, 0xB1, 0x7C, 0x7B, 0xB0, 0xBE, 0x9C, 0xF1, 0x7D, 0xC5, 0xC7, 0x12, 0xB3,
    0x48, 0xF7, 0x59, 0xE0, 0x15, 0x9F, 0x86, 0x3D, 0x46, 0x6A, 0x66, 0xB1, 0x9B, 0x13, 0x6C, 0x6A,
    0x81, 0x29, 0xCC, 0xDC, 0x0B, 0xE2, 0x05, 0xE2, 0x77, 0xEE, 0xE7, 0x71, 0x9E, 0xC7, 0xF3, 0x7D,
    0xEC, 0xE0, 0xFB, 0xB6, 0x5C, 0xC4, 0xA7, 0xED, 0x2B, 0xD2, 0xBB, 0xB9, 0xB8, 0x86, 0xFC, 0x1B,
    0x97, 0xA9, 0x17, 0x35, 0x05, 0xAA, 0xBC, 0x12, 0xBD, 0xC0, 0x3E, 0xC0, 0x7E, 0x1B, 0x12, 0xB1,
    0x7E, 0x2D, 0x4F, 0x78, 0x1B, 0x5A, 0xD1, 0x0B, 0xA4, 0x15, 0x7F, 0x34, 0xFE, 0xFF, 0x4A, 0x6B,
    0xC4, 0x3E, 0x1D, 0x2E, 0x3E, 0xA1, 0xBD, 0xFA, 0x8A, 0x76, 0xF2, 0xAD, 0x63, 0x31, 0xB4, 0x86,
    0xB9, 0x9F, 0x02, 0x67, 0x06, 0xDC, 0x8E, 0xAF, 0x7E, 0x34, 0x8A, 0xFE, 0x4E, 0x95, 0xFC, 0xB1,
    0x1A, 0xEF, 0x82, 0xF6, 0x58, 0xAA, 0x03, 0x93, 0x50, 0xA1, 0x0B, 0x5C, 0xC4, 0x26, 0x88, 0x01,
    0x96, 0x7E, 0x0E, 0xDA, 0xAC, 0xD0, 0xC1, 0x59, 0xE6, 0x9E, 0x51, 0x7E, 0x66, 0xC9, 0xF9, 0xBE,
    0x9C, 0x27, 0x65, 0x2E, 0xDD, 0x2C, 0x70, 0x7F, 0x3B, 0xD3, 0xDC, 0x2F, 0x8A, 0xBB, 0xEE, 0x6F,
    0x95, 0xAF, 0x9B, 0xFB, 0x05, 0x71, 0xC5, 0xB3, 0x9A, 0xCD, 0xFD, 0x59, 0x7D, 0x39, 0x8E, 0x01,
    0x7F, 0xD5, 0x62, 0xDD, 0xDB, 0x3D, 0xD1, 0xBC, 0x11, 0xA5, 0x39, 0x21, 0xAD, 0xCA, 0x53, 0x42,
    0x86, 0x35, 0x46, 0x8C, 0x13, 0xDA, 0x44, 0x5F, 0x98, 0xF0, 0xAB, 0x9A, 0xFE, 0xA1, 0x09, 0x9B,
    0x84, 0x58, 0x58, 0xF0, 0x37, 0x2B, 0xFE, 0x52, 0xDE, 0xD2, 0xD4, 0xD0, 0x54, 0x71, 0xD8, 0x3A,
    0xF5, 0xBD, 0xF1, 0x1B, 0x6F, 0x51, 0xAD, 0x80, 0x21, 0xE1, 0x56, 0x3E, 0xB2, 0x94, 0x2F, 0x0B,
    0xDA, 0xD5, 0x2C, 0xB4, 0xC8, 0xD2, 0xFE, 0x3B, 0x57, 0xA7, 0xB0, 0x22, 0x6D, 0xC4, 0x57, 0x16,
    0xF0, 0x2A, 0xC2, 0xFC, 0x0F, 0xB5, 0x5A, 0x4D, 0x73, 0xDB, 0xC6, 0x19, 0x7E, 0x01, 0xD4, 0x82,
    0x6C, 0x24, 0x46, 0x0F, 0x3E, 0xA8, 0xA3, 0x91, 0xA1, 0x43, 0x0E, 0xED, 0x8C, 0x29, 0xE4, 0xE0,
    0x83, 0xDA, 0x21, 0x08, 0xB4, 0x3E, 0xE4, 0xEA, 0x9F, 0xE0, 0x5F, 0x50, 0xFB, 0xE0, 0x99, 0xBA,
    0x1D, 0x4A, 0xDC, 0x4E, 0x0E, 0xB9, 0xEA, 0x27, 0x38, 0x7F, 0xA0, 0xE3, 0x83, 0x67, 0xA2, 0x03,
    0x69, 0xA2, 0xCE, 0xB1, 0x87, 0xC2, 0xB9, 0x76, 0x5A, 0x33, 0x99, 0xCC, 0x34, 0x37, 0x63, 0x26,
    0x9B, 0x14, 0xB6, 0x29, 0xA2, 0xCF, 0xB3, 0x00, 0x25, 0x88, 0xFA, 0x22, 0x25, 0x9A, 0xD8, 0xF7,
    0x05, 0xB1, 0xDC, 0x8F, 0x67, 0xDF, 0xDD, 0x7D, 0x3F, 0x16, 0x94, 0x5E, 0x29, 0x22, 0x86, 0xCD,
    0x7C, 0x9C, 0x11, 0x98, 0x97, 0x83, 0xF9, 0x05, 0x58, 0xD8, 0x07, 0x8B, 0x3A, 0x60, 0xDD, 0x10,
    0xAC, 0xF0, 0x13, 0x91, 0xDC, 0x57, 0x62, 0xE7, 0x6E, 0x2A, 0x4E, 0x86, 0xD2, 0x6E, 0x6A, 0xE7,
    0xE2, 0x95, 0xA5, 0x16, 0xBF, 0x2C, 0x0B, 0x09, 0x44, 0xFA, 0x82, 0xF2, 0x11, 0x2E, 0x89, 0xF1,
    0x1D, 0x39, 0x7E, 0x99, 0x22, 0x1D, 0x76, 0xB1, 0x3E, 0x91, 0xA0, 0x4C, 0x7F, 0xE1, 0xE6, 0x62,
    0xA1, 0x9F, 0xDC, 0x2D, 0xF3, 0xB8, 0xCC, 0x07, 0x92, 0x17, 0x26, 0xE1, 0x0B, 0x1E, 0xBD, 0x72,
    0x24, 0xDB, 0x37, 0x51, 0xB8, 0xDD, 0x02, 0x0B, 0xC6, 0x60, 0xEE, 0xE8, 0x83, 0x03, 0xF5, 0xEC,
    0xD4, 0xFB, 0x4C, 0x39, 0x10, 0xCB, 0xC1, 0x82, 0x58, 0x3F, 0x04, 0x1A, 0x7C, 0xB6, 0xC8, 0x9E,
    0x90, 0x69, 0xB2, 0x12, 0xCD, 0x48, 0x9C, 0xCC, 0x07, 0x2A, 0x17, 0x27, 0x15, 0x74, 0xEC, 0x03,
    0x53, 0x2E, 0x28, 0x2C, 0x9F, 0xA0, 0xF6, 0xBE, 0x98, 0x4A, 0xF8, 0x49, 0xEC, 0x86, 0x34, 0xD7,
    0x27, 0x89, 0x55, 0x96, 0x23, 0x57, 0x5B, 0x99, 0x8F, 0x9F, 0x08, 0x9A, 0xE8, 0x77, 0x38, 0x02,
    0x21, 0xB6, 0xEA, 0xDE, 0xAD, 0xF3, 0x63, 0x4E, 0x8A, 0xC2, 0x88, 0xB5, 0xB5, 0xC7, 0x7A, 0x12,
    0x4C, 0x12, 0xB1, 0x13, 0xF1, 0x14, 0x71, 0xB7, 0x45, 0x36, 0xEB, 0x76, 0xAD, 0x61, 0x06, 0xF1,
    0x84, 0x2A, 0xE9, 0x98, 0xCA, 0x7D, 0x03, 0xA0, 0x6F, 0xBE, 0x23, 0x27, 0x54, 0xBF, 0x04, 0x4E,
    0x6B, 0x38, 0x12, 0x0B, 0x8D, 0x39, 0x19, 0x90, 0x3E, 0xAE, 0xA6, 0x7C, 0x73, 0x75, 0xB9, 0xD8,
    0xD6, 0x28, 0x5A, 0xF9, 0x5F, 0xE2, 0xBC, 0xCC, 0x6C, 0x51, 0x8B, 0x61, 0x23, 0x2E, 0x2E, 0x3E,
    0xDE, 0x97, 0x89, 0x09, 0x80, 0x76, 0x0D, 0xAC, 0x85, 0xD0, 0x50, 0x32, 0x94, 0xD0, 0xCD, 0xC7,
    0x15, 0x22, 0x4B, 0x2D, 0x15, 0x15, 0xA4, 0x03, 0x19, 0xC9, 0x7F, 0x0D, 0xBC, 0xB5, 0xC5, 0xB0,
    0xD9, 0x89, 0x12, 0x56, 0x86, 0x9C, 0xAB, 0x0E, 0x1A, 0x93, 0x38, 0x9C, 0x28, 0xE1, 0x42, 0x2F,
    0xAC, 0xA1, 0x60, 0xB9, 0xA7, 0x05, 0x44, 0x5A, 0x88, 0x83, 0x05, 0x6B, 0x91, 0x34, 0x76, 0x8D,
    0xAE, 0xEE, 0x7C, 0x66, 0x3E, 0x7F, 0x47, 0x39, 0x94, 0x67, 0x3D, 0xD6, 0x17, 0xB9, 0x8D, 0x0D,
    0xB1, 0x45, 0x6A, 0xD5, 0x74, 0x87, 0x64, 0x95, 0x7F, 0xC3, 0x2E, 0x9A, 0x48, 0x98, 0xEC, 0x02,
    0xF5, 0x16, 0x60, 0x6D, 0x01, 0xDD, 0x16, 0x40, 0x56, 0x77, 0x3E, 0x77, 0x40, 0xA1, 0xDA, 0xC2,
    0x96, 0x9B, 0x60, 0x38, 0x6F, 0x65, 0xA5, 0x7C, 0x2B, 0xDC, 0x7F, 0x99, 0x78, 0xE9, 0xBA, 0x06,
    0xC3, 0x96, 0x07, 0x8B, 0xC9, 0x02, 0x32, 0x5F, 0x0D, 0xCB, 0x29, 0x33, 0x8F, 0x53, 0x16, 0x1C,
    0x96, 0x63, 0x0D, 0x4F, 0x57, 0xAD, 0x98, 0xF6, 0x00, 0xB0, 0xDA, 0xB4, 0x31, 0x84, 0x49, 0x32,
    0x1B, 0x78, 0x4B, 0x2E, 0x03, 0x70, 0x46, 0x69, 0x42, 0x06, 0x48, 0x90, 0x52, 0x33, 0x95, 0x65,
    0x8E, 0x34, 0x93, 0x69, 0xF2, 0x0F, 0x90, 0x30, 0x65, 0x54, 0x4D, 0x72, 0x38, 0x89, 0x0A, 0xD3,
    0x14, 0xFE, 0x7E, 0x0C, 0x1D, 0xD3, 0x95, 0x68, 0x58, 0x4E, 0x90, 0x1A, 0x93, 0x78, 0xCB, 0x2B,
    0x21, 0xEC, 0xEF, 0x3F, 0x76, 0x12, 0xDF, 0x4B, 0xDC, 0x52, 0xAC, 0xE2, 0xF2, 0x5D, 0x3B, 0x49,
    0xE6, 0xBC, 0x4C, 0xED, 0x52, 0xC9, 0x8B, 0xC5, 0x7A, 0x97, 0xE7, 0x22, 0x50, 0xF6, 0xCF, 0x2F,
    0xDF, 0xF5, 0x89, 0x6D, 0x35, 0x57, 0xBF, 0x97, 0xE9, 0x08, 0xD3, 0x67, 0x19, 0xED, 0xE0, 0xE0,
    0xFB, 0xC1, 0x7C, 0x1D, 0x69, 0x96, 0x87, 0x96, 0xA4, 0x5E, 0xC6, 0x77, 0xBD, 0x6A, 0x0B, 0xA4,
    0xED, 0xFC, 0xDB, 0xB4, 0xFB, 0xE0, 0xF2, 0xA3, 0x3E, 0x75, 0xDB, 0x2E, 0x20, 0x76, 0xEA, 0x44,
    0xDA, 0x30, 0x1F, 0xC6, 0xE6, 0xCE, 0x86, 0xC8, 0xAD, 0x13, 0xFA, 0x37, 0x87, 0x56, 0x79, 0x7A,
    0xB6, 0x56, 0xB1, 0x72, 0x52, 0x07, 0x14, 0x83, 0x82, 0xD4, 0xCA, 0xA1, 0x55, 0x72, 0xD6, 0x83,
    0xAD, 0xDA, 0xA3, 0x26, 0x40, 0xBD, 0xAF, 0x52, 0x3B, 0x1B, 0x59, 0xEA, 0xFE, 0x14, 0xDB, 0x0F,
    0x5E, 0x79, 0x10, 0x2A, 0xD8, 0x49, 0x62, 0xEB, 0x4B, 0xB4, 0x6F, 0x38, 0x12, 0xD0, 0x86, 0xC9,
    0xC0, 0x2F, 0x0F, 0xAC, 0x72, 0xC7, 0xCC, 0x65, 0xF7, 0x96, 0x35, 0x86, 0x55, 0x5B, 0x87, 0x05,
    0xA4, 0x5B, 0x10, 0x6D, 0x54, 0x4E, 0x01, 0xAD, 0xDA, 0x12, 0x61, 0xDA, 0xE9, 0x33, 0xFB, 0xD5,
    0x48, 0xB0, 0xED, 0xE2, 0xE4, 0x4A, 0x18, 0x6D, 0x28, 0x41, 0x07, 0xD8, 0xEC, 0x6C, 0xB9, 0x62,
    0xBC, 0x6D, 0x94, 0xF6, 0x6D, 0xB9, 0x12, 0xB8, 0x65, 0x00, 0x99, 0x7A, 0x60, 0x01, 0x06, 0x18,
    0x40, 0x56, 0x36, 0x96, 0xB4, 0xB1, 0xFD, 0x5B, 0x57, 0xC3, 0x76, 0x5D, 0x2A, 0x40, 0x7F, 0x4A,
    0xB1, 0xB7, 0x20, 0x40, 0xB5, 0x79, 0x28, 0x3F, 0x58, 0x85, 0xEC, 0x2C, 0x2A, 0xA1, 0x82, 0x49,
    0xE7, 0x95, 0x21, 0x39, 0x40, 0x9B, 0xCA, 0x6E, 0x2E, 0x0F, 0x3E, 0xAD, 0x5B, 0x6D, 0x19, 0x04,
    0xCD, 0xD4, 0x29, 0x55, 0x5C, 0xEA, 0x8E, 0x85, 0x2D, 0xD3, 0x8D, 0x0C, 0xDA, 0x48, 0x3A, 0x27,
    0x13, 0xF4, 0x7F, 0x28, 0x86, 0x0D, 0xD1, 0x73, 0x6E, 0xD8, 0x51, 0x5E, 0xC5, 0x90, 0x57, 0xB3,
    0x99, 0x1F, 0xCE, 0x64, 0x10, 0x25, 0x7D, 0xC5, 0x12, 0x4B, 0x90, 0xE4, 0xD7, 0xCF, 0x3E, 0x0C,
    0x3F, 0x04, 0x06, 0x19, 0xF7, 0xF0, 0x0C, 0x8F, 0x3A, 0x39, 0xBC, 0xD4, 0x59, 0x14, 0xDC, 0xA3,
    0x83, 0xFF, 0xA8, 0x7F, 0xCC, 0x65, 0x5E, 0x34, 0x85, 0x9F, 0xB1, 0x91, 0xA7, 0xCD, 0x46, 0xB2,
    0xB9, 0x52, 0x5C, 0xC6, 0xE5, 0xB4, 0xD7, 0x8B, 0xAE, 0xDE, 0xA4, 0x37, 0x99, 0x36, 0x7E, 0xD6,
    0x35, 0xDA, 0xD6, 0x8F, 0x7B, 0x58, 0x87, 0x2C, 0x85, 0xF1, 0x5D, 0x70, 0xDD, 0xFD, 0xB8, 0xDD,
    0x0A, 0xC6, 0x55, 0xC4, 0x70, 0x76, 0x9B, 0x17, 0xB7, 0x13, 0xC0, 0x97, 0xED, 0x4A, 0x4F, 0x85,
    0x94, 0x68, 0xAD, 0x12, 0x1A, 0xB2, 0x9F, 0xB9, 0x6E, 0xA3, 0xF4, 0xBE, 0x0C, 0x55, 0x98, 0xB4,
    0x62, 0xAC, 0xAB, 0xCE, 0xEC, 0x47, 0x37, 0x3F, 0x50, 0xDD, 0xD1, 0x82, 0xD4, 0x05, 0xF5, 0x8B,
    0x0D, 0xBB, 0x28, 0xB0, 0x5B, 0x8A, 0x95, 0x32, 0x89, 0xEC, 0x51, 0x64, 0x1F, 0xA9, 0x40, 0x7C,
    0x9F, 0x23, 0x8D, 0xC4, 0x36, 0x53, 0xEB, 0x66, 0x54, 0x74, 0x14, 0xFC, 0xA6, 0xD9, 0x5D, 0x42,
    0x2B, 0x04, 0x63, 0x24, 0xAB, 0xCD, 0xC0, 0x40, 0x2F, 0x4E, 0x88, 0x2F, 0xEE, 0x42, 0x31, 0x0F,
    0xD1, 0xFA, 0x3A, 0x9B, 0x7F, 0xC0, 0x5C, 0x34, 0x8E, 0xB6, 0x8F, 0x9A, 0xD6, 0x73, 0xA7, 0x9C,
    0x9A, 0xB4, 0x97, 0xC9, 0x30, 0x01, 0xC8, 0x30, 0x29, 0x64, 0x20, 0x85, 0xAD, 0xA5, 0xF0, 0x32,
    0x29, 0x42, 0xE4, 0x0D, 0x44, 0xDE, 0xA1, 0x18, 0x7C, 0x30, 0x41, 0x34, 0x25, 0xEF, 0x60, 0x8C,
    0x8B, 0x1E, 0xF2, 0xA1, 0x9A, 0x0A, 0x07, 0xE5, 0xE0, 0x4F, 0x14, 0xD0, 0x9A, 0x70, 0x26, 0x55,
    0x21, 0x5E, 0xA5, 0x90, 0xB1, 0xCD, 0x2D, 0x98, 0x0F, 0x4B, 0x1B, 0x57, 0x63, 0xB6, 0x4F, 0x67,
    0xA4, 0x7D, 0xA5, 0x3B, 0x74, 0x48, 0xDF, 0x1B, 0x6B, 0x00, 0xA5, 0xF7, 0x73, 0x21, 0xFA, 0x85,
    0xE8, 0x30, 0xD1, 0x7E, 0xAA, 0x9D, 0x5C, 0xB3, 0x2A, 0x47, 0x8A, 0xD0, 0x0A, 0x8A, 0x4F, 0xDB,
    0xB9, 0x76, 0x53, 0x1D, 0x24, 0x7A, 0x47, 0x7E, 0xD2, 0x75, 0xAD, 0x9F, 0xB5, 0xE8, 0x81, 0xA9,
    0xE2, 0x99, 0x2A, 0x80, 0x63, 0x22, 0xA4, 0x2D, 0xA3, 0x67, 0x37, 0x8F, 0xF4, 0xDA, 0x02, 0xA9,
    0x72, 0x0D, 0x6C, 0x15, 0xA6, 0x7F, 0x36, 0xCA, 0x2B, 0x3A, 0xF7, 0x8A, 0x25, 0x4C, 0xBD, 0xF4,
    0x12, 0x1D, 0x54, 0xB8, 0x5C, 0xCD, 0x45, 0xE2, 0x25, 0xFE, 0xF9, 0x57, 0xEA, 0xE5, 0x5C, 0x84,
    0x5E, 0x1A, 0xAB, 0x8E, 0x14, 0xED, 0x69, 0xDA, 0x36, 0xE9, 0xEE, 0xC5, 0x9D, 0xB5, 0xDA, 0x51,
    0x75, 0x6D, 0xE3, 0x5A, 0x70, 0x14, 0x4E, 0x8A, 0x75, 0x40, 0x7E, 0x6A, 0xC3, 0x27, 0x74, 0xFB,
    0x51, 0x0A, 0x60, 0x84, 0x0C, 0x6F, 0x64, 0xC2, 0xB4, 0x86, 0x29, 0x15, 0x31, 0x23, 0xE4, 0x93,
    0xA4, 0xC4, 0xC2, 0xC4, 0x5A, 0x70, 0x6A, 0x3D, 0x74, 0x11, 0x23, 0xEF, 0x57, 0xA7, 0x95, 0x83,
    0x1D, 0x30, 0xE6, 0x55, 0x79, 0xCD, 0x6B, 0xEC, 0xEB, 0x9E, 0x1A, 0x36, 0x73, 0x32, 0xC7, 0x2C,
    0x22, 0xD8, 0x52, 0xEC, 0x47, 0x71, 0xA1, 0xD9, 0x10, 0xA9, 0xCB, 0x47, 0xD2, 0x30, 0x78, 0x56,
    0x7E, 0x00, 0x2A, 0x13, 0x10, 0x0C, 0xF0, 0xFB, 0x1C, 0xA1, 0x51, 0x01, 0x8A, 0x40, 0x01, 0xC8,
    0xFB, 0x7B, 0x5E, 0x38, 0xDF, 0xE6, 0x85, 0xF5, 0x13, 0xFC, 0xC2, 0x01, 0x28, 0x06, 0xF9, 0x20,
    0x2F, 0x9F, 0x86, 0x56, 0x72, 0x43, 0xEA, 0x88, 0x3C, 0x97, 0x69, 0xDC, 0x2B, 0x0F, 0x27, 0x10,
    0x50, 0xA6, 0x5D, 0xAC, 0x62, 0xAC, 0x4A, 0x6D, 0x52, 0x71, 0x32, 0x2D, 0xA5, 0xFF, 0x4A, 0x63,
    0x22, 0xFE, 0xC3, 0x7D, 0x30, 0x77, 0xD7, 0x95, 0x86, 0x80, 0x12, 0xC1, 0xFA, 0x33, 0x3E, 0x40,
    0xFE, 0x4C, 0xE4, 0xB7, 0xB5, 0xAF, 0xB1, 0xB2, 0x5C, 0x11, 0x1D, 0x73, 0xC1, 0x37, 0x17, 0x13,
    0x51, 0x54, 0xE9, 0x12, 0xCA, 0xD7, 0x1C, 0xD3, 0x3C, 0xAA, 0xAB, 0xAF, 0x94, 0xB5, 0xBD, 0x4E,
    0xE6, 0xB7, 0xD7, 0xB3, 0x63, 0x79, 0x37, 0x3B, 0x16, 0x17, 0x63, 0xB1, 0x31, 0x16, 0xE1, 0x58,
    0x22, 0x50, 0x50, 0x8F, 0xE5, 0x30, 0x8A, 0x6E, 0x2C, 0x43, 0x7A, 0x9F, 0x31, 0x04, 0x16, 0xAB,
    0xB9, 0x45, 0x6E, 0xB4, 0x1F, 0xEA, 0x86, 0x48, 0x0A, 0x06, 0x3C, 0x91, 0x8A, 0xCD, 0x7C, 0xA8,
    0xD3, 0xCD, 0x69, 0x81, 0xAB, 0x57, 0xC6, 0x02, 0x0F, 0x72, 0x97, 0x1E, 0x5B, 0x48, 0x1F, 0xD2,
    0x57, 0x50, 0x6C, 0x7E, 0xDA, 0xA5, 0x32, 0xE8, 0x93, 0x75, 0x6B, 0xE6, 0xA7, 0xE6, 0x57, 0x53,
    0xCE, 0xD4, 0x30, 0x75, 0x4D, 0x2B, 0xA6, 0x3D, 0x87, 0xA7, 0x55, 0x65, 0x7E, 0xAC, 0x1F, 0x84,
    0x2E, 0x70, 0x9E, 0x34, 0xB0, 0x0C, 0xD0, 0x76, 0x0C, 0x9D, 0x19, 0xC0, 0x37, 0xF5, 0x93, 0x7D,
    0x10, 0xEF, 0x7C, 0x66, 0x3E, 0x7F, 0x67, 0x39, 0x96, 0x97, 0x3B, 0x1E, 0x83, 0x70, 0x6E, 0x24,
    0x9F, 0x47, 0x78, 0xB6, 0xFE, 0xF0, 0xD0, 0x15, 0xAC, 0xE9, 0xAB, 0x0C, 0x39, 0xD8, 0xC1, 0xBD,
    0x2B, 0xC2, 0x97, 0x3D, 0xAA, 0x83, 0x6F, 0xA8, 0x0F, 0x3E, 0xA7, 0x42, 0xE0, 0x40, 0x56, 0xAF,
    0x7F, 0xF0, 0x31, 0xC8, 0x1A, 0xD4, 0x4E, 0x1B, 0x0B, 0xF9, 0xF9, 0x73, 0xB1, 0xBE, 0x45, 0xA6,
    0x52, 0x57, 0x1B, 0x07, 0x9D, 0x5E, 0x8D, 0x65, 0x07, 0xEE, 0xBC, 0xE5, 0xDA, 0xF2, 0x33, 0xF2,
    0xD0, 0xEC, 0xB1, 0x8E, 0xE1, 0x3B, 0x86, 0x77, 0xA9, 0xAB, 0xB3, 0xBE, 0xE1, 0xDD, 0x46, 0x7E,
    0x55, 0xA6, 0x2A, 0x5F, 0xD5, 0x75, 0x4D, 0x3B, 0xA6, 0xCD, 0xB1, 0x69, 0x7F, 0x8C, 0x9E, 0x02,
    0x9E, 0xBE, 0xC0, 0xF7, 0x46, 0xEF, 0x2F, 0xF2, 0x00, 0xE6, 0x27, 0x4E, 0x5D, 0x0C, 0x38, 0x50,
    0x0E, 0x04, 0xE0, 0xA3, 0xCD, 0x7D, 0xC3, 0xFB, 0xB4, 0xD1, 0x44, 0x9E, 0xB2, 0x65, 0x6E, 0x0B,
    0x94, 0xD7, 0x56, 0x55, 0x37, 0x41, 0x3B, 0x14, 0xC2, 0x0D, 0xA9, 0x0E, 0x5D, 0xB9, 0x97, 0xB9,
    0x12, 0xF7, 0x1A, 0x87, 0x57, 0xE5, 0xF4, 0xF0, 0xEA, 0x60, 0xEA, 0x4B, 0xD4, 0x14, 0x22, 0x6F,
    0x60, 0x7E, 0xA3, 0xBB, 0x6E, 0x7C, 0x12, 0xEC, 0xBC, 0xC2, 0x5C, 0x3B, 0x75, 0x59, 0x6E, 0x6D,
    0x18, 0x95, 0x4F, 0xE1, 0x25, 0x64, 0x9E, 0xAA, 0xB4, 0xD7, 0xC3, 0x71, 0x39, 0xC6, 0x4E, 0x3C,
    0xE5, 0x5A, 0x4A, 0x5F, 0x33, 0x3E, 0xCE, 0x8A, 0x39, 0x4B, 0xE2, 0x99, 0xC3, 0xB9, 0xA9, 0x52,
    0xD5, 0x43, 0xA3, 0xA8, 0xAF, 0xC1, 0x53, 0xF3, 0xDC, 0x44, 0x9C, 0xFF, 0x54, 0x2E, 0xCA, 0x91,
    0xBF, 0xB2, 0x1C, 0x71, 0x6C, 0xAE, 0x3D, 0x69, 0x6F, 0x20, 0x60, 0xB2, 0x2F, 0x10, 0x87, 0x48,
    0x56, 0x9D, 0x73, 0xC2, 0x71, 0x32, 0x81, 0xEF, 0xB1, 0xC3, 0x8D, 0xEF, 0xCD, 0x71, 0x59, 0xA0,
    0xD6, 0x4C, 0xD0, 0x18, 0x4E, 0xCF, 0x33, 0xA9, 0x03, 0xB9, 0xAC, 0x19, 0x9D, 0xDA, 0x7C, 0x77,
    0xC0, 0x7D, 0x49, 0xD3, 0xC1, 0x65, 0x10, 0x24, 0xBF, 0xC1, 0x73, 0x0C, 0xED, 0x4C, 0x2D, 0x4D,
    0x83, 0x1B, 0x51, 0xF1, 0x21, 0x54, 0x3F, 0x3C, 0x4A, 0xF5, 0x26, 0xD4, 0x7C, 0x03, 0x8B, 0x03,
    0xC7, 0xDA, 0x8C, 0xF7, 0xC4, 0x83, 0x36, 0x81, 0x53, 0x09, 0xD1, 0x3A, 0xE9, 0x7D, 0x2F, 0x2D,
    0xCB, 0xE4, 0xE1, 0x5B, 0x31, 0xD1, 0x2A, 0x9B, 0xFD, 0x0B, 0x24, 0x3E, 0x13, 0xAD, 0x2E, 0x05,
    0x1B, 0x5F, 0x18, 0x88, 0xD7, 0x95, 0x8D, 0x9B, 0xB2, 0xBA, 0xB2, 0x18, 0xB6, 0xA5, 0xF4, 0xCF,
    0x77, 0x2F, 0x54, 0x41, 0x0C, 0x4B, 0x69, 0x09, 0x26, 0x67, 0x76, 0xAF, 0x9A, 0xDD, 0xF7, 0x0A,
    0xB1, 0x2B, 0x27, 0x4A, 0x1B, 0xFF, 0xB8, 0xB6, 0xE1, 0x94, 0x10, 0x25, 0xC5, 0xCE, 0xAE, 0x2F,
    0x77, 0x16, 0xD7, 0xAE, 0x49, 0xEB, 0x26, 0x25, 0x65, 0x37, 0xDC, 0x9C, 0x39, 0x25, 0x85, 0xC8,
    0x7D, 0x44, 0x3A, 0x0A, 0xB6, 0x2F, 0x41, 0x37, 0xEB, 0xB3, 0x5F, 0xAE, 0x52, 0x17, 0x44, 0x25,
    0xF8, 0x02, 0xE6, 0xC8, 0xA8, 0x93, 0x2A, 0x21, 0x1E, 0x46, 0x6A, 0xCB, 0x29, 0x89, 0xBE, 0xA7,
    0x25, 0x41, 0x99, 0xB8, 0x93, 0x44, 0x46, 0x26, 0x26, 0xE9, 0x8A, 0x37, 0x36, 0xC7, 0x5B, 0x53,
    0xEF, 0xE7, 0x77, 0xB5, 0xF7, 0x73, 0xAD, 0xB9, 0x0F, 0x97, 0x80, 0x7C, 0x0A, 0xE2, 0xCE, 0xB6,
    0xB4, 0xB7, 0x17, 0x80, 0xBA, 0x32, 0x39, 0xB7, 0x7F, 0x17, 0x33, 0x4A, 0xBA, 0xA8, 0xFF, 0x73,
    0x24, 0xD4, 0x7C, 0x6C, 0x76, 0xCB, 0xA0, 0xC2, 0x81, 0x79, 0x71, 0xDC, 0xEC, 0x98, 0x65, 0x84,
    0xC3, 0x98, 0xCE, 0x4B, 0x08, 0x6E, 0x60, 0x21, 0xBC, 0x74, 0x07, 0x8B, 0x29, 0xA6, 0x93, 0x06,
    0xA3, 0x62, 0x0D, 0x33, 0x38, 0x0C, 0x8F, 0x60, 0x14, 0x6E, 0xAC, 0x1F, 0xD9, 0xBF, 0xB6, 0x44,
    0xA7, 0xA6, 0x88, 0xEF, 0xF7, 0xA2, 0x40, 0x45, 0xE6, 0x20, 0xEB, 0x87, 0xD3, 0x3C, 0x98, 0x65,
    0x00, 0x72, 0xCB, 0x91, 0xDB, 0x38, 0xC4, 0x9F, 0x13, 0x8D, 0x9D, 0x3E, 0x13, 0x9E, 0x64, 0x32,
    0x0C, 0x3D, 0x3C, 0xCB, 0x5C, 0x12, 0xA2, 0x93, 0x67, 0xFB, 0x73, 0x82, 0x32, 0x3B, 0xFB, 0x4B,
    0x00, 0xCA, 0xD2, 0xEA, 0x1E, 0x2E, 0x57, 0x54, 0x3C, 0xF6, 0xFF, 0x3A, 0xB1, 0x5E, 0x2A, 0x70,
    0x7E, 0x5F, 0x08, 0xDB, 0x47, 0xD0, 0x48, 0x2D, 0xE8, 0xBB, 0x27, 0x70, 0xE3, 0xF3, 0xFC, 0x98,
    0x07, 0xB4, 0x14, 0x6C, 0xBF, 0x5E, 0x93, 0x6E, 0x1B, 0x2D, 0xDB, 0xDF, 0x64, 0xD6, 0x5F, 0xD5,
    0x42, 0xD8, 0xAE, 0xD6, 0x3F, 0x42, 0x8A, 0xA1, 0xAE, 0x14, 0x53, 0x50, 0xBF, 0x51, 0x0E, 0xB1,
    0x30, 0xBC, 0xD1, 0x9C, 0xDD, 0x8F, 0x6B, 0xE3, 0xC8, 0x63, 0xBD, 0xB1, 0xF1, 0x28, 0x2A, 0x93,
    0x5D, 0x79, 0x19, 0x2D, 0xB3, 0xE2, 0x1F, 0x6F, 0x93, 0x3F, 0xB8, 0x75, 0x3C, 0x50, 0x30, 0xAF,
    0x60, 0x34, 0x8F, 0x96, 0x25, 0xEF, 0xA0, 0xBC, 0x95, 0xD3, 0xFB, 0xB4, 0x73, 0x84, 0x43, 0x23,
    0x67, 0xE4, 0x27, 0x61, 0xCE, 0x23, 0xB8, 0x28, 0x77, 0x52, 0x5F, 0xB5, 0xF7, 0x5D, 0xC4, 0xF8,
    0xFB, 0x5D, 0x4F, 0x61, 0x1C, 0x6D, 0x3F, 0x71, 0x5E, 0xE5, 0x5B, 0xBE, 0x38, 0xDF, 0x8D, 0x82,
    0x40, 0xEC, 0x1F, 0x53, 0xFF, 0x8F, 0x22, 0xEF, 0x15, 0xD5, 0x77, 0x99, 0x00, 0x05, 0x7C, 0x14,
    0x1A, 0x84, 0x8E, 0x71, 0x6E, 0x2A, 0xCF, 0x84, 0x27, 0x94, 0xF6, 0x6B, 0xFE, 0x4D, 0xE0, 0x1E,
    0x5F, 0x6D, 0x37, 0xDF, 0x8A, 0x42, 0x97, 0x76, 0xA5, 0x1F, 0xA1, 0x48, 0xD1, 0x91, 0x03, 0xD1,
    0xA1, 0x4C, 0xAC, 0x3C, 0xB0, 0xDE, 0xD8, 0x23, 0xFF, 0x0F, 0xAF, 0x9D, 0xCC, 0xFB, 0xFC, 0x1F,
    0xF7, 0x52, 0xF7, 0xEB, 0x2F, 0xBE, 0x48, 0x9D, 0x7F, 0xDD, 0xFB, 0x67, 0x62, 0xBF, 0xB1, 0xDF,
    0xC0, 0xEE, 0xD0, 0xF2, 0x1C, 0xF0, 0x6F, 0x00, 0x5D, 0x36, 0xCD, 0x21, 0xF3, 0xAC, 0xBC, 0x45,
    0xE5, 0x8C, 0x15, 0x72, 0xFF, 0x68, 0xA8, 0xF0, 0x95, 0x8A, 0x18, 0x76, 0x27, 0x48, 0xDC, 0xCC,
    0x4F, 0xFD, 0xD4, 0x19, 0x01, 0x31, 0xC6, 0x2B, 0x63, 0xD4, 0xDB, 0xD5, 0x95, 0xB4, 0x59, 0x97,
    0x33, 0x70, 0x16, 0xAD, 0x9A, 0xC3, 0x87, 0xAF, 0x14, 0xF6, 0xEC, 0xE1, 0xEB, 0x91, 0xAE, 0x84,
    0x91, 0x74, 0x3A, 0x3C, 0xA7, 0xE8, 0xC2, 0xDD, 0xF6, 0x95, 0x76, 0xD3, 0x1C, 0x72, 0xB1, 0xBF,
    0xCB, 0xE4, 0xC7, 0x94, 0x16, 0x06, 0x1B, 0x3B, 0x36, 0x33, 0xDA, 0xE6, 0xCB, 0xBA, 0x61, 0xCE,
    0x23, 0x32, 0xC9, 0xF9, 0x30, 0x30, 0xF7, 0xA5, 0x42, 0x94, 0xA7, 0x47, 0xFF, 0x1C, 0xA0, 0x4F,
    0xD0, 0xB0, 0xE0, 0x21, 0x9C, 0x3D, 0x52, 0x65, 0xB7, 0x39, 0xE1, 0x5C, 0x25, 0x28, 0x4B, 0x05,
    0x4D, 0x63, 0x1D, 0x57, 0x13, 0xC4, 0xD9, 0x72, 0xF2, 0x6A, 0xE9, 0x4C, 0xB3, 0x63, 0xB8, 0xE7,
    0x24, 0x71, 0x8C, 0x39, 0x68, 0x99, 0x57, 0xCB, 0xD3, 0x17, 0x61, 0x71, 0x59, 0x20, 0x19, 0x27,
    0x28, 0xA3, 0xF1, 0xDB, 0x65, 0xCB, 0xB6, 0x39, 0x15, 0x40, 0xFD, 0x98, 0x05, 0xC6, 0x31, 0xC3,
    0x81, 0xA4, 0xC6, 0x9F, 0x2C, 0x17, 0x53, 0x77, 0xFA, 0x96, 0x7B, 0x21, 0x34, 0x7B, 0xB4, 0xD8,
    0x8F, 0xB1, 0xFE, 0x47, 0x55, 0x93, 0xF6, 0x72, 0x25, 0x65, 0x8B, 0x42, 0x70, 0x68, 0xBD, 0x36,
    0x05, 0x3F, 0x59, 0x0C, 0x9B, 0x37, 0x89, 0x27, 0xF4, 0xC3, 0xF5, 0xB9, 0xD7, 0xFF, 0x01, 0xCD,
    0x59, 0x4F, 0x6F, 0xDC, 0xC6, 0x15, 0x7F, 0x24, 0x53, 0x51, 0x06, 0x9D, 0x30, 0x07, 0x1D, 0x04,
    0x08, 0x35, 0x75, 0xD0, 0xA1, 0x05, 0x2C, 0xAD, 0x0F, 0x39, 0xB8, 0x80, 0xB8, 0x1C, 0x27, 0x07,
    0x1F, 0x7A, 0xA8, 0x8F, 0xED, 0x2D, 0xDF, 0xC0, 0x39, 0x18, 0xA8, 0x5A, 0xAC, 0xBC, 0x0C, 0x72,
    0x48, 0x7B, 0x8A, 0x3F, 0x42, 0x3E, 0x41, 0xE1, 0x83, 0x81, 0xEA, 0xB0, 0xEB, 0x65, 0xD2, 0x0F,
    0x50, 0xB6, 0xF7, 0xB6, 0x5B, 0x20, 0x40, 0x0C, 0xE4, 0x10, 0xA2, 0x60, 0x11, 0xDA, 0xA5, 0x76,
    0xFA, 0xFB, 0xBD, 0xE1, 0xAE, 0xD6, 0xB2, 0x6A, 0x4B, 0xF6, 0xCA, 0xA8, 0x76, 0xE6, 0xCD, 0x72,
    0x49, 0xBE, 0xF7, 0x9B, 0x37, 0x6F, 0xDE, 0x9F, 0x91, 0x88, 0x84, 0x85, 0x28, 0xD9, 0x9A, 0x45,
    0xB9, 0x67, 0xED, 0xF7, 0x12, 0xD6, 0x6B, 0xC7, 0x12, 0x17, 0x72, 0x5F, 0x7A, 0x82, 0xD6, 0x17,
    0x89, 0xF3, 0x01, 0x48, 0x01, 0x12, 0x15, 0x23, 0x92, 0x41, 0x47, 0xE2, 0x42, 0xEF, 0xEA, 0x73,
    0xFA, 0x06, 0xDE, 0x6D, 0x05, 0x5C, 0xA6, 0x02, 0x7E, 0xE0, 0x2B, 0x01, 0xBE, 0x05, 0xA5, 0x37,
    0xF9, 0xAC, 0x88, 0xAC, 0xCD, 0x7B, 0xF9, 0x04, 0xFC, 0xFA, 0x32, 0x90, 0x44, 0x46, 0x12, 0x9B,
    0x23, 0x74, 0x8E, 0xBC, 0xEE, 0x4B, 0x26, 0xBD, 0x7C, 0x2C, 0x91, 0xAD, 0xC5, 0x9B, 0xE4, 0x7C,
    0x39, 0x36, 0x73, 0x92, 0x48, 0x2D, 0xE1, 0x8C, 0xA4, 0x21, 0x29, 0xCE, 0x4D, 0x1A, 0x92, 0x11,
    0xD0, 0xCA, 0x21, 0x80, 0x4A, 0x66, 0x86, 0xE0, 0x68, 0x8F, 0x05, 0x22, 0x4A, 0x8A, 0xC0, 0x53,
    0xDA, 0xBD, 0x6A, 0x5F, 0x32, 0xF6, 0x7C, 0x5F, 0x52, 0x39, 0xAB, 0xF3, 0xD3, 0x47, 0x4F, 0xF2,
    0x54, 0x39, 0x78, 0xF6, 0x89, 0x32, 0x90, 0x7C, 0xDB, 0x8D, 0xD5, 0x23, 0x37, 0xA6, 0x8E, 0x31,
    0xC5, 0xE9, 0x9F, 0x2F, 0x2F, 0xFC, 0x4D, 0x66, 0x80, 0x62, 0x6D, 0x61, 0x6D, 0xA3, 0x63, 0xE3,
    0x4D, 0x38, 0xC9, 0xBC, 0x91, 0x04, 0xAB, 0x71, 0x9F, 0xA8, 0xA1, 0xB7, 0x16, 0x63, 0x50, 0xB1,
    0x35, 0xC0, 0x27, 0x51, 0xC9, 0xB1, 0xC6, 0x63, 0x18, 0x81, 0x39, 0x13, 0x77, 0x3D, 0xD2, 0xB1,
    0xC2, 0x37, 0x7D, 0x9E, 0x1A, 0xE7, 0xFB, 0x98, 0xB2, 0x90, 0x1F, 0xF5, 0x47, 0xFE, 0x78, 0x5C,
    0x28, 0x6F, 0x68, 0x6D, 0x49, 0xF9, 0x1C, 0x15, 0x9E, 0xA7, 0x38, 0xC3, 0x8F, 0x0A, 0xBD, 0xFA,
    0x87, 0x82, 0x03, 0x53, 0x3E, 0x2B, 0xDB, 0xE2, 0xA0, 0x89, 0x43, 0xA6, 0x8C, 0x33, 0xDB, 0x50,
    0x8E, 0x0E, 0x1E, 0xE1, 0x29, 0x8A, 0xA8, 0x50, 0x50, 0x3D, 0xA3, 0x57, 0xF7, 0x1D, 0x64, 0x37,
    0x03, 0x9D, 0x00, 0x00, 0x95, 0x0E, 0x4F, 0x3E, 0x87, 0xE3, 0x66, 0xDF, 0x3A, 0x65, 0xB4, 0x94,
    0xF2, 0xF1, 0x06, 0xC8, 0x35, 0xB9, 0x77, 0x13, 0xC3, 0x9E, 0xEC, 0x56, 0x3A, 0x70, 0x22, 0x18,
    0x54, 0x8D, 0x7B, 0x4E, 0x7F, 0x3A, 0x78, 0xF6, 0x0F, 0x81, 0xB5, 0x26, 0xB6, 0x33, 0x0E, 0x3D,
    0x73, 0x5F, 0xC0, 0x34, 0xE5, 0xBD, 0x16, 0x06, 0x86, 0x17, 0xA8, 0x9A, 0x3D, 0x09, 0x4B, 0x39,
    0xC2, 0x00, 0xB1, 0xBC, 0x82, 0x58, 0xDE, 0x83, 0xCE, 0xFA, 0xB2, 0xE7, 0x01, 0x72, 0x2F, 0xDF,
    0x03, 0x3E, 0x58, 0xDD, 0x2C, 0x84, 0x81, 0x7A, 0x93, 0xA7, 0x1C, 0x1A, 0xB5, 0xDC, 0x15, 0xD1,
    0x92, 0x34, 0x24, 0x2D, 0x13, 0xAC, 0xF8, 0x33, 0x6B, 0x39, 0xF3, 0xBB, 0x8D, 0xDA, 0x4A, 0xE3,
    0xBA, 0x2C, 0xF5, 0xF4, 0xBC, 0x1D, 0x5C, 0xB4, 0x93, 0x4F, 0xD7, 0x31, 0xAF, 0x04, 0x76, 0x90,
    0x94, 0xBB, 0xBC, 0xAE, 0xB5, 0xC9, 0xBC, 0xD5, 0x2F, 0x69, 0x99, 0xD4, 0xBD, 0xA2, 0x8E, 0x0A,
    0xA8, 0xA2, 0x72, 0xAB, 0x2A, 0xD8, 0x20, 0x8F, 0x8D, 0x2E, 0xA3, 0x8C, 0x8E, 0xDD, 0x60, 0x8D,
    0x1B, 0x0A, 0x1D, 0xFE, 0x53, 0xE9, 0xD0, 0x34, 0x6E, 0x48, 0xDD, 0x90, 0xB8, 0x21, 0xFA, 0x4A,
    0x87, 0xE0, 0x9F, 0x3A, 0x78, 0xFF, 0xD6, 0x41, 0xC6, 0x6E, 0xC8, 0x30, 0xC0, 0x7A, 0x62, 0x0C,
    0x75, 0x23, 0x51, 0x75, 0x33, 0xAC, 0x68, 0x28, 0x43, 0x5B, 0x52, 0x5E, 0xA4, 0x9E, 0x43, 0xA2,
    0x5C, 0x2F, 0x72, 0x27, 0xDB, 0x89, 0x76, 0x92, 0x29, 0x18, 0x77, 0x1B, 0xA5, 0xA9, 0xD2, 0x44,
    0x29, 0x84, 0x82, 0x42, 0x26, 0x28, 0x44, 0x92, 0xC3, 0x58, 0x69, 0xA6, 0x34, 0x56, 0x1A, 0x29,
    0x0D, 0xAA, 0x39, 0x7F, 0x27, 0x6B, 0xE1, 0x6F, 0xE8, 0xF5, 0xB0, 0x6A, 0x8A, 0x21, 0xAC, 0xF5,
    0x66, 0x31, 0x27, 0xCB, 0x7F, 0x77, 0x67, 0xF8, 0x0D, 0x7B, 0x28, 0x2A, 0xEA, 0xB0, 0x02, 0xF1,
    0x48, 0xA4, 0x5E, 0x90, 0xE6, 0x55, 0x64, 0x2E, 0x56, 0xFD, 0x44, 0x02, 0xD1, 0x81, 0xA5, 0x60,
    0xAC, 0xEC, 0xCE, 0x3A, 0xBE, 0xEC, 0xEF, 0xF2, 0xDE, 0xBD, 0xCE, 0x87, 0xC2, 0xCD, 0x3C, 0x27,
    0x5D, 0x7F, 0x8B, 0xB8, 0x41, 0x62, 0x9A, 0x4D, 0x6F, 0x44, 0x03, 0x80, 0x33, 0x96, 0x01, 0xE1,
    0x37, 0x9C, 0x49, 0x05, 0xC6, 0x7E, 0x05, 0xF7, 0x17, 0x94, 0x78, 0x3A, 0x2C, 0x7C, 0xB8, 0x10,
    0x0B, 0xE7, 0x1A, 0x73, 0xDF, 0x25, 0xB4, 0x95, 0xBE, 0xA8, 0x57, 0xC3, 0xA6, 0xA0, 0xDD, 0xC8,
    0x9A, 0x67, 0xA2, 0xDB, 0xB9, 0xFF, 0x77, 0x6E, 0x20, 0xE9, 0x9C, 0x1A, 0xDD, 0x78, 0x62, 0x8B,
    0x77, 0x42, 0xB5, 0x0A, 0xA9, 0x42, 0x8B, 0x8D, 0x5F, 0x8D, 0x05, 0xEB, 0xC5, 0x86, 0x2F, 0xB8,
    0x8C, 0xEC, 0xF4, 0xCE, 0xCE, 0xC3, 0x7B, 0xE9, 0x34, 0xCE, 0xFD, 0xCE, 0xF5, 0xBD, 0xEA, 0xB3,
    0xBD, 0xBE, 0xBF, 0x1B, 0xDF, 0x03, 0x2E, 0x9D, 0x16, 0x10, 0xFE, 0x8F, 0x8F, 0xAC, 0xAF, 0xD1,
    0x25, 0xC4, 0x5C, 0x8C, 0x01, 0xFD, 0x53, 0xF5, 0xA2, 0x2E, 0x18, 0x69, 0x34, 0xE6, 0x68, 0xF4,
    0x59, 0x4D, 0xE4, 0xF2, 0x0C, 0x94, 0xF7, 0x15, 0x1C, 0xE4, 0x0F, 0x39, 0x5D, 0x85, 0xC8, 0xFA,
    0x89, 0x3C, 0x46, 0x27, 0x46, 0x29, 0x46, 0x2B, 0x46, 0xAD, 0xF3, 0x44, 0x33, 0x2F, 0xBF, 0x23,
    0x5E, 0x09, 0xE6, 0x7F, 0x2C, 0x9C, 0x85, 0x2D, 0xF1, 0x63, 0xA0, 0x3A, 0x6F, 0x67, 0x3C, 0x63,
    0x38, 0x63, 0x34, 0x63, 0x30, 0x8B, 0xE1, 0x38, 0x19, 0xCA, 0x7C, 0xC9, 0x83, 0xAF, 0x0B, 0xF9,
    0xD6, 0x20, 0xCE, 0xC9, 0x66, 0xC7, 0x18, 0x61, 0xEB, 0xCC, 0x96, 0xD2, 0x54, 0x52, 0x04, 0x32,
    0xC4, 0x31, 0x84, 0x31, 0xDF, 0x56, 0xC2, 0xAE, 0x2B, 0x01, 0x0F, 0x10, 0x94, 0xB5, 0x8E, 0xAB,
    0xC4, 0x17, 0xD8, 0x32, 0xD0, 0x78, 0x13, 0x7E, 0x3A, 0x8D, 0xBE, 0xAE, 0x40, 0x2F, 0x04, 0x51,
    0x7C, 0x18, 0x74, 0x08, 0xB5, 0x27, 0xFB, 0x12, 0xFF, 0xEE, 0x50, 0x22, 0xBC, 0xB8, 0x4A, 0x78,
    0x12, 0x18, 0x89, 0x0C, 0xA3, 0xC5, 0x2F, 0xA7, 0x31, 0xE0, 0x99, 0x0B, 0xC2, 0xCB, 0x61, 0x25,
    0xFF, 0x02, 0x9B, 0x0C, 0x6C, 0xAE, 0x02, 0x62, 0xBE, 0x7A, 0x88, 0xBE, 0xC9, 0xBD, 0x6F, 0x69,
    0xA9, 0x58, 0x5E, 0xE0, 0x7B, 0x1D, 0x94, 0x9F, 0xE0, 0xD9, 0x23, 0x6C, 0x80, 0x3D, 0x20, 0xFC,
    0xFD, 0x25, 0x28, 0x31, 0x77, 0x51, 0x42, 0xC2, 0x5F, 0xBD, 0x0E, 0xBC, 0xAD, 0x99, 0xE9, 0xD9,
    0xE9, 0x86, 0xDF, 0x68, 0x18, 0x83, 0x5B, 0xEA, 0x4F, 0xEC, 0x0C, 0x6D, 0x24, 0xE9, 0x40, 0x06,
    0xD9, 0xAD, 0x3A, 0xB1, 0x53, 0x7F, 0x66, 0x24, 0x43, 0xF6, 0xE6, 0x88, 0xFE, 0xDD, 0x7C, 0x8F,
    0x71, 0xAF, 0x37, 0xFF, 0x76, 0xB9, 0x2E, 0x32, 0xB2, 0xC8, 0x63, 0xE9, 0xB9, 0xE3, 0xA0, 0x48,
    0x3E, 0x2A, 0x41, 0x2F, 0xE4, 0x25, 0x4F, 0x63, 0xF7, 0xCB, 0x39, 0x4E, 0xBF, 0x7C, 0x7B, 0xD8,
    0xE5, 0x40, 0x3D, 0xFC, 0xC1, 0xC5, 0x3C, 0x3C, 0xE3, 0x13, 0x01, 0x05, 0xB6, 0x92, 0xB3, 0xFE,
    0x20, 0x1C, 0x37, 0x12, 0xA5, 0x7D, 0x8D, 0x9B, 0x2D, 0xA9, 0x57, 0xD5, 0xEA, 0xE0, 0x6B, 0x8D,
    0xA1, 0xB5, 0x86, 0x3A, 0x64, 0xBC, 0x00, 0x47, 0x3A, 0xEA, 0xF2, 0x6F, 0x50, 0x9F, 0xE0, 0x25,
    0x54, 0x1A, 0x33, 0x7B, 0xE7, 0x24, 0x6A, 0x75, 0xBE, 0xF8, 0x6D, 0xA4, 0x14, 0x93, 0x2B, 0xC4,
    0x11, 0x39, 0x15, 0x02, 0xBC, 0x99, 0x49, 0xEC, 0x9F, 0xED, 0xF4, 0x9D, 0xD0, 0x22, 0xF1, 0xF3,
    0x5A, 0x1A, 0x7A, 0x2D, 0x03, 0xF0, 0xB3, 0x6D, 0x46, 0x32, 0x16, 0x4D, 0x90, 0x1B, 0x12, 0x70,
    0x1B, 0x7B, 0xD6, 0xBC, 0xCF, 0x1B, 0x48, 0x37, 0x3E, 0xC4, 0xEC, 0x60, 0x7D, 0x74, 0xFF, 0x15,
    0x02, 0x81, 0xF7, 0x25, 0x01, 0x74, 0x89, 0x00, 0x95, 0x4E, 0x9F, 0xCA, 0xBC, 0x51, 0x13, 0x2C,
    0x28, 0x69, 0xE0, 0x48, 0x66, 0xE9, 0xE6, 0x2D, 0xF4, 0x8B, 0xCB, 0x84, 0x99, 0x49, 0x84, 0x2C,
    0xC0, 0x71, 0x81, 0x22, 0x1E, 0x60, 0x53, 0x3C, 0x81, 0x5A, 0x8E, 0x11, 0x08, 0x5C, 0xE9, 0x30,
    0x40, 0x1F, 0x45, 0xB6, 0x3C, 0x42, 0x1F, 0xF1, 0x7B, 0x57, 0x56, 0xF4, 0xCC, 0xB8, 0x2B, 0x29,
    0x0E, 0xBB, 0x3C, 0x6E, 0x20, 0x1B, 0x1E, 0x93, 0xE3, 0x4A, 0x71, 0xC9, 0xC6, 0x15, 0x91, 0xEB,
    0x3F, 0xC6, 0xCC, 0x0F, 0x3A, 0xD3, 0xC8, 0x97, 0xA7, 0x6E, 0x28, 0x91, 0xB0, 0xE3, 0x2E, 0xB6,
    0xF4, 0x3B, 0xC8, 0x03, 0x97, 0x11, 0x2A, 0x5E, 0xF6, 0x3E, 0x3A, 0xC1, 0x12, 0x2B, 0xA1, 0x2A,
    0x52, 0x00, 0xD5, 0xE0, 0x51, 0xCA, 0x0F, 0x86, 0x6F, 0xAE, 0x2F, 0xA2, 0xDC, 0x13, 0x60, 0x07,
    0xF4, 0x3E, 0xF7, 0x5F, 0x0A, 0xAC, 0x47, 0x4A, 0x47, 0xBA, 0x71, 0x01, 0x59, 0x77, 0xED, 0xA1,
    0xE2, 0x1D, 0x6C, 0x78, 0x50, 0x72, 0xB5, 0x65, 0x0D, 0x58, 0x49, 0xF0, 0xA7, 0x42, 0xBC, 0xEF,
    0x3A, 0x0C, 0x1B, 0x27, 0x48, 0x1B, 0xAD, 0x0E, 0xC6, 0xD2, 0xF8, 0xCC, 0x7F, 0x50, 0x0D, 0xF4,
    0x8C, 0x34, 0x63, 0x91, 0x67, 0x58, 0x18, 0xC6, 0x06, 0xAE, 0xFC, 0x33, 0xEC, 0x8D, 0x66, 0x88,
    0xDF, 0x13, 0xDC, 0x0F, 0xF0, 0x9C, 0xD6, 0x10, 0x19, 0x2B, 0x07, 0xA6, 0x6E, 0xE5, 0xF6, 0xB6,
    0x1C, 0x52, 0xD9, 0x12, 0xCC, 0xB9, 0xEE, 0x9E, 0x24, 0xB8, 0x8B, 0xD6, 0xA4, 0xC1, 0x34, 0x8D,
    0x09, 0xBD, 0xAF, 0xC9, 0x66, 0xD6, 0x4A, 0xFA, 0x18, 0xA0, 0xF3, 0x34, 0x2A, 0xD3, 0xA0, 0x4A,
    0xA5, 0x4D, 0x01, 0x6E, 0xE5, 0x79, 0x83, 0xED, 0x36, 0x17, 0x73, 0x68, 0xD1, 0xDD, 0x84, 0x3B,
    0xBC, 0x7C, 0xFC, 0x3A, 0x49, 0x43, 0xC1, 0x52, 0x48, 0xD4, 0x47, 0x73, 0x21, 0x87, 0x39, 0x8B,
    0x15, 0xEC, 0x66, 0x6B, 0x3A, 0xF2, 0xC2, 0x1E, 0x78, 0x8B, 0xD3, 0xA1, 0x17, 0x38, 0xED, 0x09,
    0x56, 0x36, 0x45, 0x56, 0xD4, 0x15, 0x78, 0xFF, 0xB6, 0x70, 0x89, 0xF1, 0x8F, 0x4E, 0x64, 0xF4,
    0x78, 0x8A, 0x60, 0x39, 0x7B, 0x1A, 0x79, 0xEB, 0x12, 0xC2, 0xA8, 0xB3, 0xFB, 0x21, 0x50, 0x0F,
    0xE9, 0x5C, 0x27, 0x5D, 0x5A, 0xCD, 0x1B, 0xEC, 0x71, 0xFE, 0x33, 0x19, 0x42, 0x69, 0xC7, 0xB2,
    0x66, 0x17, 0xB9, 0xD2, 0x77, 0x9A, 0x2B, 0x6D, 0x2C, 0x18, 0xB7, 0x3D, 0x16, 0xA1, 0xB5, 0xF8,
    0x53, 0xBE, 0x93, 0x28, 0x2C, 0x9B, 0xD3, 0x2A, 0xFD, 0x56, 0xC5, 0xED, 0xA9, 0x14, 0x7A, 0xD5,
    0xCE, 0xDC, 0x67, 0x66, 0xDD, 0x97, 0x38, 0x32, 0xC1, 0xDF, 0xB4, 0x70, 0xDB, 0x3E, 0x09, 0xA6,
    0xE7, 0x6D, 0x5A, 0x68, 0x0D, 0x4B, 0x99, 0x98, 0xFF, 0x9B, 0x33, 0x01, 0x2D, 0xFF, 0xDD, 0xCF,
    0x22, 0x6F, 0xB3, 0xFC, 0xBF, 0xB6, 0x54, 0xDB, 0xBF, 0x6C, 0xB8, 0xC4, 0xBA, 0xDF, 0xA5, 0xCE,
    0xFB, 0xCE, 0xE2, 0x19, 0x92, 0x7D, 0xB3, 0x52, 0x47, 0x2B, 0x7E, 0xCE, 0xF3, 0xA8, 0x58, 0x65,
    0xEC, 0xBC, 0x91, 0xA3, 0x85, 0x66, 0x4B, 0x5D, 0xDC, 0xB3, 0x68, 0xB3, 0x4C, 0x2D, 0x0F, 0x7A,
    0x3A, 0x7A, 0xEA, 0xEE, 0xB4, 0xA3, 0x28, 0xC2, 0x7D, 0xD4, 0xD4, 0x50, 0x4B, 0xCB, 0x4A, 0x5C,
    0x26, 0x96, 0xCB, 0x09, 0x87, 0xB2, 0x05, 0xCC, 0x5C, 0xA7, 0x16, 0x4B, 0xE6, 0xDC, 0x77, 0xCC,
    0x3A, 0x1A, 0x77, 0xB9, 0xE0, 0xFA, 0x9D, 0x06, 0x6A, 0x9C, 0x8B, 0x1E, 0x39, 0xD7, 0x0E, 0xD7,
    0xFD, 0x74, 0xE6, 0xDC, 0xF9, 0xEC, 0xF9, 0xA3, 0x8D, 0x45, 0xD7, 0x54, 0x74, 0xD0, 0xAD, 0x28,
    0x12, 0xEF, 0x65, 0x45, 0xD3, 0x74, 0x58, 0xF3, 0xB3, 0xE2, 0x67, 0xBD, 0xCF, 0x6A, 0x9F, 0xB5,
    0x3E, 0x2B, 0x7D, 0xD6, 0xF9, 0xAC, 0xF2, 0x59, 0xE3, 0xB3, 0xC2, 0x67, 0x7D, 0x4F, 0x0F, 0xCF,
    0xDA, 0x9E, 0x95, 0x7D, 0xE3, 0xEC, 0xB1, 0x0A, 0xF4, 0x48, 0xD3, 0x9B, 0x6A, 0xBE, 0xBB, 0x73,
    0x52, 0xB1, 0x43, 0x09, 0xA8, 0xD6, 0x6B, 0x26, 0x25, 0xB5, 0xB6, 0xE6, 0xC5, 0xE6, 0xC0, 0xF9,
    0x9A, 0xB0, 0x3C, 0x60, 0xC5, 0xC2, 0x80, 0xFB, 0xEE, 0x07, 0x24, 0x37, 0xE7, 0x59, 0xD9, 0xE9,
    0xD4, 0x2C, 0x7D, 0x55, 0x6A, 0x16, 0x2F, 0x52, 0xB3, 0xDE, 0x22, 0x35, 0x3B, 0x5C, 0xA4, 0x66,
    0x72, 0x85, 0x4E, 0xD5, 0x2B, 0x79, 0xCB, 0xFF, 0x9C, 0x4D, 0xCD, 0xE9, 0xFC, 0xA9, 0x59, 0xA7,
    0x3F, 0x3D, 0xCB, 0x25, 0xBF, 0xCE, 0x8A, 0x97, 0x7C, 0xD2, 0x5B, 0x4D, 0xD3, 0x64, 0x4D, 0x4F,
    0x01, 0xA4, 0xCB, 0x66, 0x44, 0x4F, 0x46, 0xBF, 0x5C, 0x6D, 0xC2, 0x26, 0x57, 0x9F, 0x63, 0xEF,
    0x53, 0x0B, 0xDE, 0x52, 0x5E, 0xB4, 0x46, 0x21, 0x31, 0xB7, 0xEC, 0x6C, 0x1E, 0x11, 0xBD, 0x19,
    0xB4, 0x1F, 0x30, 0x6B, 0x8B, 0xBF, 0x40, 0x44, 0xEC, 0x33, 0x22, 0x8E, 0x10, 0x11, 0xFD, 0x0A,
    0xC1, 0x30, 0x2C, 0x40, 0x62, 0x83, 0x88, 0xD8, 0x67, 0x44, 0xE4, 0x42, 0xC5, 0x15, 0x3C, 0x59,
    0xA4, 0xEF, 0x32, 0x22, 0xEE, 0x31, 0xC2, 0xBA, 0xF4, 0x88, 0x82, 0xA8, 0xEC, 0xB8, 0x53, 0xF4,
    0xCE, 0x89, 0x54, 0x6F, 0xF2, 0x45, 0x97, 0xF4, 0xB5, 0xD4, 0x9E, 0x0C, 0x82, 0xEF, 0x65, 0x14,
    0xFF, 0xC2, 0x1C, 0xED, 0x22, 0x0A, 0x1E, 0xC5, 0xE6, 0xB0, 0x4A, 0x24, 0x2B, 0x32, 0xB8, 0xEC,
    0x31, 0x82, 0x4E, 0x2D, 0xBF, 0x41, 0xD4, 0xE4, 0x2A, 0x79, 0x05, 0xF8, 0x79, 0x3C, 0x2E, 0x93,
    0x47, 0x9C, 0xD0, 0x3E, 0xF9, 0xAE, 0xAF, 0x5F, 0x7A, 0x59, 0x70, 0x63, 0x5B, 0x06, 0xFB, 0xB2,
    0x77, 0x4D, 0xA2, 0x9F, 0x1B, 0xDF, 0xBF, 0x60, 0x4D, 0xA0, 0x7B, 0x23, 0x69, 0xE7, 0xC7, 0x55,
    0x1F, 0xBC, 0x7B, 0xE9, 0x70, 0xE5, 0x98, 0x2B, 0x18, 0xDD, 0xCE, 0x63, 0xFF, 0x62, 0xB5, 0xD7,
    0x4F, 0x36, 0x89, 0x31, 0x8E, 0x25, 0xFC, 0xAC, 0xF0, 0x6F, 0x75, 0x86, 0x02, 0x29, 0x96, 0x81,
    0x4C, 0x96, 0x1B, 0x4C, 0x0C, 0xED, 0xD4, 0x8F, 0xFA, 0xFB, 0x31, 0xDA, 0xE6, 0xA6, 0xEC, 0xEE,
    0x91, 0x0F, 0xD2, 0x5C, 0xEF, 0xD3, 0x7C, 0x91, 0xFA, 0x44, 0xB6, 0xEA, 0xDD, 0x42, 0x5E, 0x49,
    0x1F, 0x3E, 0x2F, 0x5C, 0xE9, 0xE2, 0xFA, 0x8C, 0x35, 0x1B, 0x91, 0x45, 0xD4, 0xFB, 0x06, 0x56,
    0xEE, 0xC0, 0xBF, 0x17, 0xBC, 0x3E, 0x00, 0xD8, 0xA4, 0x67, 0x0B, 0x24, 0xEC, 0x81, 0x29, 0x2F,
    0x24, 0xFD, 0x93, 0x1B, 0x72, 0x30, 0x90, 0x5D, 0x55, 0xC2, 0x62, 0xA5, 0xA5, 0xB9, 0x70, 0x9B,
    0x6B, 0xC0, 0x50, 0x03, 0xF9, 0x7C, 0xCB, 0xA5, 0xE7, 0x6A, 0x49, 0x91, 0x55, 0x8F, 0x0E, 0xA6,
    0x37, 0xCF, 0x77, 0x4A, 0x18, 0x4E, 0x93, 0x76, 0x7F, 0xD7, 0xD5, 0xF5, 0x2F, 0x39, 0x23, 0xCC,
    0xE9, 0xA6, 0x99, 0x30, 0x72, 0x7E, 0xA8, 0x08, 0x98, 0x49, 0xAC, 0x5F, 0xB9, 0xF4, 0x33, 0xC2,
    0x4D, 0x78, 0xA0, 0x6B, 0x90, 0x85, 0x8D, 0xA3, 0x35, 0x8F, 0xE4, 0xF9, 0x1B, 0x9D, 0x11, 0xBA,
    0x98, 0x13, 0x1F, 0xCF, 0x0F, 0x3C, 0xAF, 0x47, 0x97, 0x3E, 0x05, 0x64, 0xC5, 0x34, 0x26, 0x09,
    0xFE, 0x32, 0x95, 0x20, 0x9F, 0xBE, 0x11, 0xFC, 0x8F, 0x6F, 0x20, 0xDA, 0xA2, 0x5C, 0x80, 0x81,
    0xD1, 0xC2, 0x96, 0x4C, 0x8C, 0x09, 0x45, 0xAE, 0x79, 0x44, 0xE3, 0x1D, 0xCF, 0xCB, 0xB9, 0xAE,
    0xF7, 0xF0, 0xDB, 0x58, 0xEF, 0x31, 0xD0, 0x68, 0x59, 0xA8, 0x09, 0x23, 0x3F, 0x87, 0xDD, 0xB3,
    0xCC, 0x31, 0xA2, 0x62, 0x67, 0x87, 0x3E, 0x11, 0x9A, 0xE1, 0x21, 0xF5, 0x87, 0x5D, 0xBE, 0xB0,
    0x66, 0x8B, 0xD8, 0x32, 0x9F, 0x7D, 0x79, 0xC3, 0xC6, 0x43, 0xCC, 0x02, 0xAE, 0xDB, 0x46, 0x16,
    0x7B, 0x6F, 0x45, 0xB8, 0xA2, 0x32, 0xAB, 0x0F, 0xF6, 0x1F, 0x5E, 0xD7, 0x14, 0xA3, 0xB5, 0x6D,
    0x2D, 0x67, 0x7D, 0xAE, 0xC2, 0x93, 0x27, 0xD0, 0x4A, 0xF4, 0x39, 0x1C, 0xDE, 0x5F, 0xCB, 0xE7,
    0x8C, 0x65, 0x15, 0x87, 0x6F, 0xD8, 0x94, 0xE9, 0xEE, 0x69, 0xB7, 0x74, 0xDE, 0x83, 0xC1, 0xCC,
    0x68, 0x05, 0xEE, 0xC3, 0x0A, 0xFC, 0xE2, 0xE1, 0x6A, 0x0F, 0x05, 0xEF, 0x23, 0x65, 0x80, 0xB7,
    0x2A, 0x16, 0xDE, 0xEA, 0x9C, 0xA0, 0xE0, 0xB0, 0x98, 0x9D, 0x23, 0x4E, 0x6E, 0x6A, 0xAE, 0xDD,
    0xD3, 0x6A, 0xC8, 0xC5, 0x13, 0x8F, 0xA6, 0x9B, 0x30, 0x3F, 0x6F, 0x9D, 0x0D, 0x6B, 0x99, 0xC8,
    0x8A, 0x2F, 0x31, 0x3F, 0x5D, 0x54, 0x7A, 0x9D, 0x39, 0xF3, 0xC5, 0x2E, 0x0F, 0x8D, 0x66, 0xAC,
    0x9C, 0xC7, 0x9E, 0xB8, 0x33, 0xC6, 0xEC, 0x81, 0x44, 0xD8, 0x6D, 0x43, 0xC3, 0x82, 0x2F, 0x28,
    0xEE, 0xF0, 0xFF, 0x39, 0xE6, 0xEE, 0x53, 0xE7, 0x6D, 0xC8, 0x1F, 0x5C, 0x27, 0xD8, 0x2B, 0xEC,
    0xFA, 0xCF, 0xA1, 0xD7, 0xED, 0xF3, 0x6C, 0x88, 0xB5, 0xD4, 0x18, 0x1B, 0x5B, 0x93, 0x06, 0xD7,
    0x78, 0x7E, 0x64, 0x4F, 0x2E, 0x97, 0x1B, 0x83, 0x9E, 0x87, 0xD8, 0x66, 0xD6, 0xF4, 0x9F, 0x51,
    0x88, 0x6E, 0xF1, 0x94, 0x93, 0xE4, 0x91, 0xD0, 0x10, 0xF9, 0xDB, 0x0E, 0x8F, 0x4A, 0xBB, 0xBA,
    0x63, 0x7E, 0x6C, 0xE4, 0xA6, 0xC9, 0xDA, 0x3C, 0x17, 0x3D, 0x70, 0x0F, 0x1B, 0x27, 0x53, 0x6B,
    0xBD, 0xDE, 0x52, 0xEF, 0xEA, 0xE7, 0xAD, 0x1A, 0xBC, 0x50, 0xF9, 0x7D, 0x03, 0xE3, 0x6D, 0x30,
    0x5B, 0xF3, 0x3E, 0x2A, 0x3D, 0xC6, 0x63, 0xA5, 0x3D, 0x13, 0xB6, 0xBA, 0x71, 0x78, 0xE2, 0x32,
    0x65, 0xB1, 0x8D, 0x3C, 0x0B, 0x5F, 0x90, 0x4B, 0x4D, 0xCC, 0xA4, 0x95, 0xC7, 0xAE, 0x5A, 0xF7,
    0xA6, 0x58, 0x94, 0x5F, 0x77, 0x45, 0xD1, 0x95, 0xE5, 0x13, 0x1F, 0xFE, 0xF7, 0xF3, 0xEC, 0xCE,
    0x82, 0x84, 0xFD, 0x65, 0xCF, 0xB0, 0x9F, 0xE7, 0xC4, 0xA7, 0x6F, 0xF3, 0xCC, 0xD6, 0x7D, 0x0F,
    0x01, 0x70, 0x90, 0xAA, 0x25, 0xA5, 0xD2, 0x7F, 0xB1, 0xFD, 0x17, 0x15, 0x8E, 0x31, 0x0A, 0xC2,
    0x30, 0x18, 0x85, 0x5F, 0x5B, 0x42, 0xC0, 0x40, 0xB3, 0x28, 0x4E, 0xDA, 0x55, 0xA4, 0xD5, 0xC5,
    0xA1, 0x43, 0x34, 0xD9, 0x5C, 0x7B, 0x03, 0x2F, 0x21, 0x52, 0x5C, 0xF4, 0x28, 0x9D, 0x9D, 0x72,
    0x00, 0xA1, 0x3F, 0x78, 0x81, 0xE2, 0x09, 0x72, 0x88, 0x0E, 0x1D, 0x6A, 0x6B, 0xFA, 0xDE, 0xF6,
    0xF8, 0xF8, 0x78, 0xC0, 0x09, 0xD2, 0x70, 0x0A, 0x1A, 0x20, 0x72, 0xE2, 0x99, 0x20, 0x87, 0x4F,
    0xD8, 0x81, 0xFF, 0x20, 0xA5, 0xC9, 0x43, 0x62, 0x30, 0xFA, 0x4B, 0xB7, 0xD1, 0x54, 0x3B, 0xD4,
    0x43, 0x3D, 0x14, 0xCC, 0xC6, 0xBA, 0x17, 0x6E, 0xAE, 0x94, 0x27, 0xCB, 0xAC, 0xCC, 0x00, 0x06,
    0x4D, 0xD6, 0x55, 0xF6, 0xDE, 0x24, 0xC6, 0x8F, 0xFC, 0xE3, 0xE4, 0x99, 0xD6, 0x12, 0x87, 0xCD,
    0x64, 0x53, 0x9C, 0xE4, 0x05, 0x51, 0x8F, 0xA0, 0x85, 0x68, 0x74, 0x5B, 0x2A, 0x9B, 0xC6, 0xAB,
    0xA3, 0x7A, 0x77, 0xC5, 0x22, 0x53, 0xD7, 0x62, 0x86, 0x18, 0xD3, 0x85, 0x25, 0x3D, 0x4C, 0x00,
    0x81, 0x14, 0xCA, 0x77, 0x4F, 0xCC, 0xBB, 0xF4, 0xB8, 0x7D, 0xFD, 0x01, 0xC5, 0x5B, 0xBF, 0x93,
    0xE4, 0xD6, 0x71, 0x6E, 0x00, 0xAA, 0x83, 0x58, 0x20, 0x89, 0x0B, 0x18, 0xC8, 0xB5, 0xF4, 0x41,
    0x81, 0x02, 0xBA, 0xEA, 0x76, 0xE1, 0xE0, 0x02, 0xA9, 0x6A, 0x30, 0x03, 0x52, 0x81, 0x03, 0x06,
    0xE4, 0x5F, 0x20, 0x29, 0x70, 0xE8, 0xAA, 0x63, 0x78, 0xAA, 0xC2, 0xDE, 0x82, 0xE5, 0xC0, 0x81,
    0x03, 0xDD, 0x9F, 0xA0, 0xBF, 0x40, 0xBE, 0x60, 0x83, 0x91, 0x6B, 0x96, 0x00, 0xC9, 0xC0, 0xA1,
    0x60, 0x2A, 0x50, 0x28, 0x50, 0xBA, 0x2A, 0x85, 0x07, 0x16, 0x61, 0x12, 0xC7, 0x9B, 0x99, 0xE7,
    0xEF, 0xEB, 0x87, 0xF9, 0xB9, 0xBB, 0xB7, 0xB3, 0xBB, 0x43, 0x7B, 0xF6, 0x75, 0xCF, 0xE0, 0xD7,
    0xC3, 0xFB, 0xD1, 0xAF, 0xFB, 0xEB, 0xEE, 0xB7, 0x4E, 0x29, 0x6E, 0x2D, 0x72, 0x2A, 0x92, 0x88,
    0xFC, 0x50, 0xEC, 0xC7, 0x98, 0x0E, 0xA5, 0x13, 0x59, 0x2F, 0xC6, 0x34, 0x28, 0x5B, 0x27, 0xF5,
    0xFC, 0x0C, 0x25, 0xF4, 0xF3, 0xE8, 0xFD, 0x12, 0xFC, 0xC6, 0x35, 0x14, 0xB8, 0x26, 0xCA, 0x24,
    0x66, 0x15, 0xDB, 0xAC, 0x78, 0x06, 0x66, 0x0C, 0x0F, 0xE3, 0x12, 0xCC, 0xAF, 0xC0, 0xBC, 0x1A,
    0xCC, 0x6D, 0xF8, 0xAB, 0x59, 0x1C, 0x86, 0xB8, 0xEA, 0x9A, 0x14, 0xEC, 0x85, 0xC8, 0x6B, 0x22,
    0x91, 0x48, 0x26, 0x82, 0x6A, 0xF3, 0x65, 0xF7, 0x5A, 0x94, 0xF3, 0xED, 0x78, 0x45, 0x91, 0x68,
    0x9E, 0x3A, 0xC6, 0xD4, 0x7E, 0xEB, 0x3C, 0x89, 0x50, 0xCF, 0x48, 0x74, 0xC0, 0x58, 0xB1, 0x9C,
    0x98, 0x0E, 0xED, 0xEE, 0xF4, 0xF7, 0x31, 0x68, 0x28, 0xF6, 0x7A, 0x54, 0x8A, 0x04, 0xB8, 0x9F,
    0xCF, 0xE9, 0xF3, 0xE8, 0x41, 0x60, 0xE6, 0x12, 0xE5, 0x3F, 0xD2, 0x2E, 0x91, 0x58, 0x57, 0x80,
    0xA6, 0x39, 0x73, 0x1E, 0x54, 0x22, 0xEE, 0x94, 0x35, 0xF2, 0x20, 0x15, 0x09, 0x73, 0x7E, 0xFF,
    0x03, 0x8E, 0x47, 0x66, 0x26, 0x77, 0x50, 0x4D, 0xB7, 0xFD, 0x19, 0xDC, 0x93, 0xE3, 0x58, 0xC0,
    0xED, 0x07, 0x03, 0x70, 0xDD, 0x22, 0xD2, 0xEE, 0x54, 0x9C, 0xE6, 0x81, 0xDF, 0x14, 0xA6, 0x3C,
    0x40, 0x53, 0x23, 0xC3, 0xF6, 0x2E, 0xBF, 0xB4, 0xCB, 0x17, 0x7F, 0xC5, 0x68, 0xFA, 0x13, 0xFB,
    0x35, 0x13, 0x39, 0xC2, 0xC9, 0x93, 0x14, 0x6C, 0xC8, 0x59, 0x4A, 0xF0, 0x15, 0x94, 0x18, 0xB7,
    0xA1, 0xF8, 0x25, 0x46, 0x99, 0x47, 0x98, 0x4B, 0x5E, 0x0B, 0x6A, 0xBD, 0xB3, 0xC8, 0xF5, 0xB9,
    0x63, 0xCE, 0xFC, 0x93, 0xBE, 0x8B, 0xB8, 0x11, 0x77, 0x5F, 0xC1, 0x0D, 0x3E, 0x2F, 0x94, 0x9B,
    0x92, 0x67, 0x0E, 0x1A, 0x72, 0xA7, 0xD5, 0xAB, 0xDD, 0x36, 0xB7, 0xE7, 0xF5, 0x1E, 0x63, 0xF2,
    0x4E, 0x5C, 0x9D, 0xD1, 0x5D, 0xC4, 0x71, 0xAE, 0xE2, 0x98, 0xF6, 0x52, 0xC7, 0xDE, 0xC4, 0xAC,
    0xF5, 0x52, 0xE6, 0x62, 0x56, 0x83, 0x5C, 0x65, 0x52, 0x06, 0xA0, 0x7F, 0x14, 0x59, 0x75, 0x2B,
    0x4E, 0x3B, 0x39, 0x93, 0xCE, 0x6D, 0xA5, 0x0B, 0x2A, 0xE9, 0x50, 0x6D, 0x77, 0x26, 0xF2, 0x1D,
    0x46, 0xDF, 0x40, 0x32, 0x0C, 0xBE, 0xBF, 0xC3, 0x18, 0x76, 0x18, 0xC0, 0x0E, 0xA2, 0xD2, 0x79,
    0xB8, 0x4F, 0xA6, 0xA0, 0x11, 0x28, 0x42, 0xB3, 0xF1, 0xD0, 0x47, 0xBD, 0x4C, 0x1E, 0x81, 0x02,
    0xBC, 0x8B, 0xEF, 0x5B, 0xD6, 0xEF, 0xA0, 0x83, 0x1E, 0x28, 0x04, 0x8D, 0x40, 0x67, 0x4D, 0xE7,
    0x7C, 0xD5, 0x74, 0xDE, 0x7F, 0x37, 0x5D, 0xF8, 0x71, 0xD3, 0xC5, 0xB8, 0x9E, 0x81, 0x3A, 0xA7,
    0x79, 0xD9, 0x38, 0x8D, 0x29, 0x41, 0x29, 0x08, 0xCF, 0x4D, 0x41, 0x94, 0x00, 0x69, 0x0E, 0x45,
    0xC6, 0x68, 0xF8, 0x08, 0x8D, 0x89, 0xEA, 0x65, 0xDD, 0x89, 0x38, 0x2D, 0xD7, 0x61, 0x94, 0x7A,
    0x75, 0x58, 0xFA, 0xA5, 0x5F, 0x05, 0xA5, 0xD7, 0x84, 0xA9, 0xD3, 0xA2, 0xA3, 0x13, 0x08, 0x42,
    0x82, 0x67, 0xE2, 0x09, 0x24, 0x1A, 0xCF, 0xF9, 0x18, 0x52, 0x0F, 0x1D, 0xC2, 0x60, 0xE9, 0xD0,
    0xA1, 0x4F, 0x71, 0xCD, 0xF6, 0x79, 0xD5, 0x4D, 0x09, 0xD3, 0xAC, 0xA4, 0xE3, 0xBA, 0x4D, 0x2A,
    0xE3, 0x5C, 0x64, 0x12, 0x72, 0x25, 0xB3, 0x19, 0x92, 0x50, 0x38, 0x33, 0xCE, 0x64, 0x17, 0x62,
    0x88, 0x1A, 0xAC, 0x34, 0xB7, 0xC1, 0xFC, 0x78, 0x15, 0xEE, 0xF6, 0x29, 0x85, 0x01, 0x54, 0x84,
    0x84, 0x50, 0x62, 0xAC, 0x63, 0x42, 0x61, 0x4E, 0xB8, 0xE2, 0x47, 0xF8, 0x8D, 0x33, 0xC6, 0x4C,
    0x95, 0x3A, 0x91, 0x0D, 0x82, 0xF8, 0x50, 0xF7, 0x49, 0x87, 0x05, 0x8D, 0x09, 0x05, 0x85, 0xE9,
    0x8A, 0x62, 0x3D, 0x6F, 0x54, 0xBA, 0x72, 0x25, 0x7B, 0xEF, 0xAC, 0x9F, 0xC4, 0x58, 0x17, 0x41,
    0xE7, 0x4C, 0xA8, 0x2A, 0xFB, 0xFA, 0x4F, 0x58, 0x47, 0xBE, 0x41, 0x4E, 0xA1, 0xD7, 0x0A, 0x2C,
    0x89, 0x1B, 0xA9, 0x32, 0xAE, 0x44, 0xCB, 0xD8, 0xA3, 0x15, 0x8B, 0xC9, 0x8E, 0xC8, 0x86, 0x64,
    0xC9, 0x92, 0x65, 0x64, 0x13, 0xB2, 0x16, 0x0C, 0x83, 0x93, 0x50, 0xFB, 0x26, 0x5C, 0x1E, 0xA6,
    0x56, 0x36, 0x86, 0xA8, 0x5D, 0xC8, 0x6E, 0x60, 0x08, 0xB0, 0x96, 0xD2, 0xA0, 0x0C, 0xCA, 0x30,
    0x85, 0x38, 0x41, 0x88, 0xB0, 0xFA, 0xA7, 0xE1, 0xBB, 0xB8, 0x3C, 0x0A, 0x7F, 0x8E, 0xA9, 0x0C,
    0x7F, 0xF3, 0x01, 0x16, 0x90, 0xF7, 0xBC, 0x40, 0x57, 0x1C, 0x43, 0x75, 0xE9, 0xFD, 0xE1, 0x97,
    0x9C, 0xDC, 0x0F, 0xDE, 0x87, 0x40, 0x25, 0x7A, 0x0F, 0x26, 0xB5, 0x45, 0x3B, 0xC3, 0x34, 0x43,
    0x43, 0xC3, 0x74, 0x84, 0x51, 0x0B, 0xD3, 0x30, 0xB7, 0x35, 0x43, 0xBF, 0x40, 0x4C, 0xEF, 0x60,
    0xF4, 0x22, 0x3C, 0xFE, 0x86, 0x14, 0x0B, 0x5D, 0x6C, 0xBF, 0x31, 0x1B, 0x0E, 0x46, 0xDF, 0x31,
    0x5D, 0xAF, 0x89, 0xA9, 0x85, 0x29, 0xAB, 0xA4, 0xB0, 0xFC, 0x19, 0xD4, 0xD2, 0x08, 0xEB, 0x5E,
    0xB5, 0xF1, 0x1E, 0x96, 0x94, 0x5B, 0xFD, 0x14, 0x1C, 0xF6, 0xB7, 0xA0, 0xA6, 0xC9, 0xF7, 0xBA,
    0x5C, 0xF7, 0xA2, 0x52, 0xA8, 0xE4, 0x95, 0x20, 0x15, 0xEB, 0x14, 0xF7, 0x74, 0xA4, 0xEA, 0x7C,
    0xA8, 0xDA, 0x9C, 0xAA, 0x1C, 0x22, 0x4C, 0x25, 0x7E, 0x50, 0xC9, 0x10, 0xEA, 0x7B, 0xF8, 0x6B,
    0x48, 0x13, 0x96, 0x18, 0x26, 0x03, 0xAB, 0xAB, 0xC1, 0x4B, 0x82, 0xE6, 0xDE, 0x53, 0x79, 0xA3,
    0x39, 0x7A, 0x20, 0xF7, 0x9B, 0xA3, 0x77, 0xE4, 0xC1, 0xE9, 0xE1, 0xDB, 0xF2, 0xD1, 0x69, 0xF2,
    0xA6, 0xD4, 0xE3, 0x24, 0x90, 0x6A, 0x9C, 0x78, 0xEF, 0x95, 0x60, 0x9F, 0xE7, 0xE3, 0xC4, 0xF9,
    0x93, 0x64, 0x03, 0x79, 0x4E, 0x76, 0x46, 0x96, 0x49, 0x46, 0xE5, 0x66, 0xD9, 0x2E, 0xFA, 0xE0,
    0x2A, 0xBD, 0x21, 0x34, 0x66, 0x6A, 0x9F, 0xFD, 0xF6, 0xCE, 0x94, 0x3A, 0xFC, 0x31, 0x45, 0x80,
    0xDD, 0xC2, 0xB4, 0x67, 0x9C, 0xEF, 0x8C, 0x13, 0x3F, 0x21, 0xCB, 0x7A, 0x16, 0x96, 0x7A, 0x55,
    0xEF, 0xD3, 0x27, 0xF4, 0x59, 0xAD, 0x45, 0xEB, 0xDB, 0xF5, 0xE5, 0xAF, 0xA2, 0x62, 0x9E, 0x72,
    0x6D, 0xAF, 0xE9, 0x86, 0xA8, 0xD7, 0x25, 0x91, 0x3D, 0xC6, 0x79, 0xEA, 0x0E, 0x83, 0xFB, 0xB6,
    0x75, 0xD0, 0x82, 0xD0, 0x98, 0x05, 0x66, 0xA9, 0xC2, 0xD2, 0xCA, 0xF8, 0xB0, 0xC7, 0x28, 0x1C,
    0xC1, 0x49, 0xFF, 0x9D, 0xAD, 0x63, 0x96, 0x7C, 0x13, 0xB3, 0x14, 0x76, 0x81, 0xD7, 0x42, 0x2D,
    0x79, 0x43, 0xDA, 0x87, 0x71, 0xB0, 0xAD, 0x54, 0x76, 0x60, 0x9E, 0xC1, 0x40, 0x1B, 0x93, 0x06,
    0xCF, 0xB2, 0xA8, 0x8A, 0xD3, 0xCC, 0x6B, 0x28, 0x78, 0x1D, 0x84, 0x43, 0x26, 0x13, 0xCA, 0xC8,
    0xC4, 0x0A, 0x4A, 0xC6, 0xCA, 0x33, 0x0A, 0x3D, 0x6E, 0x09, 0x79, 0xB3, 0x3E, 0x06, 0xAB, 0xFD,
    0x6C, 0xAD, 0xBE, 0x91, 0x38, 0x5D, 0x98, 0x7B, 0x8D, 0x6D, 0x15, 0x50, 0x57, 0x87, 0x71, 0x38,
    0x46, 0x6B, 0x62, 0xB4, 0x26, 0xC4, 0xAB, 0xB1, 0x04, 0x24, 0x42, 0xAB, 0x86, 0x50, 0x35, 0xD3,
    0xA1, 0xF6, 0x83, 0xF7, 0x86, 0xA5, 0x57, 0xC7, 0xE8, 0x19, 0xDA, 0x3F, 0xBD, 0xA5, 0xE9, 0x9A,
    0x93, 0xFA, 0x49, 0xD8, 0xA0, 0x09, 0xC4, 0x6C, 0x9B, 0xB2, 0x9E, 0x12, 0xD0, 0x08, 0x3A, 0x0D,
    0x26, 0x2A, 0x77, 0x69, 0x76, 0x54, 0x4F, 0x9D, 0x27, 0x5A, 0x14, 0xCA, 0xCD, 0xFE, 0xB9, 0xA2,
    0xAB, 0x9E, 0x7F, 0xCF, 0x6F, 0xE9, 0x2C, 0x57, 0xC5, 0x38, 0xBE, 0x8C, 0x17, 0x90, 0x15, 0x51,
    0xA6, 0xD0, 0x7C, 0x9B, 0x29, 0x0E, 0x55, 0x14, 0x9A, 0x10, 0x83, 0x26, 0x16, 0x81, 0xFA, 0x9B,
    0x4C, 0xCF, 0xE1, 0xAA, 0xDE, 0x47, 0xCC, 0xD9, 0x89, 0xCE, 0xD3, 0x25, 0x0C, 0xCB, 0x8F, 0x33,
    0xD8, 0xE2, 0xD0, 0x99, 0xF1, 0xDC, 0x88, 0x2C, 0xDA, 0x64, 0xA3, 0xFE, 0xAA, 0xDE, 0x57, 0xF0,
    0x89, 0xCB, 0x56, 0xAC, 0x99, 0xEF, 0x88, 0x1E, 0x70, 0x5F, 0x80, 0xC6, 0x8D, 0xF0, 0xFB, 0x27,
    0x6A, 0xBF, 0x38, 0xD7, 0x30, 0xC9, 0x8A, 0x75, 0xDC, 0xA6, 0x87, 0x0F, 0x8D, 0xFE, 0xA6, 0x67,
    0xA4, 0xE7, 0x55, 0x90, 0xF3, 0x07, 0x40, 0x0F, 0x23, 0xD8, 0xBD, 0x03, 0xED, 0x9C, 0xAB, 0x3C,
    0x52, 0xA4, 0x51, 0xA4, 0xC0, 0x1A, 0x0E, 0xDE, 0x55, 0x76, 0x78, 0x04, 0xAD, 0xC4, 0x3A, 0x74,
    0x9B, 0x0E, 0xE3, 0x02, 0xAB, 0x62, 0x96, 0xBC, 0xB5, 0x67, 0x7A, 0x6E, 0xEF, 0xE1, 0xFD, 0x75,
    0x27, 0xFA, 0x2C, 0x86, 0xEF, 0x24, 0x5D, 0xD4, 0xE9, 0x28, 0xF8, 0x37, 0x5C, 0x79, 0x75, 0xF0,
    0xCC, 0xAD, 0xC3, 0xDC, 0xAD, 0x23, 0xE9, 0x29, 0xC5, 0x71, 0xED, 0xD6, 0x1E, 0xF5, 0xCB, 0x09,
    0x68, 0x02, 0x4F, 0xB4, 0xC5, 0x71, 0xE3, 0xD6, 0x80, 0x60, 0xCB, 0x7B, 0xB1, 0xE6, 0xEA, 0x03,
    0xDA, 0xA0, 0xF2, 0x07, 0xD0, 0x0E, 0x00, 0xA1, 0xD2, 0xF8, 0xA6, 0x19, 0x99, 0xE6, 0x4C, 0x60,
    0xE1, 0x58, 0xF0, 0x03, 0x87, 0x01, 0xAA, 0x70, 0x7E, 0x07, 0x9B, 0x3D, 0x17, 0x77, 0xFE, 0xA1,
    0x76, 0x37, 0xEC, 0xA1, 0x70, 0x72, 0x52, 0x69, 0xA7, 0x4F, 0xD2, 0x4F, 0xB0, 0xE6, 0x63, 0x10,
    0xA1, 0xC1, 0x72, 0x31, 0xA5, 0x98, 0x78, 0x80, 0x84, 0x18, 0xC3, 0x73, 0x06, 0x17, 0x00, 0xCD,
    0x2E, 0x9E, 0x60, 0x90, 0x31, 0x84, 0x55, 0xEB, 0xC2, 0x92, 0x36, 0x2D, 0x81, 0x4C, 0x89, 0x76,
    0xB6, 0x6E, 0xDB, 0xCA, 0x98, 0xC5, 0x6D, 0xA9, 0x1A, 0xE7, 0x90, 0x4F, 0xDC, 0x76, 0xB5, 0xFF,
    0x04, 0xAC, 0x54, 0x0A, 0xC7, 0xAF, 0x0D, 0x56, 0xD4, 0x04, 0x30, 0xDA, 0xF0, 0x79, 0x6A, 0xA8,
    0x1E, 0xA8, 0x14, 0x9F, 0xA0, 0x27, 0x0F, 0x4A, 0x28, 0xDC, 0x8E, 0x04, 0xB9, 0x1E, 0xAF, 0x93,
    0x53, 0xE4, 0x81, 0x69, 0xE2, 0x77, 0xA7, 0x00, 0x65, 0x80, 0x64, 0x85, 0x99, 0xA3, 0x4C, 0x54,
    0x8B, 0x0D, 0x89, 0x1D, 0xDE, 0x0A, 0x0C, 0xB0, 0xE1, 0xB3, 0x58, 0xC6, 0x1E, 0x6A, 0x1C, 0x63,
    0xFC, 0x9A, 0x31, 0x2E, 0x4C, 0xC6, 0xB8, 0x67, 0xF8, 0x9F, 0x18, 0xB7, 0x10, 0xEF, 0x97, 0xC3,
    0xDF, 0x37, 0xAC, 0x6F, 0x8C, 0x91, 0x1C, 0xD3, 0xF1, 0x1A, 0x03, 0x19, 0xA5, 0x63, 0xBF, 0xE4,
    0x63, 0x4D, 0x86, 0xC5, 0xD4, 0x42, 0xE9, 0x9E, 0x98, 0xF2, 0x2E, 0x06, 0x50, 0xC1, 0x70, 0x00,
    0x55, 0x0B, 0xFD, 0xE2, 0xD7, 0x1C, 0x7B, 0xA7, 0xF9, 0x50, 0xBD, 0xC0, 0x87, 0x73, 0xF4, 0x6A,
    0xD2, 0x3A, 0xD3, 0xD6, 0x9B, 0xB6, 0xE1, 0xA4, 0x3D, 0xCA, 0xDA, 0x2C, 0x6B, 0x9B, 0xEC, 0x9B,
    0x3A, 0xFB, 0xB6, 0xCC, 0x8C, 0x64, 0x73, 0xC9, 0xA6, 0x92, 0xB5, 0x92, 0xBD, 0xE9, 0x96, 0xE1,
    0x3F, 0x95, 0x3E, 0xB0, 0xC9, 0xAC, 0x87, 0x36, 0x3B, 0x3E, 0xC8, 0xA1, 0xF7, 0xCB, 0x36, 0x4A,
    0xDB, 0x63, 0xF9, 0x9F, 0x56, 0x5E, 0xD6, 0x82, 0xE6, 0x7F, 0xD3, 0x4A, 0x7B, 0x86, 0x26, 0xA6,
    0x18, 0xBF, 0xD6, 0x6B, 0x88, 0x57, 0x38, 0xB2, 0x24, 0xF4, 0x41, 0xDA, 0x35, 0x02, 0x9E, 0x77,
    0x1A, 0x62, 0x79, 0x9A, 0x1C, 0xBF, 0x8C, 0x30, 0xBE, 0x05, 0xBA, 0xF3, 0x08, 0x04, 0xC3, 0xD3,
    0xC5, 0xB9, 0x33, 0x3D, 0x2A, 0xBD, 0xC9, 0x61, 0xED, 0x67, 0xC9, 0x47, 0x6F, 0x0E, 0x06, 0x3F,
    0x7D, 0x7B, 0x30, 0xB8, 0x7F, 0x7F, 0x30, 0x78, 0xE3, 0x41, 0x32, 0x08, 0x9F, 0x26, 0x03, 0xBF,
    0x4E, 0x06, 0x5E, 0x95, 0x70, 0x74, 0x41, 0x47, 0xFD, 0xBC, 0x2F, 0x8A, 0x05, 0xB6, 0x5B, 0x27,
    0x5B, 0x9D, 0x24, 0xAC, 0xCD, 0x16, 0xD3, 0x71, 0x86, 0x59, 0x19, 0x61, 0x72, 0x22, 0x58, 0x5A,
    0x8C, 0x30, 0x68, 0xA2, 0x62, 0x17, 0xE9, 0x79, 0x5E, 0xE7, 0x7D, 0xBC, 0xDF, 0xA2, 0x78, 0xF4,
    0xEC, 0xD5, 0xE5, 0xA1, 0x95, 0x48, 0x1F, 0xBF, 0xA7, 0x1C, 0x1F, 0x49, 0x16, 0x05, 0xBF, 0x27,
    0x33, 0x95, 0xC8, 0xEF, 0xE6, 0xE9, 0x96, 0xE4, 0x39, 0x45, 0x85, 0x95, 0x11, 0xE7, 0xE9, 0x50,
    0x25, 0x65, 0xA2, 0xFA, 0x72, 0x4D, 0x6A, 0xEE, 0x42, 0xA6, 0x9C, 0x02, 0x56, 0x7E, 0x8A, 0xC2,
    0xB3, 0xAF, 0x2C, 0x58, 0x3D, 0x00, 0x7A, 0x40, 0x7B, 0x58, 0x44, 0xE8, 0x54, 0x98, 0x63, 0xA4,
    0x1B, 0x40, 0x52, 0xF7, 0x2F, 0x95, 0x7C, 0x8D, 0x79, 0x80, 0xC3, 0x9E, 0x12, 0x49, 0x1C, 0xD1,
    0xBF, 0x85, 0x32, 0x01, 0xAA, 0x2D, 0x00, 0x03, 0x1C, 0xDA, 0x70, 0xF7, 0x32, 0xF6, 0x10, 0x56,
    0xD9, 0x27, 0xDC, 0x89, 0xBE, 0xF8, 0x72, 0x06, 0xF8, 0x08, 0xC3, 0x9A, 0x71, 0xFD, 0x8F, 0xB9,
    0x32, 0xC6, 0xD4, 0x06, 0xFA, 0x4B, 0xCF, 0xE9, 0x55, 0xBD, 0x4F, 0x9F, 0xD0, 0x67, 0x2F, 0xAD,
    0x99, 0xB8, 0x34, 0xC2, 0xB0, 0x07, 0x9F, 0x42, 0x41, 0xFD, 0x95, 0x88, 0x17, 0x0B, 0xA0, 0xE8,
    0xB1, 0x0E, 0x64, 0xDA, 0xFD, 0xB6, 0x12, 0xFF, 0xB3, 0x06, 0xD3, 0x32, 0x55, 0xC7, 0x87, 0xBA,
    0xA1, 0xBD, 0xC6, 0x9F, 0xD1, 0xD5, 0x6F, 0xC4, 0x6A, 0x9A, 0x15, 0xAD, 0xCF, 0x5A, 0xA7, 0x02,
    0x3B, 0x32, 0x6D, 0x30, 0xDF, 0x56, 0x0B, 0xB0, 0x07, 0x18, 0xC0, 0x6B, 0x33, 0xDA, 0x42, 0xCB,
    0x6E, 0x51, 0x41, 0xAB, 0xCC, 0x2E, 0xC7, 0x4D, 0x46, 0x47, 0x84, 0xE4, 0x2C, 0x08, 0xE0, 0x04,
    0x78, 0x90, 0x8B, 0x09, 0x7E, 0x06, 0xFF, 0xA4, 0xFF, 0xC6, 0x31, 0x55, 0x5A, 0x41, 0x5D, 0x40,
    0x19, 0xDC, 0x24, 0x3C, 0x96, 0x41, 0x5E, 0xB3, 0xD6, 0x6F, 0x70, 0xDC, 0x13, 0x7E, 0xF3, 0xDC,
    0x7F, 0xCC, 0xF5, 0x9E, 0x65, 0x31, 0xBD, 0x68, 0x37, 0xAB, 0x91, 0xF3, 0x61, 0x6E, 0x2A, 0xDC,
    0x77, 0x30, 0x83, 0x01, 0x51, 0xD5, 0x4F, 0x1B, 0x99, 0xB9, 0x66, 0xEA, 0xD2, 0xEB, 0xB3, 0xA2,
    0xDC, 0xDD, 0xF5, 0xA1, 0xFA, 0xAB, 0x98, 0x2D, 0x80, 0x8E, 0x6F, 0x3D, 0x5C, 0x6A, 0xC3, 0xEA,
    0x44, 0xA0, 0x36, 0xE0, 0x03, 0xC6, 0x12, 0xE4, 0xA8, 0x3A, 0x28, 0xC1, 0xA0, 0x4A, 0x18, 0x60,
    0xD2, 0x73, 0x2D, 0x75, 0x5E, 0x1B, 0xF0, 0x3E, 0x7D, 0x82, 0xCF, 0x4A, 0xF1, 0xC2, 0x37, 0xF3,
    0x30, 0x3F, 0x8A, 0x84, 0x05, 0x3F, 0x02, 0x33, 0x47, 0xDF, 0xDD, 0xFA, 0xC8, 0x2F, 0x8F, 0xC2,
    0xF4, 0x28, 0x96, 0xA3, 0x04, 0x52, 0x52, 0xEA, 0xA0, 0x60, 0x0D, 0x1D, 0x6A, 0x74, 0x51, 0x3F,
    0x3B, 0x6A, 0x66, 0xFF, 0xE3, 0x3A, 0xF8, 0xBC, 0x01, 0xBF, 0xD6, 0x53, 0x41, 0x0F, 0xA5, 0x4D,
    0x6F, 0x41, 0x96, 0xD0, 0xBA, 0x00, 0x2C, 0x47, 0xEB, 0xC3, 0xFC, 0x04, 0xC7, 0x91, 0xB0, 0x4F,
    0x6B, 0x7F, 0xF9, 0x45, 0xB4, 0x02, 0xE6, 0x40, 0xBA, 0x2E, 0x04, 0xD7, 0xC5, 0x98, 0xBE, 0x2E,
    0xD6, 0xB5, 0xC7, 0x8A, 0x71, 0x56, 0x31, 0xD2, 0x9D, 0xCC, 0x1A, 0x14, 0x07, 0xBB, 0x90, 0xDF,
    0xD5, 0x28, 0x01, 0xD4, 0x30, 0xCB, 0xA6, 0x72, 0x69, 0xD9, 0x85, 0x39, 0xCC, 0x6F, 0x7A, 0xE6,
    0x70, 0x06, 0x71, 0x75, 0xF4, 0x44, 0x02, 0x18, 0x03, 0xE0, 0x2C, 0x18, 0x41, 0xAF, 0xFC, 0x10,
    0xF3, 0x63, 0xD2, 0x87, 0x2F, 0x24, 0x21, 0x50, 0x4B, 0xD6, 0x3F, 0x83, 0x7B, 0x32, 0x19, 0xAD,
    0x85, 0x37, 0xAB, 0x9D, 0x8A, 0xAE, 0xCD, 0x85, 0xAD, 0xB9, 0xFC, 0xAF, 0xF1, 0x9A, 0xA2, 0x82,
    0x76, 0xA2, 0xF1, 0x90, 0x9E, 0xD3, 0x88, 0x88, 0x9A, 0x8F, 0x15, 0xE7, 0x32, 0x01, 0xE4, 0xA0,
    0x67, 0x0D, 0x33, 0x99, 0xD3, 0xA0, 0x04, 0x6A, 0x52, 0x82, 0x32, 0x86, 0x51, 0x89, 0xF2, 0x82,
    0xBA, 0x48, 0x1E, 0x61, 0x40, 0x59, 0xED, 0x58, 0x2E, 0x61, 0x8A, 0x16, 0xA0, 0xA3, 0x61, 0x37,
    0x88, 0x2A, 0xC6, 0x94, 0x73, 0xCB, 0x78, 0x58, 0x00, 0x5D, 0xC8, 0xC3, 0x79, 0xFA, 0xEA, 0xE9,
    0x9E, 0x5D, 0x34, 0xDD, 0xF9, 0xA5, 0xD3, 0xFD, 0x9A, 0x6A, 0x62, 0x1B, 0xFE, 0x2E, 0x17, 0x43,
    0xB2, 0x9B, 0x5D, 0x75, 0x53, 0x4C, 0x8D, 0x3E, 0x88, 0xC7, 0x7F, 0x74, 0x3D, 0xD3, 0xED, 0xE5,
    0x4F, 0x61, 0x13, 0x1C, 0x53, 0x71, 0x8E, 0xC5, 0x7A, 0x5A, 0x37, 0xB1, 0x1B, 0x57, 0x9A, 0x44,
    0x6B, 0x39, 0x37, 0x44, 0x72, 0x89, 0xF8, 0x0B, 0x3A, 0x7B, 0xCA, 0xF6, 0xE3, 0x0A, 0xC8, 0xD3,
    0x35, 0x9D, 0xB8, 0x46, 0x45, 0x1F, 0xFF, 0xBF, 0x8E, 0xBE, 0x7C, 0x75, 0xE0, 0xE1, 0x58, 0x03,
    0x0F, 0x45, 0x4A, 0x28, 0xD8, 0x46, 0xE5, 0xC9, 0xBB, 0x78, 0xEA, 0x58, 0x0E, 0x9E, 0x97, 0xC9,
    0x2A, 0xF0, 0x90, 0x6B, 0xE0, 0xC1, 0x5D, 0x0F, 0x3C, 0x2C, 0xA1, 0x47, 0x7A, 0x86, 0x41, 0x8C,
    0xE5, 0x71, 0x1D, 0xC2, 0x1F, 0x8A, 0xD2, 0xB3, 0xC8, 0xA4, 0x13, 0xCF, 0x10, 0xF1, 0x6A, 0xCC,
    0x66, 0x1D, 0x7A, 0x30, 0xB2, 0xD1, 0x32, 0xF6, 0x37, 0xC5, 0xE0, 0x0F, 0xEF, 0xC6, 0x5C, 0x9F,
    0xA8, 0xBB, 0x45, 0x03, 0xD0, 0x6E, 0xBF, 0xD2, 0x1C, 0x01, 0xE4, 0xC0, 0x6D, 0xE8, 0x91, 0xB7,
    0x14, 0xC4, 0x29, 0x03, 0x65, 0xC7, 0xEA, 0xA0, 0x32, 0x84, 0x1D, 0x31, 0x8E, 0x40, 0xD7, 0xDD,
    0xC6, 0x58, 0xE9, 0x69, 0x64, 0xF8, 0x99, 0xC0, 0x69, 0x1E, 0xEA, 0xEB, 0x32, 0x8B, 0x7E, 0x72,
    0x54, 0x47, 0x33, 0xFC, 0x47, 0x78, 0x0C, 0x98, 0x71, 0xE7, 0x25, 0x54, 0x0D, 0xE7, 0xE6, 0xC4,
    0x7A, 0xBB, 0x8C, 0x83, 0x41, 0xDA, 0x4E, 0xC5, 0x1A, 0x9F, 0xF5, 0x50, 0x58, 0x1F, 0x0D, 0x63,
    0x84, 0x98, 0x2C, 0x24, 0x1B, 0x91, 0x9D, 0x81, 0x39, 0x5F, 0x81, 0x41, 0x90, 0x84, 0x41, 0x31,
    0x61, 0x54, 0x4C, 0x18, 0x16, 0x13, 0xC6, 0xC5, 0x84, 0x81, 0x31, 0xE1, 0x4C, 0x08, 0x43, 0x63,
    0xC2, 0x15, 0x2C, 0x1C, 0x31, 0x60, 0x24, 0xC7, 0x48, 0x1F, 0xF3, 0xB3, 0x89, 0x8A, 0x6C, 0x69,
    0x00, 0x7F, 0x25, 0x80, 0xAC, 0x02, 0xCC, 0x8A, 0x55, 0x9D, 0xCA, 0x12, 0xB5, 0x5A, 0xE9, 0x17,
    0x88, 0x3F, 0x8C, 0x06, 0xAD, 0x0C, 0x7E, 0x1F, 0x65, 0x82, 0x25, 0x20, 0x58, 0x03, 0x82, 0x45,
    0x20, 0x58, 0x05, 0x78, 0x47, 0x26, 0x58, 0x07, 0x78, 0xCD, 0x49, 0x09, 0xBB, 0x82, 0x41, 0xA3,
    0x16, 0x51, 0xCD, 0xDB, 0xBF, 0xEA, 0xED, 0x65, 0x34, 0x11, 0xBA, 0x52, 0x69, 0x71, 0xAC, 0x64,
    0x5E, 0x30, 0xF6, 0x0C, 0xDD, 0x72, 0x40, 0xF7, 0x80, 0x6E, 0x42, 0x07, 0x9A, 0xDA, 0x6F, 0x1E,
    0xE3, 0x3C, 0xAE, 0xDF, 0xC1, 0x7D, 0xAC, 0xB5, 0x50, 0x21, 0x4F, 0x57, 0x1E, 0xBF, 0x79, 0x06,
    0x9A, 0xAB, 0x9C, 0xAC, 0x14, 0x41, 0xAC, 0xE7, 0xEE, 0xE0, 0xDA, 0xA5, 0x91, 0xA5, 0x77, 0xF0,
    0x3D, 0xC0, 0x71, 0x34, 0xD3, 0xEB, 0x14, 0xD4, 0xCE, 0x65, 0x8C, 0x93, 0x18, 0xFB, 0x57, 0x1B,
    0x7E, 0xEA, 0xC5, 0x40, 0xF4, 0x27, 0x49, 0x3B, 0xC8, 0xDA, 0xC3, 0xC9, 0x2C, 0x54, 0x20, 0x6A,
    0x4A, 0x3A, 0x4E, 0xF2, 0xDB, 0x95, 0x0B, 0xB4, 0x58, 0xA3, 0x37, 0x09, 0x5A, 0x43, 0xF0, 0xB4,
    0x68, 0xC4, 0x21, 0xBD, 0xD2, 0x2E, 0x61, 0x84, 0x72, 0xA5, 0x72, 0x6B, 0x74, 0x4B, 0x59, 0xFA,
    0x0B, 0x17, 0x5D, 0x5B, 0xA7, 0xD0, 0xB4, 0x2C, 0xB9, 0x2C, 0x8B, 0x35, 0x6F, 0xEB, 0x67, 0xC2,
    0xBC, 0x1F, 0xAC, 0xF6, 0x9C, 0x33, 0x3F, 0x37, 0x79, 0x3F, 0xD0, 0xD3, 0xB5, 0xF0, 0xBE, 0x3A,
    0xF3, 0xF9, 0x16, 0xA5, 0x36, 0x38, 0xF7, 0xD8, 0xA6, 0xFF, 0x4E, 0x1A, 0x35, 0x8D, 0xEA, 0x70,
    0x96, 0x9B, 0x08, 0xA9, 0x5C, 0x20, 0xA4, 0x95, 0xE3, 0x61, 0x53, 0x73, 0xF4, 0xCE, 0x8A, 0x52,
    0x3E, 0x91, 0x55, 0xF0, 0x3C, 0x5E, 0x0B, 0x9E, 0xB7, 0x17, 0x05, 0xCF, 0xDD, 0xCD, 0xE0, 0x79,
    0xFE, 0xEA, 0xE0, 0x79, 0xAA, 0x35, 0x4F, 0x35, 0x78, 0x3E, 0x95, 0xE5, 0x8A, 0xB9, 0x88, 0x5F,
    0xE5, 0x80, 0x16, 0xEA, 0x80, 0x72, 0x49, 0x8F, 0x1F, 0xD3, 0x01, 0x25, 0x54, 0x1B, 0x07, 0xEA,
    0x80, 0x4E, 0xE9, 0x80, 0x6A, 0xF5, 0x83, 0x2D, 0x76, 0xFB, 0x78, 0xFD, 0x6F, 0x45, 0xEE, 0x59,
    0x49, 0xD2, 0x14, 0x1C, 0x75, 0x0F, 0xD3, 0x77, 0xBB, 0x39, 0xBB, 0x62, 0x93, 0xE4, 0x8F, 0x24,
    0xE8, 0x24, 0xE0, 0xAA, 0x88, 0x30, 0x91, 0xC7, 0x98, 0x5C, 0xCC, 0x85, 0x5F, 0x61, 0xD5, 0xA4,
    0xD2, 0x61, 0xAC, 0x5F, 0xA0, 0x6B, 0x2F, 0x2B, 0xFB, 0xDD, 0x11, 0x9F, 0xC6, 0x1C, 0x4F, 0xAC,
    0x24, 0xD5, 0x5C, 0x8B, 0x7C, 0x4E, 0x04, 0xE1, 0x0F, 0xDA, 0x5E, 0xDF, 0x6C, 0x10, 0x6D, 0xB3,
    0x62, 0xD4, 0x76, 0x22, 0xDF, 0x50, 0x75, 0xC9, 0xB7, 0xB5, 0xBA, 0x10, 0x8F, 0x89, 0x68, 0x81,
    0x58, 0x5B, 0x0F, 0x5E, 0xC4, 0x5C, 0xED, 0xA4, 0x2D, 0x7F, 0xD7, 0x31, 0x00, 0x83, 0x99, 0xD2,
    0x26, 0x41, 0xE5, 0x76, 0x38, 0xEA, 0xBE, 0xC6, 0xEB, 0x14, 0x3F, 0xA0, 0x9F, 0x2F, 0xF1, 0xFA,
    0xAF, 0xD1, 0x64, 0x1A, 0xF5, 0x66, 0x02, 0x1A, 0xF5, 0x29, 0x25, 0x3E, 0xC3, 0x67, 0xB9, 0x88,
    0xE9, 0xF7, 0x40, 0x91, 0x7D, 0x09, 0xE9, 0xFA, 0x1B, 0x70, 0x34, 0x06, 0xC7, 0x68, 0x28, 0x1B,
    0x6D, 0xFA, 0x1B, 0xDC, 0xE9, 0xBF, 0xA2, 0x15, 0x35, 0x55, 0xC1, 0xB1, 0xD8, 0x7B, 0x43, 0xC8,
    0x98, 0x03, 0x85, 0xE4, 0xD7, 0xB0, 0x30, 0x79, 0x31, 0x7B, 0x0C, 0x1F, 0x0B, 0x9D, 0xFA, 0xAF,
    0x5A, 0x82, 0xE7, 0xB0, 0x42, 0x73, 0x2E, 0x41, 0x7C, 0xFF, 0x19, 0xC7, 0x9F, 0xE3, 0x7C, 0x49,
    0x10, 0x1E, 0x63, 0x39, 0x86, 0x1A, 0x66, 0xED, 0x15, 0xDA, 0x63, 0x48, 0x16, 0xFE, 0x86, 0x52,
    0xA0, 0x8B, 0x05, 0x80, 0x48, 0xF8, 0x1B, 0x28, 0x5E, 0xCC, 0x6F, 0x78, 0x46, 0x51, 0xC5, 0x7A,
    0xFF, 0x57, 0x9C, 0xFB, 0xB8, 0x53, 0x93, 0x18, 0xE6, 0x90, 0x13, 0x46, 0x47, 0x66, 0xA2, 0x6C,
    0x44, 0xEB, 0x0D, 0x51, 0x49, 0x18, 0xDF, 0x4A, 0x18, 0xE0, 0x4E, 0xE8, 0xD5, 0x31, 0x4C, 0x4B,
    0xEB, 0x00, 0xC6, 0x5F, 0x89, 0x9A, 0xFF, 0x98, 0x57, 0xE9, 0x41, 0x24, 0xCE, 0x54, 0x8D, 0x3E,
    0x59, 0x94, 0x83, 0x05, 0xCC, 0x63, 0x01, 0x07, 0x12, 0x0B, 0x6A, 0x38, 0x26, 0xC6, 0xAC, 0x4F,
    0x84, 0x56, 0xC5, 0xC1, 0x44, 0x3A, 0x8C, 0x78, 0x7D, 0xDB, 0xF4, 0x39, 0x15, 0x5E, 0xA3, 0x5D,
    0xF4, 0x6A, 0x58, 0xF3, 0xF6, 0x96, 0x09, 0x88, 0x39, 0xA9, 0x8F, 0x4F, 0x6D, 0x90, 0x82, 0xC2,
    0x2D, 0xD2, 0x58, 0xBF, 0xE9, 0xE4, 0xFC, 0xB5, 0x22, 0x6D, 0xD5, 0xC3, 0xDE, 0x0C, 0xBA, 0xA3,
    0x6E, 0x26, 0xD8, 0x2C, 0xAB, 0xE4, 0x22, 0xA6, 0xF9, 0x52, 0x65, 0x97, 0xDE, 0xB2, 0xC5, 0xF0,
    0xA2, 0xC6, 0xD2, 0x2E, 0x0D, 0x5B, 0x5C, 0x37, 0x36, 0x1D, 0xAF, 0xA9, 0xF9, 0xE0, 0x32, 0xFE,
    0x9C, 0xC1, 0xC3, 0x40, 0x03, 0xC9, 0x41, 0x15, 0x55, 0x3C, 0xCF, 0xD4, 0x57, 0xA0, 0xA9, 0xF9,
    0x40, 0xD3, 0xF4, 0xE0, 0x93, 0x4B, 0xB8, 0x06, 0x86, 0x1D, 0x35, 0x31, 0x14, 0x06, 0xBB, 0xF5,
    0x02, 0x9D, 0x27, 0xF6, 0xF4, 0x3A, 0xD5, 0xC2, 0x96, 0xF5, 0x48, 0x71, 0xC5, 0xCC, 0x5C, 0xBD,
    0xF8, 0x8A, 0xAB, 0xB8, 0x69, 0x7B, 0xBC, 0x49, 0xED, 0xAA, 0xCA, 0x75, 0xC1, 0x64, 0x91, 0x51,
    0x61, 0xE5, 0x14, 0x23, 0xEA, 0x5A, 0x81, 0xB6, 0x05, 0xEC, 0xCA, 0x2D, 0x52, 0xF7, 0x3B, 0x27,
    0x25, 0x8C, 0xEB, 0xB7, 0x07, 0x0C, 0x25, 0xE2, 0x86, 0x10, 0x58, 0x8B, 0xCC, 0xE9, 0xA2, 0x7C,
    0x42, 0xF8, 0x94, 0x79, 0xB5, 0x0F, 0x56, 0x79, 0xE5, 0xD0, 0x83, 0xF3, 0x10, 0x53, 0x47, 0x86,
    0x9F, 0xD5, 0x51, 0xEA, 0x7F, 0xF7, 0xD5, 0x27, 0x7D, 0x03, 0x0F, 0xE6, 0xE9, 0x02, 0xA4, 0x72,
    0x03, 0x88, 0xD5, 0x12, 0x8E, 0x76, 0x24, 0x4A, 0x2D, 0xBE, 0xCB, 0x15, 0x1A, 0x25, 0xEE, 0x0C,
    0x40, 0xDA, 0xC8, 0x38, 0x0A, 0xF2, 0xF1, 0xA1, 0xC7, 0x8C, 0x59, 0x99, 0x25, 0x7E, 0x99, 0x1C,
    0xC2, 0xD8, 0xFF, 0x0E, 0x3E, 0x2E, 0x95, 0x3B, 0x3C, 0x06, 0x45, 0x1F, 0x74, 0xF2, 0x54, 0x48,
    0x0E, 0xD2, 0x7D, 0x24, 0x85, 0xC4, 0xA3, 0x0D, 0x29, 0x6D, 0x74, 0x99, 0x88, 0x97, 0x19, 0x1A,
    0xDC, 0xB4, 0x63, 0xA4, 0x89, 0x0A, 0x5D, 0x53, 0xCE, 0x40, 0x44, 0x40, 0x61, 0x0E, 0x33, 0xD9,
    0xB7, 0xC9, 0x32, 0x75, 0x7D, 0x62, 0xFF, 0x3C, 0x5D, 0x1D, 0xD3, 0x3A, 0xC9, 0x59, 0x82, 0x55,
    0x81, 0xE2, 0xE9, 0x46, 0x7D, 0x92, 0x27, 0xD4, 0x24, 0x4F, 0x84, 0x23, 0x26, 0x79, 0xD0, 0x91,
    0xC7, 0xAD, 0xED, 0x2B, 0x07, 0x8E, 0x26, 0xE4, 0x12, 0xCA, 0x34, 0x9D, 0x7E, 0xA4, 0x39, 0x51,
    0x0B, 0x7F, 0x89, 0xA9, 0x5B, 0x1B, 0x85, 0xFA, 0xA2, 0xD6, 0x48, 0x94, 0xF3, 0xB2, 0xB4, 0x26,
    0xA8, 0xE8, 0x07, 0x3A, 0x39, 0x4F, 0xDB, 0x6D, 0xF1, 0xAB, 0xBE, 0x2D, 0x5D, 0xDF, 0x96, 0x91,
    0x6D, 0x0B, 0x9D, 0x4F, 0xD2, 0x6E, 0x6D, 0x19, 0x6B, 0x5B, 0xFC, 0xBE, 0x2D, 0x84, 0xE2, 0x42,
    0x28, 0x5E, 0x88, 0x9A, 0x57, 0xD2, 0x45, 0x6D, 0x61, 0x9A, 0x4C, 0x98, 0x27, 0x13, 0x26, 0xBF,
    0x44, 0x33, 0x65, 0x9A, 0x2A, 0xD3, 0x5C, 0x99, 0x26, 0xCB, 0x34, 0x5B, 0x46, 0xE3, 0x88, 0x9A,
    0xDA, 0x85, 0x26, 0x9E, 0x12, 0xDA, 0xF3, 0x66, 0x7D, 0x0C, 0xE3, 0xC9, 0x6D, 0x5A, 0x98, 0x75,
    0x9C, 0x56, 0x00, 0x1E, 0x5E, 0xC8, 0x36, 0xE2, 0x76, 0x5F, 0x5F, 0x15, 0xB7, 0x1B, 0x01, 0x76,
    0x53, 0xC3, 0x7B, 0x1B, 0x54, 0xE8, 0x56, 0x1E, 0xCB, 0x29, 0xE6, 0xFB, 0xE4, 0x8C, 0xBD, 0xF5,
    0x5C, 0xEC, 0x50, 0x5F, 0xCC, 0xE9, 0xD3, 0xAB, 0x5F, 0xDF, 0xC8, 0xD5, 0x74, 0x49, 0x30, 0xF1,
    0x96, 0x49, 0xC0, 0xA9, 0x25, 0x5D, 0xD8, 0xEB, 0xF4, 0xCF, 0xDB, 0xD1, 0x10, 0xEA, 0xF0, 0x33,
    0xD0, 0x08, 0x7A, 0x48, 0x43, 0x95, 0x1B, 0xC8, 0xC4, 0xF4, 0xB4, 0x19, 0xE7, 0x9C, 0x68, 0x6E,
    0x7C, 0x93, 0x32, 0xD2, 0xBD, 0xA0, 0x3C, 0x06, 0x8D, 0x7E, 0x01, 0x15, 0x07, 0xF5, 0xE8, 0x52,
    0x45, 0xE2, 0x78, 0x49, 0x6B, 0x40, 0x3B, 0x61, 0xD8, 0x67, 0x51, 0xEE, 0x27, 0xF1, 0xBF, 0x24,
    0xA1, 0x99, 0xB9, 0xE6, 0x4C, 0xEE, 0x27, 0x2C, 0xD2, 0x97, 0x4B, 0x73, 0x66, 0x6A, 0xC5, 0x34,
    0x7F, 0xB5, 0x96, 0x25, 0xBF, 0x10, 0x66, 0xE7, 0xA7, 0xE7, 0xFC, 0x84, 0x97, 0xEA, 0xC9, 0x50,
    0xF7, 0x3B, 0xCB, 0xD0, 0x63, 0x77, 0xBE, 0x40, 0xA2, 0x5F, 0xA8, 0xBF, 0x8E, 0xC5, 0x06, 0x08,
    0xCE, 0x91, 0xED, 0x4E, 0xE9, 0x2B, 0x9F, 0x52, 0xD5, 0x1D, 0xB3, 0x7D, 0x23, 0x4C, 0xDD, 0x2C,
    0x20, 0x5B, 0x0B, 0x34, 0x0C, 0x97, 0xFB, 0xC5, 0xD4, 0x34, 0xF8, 0x1D, 0x63, 0x08, 0x9A, 0x98,
    0x3B, 0xC0, 0x64, 0x51, 0xAF, 0x87, 0xA6, 0x79, 0x3A, 0x7A, 0xB7, 0x3B, 0x65, 0xDA, 0x7A, 0xAC,
    0xB5, 0xB0, 0x92, 0x99, 0x76, 0x6D, 0xD2, 0xEB, 0xE5, 0x51, 0x7A, 0x97, 0xCE, 0x08, 0x83, 0x6D,
    0xD7, 0x6B, 0xC8, 0xF1, 0x2B, 0x1B, 0xE2, 0x2C, 0x1B, 0xA2, 0x31, 0xB3, 0x8B, 0xD8, 0xB5, 0x5B,
    0xC8, 0x50, 0xC4, 0x40, 0xD6, 0xE9, 0xDC, 0x8E, 0x45, 0x71, 0x6A, 0x45, 0xF4, 0xAD, 0x9A, 0x55,
    0xF5, 0xF5, 0x25, 0xAE, 0x64, 0xE3, 0xF3, 0x7F, 0xB3, 0x05, 0x48, 0xFD, 0x7C, 0x75, 0xF4, 0xD5,
    0xD3, 0xDF, 0x70, 0xF5, 0xD9, 0x86, 0x5B, 0xA6, 0xD1, 0xAC, 0xC3, 0x07, 0xC0, 0x0D, 0x33, 0xB9,
    0xB1, 0xFB, 0xA6, 0x11, 0xDD, 0xB7, 0xC1, 0xE1, 0xEF, 0xEE, 0x2C, 0x7D, 0x82, 0x8B, 0x9C, 0xC3,
    0xD4, 0x7A, 0x39, 0xD0, 0x7A, 0xC4, 0xAD, 0xDC, 0x74, 0x37, 0xCA, 0x65, 0xDB, 0x47, 0x98, 0xA9,
    0x63, 0x18, 0xD4, 0x2A, 0xC2, 0xD6, 0x31, 0x9C, 0x28, 0x68, 0xD1, 0xA0, 0x09, 0x84, 0x44, 0x1D,
    0x43, 0xBB, 0x59, 0xD3, 0x32, 0x8A, 0xC3, 0x16, 0x8B, 0x97, 0x8C, 0xB6, 0x42, 0x15, 0xB0, 0xEE,
    0xE8, 0xD1, 0x2D, 0x3D, 0xBA, 0x2D, 0x4D, 0x77, 0x66, 0x72, 0x57, 0x8F, 0x06, 0xEB, 0x9A, 0x5F,
    0x5B, 0xF3, 0x63, 0x65, 0x45, 0x03, 0xA5, 0x54, 0x37, 0x56, 0xC6, 0x5E, 0x97, 0x6B, 0x26, 0xE5,
    0xA6, 0x8F, 0x40, 0x3D, 0xEA, 0x18, 0x5B, 0x9C, 0xC5, 0xF4, 0x8D, 0x53, 0xEE, 0x65, 0x93, 0xCF,
    0x92, 0xD8, 0x4C, 0x22, 0xB7, 0x4F, 0x64, 0xC7, 0x64, 0x9E, 0xF4, 0xC3, 0xD8, 0x72, 0x07, 0x48,
    0x5C, 0xEE, 0x09, 0xF1, 0x2F, 0x36, 0x0E, 0x77, 0x16, 0x41, 0x49, 0x79, 0x4D, 0xC4, 0x8F, 0xFB,
    0x8B, 0xDE, 0xC2, 0x87, 0xBD, 0x1F, 0xCC, 0x2A, 0xDF, 0x91, 0x6C, 0xA1, 0x7E, 0xB7, 0x68, 0x20,
    0x14, 0xF9, 0xDE, 0x01, 0x63, 0x64, 0x52, 0xE1, 0xF8, 0x76, 0xBC, 0xC3, 0xF4, 0x74, 0x5E, 0xCB,
    0x5E, 0x9D, 0xCE, 0x0A, 0x6D, 0x49, 0x97, 0x45, 0xB7, 0x7C, 0x89, 0xEE, 0xF9, 0x12, 0xDD, 0xF4,
    0x25, 0xBA, 0xEB, 0x4B, 0xB8, 0xED, 0xAB, 0x15, 0xDD, 0xF7, 0x25, 0xBA, 0xF1, 0x4B, 0x74, 0xE7,
    0x97, 0xE8, 0xD6, 0x2F, 0xD1, 0xBD, 0x5F, 0xA2, 0x9B, 0xBF, 0x44, 0x77, 0x7F, 0x89, 0x6E, 0xFF,
    0x12, 0xDD, 0xFF, 0x25, 0xBA, 0x01, 0xCC, 0x6E, 0xB9, 0xAE, 0x94, 0x6B, 0x44, 0x5B, 0x65, 0xCF,
    0x0A, 0x9F, 0x0D, 0xE7, 0x59, 0x8D, 0x87, 0xE1, 0x88, 0x74, 0x53, 0x6D, 0x8E, 0xA5, 0xC3, 0x3C,
    0xAF, 0x30, 0xD1, 0x2B, 0xCC, 0xF4, 0x0A, 0x53, 0xBD, 0xC2, 0x5C, 0xAF, 0x30, 0xD9, 0x2B, 0xCC,
    0xF6, 0x0A, 0xD3, 0xBD, 0xC2, 0x7C, 0xAF, 0x6E, 0x0A, 0xAA, 0xB3, 0x7E, 0xDF, 0x91, 0x55, 0x85,
    0xE5, 0xC2, 0xA6, 0x2B, 0x3E, 0x79, 0xED, 0x02, 0xA5, 0xF6, 0x88, 0x57, 0x12, 0xFA, 0x6F, 0xF1,
    0x74, 0x81, 0xDB, 0x57, 0x9F, 0xEF, 0x63, 0x0B, 0x6A, 0x78, 0x2E, 0xAF, 0xBE, 0xEB, 0x26, 0x09,
    0x4D, 0xA7, 0x9C, 0x11, 0x4A, 0x2D, 0x13, 0x2B, 0xDF, 0x5F, 0x33, 0x83, 0x9F, 0x97, 0xE1, 0xBF,
    0x55, 0xE0, 0xD7, 0x6B, 0x23, 0x6B, 0x6D, 0xA8, 0xAF, 0xC8, 0x87, 0x3A, 0x9A, 0x53, 0xF5, 0x85,
    0x9A, 0x56, 0x67, 0x45, 0xE3, 0xCD, 0x8C, 0x8E, 0x01, 0x27, 0x52, 0x9A, 0x87, 0xEA, 0x85, 0x4D,
    0x7A, 0xBC, 0xD2, 0x32, 0xBA, 0x45, 0x7F, 0xCA, 0xE6, 0x88, 0x21, 0x86, 0xAD, 0x0A, 0x47, 0xAB,
    0x96, 0x10, 0xE7, 0x26, 0xCA, 0x0F, 0xE6, 0xCE, 0x3C, 0x8D, 0xCC, 0x1F, 0x4C, 0xFD, 0x03, 0xDF,
    0xB8, 0x2D, 0x95, 0xAC, 0xC6, 0xD3, 0x32, 0x3C, 0x66, 0xA6, 0x34, 0xA4, 0x53, 0x22, 0x22, 0xE9,
    0x6C, 0x14, 0x12, 0x0F, 0x9D, 0xC1, 0x22, 0xDE, 0xE5, 0x85, 0x26, 0x98, 0xBF, 0x67, 0xEA, 0xBF,
    0xF7, 0xCA, 0x30, 0xC8, 0x03, 0x63, 0xB7, 0xED, 0xDF, 0xF0, 0x1F, 0x1F, 0x82, 0xB4, 0xF6, 0x3F,
    0xAB, 0x3C, 0xA3, 0x5A, 0xFA, 0x3A, 0x89, 0x41, 0x86, 0x73, 0x31, 0x40, 0xF2, 0x86, 0x45, 0xBF,
    0x4D, 0xEF, 0x03, 0x2F, 0xD0, 0x5E, 0x06, 0xEC, 0x3B, 0x25, 0xD1, 0x17, 0x03, 0x75, 0x4C, 0xF2,
    0xF1, 0x1F, 0x25, 0xC2, 0x2A, 0x2A, 0x3D, 0x02, 0xCD, 0x93, 0x67, 0x74, 0x07, 0x63, 0x53, 0xBF,
    0xE5, 0xDA, 0xC4, 0x1C, 0xB7, 0xFE, 0x2E, 0xDE, 0x86, 0x37, 0x67, 0xB0, 0xFB, 0xA1, 0xA9, 0x5D,
    0x18, 0xAB, 0x86, 0x59, 0x19, 0x18, 0xAF, 0x66, 0xB0, 0x94, 0x96, 0x7D, 0xBC, 0x3E, 0x78, 0xAF,
    0x0A, 0x3F, 0xAF, 0xC1, 0x17, 0xD2, 0xB1, 0x5B, 0x6B, 0xA4, 0x79, 0xA4, 0x1E, 0xFF, 0x44, 0x9D,
    0xF2, 0x47, 0xFF, 0x2F, 0xE0, 0x21, 0xA4, 0x56, 0x88, 0xFE, 0x9D, 0xBB, 0x8C, 0xBC, 0x72, 0x9F,
    0xB8, 0xC1, 0xFB, 0x14, 0x0B, 0xEB, 0x0B, 0x38, 0x3E, 0x9F, 0xD6, 0x6B, 0x63, 0x7D, 0xFB, 0xDD,
    0xCA, 0x87, 0xA1, 0x8C, 0xA2, 0xFC, 0x30, 0x5C, 0xB4, 0x73, 0xB7, 0xC0, 0x27, 0xBC, 0x9C, 0x3C,
    0xD6, 0x24, 0xDA, 0xD0, 0x4E, 0x2E, 0x4D, 0x56, 0xD0, 0x47, 0x0E, 0x4E, 0xD0, 0xC2, 0x13, 0xDD,
    0x76, 0xB7, 0xFD, 0xE6, 0xFC, 0x67, 0xCB, 0xFF, 0x5A, 0xA9, 0x50, 0xC7, 0x34, 0xE6, 0x48, 0x6B,
    0x8A, 0x19, 0x97, 0x23, 0x05, 0x87, 0x8C, 0x8F, 0xB7, 0xBA, 0x72, 0x14, 0x75, 0xB0, 0x42, 0xEA,
    0x8E, 0xB7, 0x1C, 0xAC, 0xBC, 0x46, 0xC3, 0x14, 0x5D, 0xDF, 0x2F, 0xD9, 0xEB, 0xAE, 0x68, 0x4C,
    0x83, 0xCE, 0xC4, 0xF5, 0x52, 0x9A, 0x4E, 0x7D, 0x8A, 0xAE, 0xA3, 0x8E, 0xFA, 0x74, 0xBF, 0xAD,
    0xF1, 0x4A, 0x08, 0xD1, 0x52, 0x84, 0x76, 0x6C, 0x8D, 0xE8, 0x34, 0x8E, 0x18, 0x99, 0x59, 0x4E,
    0xE8, 0x52, 0xC1, 0xEE, 0x7D, 0x47, 0xF3, 0x45, 0x12, 0x79, 0x93, 0x7D, 0x4E, 0xDB, 0x8D, 0xCB,
    0x6D, 0xE3, 0xF4, 0x9F, 0x0F, 0xB4, 0x71, 0x41, 0x79, 0xC2, 0x50, 0x21, 0xFF, 0xA5, 0xC0, 0x36,
    0xEE, 0xF8, 0xEA, 0xC6, 0xAD, 0x67, 0x3D, 0xFB, 0x18, 0x87, 0x66, 0x7D, 0x49, 0x97, 0x36, 0x64,
    0xD7, 0xE1, 0xDB, 0x4B, 0x0B, 0x5F, 0x39, 0x7C, 0xD7, 0x68, 0x35, 0x9F, 0x0F, 0xFE, 0xB8, 0x59,
    0xCF, 0x3E, 0xB6, 0x81, 0x86, 0x7E, 0x1E, 0x87, 0xAB, 0xFF, 0xDD, 0xDB, 0x71, 0xC3, 0x8D, 0xF0,
    0xA4, 0x99, 0x6E, 0x8C, 0xDE, 0x3E, 0xB6, 0x7A, 0x7B, 0xA6, 0xF1, 0x4C, 0xB3, 0xAC, 0xF2, 0x86,
    0x1B, 0xCE, 0x4E, 0xF1, 0x22, 0x26, 0x64, 0x4E, 0x07, 0xFB, 0x6D, 0x5C, 0xD9, 0xF8, 0x7F, 0x69,
    0xC1, 0x6F, 0xD5, 0x38, 0xCF, 0x4D, 0x25, 0x78, 0x3F, 0x97, 0x7B, 0x80, 0x5F, 0x03, 0xBC, 0xF4,
    0xC7, 0x3F, 0xDE, 0x6B, 0x23, 0xE5, 0xF5, 0xD7, 0x25, 0x39, 0x94, 0xD3, 0x47, 0x4E, 0xDD, 0x48,
    0x9E, 0xDF, 0xA6, 0xA9, 0x6E, 0x05, 0x71, 0xFB, 0xB2, 0xD5, 0xEF, 0xC5, 0x67, 0x1F, 0xBB, 0xD2,
    0x29, 0x72, 0x1F, 0xAC, 0x44, 0x6E, 0xC7, 0xFD, 0x72, 0xD7, 0x4A, 0x1C, 0x33, 0xFD, 0xA5, 0x49,
    0xDE, 0xF5, 0x72, 0xE5, 0xB6, 0x26, 0xA3, 0x25, 0x5C, 0x2B, 0x56, 0x43, 0x0C, 0x19, 0xEF, 0xDC,
    0xD4, 0x15, 0xDF, 0xCB, 0xD6, 0xF0, 0x8B, 0x80, 0xD6, 0x4D, 0x36, 0xD7, 0xFD, 0x2F, 0xA5, 0x57,
    0x3D, 0x8C, 0xDC, 0xC6, 0x15, 0x7E, 0x5C, 0x9E, 0x8E, 0x89, 0x58, 0x8C, 0x8A, 0x2B, 0x74, 0x17,
    0xE1, 0xA6, 0x49, 0x71, 0x31, 0x6E, 0xC9, 0xC6, 0x85, 0x0B, 0x0E, 0x39, 0x49, 0x80, 0x34, 0x29,
    0x7C, 0x85, 0x82, 0x00, 0x4E, 0xA1, 0x14, 0x57, 0x39, 0x80, 0xD3, 0xA4, 0x58, 0x28, 0xDC, 0x5D,
    0xC2, 0x8D, 0x81, 0x34, 0x5E, 0x1B, 0x48, 0x69, 0x78, 0x0B, 0x17, 0xCE, 0x09, 0xC8, 0xD9, 0xC0,
    0x21, 0x61, 0xB1, 0xBA, 0x25, 0x92, 0xC2, 0x85, 0x0B, 0x13, 0x48, 0x91, 0xC2, 0x40, 0xC2, 0x18,
    0x0E, 0x10, 0xE9, 0x80, 0x68, 0xEC, 0x50, 0x12, 0x2D, 0x71, 0x77, 0xFC, 0x0D, 0xB9, 0x7B, 0x3F,
    0x3E, 0xE9, 0x2C, 0x28, 0xC7, 0xF7, 0xCD, 0x2D, 0x67, 0x67, 0xDE, 0xBC, 0xBF, 0x79, 0xEF, 0xAD,
    0xA5, 0x47, 0x4C, 0x57, 0x11, 0xF5, 0x63, 0xF2, 0x07, 0xC4, 0xDD, 0xDC, 0x90, 0x47, 0x3C, 0x38,
    0x47, 0xAF, 0xD1, 0xEE, 0x30, 0x4B, 0xED, 0x86, 0xDC, 0x24, 0xE5, 0x94, 0x0A, 0x4A, 0x83, 0x25,
    0xE1, 0x73, 0x48, 0x25, 0x3F, 0x52, 0x8E, 0x4E, 0x88, 0x68, 0x3C, 0xDA, 0xBD, 0x5F, 0xA4, 0xC3,
    0x22, 0xED, 0xE4, 0xA9, 0x9B, 0x99, 0xC5, 0xE1, 0x37, 0x17, 0x57, 0xC7, 0x8B, 0x57, 0x75, 0xE2,
    0x6B, 0xD5, 0xB7, 0xEA, 0x8A, 0xE2, 0x92, 0x84, 0xA1, 0x5D, 0xF1, 0xB8, 0x16, 0x7A, 0x47, 0x54,
    0xED, 0xEB, 0x92, 0xFC, 0x8F, 0x8B, 0xA9, 0xAE, 0xCB, 0x9E, 0x50, 0x57, 0xBA, 0x8A, 0x3C, 0x43,
    0xBB, 0xDE, 0xE3, 0xDA, 0xD3, 0x3B, 0x5E, 0x45, 0x5E, 0x79, 0x8A, 0xC6, 0xA3, 0xCB, 0xF7, 0x0B,
    0x3E, 0x2C, 0x78, 0x07, 0x1A, 0x65, 0x9C, 0x13, 0x17, 0xA7, 0x74, 0x09, 0x89, 0x47, 0x32, 0x0C,
    0x1F, 0xD5, 0x2F, 0x4D, 0x4B, 0x08, 0xF0, 0x9E, 0x97, 0x50, 0x1A, 0x95, 0x14, 0x53, 0x4D, 0x82,
    0x42, 0x82, 0xFE, 0x78, 0x58, 0xFB, 0x24, 0x8C, 0x9C, 0x8C, 0x93, 0x9D, 0x79, 0x64, 0xE7, 0x82,
    0x3A, 0x5F, 0x54, 0x44, 0x5A, 0x01, 0x92, 0x5C, 0x2D, 0x23, 0xAD, 0x5E, 0xB4, 0x6A, 0xA2, 0x80,
    0xB0, 0x8F, 0x3C, 0x56, 0xF8, 0x4C, 0xF9, 0x96, 0xF2, 0x1A, 0x12, 0x96, 0x9A, 0x58, 0x5A, 0x59,
    0x3A, 0xF9, 0xDE, 0x5C, 0x4E, 0x75, 0x31, 0xEE, 0xE0, 0xB4, 0x09, 0xE1, 0x1C, 0x0A, 0xD4, 0x09,
    0x41, 0xE9, 0xC9, 0xC4, 0xAA, 0xA3, 0xFD, 0x09, 0x9F, 0x83, 0x0F, 0xBD, 0x46, 0x5B, 0xC3, 0x2C,
    0xB6, 0xB3, 0xCA, 0xFE, 0xA8, 0x70, 0xDF, 0x50, 0x9C, 0xAA, 0xA7, 0x58, 0x3A, 0x6B, 0x2C, 0xBD,
    0x75, 0xBF, 0x88, 0x8D, 0xA5, 0xFF, 0xAE, 0xDC, 0xBF, 0x2A, 0x46, 0xA9, 0x47, 0xB1, 0x38, 0x45,
    0x3E, 0x55, 0x6C, 0xB9, 0xB8, 0x03, 0x7B, 0xAF, 0x33, 0x0D, 0xFB, 0x44, 0x90, 0xC3, 0x8B, 0xA1,
    0xAD, 0x37, 0x80, 0xBA, 0x9E, 0x5B, 0x98, 0x21, 0xC7, 0xE0, 0x9B, 0x57, 0x71, 0x6A, 0xF0, 0x9B,
    0x21, 0x11, 0xD1, 0xA8, 0xFB, 0xA8, 0xE6, 0xC5, 0xF6, 0x10, 0xBA, 0x9F, 0xB0, 0x82, 0x0B, 0x42,
    0x58, 0x6D, 0xC9, 0x4A, 0x18, 0x56, 0x66, 0x80, 0xA5, 0xC0, 0x4A, 0x98, 0xBD, 0x8B, 0x21, 0x34,
    0xFC, 0x06, 0xF0, 0xC2, 0x0F, 0xE7, 0x11, 0x62, 0x6E, 0xCE, 0x8B, 0xCE, 0xBC, 0x6B, 0x38, 0x09,
    0xA2, 0x15, 0x63, 0x15, 0x76, 0x0B, 0xD6, 0x71, 0x75, 0x8E, 0xA9, 0x35, 0xA2, 0xE1, 0xE7, 0x64,
    0xEB, 0x39, 0xB1, 0x8C, 0x27, 0xDC, 0x38, 0x20, 0xB1, 0xB3, 0x4E, 0x05, 0x94, 0x76, 0xE6, 0x64,
    0x76, 0xE6, 0x26, 0x67, 0xE1, 0x4B, 0x3B, 0x1B, 0xC2, 0x49, 0x64, 0xB0, 0xF1, 0xE3, 0xAC, 0xA3,
    0x1F, 0x67, 0xF6, 0xBF, 0xA7, 0x58, 0xEB, 0x64, 0x8D, 0xBC, 0xFF, 0x0F, 0xBF, 0x1D, 0xAC, 0xA9,
    0xFF, 0x9C, 0xB1, 0x77, 0x75, 0xC6, 0xEC, 0x9F, 0xB6, 0xFC, 0x68, 0x55, 0xBA, 0xF3, 0x97, 0x93,
    0x08, 0x3C, 0x5F, 0xB4, 0x10, 0x12, 0xC6, 0xA9, 0x46, 0x15, 0x13, 0x3C, 0x45, 0x0B, 0xAB, 0x81,
    0x00, 0x02, 0xA0, 0x26, 0x84, 0x02, 0x90, 0x34, 0xBB, 0x2D, 0x5A, 0x27, 0xFE, 0xBF, 0x3F, 0x52,
    0x38, 0x9D, 0x53, 0x70, 0x6D, 0xD0, 0xCC, 0x8D, 0xDF, 0xAE, 0xE9, 0xC1, 0x3D, 0x4D, 0xC3, 0x19,
    0x93, 0x1D, 0xE5, 0x26, 0x0E, 0x24, 0x61, 0xD2, 0x85, 0xBC, 0x6E, 0xE2, 0x5D, 0x00, 0xE7, 0xCB,
    0x8A, 0x2E, 0x13, 0x37, 0xDA, 0xC9, 0x70, 0x13, 0x81, 0x2B, 0x83, 0x15, 0x04, 0xAE, 0x8C, 0xE9,
    0xA2, 0x31, 0x00, 0x9A, 0x11, 0x01, 0xEE, 0x13, 0xCB, 0x81, 0x3B, 0xEC, 0x70, 0x4E, 0xF6, 0x9C,
    0xF9, 0x55, 0xAB, 0xE2, 0x73, 0x39, 0x39, 0x34, 0x83, 0x4F, 0xC6, 0xC9, 0x47, 0xFF, 0xE5, 0x85,
    0xA3, 0x37, 0x5B, 0x85, 0xA7, 0x05, 0x9C, 0x5B, 0x93, 0x2F, 0x23, 0xAC, 0x63, 0x30, 0x57, 0x23,
    0x88, 0xEC, 0x2D, 0xB0, 0x7C, 0x37, 0x62, 0x45, 0x46, 0xB4, 0x3B, 0x4C, 0x3A, 0x73, 0x26, 0xCD,
    0x5E, 0xE7, 0xFE, 0x0C, 0xEA, 0x69, 0x19, 0x32, 0x37, 0x0B, 0x2E, 0x39, 0x59, 0x4C, 0xE7, 0x11,
    0x00, 0x02, 0xF0, 0x01, 0x76, 0x07, 0x2E, 0xD5, 0xAD, 0xE3, 0x2D, 0x3D, 0x22, 0x64, 0x38, 0x42,
    0x8A, 0xC3, 0x99, 0x3E, 0x0D, 0x70, 0xB6, 0x5B, 0x00, 0x39, 0x83, 0xAB, 0x58, 0x23, 0xCB, 0x69,
    0x40, 0x6C, 0x38, 0x8F, 0xB5, 0x0E, 0x99, 0x26, 0x0F, 0xB5, 0xD2, 0x54, 0xD7, 0x14, 0x57, 0x14,
    0x94, 0x4F, 0xA7, 0x55, 0x3D, 0x8A, 0x74, 0x15, 0xD3, 0x1A, 0xA2, 0x20, 0x92, 0xC4, 0xBF, 0xC2,
    0xB9, 0xC5, 0x9A, 0x53, 0x05, 0x14, 0x07, 0x24, 0x1A, 0x8A, 0xA3, 0x5B, 0x95, 0xDF, 0x44, 0xF7,
    0x98, 0xB6, 0xCA, 0x8B, 0xB8, 0x1D, 0x27, 0x83, 0xED, 0x67, 0x58, 0x1C, 0x4F, 0xA8, 0x8A, 0x6E,
    0x29, 0x77, 0x11, 0x57, 0x5B, 0x4D, 0x2A, 0x5A, 0xD0, 0xF8, 0x42, 0x99, 0xBF, 0xB1, 0xD7, 0x97,
    0x97, 0xA7, 0x92, 0x95, 0xB4, 0xA4, 0x80, 0x95, 0x03, 0x56, 0x6A, 0xF6, 0xE0, 0x6F, 0x9F, 0x3C,
    0xFC, 0xCB, 0x3F, 0x35, 0x21, 0xBC, 0x86, 0x35, 0x21, 0x4B, 0x72, 0x42, 0xB4, 0xE1, 0xBA, 0x9E,
    0x81, 0x2F, 0x19, 0x61, 0x3B, 0x61, 0xE7, 0x09, 0x02, 0x60, 0x00, 0x68, 0x46, 0xE0, 0x42, 0x60,
    0x43, 0xE0, 0x43, 0x60, 0x84, 0x68, 0x8A, 0xC8, 0xB0, 0x1A, 0xAF, 0xCA, 0xAD, 0x12, 0x5E, 0x4D,
    0x59, 0x16, 0xC7, 0xAC, 0x88, 0x83, 0x4D, 0x95, 0x06, 0xDB, 0xAA, 0x14, 0xC1, 0x81, 0xEA, 0xF6,
    0x7A, 0x6A, 0xF3, 0x20, 0x50, 0x9B, 0xAA, 0x5B, 0xB0, 0x02, 0x4E, 0xC9, 0xF1, 0x64, 0x2C, 0x73,
    0xDB, 0x3B, 0xBD, 0xBE, 0xB8, 0x70, 0xC1, 0x12, 0xE0, 0x15, 0x83, 0x57, 0x0F, 0xBC, 0x0E, 0x62,
    0x9E, 0x1F, 0x04, 0x5E, 0xA1, 0x82, 0x40, 0x01, 0x0D, 0xAF, 0xA2, 0x7B, 0x20, 0x8A, 0x4D, 0x25,
    0x72, 0xF0, 0x5A, 0x70, 0x02, 0xAF, 0xC4, 0xCD, 0x9E, 0x3F, 0x37, 0xA0, 0x74, 0x18, 0xF7, 0x88,
    0x27, 0x12, 0x6A, 0x17, 0xCA, 0xC9, 0x9C, 0x26, 0x0F, 0x8F, 0xAA, 0x2F, 0x74, 0x61, 0x52, 0x46,
    0xB5, 0xE1, 0xD7, 0xA6, 0x10, 0xC5, 0x4D, 0x15, 0xF2, 0x25, 0x77, 0x4B, 0xCE, 0x47, 0xC7, 0xA5,
    0x09, 0xB7, 0x2C, 0xE4, 0x77, 0x6B, 0xA7, 0x59, 0x8C, 0xDA, 0x18, 0xE9, 0x7C, 0x42, 0x3B, 0x6D,
    0xCD, 0x18, 0x26, 0xC4, 0x67, 0x88, 0xAA, 0x8C, 0x5C, 0x64, 0x11, 0xE4, 0x60, 0x33, 0x1E, 0xEE,
    0xE7, 0x43, 0x2D, 0x9F, 0x2B, 0xCA, 0x51, 0xE1, 0x0A, 0x7E, 0xCE, 0x8D, 0x2D, 0x96, 0x25, 0x79,
    0x8B, 0xEA, 0x45, 0x2C, 0x59, 0xFD, 0x55, 0x3D, 0xF3, 0x1F, 0xDD, 0xEE, 0x93, 0x48, 0x1B, 0xCD,
    0x26, 0x24, 0xA2, 0xF7, 0x05, 0xAF, 0xC5, 0x73, 0xE5, 0x56, 0x07, 0xF6, 0x73, 0xDA, 0xDC, 0x7A,
    0x0E, 0x64, 0x6E, 0x4F, 0xA4, 0x93, 0x2B, 0x4E, 0xD1, 0xE8, 0x09, 0xF5, 0xD3, 0x53, 0x54, 0x9A,
    0x49, 0x5B, 0x79, 0xFB, 0x99, 0x3F, 0x5F, 0x24, 0x62, 0x48, 0x7B, 0x83, 0x7C, 0x3D, 0xA3, 0x3E,
    0x12, 0x31, 0x7A, 0x08, 0xAC, 0x11, 0x2D, 0x76, 0x05, 0xA1, 0x8F, 0x20, 0x34, 0x12, 0x98, 0x17,
    0x27, 0xF3, 0x0B, 0x8C, 0xE9, 0x07, 0xE7, 0xE6, 0xD0, 0x5C, 0x50, 0xD9, 0x1F, 0xC8, 0x32, 0xD2,
    0x59, 0x79, 0x09, 0xFF, 0x17, 0xF3, 0x13, 0x3C, 0x11, 0x2A, 0x54, 0x5B, 0xA0, 0xCC, 0xDF, 0x65,
    0x9C, 0xFB, 0x6E, 0x73, 0x6E, 0x63, 0xA7, 0x65, 0x1C, 0x5A, 0x7D, 0xCC, 0xCF, 0x08, 0xC6, 0x82,
    0x2F, 0x50, 0xAC, 0xA9, 0x3D, 0x1B, 0x06, 0x23, 0x58, 0x8C, 0x16, 0x26, 0x43, 0xE0, 0xBC, 0x57,
    0xDA, 0x45, 0xC9, 0x92, 0x12, 0xD5, 0x7C, 0x46, 0x0F, 0x74, 0xAE, 0x5F, 0x2F, 0xE7, 0x94, 0xD6,
    0xA6, 0x1D, 0x38, 0x43, 0x58, 0xDC, 0x5D, 0x84, 0xFA, 0xC4, 0xB4, 0x1E, 0x63, 0xFA, 0x55, 0x0E,
    0xA3, 0xA8, 0xD4, 0x82, 0xB0, 0x4C, 0x96, 0x31, 0xCB, 0x54, 0xE0, 0x01, 0xE2, 0x5F, 0x2A, 0xE8,
    0x7D, 0x89, 0x30, 0xFF, 0x53, 0xDE, 0x55, 0xBF, 0xCD, 0x36, 0x8B, 0x08, 0x01, 0xEE, 0x9B, 0x30,
    0x47, 0x19, 0x61, 0x89, 0x3B, 0x6F, 0xBB, 0x95, 0xAA, 0xA9, 0x55, 0x60, 0xE7, 0x0D, 0x0B, 0x7F,
    0xA8, 0xFC, 0x9E, 0x49, 0xEC, 0x26, 0xB7, 0x43, 0x48, 0x7E, 0x54, 0x3A, 0x0B, 0x05, 0x57, 0xC9,
    0x9D, 0xDF, 0x80, 0x23, 0x66, 0xE7, 0xEA, 0x1B, 0xB6, 0x11, 0xF6, 0x11, 0x36, 0x62, 0xD6, 0x40,
    0x34, 0x0A, 0x62, 0x33, 0x2D, 0x77, 0xBB, 0x6A, 0x37, 0x2A, 0xD2, 0x3E, 0xA5, 0xA9, 0x21, 0x64,
    0xC6, 0x2A, 0xFA, 0x45, 0x65, 0x22, 0xF4, 0x7A, 0x7A, 0xD6, 0x9F, 0xA9, 0x31, 0x5A, 0x78, 0xDD,
    0x9F, 0x59, 0xD7, 0x5B, 0xB3, 0x2E, 0xDF, 0xAE, 0xB4, 0x4D, 0xD5, 0xDE, 0xD8, 0x37, 0xDD, 0x16,
    0xFD, 0xBA, 0x24, 0x88, 0x22, 0xFD, 0x26, 0x42, 0x2F, 0xA4, 0x0D, 0x5C, 0x88, 0x9B, 0xB8, 0x41,
    0x1F, 0x00, 0x37, 0x21, 0xCD, 0x86, 0x5C, 0x38, 0xCC, 0x9A, 0xE6, 0x88, 0x53, 0x04, 0x90, 0xB1,
    0xE3, 0x49, 0xDA, 0xF8, 0x36, 0x6C, 0xEC, 0xBD, 0xAF, 0x75, 0xBD, 0xCC, 0xAE, 0xF1, 0xC6, 0x5E,
    0xBD, 0x78, 0x45, 0x37, 0xE7, 0x5C, 0xDB, 0xD8, 0xBF, 0xA6, 0xB5, 0x69, 0x22, 0xE9, 0xEA, 0x16,
    0x6D, 0x07, 0x1B, 0x87, 0x93, 0xF6, 0xDB, 0xB5, 0x01, 0x67, 0xEC, 0xBB, 0x57, 0x2E, 0x4D, 0x58,
    0xC0, 0xBA, 0x9B, 0x7C, 0xD6, 0x19, 0xAF, 0xE0, 0x76, 0x46, 0x30, 0x17, 0x99, 0xB4, 0x0E, 0x44,
    0xB8, 0xB3, 0x11, 0xD6, 0x06, 0xDB, 0x87, 0x80, 0x0F, 0x70, 0xC0, 0x23, 0xD1, 0x45, 0xA4, 0x21,
    0x05, 0x84, 0xD3, 0x6A, 0x31, 0x8F, 0xAA, 0x78, 0x8C, 0xA8, 0x71, 0x89, 0xF9, 0x7E, 0xC9, 0xC7,
    0x74, 0x4B, 0xBB, 0xB0, 0xE3, 0x93, 0x9E, 0x81, 0x8C, 0x70, 0xA5, 0x76, 0x3B, 0xA3, 0xD4, 0xCE,
    0x2F, 0xA6, 0xC1, 0x8F, 0xBE, 0x8A, 0x32, 0x73, 0xA3, 0x36, 0xF6, 0xA4, 0xD6, 0x68, 0x78, 0xD1,
    0x58, 0x98, 0x3B, 0xFA, 0x8C, 0x84, 0x9B, 0x6B, 0xFF, 0x87, 0x3A, 0x8D, 0x5D, 0xFC, 0xD1, 0xB4,
    0x94, 0x13, 0x84, 0x45, 0x6A, 0x29, 0x3B, 0x37, 0x3D, 0xCC, 0x93, 0x1E, 0xF7, 0x73, 0x1B, 0x61,
    0xF5, 0xC2, 0x1E, 0x74, 0x91, 0xB8, 0x29, 0xB4, 0x48, 0x69, 0xCF, 0x44, 0x66, 0xF1, 0x23, 0xA2,
    0x29, 0x3D, 0x73, 0x60, 0xC8, 0x86, 0xCE, 0x4C, 0xBA, 0x9F, 0x55, 0xE8, 0x99, 0x84, 0xE7, 0x07,
    0x5D, 0x1E, 0xAC, 0x2C, 0x7E, 0x16, 0x70, 0xC5, 0x1D, 0x93, 0x17, 0x2F, 0xA6, 0x26, 0x4B, 0xE9,
    0x42, 0xFC, 0x4C, 0xBE, 0x44, 0x32, 0xF8, 0x30, 0xE7, 0x3A, 0xB3, 0x2E, 0x21, 0x36, 0xCC, 0x1F,
    0x4A, 0x21, 0x45, 0x8D, 0x41, 0xDC, 0xBB, 0xB8, 0x70, 0xA6, 0xB4, 0x6E, 0x0A, 0x1A, 0xDE, 0xA3,
    0x03, 0x57, 0xF6, 0xD8, 0x38, 0xE2, 0x6D, 0xFF, 0xCC, 0xE8, 0x86, 0xD4, 0xEA, 0xC6, 0x8E, 0xC9,
    0xB7, 0x7E, 0x39, 0x2D, 0x53, 0xF8, 0x70, 0x43, 0xDE, 0x2C, 0x3E, 0x28, 0x6E, 0xE6, 0x26, 0x62,
    0x3B, 0xCA, 0x19, 0x0D, 0xE9, 0x43, 0xFA, 0x25, 0xD1, 0xAB, 0xE6, 0x97, 0x06, 0x8A, 0x65, 0x72,
    0x9B, 0xC4, 0x0A, 0xA7, 0x78, 0xF8, 0x32, 0xF5, 0xF4, 0x9B, 0xB2, 0xA7, 0x3F, 0x91, 0xF1, 0xF4,
    0x4D, 0x19, 0x44, 0xCC, 0x34, 0x5D, 0xC4, 0xEE, 0xD6, 0x68, 0xD8, 0x8A, 0x56, 0xBA, 0x57, 0xA5,
    0xAB, 0x95, 0xFF, 0x16, 0x92, 0x8D, 0xC0, 0x15, 0x4D, 0x89, 0xA7, 0xA6, 0xEA, 0xE0, 0x96, 0x87,
    0x21, 0x4D, 0xD8, 0x51, 0x69, 0x37, 0xF7, 0xD4, 0xFA, 0x03, 0xD4, 0xC8, 0xC3, 0x9F, 0x94, 0xC8,
    0x6E, 0x29, 0x05, 0xA0, 0x98, 0x82, 0x28, 0x0B, 0x5C, 0xB4, 0x54, 0xC8, 0x5A, 0xB7, 0x14, 0x35,
    0xF2, 0xEF, 0x52, 0x73, 0x4F, 0x5B, 0xAC, 0xAF, 0x53, 0x3A, 0x9D, 0xCA, 0xF4, 0xC1, 0xA7, 0x59,
    0xAA, 0xDE, 0x00, 0x9C, 0x2C, 0x3D, 0x04, 0x22, 0x27, 0xEB, 0x35, 0xBD, 0x98, 0x9B, 0xC0, 0x8E,
    0x92, 0xDF, 0x9D, 0x43, 0x9A, 0xB2, 0x4D, 0x25, 0xAF, 0x8F, 0xB8, 0xAE, 0xC3, 0x7E, 0x3F, 0xBE,
    0x2A, 0x7A, 0x4D, 0x05, 0x01, 0xF5, 0x8C, 0x64, 0xC8, 0x39, 0xC2, 0x1F, 0x09, 0xA6, 0xC4, 0xA9,
    0xEE, 0x25, 0xA6, 0x57, 0x4A, 0x57, 0x17, 0xFE, 0xEF, 0x4D, 0xBE, 0x81, 0x20, 0xBD, 0x4E, 0x99,
    0x3A, 0x45, 0xCF, 0x95, 0xB1, 0x2B, 0x43, 0x27, 0xE1, 0xBA, 0x5A, 0xC5, 0xB5, 0x49, 0xB7, 0x3A,
    0xFF, 0x08, 0xEC, 0xDF, 0x05, 0xD6, 0xBD, 0xEA, 0xF4, 0xE2, 0xF4, 0x09, 0x8B, 0x67, 0x50, 0xA0,
    0xD7, 0xB0, 0x16, 0x2F, 0x48, 0xA4, 0x13, 0xF6, 0x56, 0xC5, 0x9A, 0x37, 0x93, 0xCD, 0x0C, 0xE1,
    0x83, 0x58, 0x6D, 0xEC, 0xD2, 0x59, 0xA6, 0xF7, 0xAD, 0x45, 0xBA, 0x13, 0x10, 0x5E, 0xF8, 0xBA,
    0x14, 0x22, 0x9E, 0x88, 0xF8, 0xFB, 0x31, 0xE4, 0x8E, 0x21, 0x7E, 0x0B, 0xF3, 0x39, 0x46, 0x8B,
    0x87, 0xEE, 0x2E, 0xF6, 0x47, 0xC3, 0x92, 0xA9, 0x61, 0x42, 0x67, 0xFA, 0xB0, 0x57, 0x2A, 0xE3,
    0x87, 0x63, 0x4D, 0xE8, 0x5A, 0x4A, 0xA1, 0x71, 0xC5, 0x55, 0x26, 0x62, 0xEE, 0xEB, 0xDB, 0xEE,
    0xC7, 0x6D, 0xAF, 0x7D, 0xB5, 0x49, 0xF2, 0xDD, 0xCE, 0xDB, 0x13, 0x8E, 0xB3, 0x06, 0x14, 0x7B,
    0xD4, 0xC3, 0x6F, 0x39, 0x26, 0x53, 0x98, 0xD5, 0xCE, 0xE2, 0x0E, 0x1A, 0x6E, 0xE5, 0x8F, 0x70,
    0x42, 0xDC, 0x66, 0xD7, 0xD5, 0x04, 0xF9, 0xD5, 0x4D, 0x90, 0x61, 0xF1, 0x63, 0xBC, 0x1D, 0x2A,
    0x37, 0x41, 0x9E, 0xE5, 0x49, 0xF4, 0xF3, 0xF9, 0x34, 0x61, 0x5A, 0x3F, 0x4E, 0x90, 0x6D, 0x71,
    0x8B, 0xE9, 0xA9, 0x83, 0x09, 0x01, 0xD9, 0x04, 0x20, 0x86, 0xBE, 0xC9, 0x8A, 0x69, 0xF7, 0x37,
    0x9F, 0xC9, 0x32, 0x98, 0x3C, 0xCC, 0x0E, 0x56, 0xB4, 0xCE, 0xE3, 0xCE, 0xA7, 0xEF, 0xCC, 0xA2,
    0xFD, 0x8F, 0xBE, 0xB3, 0xE6, 0x2E, 0xAA, 0x2D, 0xD1, 0xD7, 0x75, 0x8D, 0xB1, 0x0D, 0xC2, 0x30,
    0x14, 0x44, 0x5F, 0x12, 0x09, 0x17, 0x14, 0x7F, 0x04, 0x37, 0xD4, 0x78, 0x01, 0x62, 0x7B, 0xB0,
    0x08, 0x79, 0x84, 0x8C, 0x43, 0x01, 0xB2, 0x47, 0x08, 0x1B, 0x44, 0x4C, 0xF0, 0x25, 0x52, 0xA4,
    0xA0, 0xC0, 0x20, 0x91, 0x8E, 0x93, 0x5E, 0x71, 0xC5, 0xBB, 0xE3, 0x00, 0x9C, 0x2A, 0x52, 0x31,
    0x05, 0x9A, 0xC4, 0x2F, 0x37, 0x58, 0x03, 0xAD, 0xDA, 0x68, 0x26, 0x29, 0x52, 0xBA, 0xD9, 0xD6,
    0xE6, 0xE1, 0x75, 0x85, 0xF3, 0x02, 0x6E, 0xAE, 0x5E, 0x75, 0xF6, 0xE9, 0x3F, 0x23, 0xE8, 0xF7,
    0xC1, 0xC2, 0x6E, 0x9B, 0x66, 0xC0, 0xF5, 0x78, 0x4F, 0xEF, 0x18, 0x24, 0x5E, 0x24, 0x2D, 0xA6,
    0x68, 0x77, 0xD7, 0xF6, 0x31, 0xF1, 0x2C, 0xE4, 0x44, 0x88, 0x04, 0x38, 0x7E, 0xDC, 0x66, 0x25,
    0x2B, 0x39, 0xF2, 0x06, 0x8D, 0x51, 0xB1, 0x4E, 0xC3, 0x30, 0x10, 0x7D, 0x49, 0x86, 0x48, 0x44,
    0xEA, 0x7D, 0x01, 0xF5, 0x8A, 0x50, 0x55, 0xAF, 0x1D, 0xE2, 0xC6, 0x3B, 0x4B, 0x17, 0x76, 0x66,
    0xA6, 0x8E, 0x1D, 0x22, 0x61, 0xF1, 0x05, 0xFD, 0x84, 0xCC, 0xCC, 0x1D, 0x3A, 0x54, 0xC4, 0xE2,
    0x0B, 0xFC, 0x09, 0x88, 0x2F, 0xF0, 0x50, 0xA4, 0x0E, 0x45, 0xE1, 0x1C, 0x33, 0xB4, 0x10, 0x10,
    0xE7, 0x17, 0x3D, 0xE7, 0xD9, 0x77, 0xF7, 0x2E, 0x59, 0x34, 0x3F, 0x02, 0xC0, 0xDD, 0xFA, 0xDA,
    0x10, 0xA4, 0xB9, 0x5F, 0x5F, 0xE0, 0xAF, 0x05, 0x3C, 0x35, 0x9D, 0xBF, 0x5D, 0x54, 0x5D, 0xE7,
    0xBE, 0x1E, 0x0E, 0x3F, 0x48, 0x23, 0x8C, 0xA1, 0x50, 0xA2, 0xE6, 0x45, 0x9A, 0xB4, 0x80, 0xE0,
    0xF7, 0xC9, 0xD9, 0x7E, 0x94, 0xEB, 0x31, 0x69, 0x25, 0x50, 0x4E, 0x51, 0xCF, 0x03, 0xE8, 0xC6,
    0x32, 0x44, 0x61, 0x44, 0xAF, 0x4F, 0x2E, 0xCF, 0x15, 0x0A, 0x0A, 0x17, 0x3D, 0x45, 0xD5, 0x1D,
    0x19, 0xDF, 0xC4, 0x61, 0xCC, 0x80, 0xAB, 0x7F, 0xA5, 0x0F, 0xD7, 0xEC, 0xD3, 0x85, 0xAB, 0x7C,
    0x7B, 0x68, 0x0F, 0x0F, 0x5E, 0x38, 0x85, 0x29, 0x4F, 0xF2, 0x8C, 0x0A, 0x95, 0x8E, 0xFB, 0xC2,
    0xF3, 0x60, 0x1C, 0xF2, 0xC8, 0x63, 0x73, 0xD4, 0x12, 0xFB, 0xC0, 0x1B, 0x4A, 0x5F, 0x23, 0x67,
    0x36, 0x72, 0x61, 0x22, 0x0B, 0xC4, 0x7B, 0x4A, 0xDA, 0x7C, 0xCF, 0x79, 0x75, 0xEB, 0xE5, 0x07,
    0xD7, 0x79, 0xF7, 0x3B, 0xFE, 0x00, 0x48, 0xDF, 0x5C, 0xB9, 0x22, 0x8D, 0xEC, 0xC5, 0x95, 0x9B,
    0x42, 0xA3, 0x78, 0x8C, 0x2C, 0xD2, 0xA8, 0xAB, 0x24, 0xDE, 0xAB, 0xD1, 0xE7, 0x71, 0xB7, 0xBE,
    0x0E, 0x9A, 0xC4, 0x67, 0x8E, 0x8C, 0xC4, 0x1C, 0x12, 0x64, 0x32, 0x97, 0x78, 0x34, 0x4B, 0x6C,
    0xD9, 0x9E, 0x00, 0xD9, 0xDC, 0x91, 0x0D, 0xFF, 0x60, 0x8B, 0x25, 0x77, 0xE7, 0x7A, 0x08, 0x3E,
    0x82, 0xF5, 0x60, 0xDB, 0x73, 0x5F, 0xB6, 0x1B, 0xAC, 0x9E, 0x1E, 0xAD, 0x7E, 0x3F, 0xFA, 0x04,
    0xD5, 0x90, 0x31, 0x52, 0x03, 0x31, 0x0C, 0x45, 0x5F, 0xB2, 0x85, 0x0B, 0x0F, 0x71, 0x8A, 0x74,
    0x0C, 0x71, 0x43, 0xB9, 0x89, 0xDB, 0x2D, 0x9C, 0xB1, 0x6F, 0xC3, 0x15, 0x28, 0x60, 0xD8, 0x83,
    0xC1, 0xC4, 0x47, 0xE0, 0x08, 0x7B, 0x00, 0x0A, 0x0A, 0x17, 0x5B, 0x38, 0xEB, 0xC8, 0xA1, 0xA1,
    0xA2, 0x67, 0xF4, 0x0B, 0xEB, 0xCB, 0x7A, 0x1A, 0x49, 0x65, 0xEC, 0x85, 0x93, 0xC5, 0x1B, 0x9E,
    0x75, 0x93, 0x3C, 0x24, 0x15, 0x53, 0x65, 0xF0, 0x50, 0x58, 0x7F, 0xA1, 0x7B, 0x1E, 0x7A, 0x7C,
    0xCF, 0x5B, 0x8D, 0x22, 0x7A, 0x44, 0x61, 0x0E, 0xF3, 0x40, 0x18, 0x43, 0x5E, 0xBD, 0xE3, 0xE3,
    0x4B, 0xCD, 0xE7, 0x4F, 0x5E, 0x51, 0x0B, 0x26, 0xE2, 0x66, 0xC2, 0xD2, 0x60, 0x5E, 0x73, 0x32,
    0xD8, 0xA5, 0xF1, 0x42, 0x6D, 0xE2, 0x00, 0x03, 0x7C, 0xB3, 0x9A, 0x58, 0x27, 0xBA, 0x84, 0x8A,
    0xE8, 0xD8, 0x3E, 0xB8, 0xCB, 0xAD, 0x65, 0x83, 0x29, 0xEC, 0x3F, 0x18, 0x4C, 0x4B, 0x85, 0xA3,
    0x67, 0xF4, 0x4F, 0xD5, 0x36, 0xA0, 0x40, 0xB4, 0x70, 0xF6, 0xC8, 0x60, 0x27, 0xFE, 0xD8, 0x7A,
    0xFF, 0xD8, 0xA3, 0x4B, 0x2E, 0x9D, 0xD3, 0x53, 0xEA, 0x7E, 0xC5, 0x7D, 0x0E, 0xE5, 0xF1, 0x20,
    0x6B, 0x0C, 0x4C, 0x6A, 0xBC, 0xC3, 0xD5, 0x50, 0xAD, 0x78, 0x3B, 0xAF, 0xB2, 0x2A, 0x1C, 0xD9,
    0x6C, 0x8F, 0xA1, 0xB8, 0xE9, 0xFF, 0xDC, 0xE0, 0x0A, 0x75, 0x8F, 0x31, 0x0E, 0x82, 0x40, 0x10,
    0x45, 0xDF, 0x42, 0x22, 0x05, 0x05, 0x07, 0x30, 0x91, 0x23, 0x78, 0x01, 0x15, 0x6E, 0xB6, 0x1C,
    0xCA, 0x9E, 0x3D, 0x02, 0x47, 0xA0, 0xF0, 0x00, 0x14, 0x14, 0x98, 0x20, 0xE3, 0xDF, 0x95, 0x68,
    0x65, 0xF1, 0x92, 0x99, 0x3F, 0x99, 0x3F, 0x7F, 0x28, 0x37, 0xE8, 0x0D, 0xB7, 0x38, 0xF2, 0x11,
    0x8A, 0x00, 0x66, 0x8B, 0x98, 0xA9, 0x3A, 0x12, 0x66, 0x63, 0xA2, 0x0C, 0x9F, 0x79, 0x3E, 0x81,
    0x7B, 0x39, 0xF0, 0xD6, 0x51, 0x6E, 0xAD, 0x99, 0x11, 0xE1, 0xC2, 0x8F, 0xEB, 0x1D, 0x9A, 0x19,
    0x67, 0x2D, 0xF5, 0x0A, 0xA7, 0x7F, 0xDA, 0x4E, 0x26, 0xFF, 0xDC, 0x56, 0xB2, 0xD6, 0x4B, 0xA8,
    0x13, 0x8D, 0x59, 0x88, 0x50, 0xCC, 0x70, 0x0E, 0xBA, 0xC9, 0x57, 0xAB, 0x5A, 0x65, 0x8B, 0x0C,
    0x07, 0xED, 0xC9, 0xB0, 0x7F, 0x2A, 0x8E, 0x75, 0x3E, 0xD6, 0xC5, 0xA0, 0x80, 0x53, 0xEC, 0xC5,
    0x96, 0x6A, 0x8E, 0x43, 0x8A, 0xEB, 0x1F, 0xF2, 0x90, 0x7B, 0xB5, 0xFF, 0x81, 0x72, 0x70, 0x8B,
    0xE7, 0x64, 0xA6, 0x07, 0xDF, 0xAD, 0x52, 0x31, 0x4E, 0xC3, 0x40, 0x10, 0x1C, 0x9F, 0x11, 0x96,
    0x70, 0xE1, 0x1A, 0x59, 0x4A, 0x5E, 0x10, 0xB9, 0x49, 0x91, 0xC2, 0x4E, 0xEE, 0x37, 0x7C, 0x21,
    0x45, 0xC0, 0x7E, 0x02, 0x3F, 0xE0, 0x0B, 0x14, 0x29, 0x52, 0x18, 0x7C, 0xFC, 0xE0, 0x9E, 0xE0,
    0x22, 0x0F, 0xB8, 0xC2, 0x45, 0x90, 0x12, 0x1F, 0xB3, 0xB9, 0x20, 0x01, 0x12, 0x05, 0x12, 0x91,
    0x67, 0xA2, 0xDB, 0x9D, 0xDD, 0xDB, 0x59, 0x3B, 0x1F, 0x81, 0xC2, 0xF7, 0xB8, 0x4A, 0x0E, 0x00,
    0x5A, 0x62, 0x49, 0x14, 0xC4, 0x14, 0x51, 0xF7, 0x84, 0xCC, 0x7B, 0xBD, 0xD2, 0xB5, 0xBE, 0x47,
    0xA6, 0x77, 0xC8, 0x30, 0x30, 0x3E, 0x30, 0x3F, 0xA0, 0xA2, 0xBA, 0xC5, 0x83, 0xE2, 0xC9, 0x5B,
    0x5C, 0xB3, 0x0F, 0x62, 0x4B, 0x4A, 0x1D, 0x29, 0xDB, 0x92, 0x66, 0x1B, 0x52, 0x59, 0x91, 0xD6,
    0x13, 0x92, 0xCB, 0x80, 0xC8, 0xA5, 0x0D, 0x94, 0x4D, 0x0C, 0x62, 0x43, 0x75, 0x6A, 0x94, 0x63,
    0xE3, 0xC8, 0xB1, 0x2B, 0x0E, 0x72, 0x6D, 0xCB, 0xBE, 0xD8, 0xA0, 0xF6, 0x7E, 0x44, 0xE7, 0xBD,
    0x07, 0x61, 0x05, 0x07, 0x76, 0xFF, 0x0F, 0xB0, 0xB3, 0x16, 0x88, 0xC5, 0xAC, 0x01, 0x12, 0xCE,
    0xAC, 0x64, 0x64, 0xF1, 0x5F, 0x9D, 0x7D, 0x87, 0x44, 0x71, 0x39, 0x1F, 0x43, 0x5E, 0x74, 0x12,
    0x9E, 0x5E, 0x56, 0x24, 0x3D, 0xBA, 0x00, 0x3E, 0xB4, 0xAD, 0x43, 0x4E, 0x4A, 0xC4, 0x37, 0x4B,
    0x54, 0xCF, 0x95, 0x98, 0xEF, 0xA9, 0xF5, 0xEF, 0xA9, 0xEA, 0x55, 0x78, 0x08, 0x82, 0x88, 0x02,
    0x65, 0x83, 0xE8, 0x53, 0x98, 0x21, 0x60, 0x82, 0xBC, 0x99, 0xA1, 0x33, 0x25, 0xEE, 0xFA, 0x05,
    0x57, 0xCA, 0x5D, 0x0F, 0x2C, 0xD9, 0x10, 0x4B, 0x96, 0x15, 0x32, 0xA9, 0x94, 0x34, 0x48, 0xFB,
    0x5A, 0x17, 0x27, 0x6F, 0xCB, 0xE9, 0x9B, 0x5B, 0xA4, 0xDA, 0xC9, 0xBF, 0x9C, 0x25, 0x8E, 0xDC,
    0xA0, 0x36, 0xB4, 0xC7, 0xED, 0xAB, 0x3F, 0x3D, 0x3D, 0xE2, 0x1E, 0xA9, 0x85, 0x6F, 0x70, 0xE2,
    0x55, 0xF6, 0x66, 0x75, 0x9A, 0x6C, 0xEB, 0xE3, 0x73, 0x22, 0xB3, 0xE3, 0x67, 0xE4, 0x51, 0x2E,
    0x88, 0xCD, 0x65, 0x4F, 0xFC, 0x10, 0x4A, 0x60, 0x87, 0x70, 0xA4, 0x33, 0x1A, 0x4B, 0xA4, 0xE8,
    0x16, 0xD1, 0x88, 0x62, 0x9F, 0x8C, 0xA8, 0x2D, 0x5E, 0x20, 0x9C, 0xC8, 0xB7, 0xB9, 0x97, 0x38,
    0xB3, 0xE7, 0x5F, 0xA8, 0x9A, 0x33, 0x4B, 0x6F, 0x7C, 0x61, 0x1D, 0x45, 0x1C, 0xA1, 0x16, 0xEE,
    0x6C, 0xFE, 0x8E, 0xAE, 0xC1, 0x1C, 0xF8, 0x2A, 0xFE, 0x00, 0xA5, 0x90, 0xB1, 0x0D, 0xC3, 0x20,
    0x14, 0x44, 0x2F, 0xB8, 0xFC, 0x05, 0x23, 0x30, 0x41, 0x66, 0x70, 0x16, 0xB3, 0xE4, 0xCD, 0x62,
    0x7B, 0x02, 0x46, 0xF0, 0x08, 0x14, 0x14, 0x6E, 0x00, 0x73, 0x9F, 0x58, 0x89, 0x52, 0xD9, 0x72,
    0x71, 0x4F, 0xE2, 0x80, 0xFB, 0xBA, 0x2F, 0x19, 0x6F, 0xDF, 0xE7, 0xAE, 0xF8, 0x01, 0xE2, 0xB1,
    0xC1, 0xBE, 0x10, 0x61, 0xD1, 0x50, 0x92, 0x2B, 0x93, 0x22, 0xC2, 0xD1, 0xBB, 0x0A, 0x49, 0x40,
    0x9F, 0x1C, 0x86, 0x7A, 0xD8, 0x40, 0xB3, 0xA9, 0x66, 0xAA, 0xF8, 0xE8, 0xAC, 0x24, 0xC9, 0x4F,
    0xD6, 0xD7, 0x3F, 0x9F, 0x65, 0xC7, 0xAA, 0x10, 0x61, 0x56, 0xA9, 0xB5, 0x27, 0xB0, 0xF7, 0x12,
    0x58, 0xDC, 0x04, 0x6D, 0xDE, 0x5A, 0x7F, 0xC8, 0xDE, 0x4B, 0x68, 0xE4, 0x7F, 0x73, 0x8B, 0x9C,
    0x38, 0xAF, 0xFF, 0x13, 0x79, 0x6B, 0x71, 0xF0, 0xEE, 0xC4, 0x47, 0xD4, 0xA5, 0x67, 0xE5, 0x73,
    0x07,
};

static const EpdGlyph ubuntu_12_regularGlyphs[] = {
    { 0, 0, 0, 0, 0, 0, 0 }, // U+0000
    { 0, 0, 0, 0, 0, 0, 0 }, // U+0008
    { 0, 0, 92, 0, 0, 0, 0 }, // U+0009
    { 0, 0, 92, 0, 0, 0, 0 }, // U+000D
    { 0, 0, 0, 0, 0, 0, 0 }, // U+001D
    { 0, 0, 92, 0, 0, 0, 0 }, // U+0020
    { 5, 17, 110, 1, 17, 22, 0 }, // !
    { 8, 6, 167, 1, 20, 12, 22 }, // "
    { 15, 17, 267, 1, 17, 64, 34 }, // #
    { 12, 23, 226, 1, 20, 69, 98 }, // $
    { 20, 17, 343, 1, 17, 85, 167 }, // %
    { 16, 17, 266, 1, 17, 68, 252 }, // &
    { 4, 6, 96, 1, 20, 6, 320 }, // '
    { 7, 25, 130, 1, 20, 44, 326 }, // (
    { 7, 25, 130, 0, 20, 44, 370 }, // )
    { 12, 10, 192, 0, 17, 30, 414 }, // *
    { 12, 12, 226, 1, 14, 36, 444 }, // +
    { 5, 7, 98, 0, 3, 9, 480 }, // ,
    { 7, 2, 120, 0, 8, 4, 489 }, // -
    { 4, 3, 98, 1, 3, 3, 493 }, // .
    { 12, 25, 154, -1, 20, 75, 496 }, // /
    { 12, 17, 226, 1, 17, 51, 571 }, // 0
    { 8, 17, 226, 2, 17, 34, 622 }, // 1
    { 12, 17, 226, 1, 17, 51, 656 }, // 2
    { 12, 17, 226, 1, 17, 51, 707 }, // 3
    { 13, 17, 226, 1, 17, 56, 758 }, // 4
    { 12, 17, 226, 1, 17, 51, 814 }, // 5
    { 12, 17, 226, 1, 17, 51, 865 }, // 6
    { 12, 17, 226, 1, 17, 51, 916 }, // 7
    { 12, 17, 226, 1, 17, 51, 967 }, // 8
    { 12, 17, 226, 1, 17, 51, 1018 }, // 9
    { 4, 13, 98, 1, 13, 13, 1069 }, // :
    { 5, 17, 98, 0, 13, 22, 1082 }, // ;
    { 12, 11, 226, 1, 13, 33, 1104 }, // <
    { 12, 7, 226, 1, 11, 21, 1137 }, // =
    { 12, 11, 226, 1, 13, 33, 1158 }, // >
    { 10, 17, 162, 0, 17, 43, 1191 }, // ?
    { 22, 22, 380, 1, 18, 121, 1234 }, // @
    { 17, 17, 265, 0, 17, 73, 1355 }, // A
    { 13, 17, 257, 2, 17, 56, 1428 }, // B
    { 14, 17, 248, 1, 17, 60, 1484 }, // C
    { 15, 17, 285, 2, 17, 64, 1544 }, // D
    { 12, 17, 228, 2, 17, 51, 1608 }, // E
    { 11, 17, 215, 2, 17, 47, 1659 }, // F
    { 15, 17, 269, 1, 17, 64, 1706 }, // G
    { 14, 17, 282, 2, 17, 60, 1770 }, // H
    { 3, 17, 108, 2, 17, 13, 1830 }, // I
    { 11, 17, 200, 0, 17, 47, 1843 }, // J
    { 14, 17, 252, 2, 17, 60, 1890 }, // K
    { 11, 17, 208, 2, 17, 47, 1950 }, // L
    { 20, 17, 348, 1, 17, 85, 1997 }, // M
    { 15, 17, 291, 2, 17, 64, 2082 }, // N
    { 17, 17, 311, 1, 17, 73, 2146 }, // O
    { 13, 17, 243, 2, 17, 56, 2219 }, // P
    { 17, 22, 311, 1, 17, 94, 2275 }, // Q
    { 14, 17, 252, 2, 17, 60, 2369 }, // R
    { 13, 17, 213, 0, 17, 56, 2429 }, // S
    { 14, 17, 226, 0, 17, 60, 2485 }, // T
    { 14, 17, 275, 2, 17, 60, 2545 }, // U
    { 17, 17, 262, 0, 17, 73, 2605 }, // V
    { 23, 17, 372, 0, 17, 98, 2678 }, // W
    { 16, 17, 252, 0, 17, 68, 2776 }, // X
    { 15, 17, 239, 0, 17, 64, 2844 }, // Y
    { 14, 17, 229, 0, 17, 60, 2908 }, // Z
    { 7, 25, 132, 2, 20, 44, 2968 }, // [
    { 12, 25, 154, -1, 20, 75, 3012 }, // <backslash>
    { 6, 25, 132, 0, 20, 38, 3087 }, // ]
    { 12, 9, 226, 1, 17, 27, 3125 }, // ^
    { 14, 2, 197, -1, -3, 7, 3152 }, // _
    { 6, 5, 150, 1, 20, 8, 3159 }, // `
    { 11, 13, 209, 1, 13, 36, 3167 }, // a
    { 12, 19, 236, 2, 19, 57, 3203 }, // b
    { 11, 13, 186, 1, 13, 36, 3260 }, // c
    { 12, 19, 236, 1, 19, 57, 3296 }, // d
    { 12, 13, 224, 1, 13, 39, 3353 }, // e
    { 8, 19, 154, 2, 19, 38, 3392 }, // f
    { 12, 18, 231, 1, 13, 54, 3430 }, // g
    { 11, 19, 228, 2, 19, 53, 3484 }, // h
    { 4, 18, 101, 1, 18, 18, 3537 }, // i
    { 7, 23, 101, -2, 18, 41, 3555 }, // j
    { 11, 19, 209, 2, 19, 53, 3596 }, // k
    { 6, 19, 109, 1, 19, 29, 3649 }, // l
    { 18, 13, 344, 2, 13, 59, 3678 }, // m
    { 11, 13, 230, 2, 13, 36, 3737 }, // n
    { 13, 13, 236, 1, 13, 43, 3773 }, // o
    { 12, 18, 236, 2, 13, 54, 3816 }, // p
    { 12, 18, 236, 1, 13, 54, 3870 }, // q
    { 8, 13, 154, 2, 13, 26, 3924 }, // r
    { 10, 13, 178, 1, 13, 33, 3950 }, // s
    { 9, 17, 161, 1, 17, 39, 3983 }, // t
    { 12, 13, 230, 1, 13, 39, 4022 }, // u
    { 13, 13, 201, 0, 13, 43, 4061 }, // v
    { 19, 13, 311, 0, 13, 62, 4104 }, // w
    { 13, 13, 204, 0, 13, 43, 4166 }, // x
    { 12, 18, 199, 0, 13, 54, 4209 }, // y
    { 11, 13, 188, 0, 13, 36, 4263 }, // z
    { 8, 25, 133, 1, 20, 50, 4299 }, // {
    { 3, 25, 112, 2, 20, 19, 4349 }, // |
    { 8, 25, 133, 0, 20, 50, 4368 }, // }
    { 12, 4, 226, 1, 10, 12, 4418 }, // ~
    { 0, 0, 92, 0, 0, 0, 0 }, // U+00A0
    { 5, 18, 110, 1, 13, 23, 0 }, // U+00A1
    { 10, 19, 226, 2, 16, 48, 23 }, // U+00A2
    { 12, 17, 226, 1, 17, 51, 71 }, // U+00A3
    { 12, 12, 226, 1, 15, 36, 122 }, // U+00A4
    { 14, 17, 226, 0, 17, 60, 158 }, // U+00A5
    { 3, 25, 112, 2, 20, 19, 218 }, // U+00A6
    { 11, 20, 197, 1, 18, 55, 237 }, // U+00A7
    { 9, 3, 150, 0, 18, 7, 292 }, // U+00A8
    { 18, 17, 326, 1, 17, 77, 299 }, // U+00A9
    { 9, 9, 156, 0, 17, 21, 376 }, // U+00AA
    { 12, 11, 200, 0, 13, 33, 397 }, // U+00AB
    { 12, 9, 226, 1, 10, 27, 430 }, // U+00AC
    { 7, 2, 120, 0, 8, 4, 457 }, // U+00AD
    { 18, 17, 326, 1, 17, 77, 461 }, // U+00AE
    { 8, 2, 150, 1, 18, 4, 538 }, // U+00AF
    { 8, 7, 133, 0, 19, 14, 542 }, // U+00B0
    { 12, 15, 226, 1, 15, 45, 556 }, // U+00B1
    { 8, 10, 144, 0, 18, 20, 601 }, // U+00B2
    { 8, 10, 144, 0, 18, 20, 621 }, // U+00B3
    { 5, 5, 150, 3, 20, 7, 641 }, // U+00B4
    { 11, 18, 232, 2, 13, 50, 648 }, // U+00B5
    { 13, 22, 258, 1, 17, 72, 698 }, // U+00B6
    { 4, 3, 98, 1, 9, 3, 770 }, // U+00B7
    { 6, 6, 150, 1, 1, 9, 773 }, // U+00B8
    { 5, 10, 144, 1, 18, 13, 782 }, // U+00B9
    { 10, 9, 178, 1, 17, 23, 795 }, // U+00BA
    { 11, 11, 200, 1, 13, 31, 818 }, // U+00BB
    { 21, 18, 350, 1, 18, 95, 849 }, // U+00BC
    { 20, 18, 350, 1, 18, 90, 944 }, // U+00BD
    { 22, 18, 350, 0, 18, 99, 1034 }, // U+00BE
    { 10, 18, 162, 0, 13, 45, 1133 }, // U+00BF
    { 17, 24, 265, 0, 24, 102, 1178 }, // U+00C0
    { 17, 24, 265, 0, 24, 102, 1280 }, // U+00C1
    { 17, 24, 265, 0, 24, 102, 1382 }, // U+00C2
    { 17, 23, 265, 0, 23, 98, 1484 }, // U+00C3
    { 17, 22, 265, 0, 22, 94, 1582 }, // U+00C4
    { 17, 21, 265, 0, 21, 90, 1676 }, // U+00C5
    { 23, 17, 374, 0, 17, 98, 1766 }, // U+00C6
    { 14, 23, 248, 1, 17, 81, 1864 }, // U+00C7
    { 12, 24, 228, 2, 24, 72, 1945 }, // U+00C8
    { 12, 24, 228, 2, 24, 72, 2017 }, // U+00C9
    { 12, 24, 228, 2, 24, 72, 2089 }, // U+00CA
    { 12, 22, 228, 2, 22, 66, 2161 }, // U+00CB
    { 6, 24, 108, 0, 24, 36, 2227 }, // U+00CC
    { 6, 24, 108, 1, 24, 36, 2263 }, // U+00CD
    { 8, 24, 108, -1, 24, 48, 2299 }, // U+00CE
    { 9, 22, 108, -1, 22, 50, 2347 }, // U+00CF
    { 17, 17, 290, 0, 17, 73, 2397 }, // U+00D0
    { 15, 23, 291, 2, 23, 87, 2470 }, // U+00D1
    { 17, 24, 311, 1, 24, 102, 2557 }, // U+00D2
    { 17, 24, 311, 1, 24, 102, 2659 }, // U+00D3
    { 17, 24, 311, 1, 24, 102, 2761 }, // U+00D4
    { 17, 23, 311, 1, 23, 98, 2863 }, // U+00D5
    { 17, 22, 311, 1, 22, 94, 2961 }, // U+00D6
    { 11, 11, 226, 2, 13, 31, 3055 }, // U+00D7
    { 17, 19, 311, 1, 18, 81, 3086 }, // U+00D8
    { 14, 24, 275, 2, 24, 84, 3167 }, // U+00D9
    { 14, 24, 275, 2, 24, 84, 3251 }, // U+00DA
    { 14, 24, 275, 2, 24, 84, 3335 }, // U+00DB
    { 14, 22, 275, 2, 22, 77, 3419 }, // U+00DC
    { 15, 24, 239, 0, 24, 90, 3496 }, // U+00DD
    { 13, 17, 244, 2, 17, 56, 3586 }, // U+00DE
    { 13, 19, 249, 2, 19, 62, 3642 }, // U+00DF
    { 11, 20, 209, 1, 20, 55, 3704 }, // U+00E0
    { 11, 20, 209, 1, 20, 55, 3759 }, // U+00E1
    { 11, 20, 209, 1, 20, 55, 3814 }, // U+00E2
    { 11, 19, 209, 1, 19, 53, 3869 }, // U+00E3
    { 11, 18, 209, 1, 18, 50, 3922 }, // U+00E4
    { 11, 20, 209, 1, 20, 55, 3972 }, // U+00E5
    { 20, 13, 344, 1, 13, 65, 4027 }, // U+00E6
    { 11, 19, 186, 1, 13, 53, 4092 }, // U+00E7
    { 12, 20, 224, 1, 20, 60, 4145 }, // U+00E8
    { 12, 20, 224, 1, 20, 60, 4205 }, // U+00E9
    { 12, 20, 224, 1, 20, 60, 4265 }, // U+00EA
    { 12, 18, 224, 1, 18, 54, 4325 }, // U+00EB
    { 5, 20, 101, 0, 20, 25, 4379 }, // U+00EC
    { 6, 20, 101, 1, 20, 30, 4404 }, // U+00ED
    { 8, 20, 101, -1, 20, 40, 4434 }, // U+00EE
    { 8, 18, 101, -1, 18, 36, 4474 }, // U+00EF
    { 14, 19, 236, 1, 19, 67, 4510 }, // U+00F0
    { 11, 19, 230, 2, 19, 53, 4577 }, // U+00F1
    { 13, 20, 236, 1, 20, 65, 4630 }, // U+00F2
    { 13, 20, 236, 1, 20, 65, 4695 }, // U+00F3
    { 13, 20, 236, 1, 20, 65, 4760 }, // U+00F4
    { 13, 19, 236, 1, 19, 62, 4825 }, // U+00F5
    { 13, 18, 236, 1, 18, 59, 4887 }, // U+00F6
    { 12, 12, 226, 1, 14, 36, 4946 }, // U+00F7
    { 13, 15, 236, 1, 14, 49, 4982 }, // U+00F8
    { 12, 20, 230, 1, 20, 60, 5031 }, // U+00F9
    { 12, 20, 230, 1, 20, 60, 5091 }, // U+00FA
    { 12, 20, 230, 1, 20, 60, 5151 }, // U+00FB
    { 12, 18, 230, 1, 18, 54, 5211 }, // U+00FC
    { 12, 25, 199, 0, 20, 75, 5265 }, // U+00FD
    { 12, 24, 236, 2, 19, 72, 5340 }, // U+00FE
    { 12, 23, 199, 0, 18, 69, 5412 }, // U+00FF
    { 17, 22, 265, 0, 22, 94, 0 }, // U+0100
    { 11, 18, 209, 1, 18, 50, 94 }, // U+0101
    { 17, 23, 265, 0, 23, 98, 144 }, // U+0102
    { 11, 19, 209, 1, 19, 53, 242 }, // U+0103
    { 17, 22, 265, 0, 17, 94, 295 }, // U+0104
    { 11, 18, 209, 1, 13, 50, 389 }, // U+0105
    { 14, 24, 248, 1, 24, 84, 439 }, // U+0106
    { 11, 20, 186, 1, 20, 55, 523 }, // U+0107
    { 14, 24, 248, 1, 24, 84, 578 }, // U+0108
    { 11, 20, 186, 1, 20, 55, 662 }, // U+0109
    { 14, 22, 248, 1, 22, 77, 717 }, // U+010A
    { 11, 18, 186, 1, 18, 50, 794 }, // U+010B
    { 14, 24, 248, 1, 24, 84, 844 }, // U+010C
    { 11, 20, 186, 1, 20, 55, 928 }, // U+010D
    { 15, 24, 285, 2, 24, 90, 983 }, // U+010E
    { 16, 19, 249, 1, 19, 76, 1073 }, // U+010F
    { 17, 17, 290, 0, 17, 73, 1149 }, // U+0110
    { 14, 19, 236, 1, 19, 67, 1222 }, // U+0111
    { 12, 22, 228, 2, 22, 66, 1289 }, // U+0112
    { 12, 18, 224, 1, 18, 54, 1355 }, // U+0113
    { 12, 23, 228, 2, 23, 69, 1409 }, // U+0114
    { 12, 19, 224, 1, 19, 57, 1478 }, // U+0115
    { 12, 22, 228, 2, 22, 66, 1535 }, // U+0116
    { 12, 18, 224, 1, 18, 54, 1601 }, // U+0117
    { 12, 22, 228, 2, 17, 66, 1655 }, // U+0118
    { 12, 18, 224, 1, 13, 54, 1721 }, // U+0119
    { 12, 24, 228, 2, 24, 72, 1775 }, // U+011A
    { 12, 21, 224, 1, 21, 63, 1847 }, // U+011B
    { 15, 24, 269, 1, 24, 90, 1910 }, // U+011C
    { 12, 25, 231, 1, 20, 75, 2000 }, // U+011D
    { 15, 23, 269, 1, 23, 87, 2075 }, // U+011E
    { 12, 24, 231, 1, 19, 72, 2162 }, // U+011F
    { 15, 22, 269, 1, 22, 83, 2234 }, // U+0120
    { 12, 23, 231, 1, 18, 69, 2317 }, // U+0121
    { 15, 21, 269, 1, 17, 79, 2386 }, // U+0122
    { 12, 24, 231, 1, 19, 72, 2465 }, // U+0123
    { 14, 24, 282, 2, 24, 84, 2537 }, // U+0124
    { 12, 25, 228, 1, 25, 75, 2621 }, // U+0125
    { 18, 17, 292, 0, 17, 77, 2696 }, // U+0126
    { 13, 19, 228, 0, 19, 62, 2773 }, // U+0127
    { 9, 23, 108, -1, 23, 52, 2835 }, // U+0128
    { 9, 19, 101, -1, 19, 43, 2887 }, // U+0129
    { 8, 22, 108, -1, 22, 44, 2930 }, // U+012A
    { 8, 18, 101, -1, 18, 36, 2974 }, // U+012B
    { 7, 23, 108, 0, 23, 41, 3010 }, // U+012C
    { 8, 19, 101, -1, 19, 38, 3051 }, // U+012D
    { 5, 22, 108, 0, 17, 28, 3089 }, // U+012E
    { 5, 23, 101, 0, 18, 29, 3117 }, // U+012F
    { 4, 22, 108, 1, 22, 22, 3146 }, // U+0130
    { 3, 13, 101, 2, 13, 10, 3168 }, // U+0131
    { 16, 17, 307, 2, 17, 68, 3178 }, // U+0132
    { 11, 23, 204, 1, 18, 64, 3246 }, // U+0133
    { 13, 24, 200, 0, 24, 78, 3310 }, // U+0134
    { 9, 25, 101, -2, 20, 57, 3388 }, // U+0135
    { 14, 21, 252, 2, 17, 74, 3445 }, // U+0136
    { 11, 23, 209, 2, 19, 64, 3519 }, // U+0137
    { 12, 13, 215, 2, 13, 39, 3583 }, // U+0138
    { 11, 24, 208, 2, 24, 66, 3622 }, // U+0139
    { 6, 23, 109, 1, 23, 35, 3688 }, // U+013A
    { 11, 21, 208, 2, 17, 58, 3723 }, // U+013B
    { 7, 23, 109, 0, 19, 41, 3781 }, // U+013C
    { 11, 17, 208, 2, 17, 47, 3822 }, // U+013D
    { 8, 19, 114, 1, 19, 38, 3869 }, // U+013E
    { 11, 17, 208, 2, 17, 47, 3907 }, // U+013F
    { 9, 19, 148, 1, 19, 43, 3954 }, // U+0140
    { 15, 17, 215, -1, 17, 64, 3997 }, // U+0141
    { 8, 19, 115, 0, 19, 38, 4061 }, // U+0142
    { 15, 24, 291, 2, 24, 90, 4099 }, // U+0143
    { 11, 20, 230, 2, 20, 55, 4189 }, // U+0144
    { 15, 21, 291, 2, 17, 79, 4244 }, // U+0145
    { 11, 17, 230, 2, 13, 47, 4323 }, // U+0146
    { 15, 24, 291, 2, 24, 90, 4370 }, // U+0147
    { 11, 20, 230, 2, 20, 55, 4460 }, // U+0148
    { 13, 19, 230, 0, 19, 62, 4515 }, // U+0149
    { 15, 22, 291, 2, 17, 83, 4577 }, // U+014A
    { 11, 18, 230, 2, 13, 50, 4660 }, // U+014B
    { 17, 22, 311, 1, 22, 94, 4710 }, // U+014C
    { 13, 18, 236, 1, 18, 59, 4804 }, // U+014D
    { 17, 23, 311, 1, 23, 98, 4863 }, // U+014E
    { 13, 19, 236, 1, 19, 62, 4961 }, // U+014F
    { 17, 24, 311, 1, 24, 102, 5023 }, // U+0150
    { 13, 20, 236, 1, 20, 65, 5125 }, // U+0151
    { 23, 17, 397, 1, 17, 98, 5190 }, // U+0152
    { 22, 13, 379, 1, 13, 72, 5288 }, // U+0153
    { 14, 24, 252, 2, 24, 84, 5360 }, // U+0154
    { 8, 20, 154, 2, 20, 40, 5444 }, // U+0155
    { 14, 21, 252, 2, 17, 74, 5484 }, // U+0156
    { 10, 17, 154, 0, 13, 43, 5558 }, // U+0157
    { 14, 24, 252, 2, 24, 84, 5601 }, // U+0158
    { 8, 20, 154, 2, 20, 40, 5685 }, // U+0159
    { 13, 24, 213, 0, 24, 78, 5725 }, // U+015A
    { 10, 20, 178, 1, 20, 50, 5803 }, // U+015B
    { 13, 24, 213, 0, 24, 78, 5853 }, // U+015C
    { 10, 20, 178, 1, 20, 50, 5931 }, // U+015D
    { 13, 22, 213, 0, 17, 72, 5981 }, // U+015E
    { 10, 18, 178, 1, 13, 45, 6053 }, // U+015F
    { 13, 24, 213, 0, 24, 78, 6098 }, // U+0160
    { 10, 20, 178, 1, 20, 50, 6176 }, // U+0161
    { 14, 23, 226, 0, 17, 81, 6226 }, // U+0162
    { 9, 22, 161, 1, 17, 50, 6307 }, // U+0163
    { 14, 24, 226, 0, 24, 84, 6357 }, // U+0164
    { 9, 20, 161, 1, 20, 45, 6441 }, // U+0165
    { 14, 17, 226, 0, 17, 60, 6486 }, // U+0166
    { 9, 17, 161, 1, 17, 39, 6546 }, // U+0167
    { 14, 23, 275, 2, 23, 81, 6585 }, // U+0168
    { 12, 19, 230, 1, 19, 57, 6666 }, // U+0169
    { 14, 22, 275, 2, 22, 77, 6723 }, // U+016A
    { 12, 18, 230, 1, 18, 54, 6800 }, // U+016B
    { 14, 23, 275, 2, 23, 81, 6854 }, // U+016C
    { 12, 19, 230, 1, 19, 57, 6935 }, // U+016D
    { 14, 24, 275, 2, 24, 84, 6992 }, // U+016E
    { 12, 20, 230, 1, 20, 60, 7076 }, // U+016F
    { 14, 24, 275, 2, 24, 84, 7136 }, // U+0170
    { 12, 20, 230, 1, 20, 60, 7220 }, // U+0171
    { 14, 22, 275, 2, 17, 77, 7280 }, // U+0172
    { 12, 18, 230, 1, 13, 54, 7357 }, // U+0173
    { 23, 24, 372, 0, 24, 138, 7411 }, // U+0174
    { 19, 20, 311, 0, 20, 95, 7549 }, // U+0175
    { 15, 24, 239, 0, 24, 90, 7644 }, // U+0176
    { 12, 25, 199, 0, 20, 75, 7734 }, // U+0177
    { 15, 22, 239, 0, 22, 83, 7809 }, // U+0178
    { 14, 24, 229, 0, 24, 84, 7892 }, // U+0179
    { 11, 20, 188, 0, 20, 55, 7976 }, // U+017A
    { 14, 22, 229, 0, 22, 77, 8031 }, // U+017B
    { 11, 18, 188, 0, 18, 50, 8108 }, // U+017C
    { 14, 24, 229, 0, 24, 84, 8158 }, // U+017D
    { 11, 20, 188, 0, 20, 55, 8242 }, // U+017E
    { 8, 19, 109, 2, 19, 38, 8297 }, // U+017F
    { 18, 19, 311, 1, 19, 86, 0 }, // U+01A0
    { 14, 15, 236, 1, 15, 53, 86 }, // U+01A1
    { 17, 20, 284, 2, 20, 85, 139 }, // U+01AF
    { 15, 16, 239, 1, 16, 60, 224 }, // U+01B0
    { 30, 24, 516, 2, 24, 180, 284 }, // U+01C4
    { 27, 20, 475, 2, 20, 135, 464 }, // U+01C5
    { 25, 20, 426, 1, 20, 125, 599 }, // U+01C6
    { 22, 17, 407, 2, 17, 94, 724 }, // U+01C7
    { 16, 23, 310, 2, 18, 92, 818 }, // U+01C8
    { 11, 24, 212, 1, 19, 66, 910 }, // U+01C9
    { 27, 17, 491, 2, 17, 115, 976 }, // U+01CA
    { 21, 23, 394, 2, 18, 121, 1091 }, // U+01CB
    { 18, 23, 332, 2, 18, 104, 1212 }, // U+01CC
    { 17, 24, 265, 0, 24, 102, 1316 }, // U+01CD
    { 11, 20, 209, 1, 20, 55, 1418 }, // U+01CE
    { 7, 24, 108, 0, 24, 42, 1473 }, // U+01CF
    { 8, 20, 101, -1, 20, 40, 1515 }, // U+01D0
    { 17, 24, 311, 1, 24, 102, 1555 }, // U+01D1
    { 13, 20, 236, 1, 20, 65, 1657 }, // U+01D2
    { 14, 24, 275, 2, 24, 84, 1722 }, // U+01D3
    { 12, 20, 230, 1, 20, 60, 1806 }, // U+01D4
    { 14, 25, 275, 2, 25, 88, 1866 }, // U+01D5
    { 12, 21, 230, 1, 21, 63, 1954 }, // U+01D6
    { 14, 24, 275, 2, 24, 84, 2017 }, // U+01D7
    { 12, 21, 230, 1, 21, 63, 2101 }, // U+01D8
    { 14, 25, 275, 2, 25, 88, 2164 }, // U+01D9
    { 12, 22, 230, 1, 22, 66, 2252 }, // U+01DA
    { 14, 24, 275, 2, 24, 84, 2318 }, // U+01DB
    { 12, 21, 230, 1, 21, 63, 2402 }, // U+01DC
    { 12, 13, 224, 1, 13, 39, 2465 }, // U+01DD
    { 17, 25, 265, 0, 25, 107, 2504 }, // U+01DE
    { 11, 21, 209, 1, 21, 58, 2611 }, // U+01DF
    { 17, 25, 265, 0, 25, 107, 2669 }, // U+01E0
    { 11, 21, 209, 1, 21, 58, 2776 }, // U+01E1
    { 23, 22, 374, 0, 22, 127, 2834 }, // U+01E2
    { 20, 18, 344, 1, 18, 90, 2961 }, // U+01E3
    { 17, 17, 281, 1, 17, 73, 3051 }, // U+01E4
    { 14, 18, 236, 1, 13, 63, 3124 }, // U+01E5
    { 15, 24, 269, 1, 24, 90, 3187 }, // U+01E6
    { 12, 25, 231, 1, 20, 75, 3277 }, // U+01E7
    { 14, 24, 252, 2, 24, 84, 3352 }, // U+01E8
    { 12, 25, 209, 1, 25, 75, 3436 }, // U+01E9
    { 17, 22, 311, 1, 17, 94, 3511 }, // U+01EA
    { 13, 18, 236, 1, 13, 59, 3605 }, // U+01EB
    { 17, 27, 311, 1, 22, 115, 3664 }, // U+01EC
    { 13, 23, 236, 1, 18, 75, 3779 }, // U+01ED
    { 13, 24, 227, 0, 24, 78, 3854 }, // U+01EE
    { 12, 25, 188, -1, 20, 75, 3932 }, // U+01EF
    { 9, 25, 101, -2, 20, 57, 4007 }, // U+01F0
    { 30, 17, 516, 2, 17, 128, 4064 }, // U+01F1
    { 27, 17, 475, 2, 17, 115, 4192 }, // U+01F2
    { 25, 19, 426, 1, 19, 119, 4307 }, // U+01F3
    { 15, 24, 269, 1, 24, 90, 4426 }, // U+01F4
    { 12, 25, 231, 1, 20, 75, 4516 }, // U+01F5
    { 23, 17, 423, 2, 17, 98, 4591 }, // U+01F6
    { 13, 22, 257, 2, 17, 72, 4689 }, // U+01F7
    { 15, 24, 291, 2, 24, 90, 4761 }, // U+01F8
    { 11, 20, 230, 2, 20, 55, 4851 }, // U+01F9
    { 17, 23, 265, 0, 23, 98, 4906 }, // U+01FA
    { 11, 21, 209, 1, 21, 58, 5004 }, // U+01FB
    { 23, 24, 374, 0, 24, 138, 5062 }, // U+01FC
    { 20, 20, 344, 1, 20, 100, 5200 }, // U+01FD
    { 17, 25, 311, 1, 24, 107, 5300 }, // U+01FE
    { 13, 21, 236, 1, 20, 69, 5407 }, // U+01FF
    { 17, 24, 265, 0, 24, 102, 5476 }, // U+0200
    { 11, 20, 209, 1, 20, 55, 5578 }, // U+0201
    { 17, 23, 265, 0, 23, 98, 5633 }, // U+0202
    { 11, 19, 209, 1, 19, 53, 5731 }, // U+0203
    { 12, 24, 228, 2, 24, 72, 5784 }, // U+0204
    { 12, 20, 224, 1, 20, 60, 5856 }, // U+0205
    { 12, 23, 228, 2, 23, 69, 5916 }, // U+0206
    { 12, 19, 224, 1, 19, 57, 5985 }, // U+0207
    { 9, 24, 108, -2, 24, 54, 6042 }, // U+0208
    { 10, 20, 101, -3, 20, 50, 6096 }, // U+0209
    { 7, 23, 108, 0, 23, 41, 6146 }, // U+020A
    { 8, 19, 101, -1, 19, 38, 6187 }, // U+020B
    { 17, 24, 311, 1, 24, 102, 6225 }, // U+020C
    { 13, 20, 236, 1, 20, 65, 6327 }, // U+020D
    { 17, 23, 311, 1, 23, 98, 6392 }, // U+020E
    { 13, 19, 236, 1, 19, 62, 6490 }, // U+020F
    { 14, 24, 252, 2, 24, 84, 6552 }, // U+0210
    { 10, 20, 154, 0, 20, 50, 6636 }, // U+0211
    { 14, 23, 252, 2, 23, 81, 6686 }, // U+0212
    { 8, 19, 154, 2, 19, 38, 6767 }, // U+0213
    { 14, 24, 275, 2, 24, 84, 6805 }, // U+0214
    { 12, 20, 230, 1, 20, 60, 6889 }, // U+0215
    { 14, 23, 275, 2, 23, 81, 6949 }, // U+0216
    { 12, 19, 230, 1, 19, 57, 7030 }, // U+0217
    { 13, 21, 213, 0, 17, 69, 7087 }, // U+0218
    { 10, 17, 178, 1, 13, 43, 7156 }, // U+0219
    { 14, 21, 226, 0, 17, 74, 7199 }, // U+021A
    { 9, 21, 161, 1, 17, 48, 7273 }, // U+021B
    { 13, 22, 214, 0, 17, 72, 7321 }, // U+021C
    { 10, 18, 174, 0, 13, 45, 7393 }, // U+021D
    { 14, 24, 282, 2, 24, 84, 7438 }, // U+021E
    { 12, 25, 228, 1, 25, 75, 7522 }, // U+021F
    { 6, 5, 0, -13, 20, 8, 0 }, // U+0300
    { 6, 5, 0, -9, 20, 8, 8 }, // U+0301
    { 10, 5, 0, -5, 20, 13, 16 }, // U+0302
    { 9, 4, 0, -12, 19, 9, 29 }, // U+0303
    { 8, 2, 0, -4, 17, 4, 38 }, // U+0304
    { 8, 4, 0, -4, 19, 8, 42 }, // U+0306
    { 4, 4, 0, -2, 19, 4, 50 }, // U+0307
    { 8, 4, 0, -4, 19, 8, 54 }, // U+0308
    { 6, 6, 0, -3, 21, 9, 62 }, // U+030A
    { 10, 5, 0, -4, 20, 13, 71 }, // U+030B
    { 10, 5, 0, -5, 20, 13, 84 }, // U+030C
    { 8, 4, 150, 1, 19, 8, 97 }, // U+0311
    { 4, 7, 0, -2, 18, 7, 105 }, // U+0312
    { 4, 5, 0, -2, -1, 5, 112 }, // U+0326
    { 6, 6, 0, -3, 0, 9, 117 }, // U+0327
    { 6, 7, 0, -3, 1, 11, 126 }, // U+0328
    { 8, 3, 0, -11, -1, 6, 137 }, // U+0331
    { 12, 24, 228, 2, 24, 72, 0 }, // U+0400
    { 12, 22, 228, 2, 22, 66, 72 }, // U+0401
    { 18, 17, 300, 0, 17, 77, 138 }, // U+0402
    { 11, 24, 204, 2, 24, 66, 215 }, // U+0403
    { 14, 17, 248, 1, 17, 60, 281 }, // U+0404
    { 13, 17, 213, 0, 17, 56, 341 }, // U+0405
    { 3, 17, 108, 2, 17, 13, 397 }, // U+0406
    { 9, 22, 108, -1, 22, 50, 410 }, // U+0407
    { 11, 17, 200, 0, 17, 47, 460 }, // U+0408
    { 26, 18, 417, 0, 17, 117, 507 }, // U+0409
    { 23, 17, 410, 2, 17, 98, 624 }, // U+040A
    { 18, 17, 300, 0, 17, 77, 722 }, // U+040B
    { 14, 24, 252, 2, 24, 84, 799 }, // U+040C
    { 15, 24, 291, 2, 24, 90, 883 }, // U+040D
    { 15, 23, 235, 0, 23, 87, 973 }, // U+040E
    { 14, 22, 280, 2, 17, 77, 1060 }, // U+040F
    { 17, 17, 265, 0, 17, 73, 1137 }, // U+0410
    { 13, 17, 248, 2, 17, 56, 1210 }, // U+0411
    { 13, 17, 257, 2, 17, 56, 1266 }, // U+0412
    { 11, 17, 204, 2, 17, 47, 1322 }, // U+0413
    { 18, 22, 289, 0, 17, 99, 1369 }, // U+0414
    { 12, 17, 228, 2, 17, 51, 1468 }, // U+0415
    { 23, 17, 362, 0, 17, 98, 1519 }, // U+0416
    { 14, 17, 229, 0, 17, 60, 1617 }, // U+0417
    { 15, 17, 291, 2, 17, 64, 1677 }, // U+0418
    { 15, 23, 291, 2, 23, 87, 1741 }, // U+0419
    { 14, 17, 252, 2, 17, 60, 1828 }, // U+041A
    { 16, 17, 283, 0, 17, 68, 1888 }, // U+041B
    { 20, 17, 348, 1, 17, 85, 1956 }, // U+041C
    { 14, 17, 282, 2, 17, 60, 2041 }, // U+041D
    { 17, 17, 311, 1, 17, 73, 2101 }, // U+041E
    { 14, 17, 280, 2, 17, 60, 2174 }, // U+041F
    { 13, 17, 243, 2, 17, 56, 2234 }, // U+0420
    { 14, 17, 248, 1, 17, 60, 2290 }, // U+0421
    { 14, 17, 226, 0, 17, 60, 2350 }, // U+0422
    { 15, 17, 235, 0, 17, 64, 2410 }, // U+0423
    { 20, 18, 346, 1, 18, 90, 2474 }, // U+0424
    { 16, 17, 252, 0, 17, 68, 2564 }, // U+0425
    { 16, 22, 287, 2, 17, 88, 2632 }, // U+0426
    { 13, 17, 252, 1, 17, 56, 2720 }, // U+0427
    { 21, 17, 393, 2, 17, 90, 2776 }, // U+0428
    { 23, 22, 401, 2, 17, 127, 2866 }, // U+0429
    { 18, 17, 290, 0, 17, 77, 2993 }, // U+042A
    { 18, 17, 342, 2, 17, 77, 3070 }, // U+042B
    { 13, 17, 246, 2, 17, 56, 3147 }, // U+042C
    { 15, 17, 248, 0, 17, 64, 3203 }, // U+042D
    { 23, 17, 412, 2, 17, 98, 3267 }, // U+042E
    { 14, 17, 254, 0, 17, 60, 3365 }, // U+042F
    { 11, 13, 209, 1, 13, 36, 3425 }, // U+0430
    { 13, 19, 238, 1, 19, 62, 3461 }, // U+0431
    { 11, 13, 219, 2, 13, 36, 3523 }, // U+0432
    { 9, 13, 167, 2, 13, 30, 3559 }, // U+0433
    { 15, 17, 241, 0, 13, 64, 3589 }, // U+0434
    { 12, 13, 224, 1, 13, 39, 3653 }, // U+0435
    { 19, 13, 305, 0, 13, 62, 3692 }, // U+0436
    { 10, 13, 196, 1, 13, 33, 3754 }, // U+0437
    { 11, 13, 239, 2, 13, 36, 3787 }, // U+0438
    { 11, 19, 239, 2, 19, 53, 3823 }, // U+0439
    { 12, 13, 215, 2, 13, 39, 3876 }, // U+043A
    { 13, 13, 239, 0, 13, 43, 3915 }, // U+043B
    { 16, 13, 292, 1, 13, 52, 3958 }, // U+043C
    { 11, 13, 234, 2, 13, 36, 4010 }, // U+043D
    { 13, 13, 236, 1, 13, 43, 4046 }, // U+043E
    { 11, 13, 231, 2, 13, 36, 4089 }, // U+043F
    { 12, 18, 236, 2, 13, 54, 4125 }, // U+0440
    { 11, 13, 186, 1, 13, 36, 4179 }, // U+0441
    { 12, 13, 185, 0, 13, 39, 4215 }, // U+0442
    { 12, 18, 199, 0, 13, 54, 4254 }, // U+0443
    { 17, 24, 306, 1, 19, 102, 4308 }, // U+0444
    { 13, 13, 204, 0, 13, 43, 4410 }, // U+0445
    { 13, 17, 234, 2, 13, 56, 4453 }, // U+0446
    { 11, 13, 213, 1, 13, 36, 4509 }, // U+0447
    { 17, 13, 329, 2, 13, 56, 4545 }, // U+0448
    { 19, 17, 334, 2, 13, 81, 4601 }, // U+0449
    { 15, 13, 239, 0, 13, 49, 4682 }, // U+044A
    { 15, 13, 303, 2, 13, 49, 4731 }, // U+044B
    { 11, 13, 211, 2, 13, 36, 4780 }, // U+044C
    { 12, 13, 199, 0, 13, 39, 4816 }, // U+044D
    { 17, 13, 324, 2, 13, 56, 4855 }, // U+044E
    { 12, 13, 219, 0, 13, 39, 4911 }, // U+044F
    { 12, 20, 224, 1, 20, 60, 4950 }, // U+0450
    { 12, 18, 224, 1, 18, 54, 5010 }, // U+0451
    { 13, 24, 228, 0, 19, 78, 5064 }, // U+0452
    { 9, 20, 167, 2, 20, 45, 5142 }, // U+0453
    { 11, 13, 199, 1, 13, 36, 5187 }, // U+0454
    { 10, 13, 178, 1, 13, 33, 5223 }, // U+0455
    { 4, 18, 101, 1, 18, 18, 5256 }, // U+0456
    { 9, 18, 101, -1, 18, 41, 5274 }, // U+0457
    { 7, 23, 101, -2, 18, 41, 5315 }, // U+0458
    { 21, 13, 345, 0, 13, 69, 5356 }, // U+0459
    { 19, 13, 340, 2, 13, 62, 5425 }, // U+045A
    { 13, 19, 228, 0, 19, 62, 5487 }, // U+045B
    { 12, 20, 215, 2, 20, 60, 5549 }, // U+045C
    { 11, 20, 239, 2, 20, 55, 5609 }, // U+045D
    { 12, 24, 199, 0, 19, 72, 5664 }, // U+045E
    { 11, 17, 230, 2, 13, 47, 5736 }, // U+045F
    { 18, 18, 290, 0, 18, 81, 5783 }, // U+0462
    { 15, 19, 239, 0, 19, 72, 5864 }, // U+0463
    { 17, 17, 311, 1, 17, 73, 5936 }, // U+0472
    { 13, 13, 236, 1, 13, 43, 6009 }, // U+0473
    { 20, 17, 301, 0, 17, 85, 6052 }, // U+0474
    { 15, 13, 226, 0, 13, 49, 6137 }, // U+0475
    { 17, 28, 298, 2, 23, 119, 6186 }, // U+048A
    { 14, 24, 243, 2, 19, 84, 6305 }, // U+048B
    { 15, 18, 252, 0, 18, 68, 6389 }, // U+048C
    { 13, 13, 210, 0, 13, 43, 6457 }, // U+048D
    { 13, 17, 243, 2, 17, 56, 6500 }, // U+048E
    { 12, 18, 236, 2, 13, 54, 6556 }, // U+048F
    { 11, 20, 204, 2, 20, 55, 6610 }, // U+0490
    { 9, 16, 171, 2, 16, 36, 6665 }, // U+0491
    { 13, 17, 209, 0, 17, 56, 6701 }, // U+0492
    { 11, 13, 170, 0, 13, 36, 6757 }, // U+0493
    { 13, 22, 250, 2, 17, 72, 6793 }, // U+0494
    { 11, 18, 218, 2, 13, 50, 6865 }, // U+0495
    { 23, 22, 368, 0, 17, 127, 6915 }, // U+0496
    { 20, 17, 310, 0, 13, 85, 7042 }, // U+0497
    { 14, 22, 229, 0, 17, 77, 7127 }, // U+0498
    { 10, 18, 196, 1, 13, 45, 7204 }, // U+0499
    { 15, 22, 262, 2, 17, 83, 7249 }, // U+049A
    { 12, 17, 218, 2, 13, 51, 7332 }, // U+049B
    { 16, 17, 283, 2, 17, 68, 7383 }, // U+049C
    { 14, 13, 248, 2, 13, 46, 7451 }, // U+049D
    { 16, 17, 256, 0, 17, 68, 7497 }, // U+049E
    { 14, 13, 222, 0, 13, 46, 7565 }, // U+049F
    { 19, 17, 296, 0, 17, 81, 7611 }, // U+04A0
    { 15, 13, 243, 0, 13, 49, 7692 }, // U+04A1
    { 16, 22, 290, 2, 17, 88, 7741 }, // U+04A2
    { 13, 17, 239, 2, 13, 56, 7829 }, // U+04A3
    { 18, 17, 326, 2, 17, 77, 7885 }, // U+04A4
    { 14, 13, 262, 2, 13, 46, 7962 }, // U+04A5
    { 23, 22, 413, 2, 17, 127, 8008 }, // U+04A6
    { 19, 18, 344, 2, 13, 86, 8135 }, // U+04A7
    { 18, 22, 314, 1, 17, 99, 8221 }, // U+04A8
    { 14, 17, 244, 1, 13, 60, 8320 }, // U+04A9
    { 14, 23, 248, 1, 17, 81, 8380 }, // U+04AA
    { 11, 19, 186, 1, 13, 53, 8461 }, // U+04AB
    { 14, 22, 226, 0, 17, 77, 8514 }, // U+04AC
    { 12, 17, 185, 0, 13, 51, 8591 }, // U+04AD
    { 15, 17, 239, 0, 17, 64, 8642 }, // U+04AE
    { 13, 18, 201, 0, 13, 59, 8706 }, // U+04AF
    { 15, 17, 239, 0, 17, 64, 8765 }, // U+04B0
    { 13, 18, 201, 0, 13, 59, 8829 }, // U+04B1
    { 17, 22, 261, 0, 17, 94, 8888 }, // U+04B2
    { 13, 17, 210, 0, 13, 56, 8982 }, // U+04B3
    { 21, 22, 338, 0, 17, 116, 9038 }, // U+04B4
    { 16, 17, 264, 0, 13, 68, 9154 }, // U+04B5
    { 15, 22, 260, 1, 17, 83, 9222 }, // U+04B6
    { 13, 17, 218, 1, 13, 56, 9305 }, // U+04B7
    { 13, 17, 255, 1, 17, 56, 9361 }, // U+04B8
    { 12, 13, 213, 0, 13, 39, 9417 }, // U+04B9
    { 13, 17, 256, 2, 17, 56, 9456 }, // U+04BA
    { 11, 19, 228, 2, 19, 53, 9512 }, // U+04BB
    { 20, 17, 334, 0, 17, 85, 9565 }, // U+04BC
    { 16, 13, 268, 0, 13, 52, 9650 }, // U+04BD
    { 20, 22, 334, 0, 17, 110, 9702 }, // U+04BE
    { 16, 17, 268, 0, 13, 68, 9812 }, // U+04BF
    { 3, 17, 108, 2, 17, 13, 9880 }, // U+04C0
    { 23, 23, 362, 0, 23, 133, 9893 }, // U+04C1
    { 19, 19, 305, 0, 19, 91, 10026 }, // U+04C2
    { 13, 22, 252, 2, 17, 72, 10117 }, // U+04C3
    { 11, 18, 218, 2, 13, 50, 10189 }, // U+04C4
    { 18, 22, 290, 0, 17, 99, 10239 }, // U+04C5
    { 16, 18, 244, 0, 13, 72, 10338 }, // U+04C6
    { 14, 22, 282, 2, 17, 77, 10410 }, // U+04C7
    { 11, 18, 234, 2, 13, 50, 10487 }, // U+04C8
    { 16, 22, 289, 2, 17, 88, 10537 }, // U+04C9
    { 13, 18, 239, 2, 13, 59, 10625 }, // U+04CA
    { 13, 22, 255, 1, 17, 72, 10684 }, // U+04CB
    { 11, 17, 213, 1, 13, 47, 10756 }, // U+04CC
    { 22, 22, 360, 1, 17, 121, 10803 }, // U+04CD
    { 18, 18, 300, 1, 13, 81, 10924 }, // U+04CE
    { 3, 17, 108, 2, 17, 13, 11005 }, // U+04CF
    { 17, 23, 265, 0, 23, 98, 11018 }, // U+04D0
    { 11, 19, 209, 1, 19, 53, 11116 }, // U+04D1
    { 17, 22, 265, 0, 22, 94, 11169 }, // U+04D2
    { 11, 18, 209, 1, 18, 50, 11263 }, // U+04D3
    { 23, 17, 374, 0, 17, 98, 11313 }, // U+04D4
    { 20, 13, 344, 1, 13, 65, 11411 }, // U+04D5
    { 12, 23, 228, 2, 23, 69, 11476 }, // U+04D6
    { 12, 19, 224, 1, 19, 57, 11545 }, // U+04D7
    { 16, 17, 282, 1, 17, 68, 11602 }, // U+04D8
    { 12, 13, 224, 1, 13, 39, 11670 }, // U+04D9
    { 16, 22, 282, 1, 22, 88, 11709 }, // U+04DA
    { 12, 18, 224, 1, 18, 54, 11797 }, // U+04DB
    { 23, 22, 362, 0, 22, 127, 11851 }, // U+04DC
    { 19, 18, 305, 0, 18, 86, 11978 }, // U+04DD
    { 14, 22, 229, 0, 22, 77, 12064 }, // U+04DE
    { 10, 18, 196, 1, 18, 45, 12141 }, // U+04DF
    { 13, 17, 227, 0, 17, 56, 12186 }, // U+04E0
    { 12, 18, 188, -1, 13, 54, 12242 }, // U+04E1
    { 15, 22, 291, 2, 22, 83, 12296 }, // U+04E2
    { 11, 18, 239, 2, 18, 50, 12379 }, // U+04E3
    { 15, 22, 291, 2, 22, 83, 12429 }, // U+04E4
    { 11, 18, 239, 2, 18, 50, 12512 }, // U+04E5
    { 17, 22, 311, 1, 22, 94, 12562 }, // U+04E6
    { 13, 18, 236, 1, 18, 59, 12656 }, // U+04E7
    { 17, 17, 311, 1, 17, 73, 12715 }, // U+04E8
    { 13, 13, 236, 1, 13, 43, 12788 }, // U+04E9
    { 17, 22, 311, 1, 22, 94, 12831 }, // U+04EA
    { 13, 18, 236, 1, 18, 59, 12925 }, // U+04EB
    { 15, 22, 248, 0, 22, 83, 12984 }, // U+04EC
    { 12, 18, 199, 0, 18, 54, 13067 }, // U+04ED
    { 15, 22, 235, 0, 22, 83, 13121 }, // U+04EE
    { 12, 23, 199, 0, 18, 69, 13204 }, // U+04EF
    { 15, 22, 235, 0, 22, 83, 13273 }, // U+04F0
    { 12, 23, 199, 0, 18, 69, 13356 }, // U+04F1
    { 15, 24, 235, 0, 24, 90, 13425 }, // U+04F2
    { 12, 25, 199, 0, 20, 75, 13515 }, // U+04F3
    { 13, 22, 252, 1, 22, 72, 13590 }, // U+04F4
    { 11, 18, 213, 1, 18, 50, 13662 }, // U+04F5
    { 11, 22, 204, 2, 17, 61, 13712 }, // U+04F6
    { 9, 17, 167, 2, 13, 39, 13773 }, // U+04F7
    { 18, 22, 342, 2, 22, 99, 13812 }, // U+04F8
    { 15, 18, 303, 2, 18, 68, 13911 }, // U+04F9
    { 12, 14, 240, 1, 14, 42, 0 }, // U+0E01
    { 11, 15, 219, 1, 14, 42, 42 }, // U+0E02
    { 11, 15, 220, 1, 14, 42, 84 }, // U+0E03
    { 12, 14, 246, 2, 14, 42, 126 }, // U+0E04
    { 12, 14, 248, 2, 14, 42, 168 }, // U+0E05
    { 12, 15, 239, 1, 14, 45, 210 }, // U+0E06
    { 13, 14, 215, 0, 14, 46, 255 }, // U+0E07
    { 12, 14, 213, 0, 14, 42, 301 }, // U+0E08
    { 12, 15, 242, 2, 14, 45, 343 }, // U+0E09
    { 11, 15, 220, 1, 14, 42, 388 }, // U+0E0A
    { 12, 15, 222, 1, 14, 45, 430 }, // U+0E0B
    { 20, 15, 362, 1, 14, 75, 475 }, // U+0E0C
    { 20, 19, 364, 1, 14, 95, 550 }, // U+0E0D
    { 14, 20, 241, 0, 14, 70, 645 }, // U+0E0E
    { 14, 20, 241, 0, 14, 70, 715 }, // U+0E0F
    { 13, 21, 219, 0, 15, 69, 785 }, // U+0E10
    { 13, 14, 250, 1, 14, 46, 854 }, // U+0E11
    { 21, 15, 361, 1, 14, 79, 900 }, // U+0E12
    { 20, 15, 364, 1, 14, 75, 979 }, // U+0E13
    { 13, 15, 246, 1, 14, 49, 1054 }, // U+0E14
    { 13, 15, 254, 1, 14, 49, 1103 }, // U+0E15
    { 13, 15, 241, 1, 14, 49, 1152 }, // U+0E16
    { 12, 14, 244, 2, 14, 42, 1201 }, // U+0E17
    { 12, 15, 218, 1, 14, 45, 1243 }, // U+0E18
    { 12, 15, 245, 2, 14, 45, 1288 }, // U+0E19
    { 12, 15, 242, 2, 14, 45, 1333 }, // U+0E1A
    { 12, 20, 242, 2, 19, 60, 1378 }, // U+0E1B
    { 12, 14, 259, 2, 14, 42, 1438 }, // U+0E1C
    { 13, 19, 261, 2, 19, 62, 1480 }, // U+0E1D
    { 16, 14, 278, 1, 14, 56, 1542 }, // U+0E1E
    { 16, 19, 273, 1, 19, 76, 1598 }, // U+0E1F
    { 14, 15, 241, 0, 14, 53, 1674 }, // U+0E20
    { 12, 15, 246, 2, 14, 45, 1727 }, // U+0E21
    { 12, 15, 238, 1, 14, 45, 1772 }, // U+0E22
    { 11, 15, 195, 1, 14, 42, 1817 }, // U+0E23
    { 13, 20, 241, 1, 14, 65, 1859 }, // U+0E24
    { 12, 15, 228, 1, 14, 45, 1924 }, // U+0E25
    { 14, 20, 241, 0, 14, 70, 1969 }, // U+0E26
    { 11, 15, 197, 0, 14, 42, 2039 }, // U+0E27
    { 13, 15, 251, 2, 15, 49, 2081 }, // U+0E28
    { 14, 15, 256, 2, 14, 53, 2130 }, // U+0E29
    { 13, 16, 229, 1, 15, 52, 2183 }, // U+0E2A
    { 11, 14, 235, 2, 14, 39, 2235 }, // U+0E2B
    { 16, 18, 267, 1, 18, 72, 2274 }, // U+0E2C
    { 12, 15, 230, 1, 14, 45, 2346 }, // U+0E2D
    { 13, 16, 224, 1, 15, 52, 2391 }, // U+0E2E
    { 11, 14, 208, 0, 14, 39, 2443 }, // U+0E2F
    { 8, 12, 135, 0, 13, 24, 2482 }, // U+0E30
    { 11, 5, 0, -9, 20, 14, 2506 }, // U+0E31
    { 9, 14, 162, 0, 14, 32, 2520 }, // U+0E32
    { 16, 20, 162, -7, 20, 80, 2552 }, // U+0E33
    { 11, 3, 0, -13, 18, 9, 2632 }, // U+0E34
    { 11, 5, 0, -13, 20, 14, 2641 }, // U+0E35
    { 12, 5, 0, -13, 20, 15, 2655 }, // U+0E36
    { 11, 5, 0, -13, 20, 14, 2670 }, // U+0E37
    { 4, 6, 0, -6, -1, 6, 2684 }, // U+0E38
    { 8, 6, 0, -10, -1, 12, 2690 }, // U+0E39
    { 5, 4, 0, -6, -1, 5, 2702 }, // U+0E3A
    { 13, 21, 234, 1, 19, 69, 2707 }, // U+0E3F
    { 5, 15, 118, 2, 14, 19, 2776 }, // U+0E40
    { 12, 15, 227, 2, 14, 45, 2795 }, // U+0E41
    { 9, 22, 123, 0, 21, 50, 2840 }, // U+0E42
    { 7, 22, 116, 0, 21, 39, 2890 }, // U+0E43
    { 9, 22, 122, -1, 21, 50, 2929 }, // U+0E44
    { 9, 19, 162, 0, 14, 43, 2979 }, // U+0E45
    { 12, 20, 238, 1, 14, 60, 3022 }, // U+0E46
    { 10, 7, 0, -12, 22, 18, 3082 }, // U+0E47
    { 3, 7, 0, -5, 22, 6, 3100 }, // U+0E48
    { 9, 6, 0, -10, 21, 14, 3106 }, // U+0E49
    { 11, 6, 0, -11, 21, 17, 3120 }, // U+0E4A
    { 6, 7, 0, -8, 22, 11, 3137 }, // U+0E4B
    { 7, 4, 0, -7, 19, 7, 3148 }, // U+0E4C
    { 6, 5, 0, -7, 20, 8, 3155 }, // U+0E4D
    { 7, 6, 0, -7, 21, 11, 3163 }, // U+0E4E
    { 13, 13, 238, 1, 12, 43, 3174 }, // U+0E4F
    { 12, 13, 228, 1, 12, 39, 3217 }, // U+0E50
    { 12, 13, 218, 1, 12, 39, 3256 }, // U+0E51
    { 13, 16, 245, 1, 15, 52, 3295 }, // U+0E52
    { 12, 13, 224, 1, 12, 39, 3347 }, // U+0E53
    { 12, 15, 216, 1, 15, 45, 3386 }, // U+0E54
    { 12, 15, 216, 1, 15, 45, 3431 }, // U+0E55
    { 12, 16, 208, 0, 15, 48, 3476 }, // U+0E56
    { 16, 16, 288, 1, 15, 64, 3524 }, // U+0E57
    { 12, 16, 226, 1, 15, 48, 3588 }, // U+0E58
    { 12, 16, 202, 1, 15, 48, 3636 }, // U+0E59
    { 17, 15, 307, 0, 14, 64, 3684 }, // U+0E5A
    { 20, 10, 349, 1, 11, 50, 3748 }, // U+0E5B
    { 15, 24, 239, 0, 24, 90, 0 }, // U+1EF2
    { 12, 26, 199, 0, 21, 78, 90 }, // U+1EF3
    { 0, 0, 0, 0, 0, 0, 0 }, // U+200B
    { 2, 20, 0, -1, 16, 10, 0 }, // U+200C
    { 6, 22, 0, -3, 18, 33, 10 }, // U+200D
    { 7, 3, 129, 1, 8, 6, 43 }, // U+2010
    { 14, 2, 198, -1, 9, 7, 49 }, // U+2013
    { 26, 2, 398, -1, 9, 13, 56 }, // U+2014
    { 26, 2, 398, -1, 9, 13, 69 }, // U+2015
    { 5, 6, 94, 1, 19, 8, 82 }, // U+2018
    { 5, 6, 94, 0, 19, 8, 90 }, // U+2019
    { 5, 6, 94, 0, 3, 8, 98 }, // U+201A
    { 9, 6, 167, 1, 19, 14, 106 }, // U+201C
    { 9, 6, 167, 0, 19, 14, 120 }, // U+201D
    { 9, 6, 167, 0, 3, 14, 134 }, // U+201E
    { 11, 21, 190, 0, 17, 58, 148 }, // U+2020
    { 11, 21, 190, 0, 17, 58, 206 }, // U+2021
    { 7, 6, 144, 1, 12, 11, 264 }, // U+2022
    { 21, 3, 398, 2, 3, 16, 275 }, // U+2026
    { 29, 17, 491, 1, 17, 124, 291 }, // U+2030
    { 7, 11, 116, 0, 13, 20, 415 }, // U+2039
    { 6, 11, 116, 1, 13, 17, 435 }, // U+203A
    { 13, 17, 59, -5, 17, 56, 452 }, // U+2044
    { 9, 10, 144, 0, 18, 23, 0 }, // U+2070
    { 9, 10, 144, 0, 18, 23, 23 }, // U+2074
    { 7, 10, 144, 1, 18, 18, 46 }, // U+2075
    { 9, 10, 144, 0, 18, 23, 64 }, // U+2076
    { 9, 10, 144, 0, 18, 23, 87 }, // U+2077
    { 9, 10, 144, 0, 18, 23, 110 }, // U+2078
    { 9, 10, 144, 0, 18, 23, 133 }, // U+2079
    { 9, 10, 144, 0, 10, 23, 156 }, // U+2080
    { 5, 10, 144, 1, 10, 13, 179 }, // U+2081
    { 8, 10, 144, 0, 10, 20, 192 }, // U+2082
    { 8, 10, 144, 0, 10, 20, 212 }, // U+2083
    { 9, 10, 144, 0, 10, 23, 232 }, // U+2084
    { 7, 10, 144, 1, 10, 18, 255 }, // U+2085
    { 9, 10, 144, 0, 10, 23, 273 }, // U+2086
    { 9, 10, 144, 0, 10, 23, 296 }, // U+2087
    { 9, 10, 144, 0, 10, 23, 319 }, // U+2088
    { 9, 10, 144, 0, 10, 23, 342 }, // U+2089
    { 13, 17, 226, 1, 17, 56, 0 }, // U+20AC
    { 13, 17, 226, 1, 17, 56, 56 }, // U+20AE
    { 14, 17, 226, 0, 17, 60, 112 }, // U+20B4
    { 13, 17, 226, 1, 17, 56, 172 }, // U+20B9
    { 13, 19, 234, 1, 19, 62, 0 }, // U+2202
    { 17, 17, 260, 0, 17, 73, 62 }, // U+2206
    { 14, 20, 279, 2, 17, 70, 135 }, // U+220F
    { 13, 20, 206, 0, 17, 65, 205 }, // U+2211
    { 12, 2, 226, 1, 8, 6, 270 }, // U+2212
    { 13, 17, 59, -5, 17, 56, 276 }, // U+2215
    { 4, 3, 98, 1, 9, 3, 332 }, // U+2219
    { 15, 20, 226, 0, 20, 75, 335 }, // U+221A
    { 14, 7, 235, 0, 11, 25, 410 }, // U+221E
    { 10, 24, 148, 0, 19, 60, 435 }, // U+222B
    { 12, 10, 226, 1, 13, 30, 495 }, // U+2248
    { 12, 13, 226, 1, 14, 39, 525 }, // U+2260
    { 12, 15, 226, 1, 15, 45, 564 }, // U+2264
    { 12, 15, 226, 1, 15, 45, 609 }, // U+2265
    { 18, 19, 310, 2, 19, 86, 0 }, // U+FB00
    { 13, 19, 257, 2, 19, 62, 86 }, // U+FB01
    { 14, 19, 265, 2, 19, 67, 148 }, // U+FB02
    { 23, 19, 413, 2, 19, 110, 215 }, // U+FB03
    { 24, 19, 421, 2, 19, 114, 325 }, // U+FB04
};

static const EpdUnicodeInterval ubuntu_12_regularIntervals[] = {
    { 0x0, 0x0, 0x0 },
    { 0x8, 0x9, 0x1 },
    { 0xD, 0xD, 0x3 },
    { 0x1D, 0x1D, 0x4 },
    { 0x20, 0x7E, 0x5 },
    { 0xA0, 0xFF, 0x64 },
    { 0x100, 0x17F, 0xC4 },
    { 0x1A0, 0x1A1, 0x144 },
    { 0x1AF, 0x1B0, 0x146 },
    { 0x1C4, 0x21F, 0x148 },
    { 0x300, 0x304, 0x1A4 },
    { 0x306, 0x308, 0x1A9 },
    { 0x30A, 0x30C, 0x1AC },
    { 0x311, 0x312, 0x1AF },
    { 0x326, 0x328, 0x1B1 },
    { 0x331, 0x331, 0x1B4 },
    { 0x400, 0x45F, 0x1B5 },
    { 0x462, 0x463, 0x215 },
    { 0x472, 0x475, 0x217 },
    { 0x48A, 0x4F9, 0x21B },
    { 0xE01, 0xE3A, 0x28B },
    { 0xE3F, 0xE5B, 0x2C5 },
    { 0x1EF2, 0x1EF3, 0x2E2 },
    { 0x200B, 0x200D, 0x2E4 },
    { 0x2010, 0x2010, 0x2E7 },
    { 0x2013, 0x2015, 0x2E8 },
    { 0x2018, 0x201A, 0x2EB },
    { 0x201C, 0x201E, 0x2EE },
    { 0x2020, 0x2022, 0x2F1 },
    { 0x2026, 0x2026, 0x2F4 },
    { 0x2030, 0x2030, 0x2F5 },
    { 0x2039, 0x203A, 0x2F6 },
    { 0x2044, 0x2044, 0x2F8 },
    { 0x2070, 0x2070, 0x2F9 },
    { 0x2074, 0x2079, 0x2FA },
    { 0x2080, 0x2089, 0x300 },
    { 0x20AC, 0x20AC, 0x30A },
    { 0x20AE, 0x20AE, 0x30B },
    { 0x20B4, 0x20B4, 0x30C },
    { 0x20B9, 0x20B9, 0x30D },
    { 0x2202, 0x2202, 0x30E },
    { 0x2206, 0x2206, 0x30F },
    { 0x220F, 0x220F, 0x310 },
    { 0x2211, 0x2212, 0x311 },
    { 0x2215, 0x2215, 0x313 },
    { 0x2219, 0x221A, 0x314 },
    { 0x221E, 0x221E, 0x316 },
    { 0x222B, 0x222B, 0x317 },
    { 0x2248, 0x2248, 0x318 },
    { 0x2260, 0x2260, 0x319 },
    { 0x2264, 0x2265, 0x31A },
    { 0xFB00, 0xFB04, 0x31C },
};

static const EpdFontGroup ubuntu_12_regularGroups[] = {
    { 0, 2240, 4801, 100, 0 },
    { 2240, 2117, 6125, 96, 100 },
    { 4357, 2554, 9246, 128, 196 },
    { 6911, 2540, 8430, 96, 324 },
    { 9451, 161, 165, 17, 420 },
    { 9612, 4754, 15320, 214, 437 },
    { 14366, 2028, 4147, 87, 651 },
    { 16394, 122, 174, 2, 738 },
    { 16516, 284, 600, 21, 740 },
    { 16800, 201, 460, 17, 761 },
    { 17001, 156, 272, 4, 778 },
    { 17157, 357, 737, 14, 782 },
    { 17514, 135, 475, 5, 796 },
};

static const EpdKernClassEntry ubuntu_12_regularKernLeftClasses[] = {
    { 0x0022, 1 }, // "
    { 0x0027, 1 }, // '
    { 0x0028, 2 }, // (
    { 0x0029, 3 }, // )
    { 0x002A, 4 }, // *
    { 0x002C, 5 }, // ,
    { 0x002D, 6 }, // -
    { 0x002E, 5 }, // .
    { 0x002F, 7 }, // /
    { 0x003A, 8 }, // :
    { 0x003B, 8 }, // ;
    { 0x0040, 9 }, // @
    { 0x0041, 10 }, // A
    { 0x0042, 11 }, // B
    { 0x0043, 12 }, // C
    { 0x0044, 13 }, // D
    { 0x0045, 14 }, // E
    { 0x0046, 15 }, // F
    { 0x0047, 16 }, // G
    { 0x004A, 17 }, // J
    { 0x004B, 18 }, // K
    { 0x004C, 19 }, // L
    { 0x004D, 20 }, // M
    { 0x004F, 21 }, // O
    { 0x0050, 22 }, // P
    { 0x0051, 23 }, // Q
    { 0x0052, 24 }, // R
    { 0x0054, 25 }, // T
    { 0x0055, 26 }, // U
    { 0x0056, 27 }, // V
    { 0x0057, 28 }, // W
    { 0x0058, 29 }, // X
    { 0x0059, 30 }, // Y
    { 0x005A, 31 }, // Z
    { 0x005B, 32 }, // [
    { 0x005D, 33 }, // ]
    { 0x0061, 34 }, // a
    { 0x0062, 35 }, // b
    { 0x0063, 36 }, // c
    { 0x0066, 37 }, // f
    { 0x0068, 38 }, // h
    { 0x006A, 39 }, // j
    { 0x006B, 40 }, // k
    { 0x006D, 41 }, // m
    { 0x006E, 41 }, // n
    { 0x006F, 42 }, // o
    { 0x0070, 43 }, // p
    { 0x0071, 44 }, // q
    { 0x0072, 45 }, // r
    { 0x0074, 46 }, // t
    { 0x0076, 47 }, // v
    { 0x0077, 48 }, // w
    { 0x0078, 49 }, // x
    { 0x007A, 50 }, // z
    { 0x007B, 51 }, // {
    { 0x007D, 52 }, // }
    { 0x00A1, 53 }, // U+00A1
    { 0x00AB, 54 }, // U+00AB
    { 0x00BB, 55 }, // U+00BB
    { 0x00BF, 56 }, // U+00BF
    { 0x00C0, 10 }, // U+00C0
    { 0x00C1, 10 }, // U+00C1
    { 0x00C2, 10 }, // U+00C2
    { 0x00C3, 10 }, // U+00C3
    { 0x00C4, 10 }, // U+00C4
    { 0x00C5, 10 }, // U+00C5
    { 0x00C6, 14 }, // U+00C6
    { 0x00C7, 12 }, // U+00C7
    { 0x00C8, 14 }, // U+00C8
    { 0x00C9, 14 }, // U+00C9
    { 0x00CA, 14 }, // U+00CA
    { 0x00CB, 14 }, // U+00CB
    { 0x00D0, 13 }, // U+00D0
    { 0x00D2, 21 }, // U+00D2
    { 0x00D3, 21 }, // U+00D3
    { 0x00D4, 21 }, // U+00D4
    { 0x00D5, 21 }, // U+00D5
    { 0x00D6, 21 }, // U+00D6
    { 0x00D8, 21 }, // U+00D8
    { 0x00D9, 26 }, // U+00D9
    { 0x00DA, 26 }, // U+00DA
    { 0x00DB, 26 }, // U+00DB
    { 0x00DC, 26 }, // U+00DC
    { 0x00DD, 30 }, // U+00DD
    { 0x00DE, 57 }, // U+00DE
    { 0x00DF, 58 }, // U+00DF
    { 0x00E0, 34 }, // U+00E0
    { 0x00E1, 34 }, // U+00E1
    { 0x00E2, 34 }, // U+00E2
    { 0x00E3, 34 }, // U+00E3
    { 0x00E4, 34 }, // U+00E4
    { 0x00E5, 34 }, // U+00E5
    { 0x00E7, 36 }, // U+00E7
    { 0x00F0, 59 }, // U+00F0
    { 0x00F1, 41 }, // U+00F1
    { 0x00F2, 42 }, // U+00F2
    { 0x00F3, 42 }, // U+00F3
    { 0x00F4, 42 }, // U+00F4
    { 0x00F5, 42 }, // U+00F5
    { 0x00F6, 42 }, // U+00F6
    { 0x00F8, 42 }, // U+00F8
    { 0x00FE, 60 }, // U+00FE
    { 0x0100, 10 }, // U+0100
    { 0x0101, 34 }, // U+0101
    { 0x0102, 10 }, // U+0102
    { 0x0103, 34 }, // U+0103
    { 0x0104, 10 }, // U+0104
    { 0x0105, 34 }, // U+0105
    { 0x0106, 12 }, // U+0106
    { 0x0107, 36 }, // U+0107
    { 0x0108, 12 }, // U+0108
    { 0x0109, 36 }, // U+0109
    { 0x010A, 12 }, // U+010A
    { 0x010B, 36 }, // U+010B
    { 0x010C, 12 }, // U+010C
    { 0x010D, 36 }, // U+010D
    { 0x010E, 13 }, // U+010E
    { 0x010F, 61 }, // U+010F
    { 0x0110, 13 }, // U+0110
    { 0x0112, 14 }, // U+0112
    { 0x0114, 14 }, // U+0114
    { 0x0116, 14 }, // U+0116
    { 0x0118, 14 }, // U+0118
    { 0x011A, 14 }, // U+011A
    { 0x011C, 16 }, // U+011C
    { 0x011E, 16 }, // U+011E
    { 0x0120, 16 }, // U+0120
    { 0x0122, 16 }, // U+0122
    { 0x0125, 38 }, // U+0125
    { 0x0127, 38 }, // U+0127
    { 0x0132, 17 }, // U+0132
    { 0x0133, 39 }, // U+0133
    { 0x0134, 17 }, // U+0134
    { 0x0135, 39 }, // U+0135
    { 0x0136, 18 }, // U+0136
    { 0x0137, 40 }, // U+0137
    { 0x0138, 40 }, // U+0138
    { 0x0139, 19 }, // U+0139
    { 0x013B, 19 }, // U+013B
    { 0x013D, 19 }, // U+013D
    { 0x013E, 61 }, // U+013E
    { 0x013F, 19 }, // U+013F
    { 0x0141, 19 }, // U+0141
    { 0x0144, 41 }, // U+0144
    { 0x0146, 41 }, // U+0146
    { 0x0148, 41 }, // U+0148
    { 0x0149, 41 }, // U+0149
    { 0x014A, 62 }, // U+014A
    { 0x014B, 63 }, // U+014B
    { 0x014C, 21 }, // U+014C
    { 0x014D, 42 }, // U+014D
    { 0x014E, 21 }, // U+014E
    { 0x014F, 42 }, // U+014F
    { 0x0150, 21 }, // U+0150
    { 0x0151, 42 }, // U+0151
    { 0x0152, 14 }, // U+0152
    { 0x0154, 24 }, // U+0154
    { 0x0155, 45 }, // U+0155
    { 0x0156, 24 }, // U+0156
    { 0x0157, 45 }, // U+0157
    { 0x0158, 24 }, // U+0158
    { 0x0159, 45 }, // U+0159
    { 0x0162, 25 }, // U+0162
    { 0x0163, 46 }, // U+0163
    { 0x0164, 25 }, // U+0164
    { 0x0165, 46 }, // U+0165
    { 0x0166, 25 }, // U+0166
    { 0x0167, 46 }, // U+0167
    { 0x0168, 26 }, // U+0168
    { 0x016A, 26 }, // U+016A
    { 0x016C, 26 }, // U+016C
    { 0x016E, 26 }, // U+016E
    { 0x0170, 26 }, // U+0170
    { 0x0172, 26 }, // U+0172
    { 0x0174, 28 }, // U+0174
    { 0x0175, 48 }, // U+0175
    { 0x0176, 30 }, // U+0176
    { 0x0178, 30 }, // U+0178
    { 0x0179, 31 }, // U+0179
    { 0x017A, 50 }, // U+017A
    { 0x017B, 31 }, // U+017B
    { 0x017C, 50 }, // U+017C
    { 0x017D, 31 }, // U+017D
    { 0x017E, 50 }, // U+017E
    { 0x017F, 37 }, // U+017F
    { 0x01C4, 31 }, // U+01C4
    { 0x01C5, 50 }, // U+01C5
    { 0x01C6, 50 }, // U+01C6
    { 0x01C7, 17 }, // U+01C7
    { 0x01C8, 39 }, // U+01C8
    { 0x01C9, 39 }, // U+01C9
    { 0x01CA, 17 }, // U+01CA
    { 0x01CB, 39 }, // U+01CB
    { 0x01CC, 39 }, // U+01CC
    { 0x01CD, 10 }, // U+01CD
    { 0x01CE, 34 }, // U+01CE
    { 0x01D1, 21 }, // U+01D1
    { 0x01D2, 42 }, // U+01D2
    { 0x01D3, 26 }, // U+01D3
    { 0x01D5, 26 }, // U+01D5
    { 0x01D7, 26 }, // U+01D7
    { 0x01D9, 26 }, // U+01D9
    { 0x01DB, 26 }, // U+01DB
    { 0x01DD, 42 }, // U+01DD
    { 0x01DE, 10 }, // U+01DE
    { 0x01DF, 34 }, // U+01DF
    { 0x01E0, 10 }, // U+01E0
    { 0x01E1, 34 }, // U+01E1
    { 0x01E2, 14 }, // U+01E2
    { 0x01E4, 16 }, // U+01E4
    { 0x01E6, 16 }, // U+01E6
    { 0x01E8, 18 }, // U+01E8
    { 0x01E9, 40 }, // U+01E9
    { 0x01EA, 21 }, // U+01EA
    { 0x01EB, 42 }, // U+01EB
    { 0x01EC, 21 }, // U+01EC
    { 0x01ED, 42 }, // U+01ED
    { 0x01EE, 64 }, // U+01EE
    { 0x01F0, 39 }, // U+01F0
    { 0x01F1, 31 }, // U+01F1
    { 0x01F2, 50 }, // U+01F2
    { 0x01F3, 50 }, // U+01F3
    { 0x01F4, 16 }, // U+01F4
    { 0x01F7, 65 }, // U+01F7
    { 0x01F9, 41 }, // U+01F9
    { 0x01FA, 10 }, // U+01FA
    { 0x01FB, 34 }, // U+01FB
    { 0x01FC, 14 }, // U+01FC
    { 0x01FE, 21 }, // U+01FE
    { 0x01FF, 42 }, // U+01FF
    { 0x0200, 10 }, // U+0200
    { 0x0201, 34 }, // U+0201
    { 0x0202, 10 }, // U+0202
    { 0x0203, 34 }, // U+0203
    { 0x0204, 14 }, // U+0204
    { 0x0206, 14 }, // U+0206
    { 0x020C, 21 }, // U+020C
    { 0x020D, 42 }, // U+020D
    { 0x020E, 21 }, // U+020E
    { 0x020F, 42 }, // U+020F
    { 0x0210, 24 }, // U+0210
    { 0x0211, 45 }, // U+0211
    { 0x0212, 24 }, // U+0212
    { 0x0213, 45 }, // U+0213
    { 0x0214, 26 }, // U+0214
    { 0x0216, 26 }, // U+0216
    { 0x021A, 25 }, // U+021A
    { 0x021B, 46 }, // U+021B
    { 0x021C, 66 }, // U+021C
    { 0x021F, 38 }, // U+021F
    { 0x0400, 67 }, // U+0400
    { 0x0401, 67 }, // U+0401
    { 0x0402, 68 }, // U+0402
    { 0x0403, 69 }, // U+0403
    { 0x0404, 70 }, // U+0404
    { 0x0405, 71 }, // U+0405
    { 0x040B, 72 }, // U+040B
    { 0x040C, 73 }, // U+040C
    { 0x040E, 74 }, // U+040E
    { 0x0410, 75 }, // U+0410
    { 0x0411, 68 }, // U+0411
    { 0x0412, 76 }, // U+0412
    { 0x0413, 69 }, // U+0413
    { 0x0414, 77 }, // U+0414
    { 0x0415, 67 }, // U+0415
    { 0x0417, 78 }, // U+0417
    { 0x041A, 73 }, // U+041A
    { 0x041C, 79 }, // U+041C
    { 0x041E, 80 }, // U+041E
    { 0x0420, 81 }, // U+0420
    { 0x0421, 70 }, // U+0421
    { 0x0422, 82 }, // U+0422
    { 0x0423, 74 }, // U+0423
    { 0x0424, 83 }, // U+0424
    { 0x0425, 84 }, // U+0425
    { 0x0426, 85 }, // U+0426
    { 0x0429, 85 }, // U+0429
    { 0x042D, 86 }, // U+042D
    { 0x042E, 80 }, // U+042E
    { 0x0430, 87 }, // U+0430
    { 0x0431, 88 }, // U+0431
    { 0x0432, 89 }, // U+0432
    { 0x0433, 90 }, // U+0433
    { 0x0434, 91 }, // U+0434
    { 0x0435, 92 }, // U+0435
    { 0x0436, 93 }, // U+0436
    { 0x0437, 94 }, // U+0437
    { 0x043A, 95 }, // U+043A
    { 0x043E, 96 }, // U+043E
    { 0x0440, 97 }, // U+0440
    { 0x0441, 98 }, // U+0441
    { 0x0442, 99 }, // U+0442
    { 0x0443, 100 }, // U+0443
    { 0x0444, 101 }, // U+0444
    { 0x0445, 102 }, // U+0445
    { 0x0446, 103 }, // U+0446
    { 0x0449, 103 }, // U+0449
    { 0x044A, 104 }, // U+044A
    { 0x044C, 104 }, // U+044C
    { 0x044D, 105 }, // U+044D
    { 0x044E, 106 }, // U+044E
    { 0x0450, 92 }, // U+0450
    { 0x0451, 92 }, // U+0451
    { 0x0452, 107 }, // U+0452
    { 0x0453, 90 }, // U+0453
    { 0x0454, 108 }, // U+0454
    { 0x0455, 109 }, // U+0455
    { 0x0459, 104 }, // U+0459
    { 0x045A, 104 }, // U+045A
    { 0x045B, 110 }, // U+045B
    { 0x045C, 95 }, // U+045C
    { 0x045E, 100 }, // U+045E
    { 0x0462, 68 }, // U+0462
    { 0x0463, 111 }, // U+0463
    { 0x0472, 80 }, // U+0472
    { 0x0473, 96 }, // U+0473
    { 0x0474, 112 }, // U+0474
    { 0x0475, 113 }, // U+0475
    { 0x048A, 85 }, // U+048A
    { 0x048B, 103 }, // U+048B
    { 0x048D, 104 }, // U+048D
    { 0x048F, 97 }, // U+048F
    { 0x0490, 69 }, // U+0490
    { 0x0491, 90 }, // U+0491
    { 0x0492, 69 }, // U+0492
    { 0x0493, 90 }, // U+0493
    { 0x0494, 68 }, // U+0494
    { 0x0495, 114 }, // U+0495
    { 0x0497, 93 }, // U+0497
    { 0x0498, 78 }, // U+0498
    { 0x0499, 94 }, // U+0499
    { 0x049A, 73 }, // U+049A
    { 0x049B, 95 }, // U+049B
    { 0x049C, 73 }, // U+049C
    { 0x049D, 95 }, // U+049D
    { 0x049E, 73 }, // U+049E
    { 0x049F, 95 }, // U+049F
    { 0x04A0, 73 }, // U+04A0
    { 0x04A1, 95 }, // U+04A1
    { 0x04A2, 85 }, // U+04A2
    { 0x04A3, 103 }, // U+04A3
    { 0x04A4, 82 }, // U+04A4
    { 0x04A5, 90 }, // U+04A5
    { 0x04A7, 115 }, // U+04A7
    { 0x04A8, 116 }, // U+04A8
    { 0x04A9, 117 }, // U+04A9
    { 0x04AA, 70 }, // U+04AA
    { 0x04AB, 98 }, // U+04AB
    { 0x04AC, 82 }, // U+04AC
    { 0x04AD, 99 }, // U+04AD
    { 0x04AE, 118 }, // U+04AE
    { 0x04AF, 119 }, // U+04AF
    { 0x04B0, 118 }, // U+04B0
    { 0x04B1, 119 }, // U+04B1
    { 0x04B2, 84 }, // U+04B2
    { 0x04B3, 102 }, // U+04B3
    { 0x04B4, 85 }, // U+04B4
    { 0x04B5, 103 }, // U+04B5
    { 0x04B6, 85 }, // U+04B6
    { 0x04B7, 103 }, // U+04B7
    { 0x04BA, 120 }, // U+04BA
    { 0x04BB, 121 }, // U+04BB
    { 0x04BC, 122 }, // U+04BC
    { 0x04BD, 123 }, // U+04BD
    { 0x04BE, 122 }, // U+04BE
    { 0x04BF, 123 }, // U+04BF
    { 0x04C2, 93 }, // U+04C2
    { 0x04C4, 124 }, // U+04C4
    { 0x04C6, 103 }, // U+04C6
    { 0x04C8, 125 }, // U+04C8
    { 0x04C9, 85 }, // U+04C9
    { 0x04CA, 103 }, // U+04CA
    { 0x04CD, 85 }, // U+04CD
    { 0x04CE, 103 }, // U+04CE
    { 0x04D0, 75 }, // U+04D0
    { 0x04D1, 87 }, // U+04D1
    { 0x04D2, 75 }, // U+04D2
    { 0x04D3, 87 }, // U+04D3
    { 0x04D5, 126 }, // U+04D5
    { 0x04D6, 67 }, // U+04D6
    { 0x04D7, 92 }, // U+04D7
    { 0x04D8, 127 }, // U+04D8
    { 0x04D9, 128 }, // U+04D9
    { 0x04DA, 127 }, // U+04DA
    { 0x04DB, 128 }, // U+04DB
    { 0x04DD, 93 }, // U+04DD
    { 0x04DE, 78 }, // U+04DE
    { 0x04DF, 94 }, // U+04DF
    { 0x04E0, 129 }, // U+04E0
    { 0x04E1, 130 }, // U+04E1
    { 0x04E6, 80 }, // U+04E6
    { 0x04E7, 96 }, // U+04E7
    { 0x04E8, 80 }, // U+04E8
    { 0x04E9, 96 }, // U+04E9
    { 0x04EA, 80 }, // U+04EA
    { 0x04EB, 96 }, // U+04EB
    { 0x04EC, 86 }, // U+04EC
    { 0x04ED, 94 }, // U+04ED
    { 0x04EE, 74 }, // U+04EE
    { 0x04EF, 100 }, // U+04EF
    { 0x04F0, 74 }, // U+04F0
    { 0x04F1, 100 }, // U+04F1
    { 0x04F2, 74 }, // U+04F2
    { 0x04F3, 100 }, // U+04F3
    { 0x04F6, 69 }, // U+04F6
    { 0x04F7, 90 }, // U+04F7
    { 0x0E40, 131 }, // U+0E40
    { 0x0E41, 131 }, // U+0E41
    { 0x0E42, 131 }, // U+0E42
    { 0x0E43, 131 }, // U+0E43
    { 0x0E44, 131 }, // U+0E44
    { 0x0E50, 132 }, // U+0E50
    { 0x0E51, 132 }, // U+0E51
    { 0x0E54, 133 }, // U+0E54
    { 0x0E55, 133 }, // U+0E55
    { 0x0E59, 134 }, // U+0E59
    { 0x1EF2, 30 }, // U+1EF2
    { 0x2013, 6 }, // U+2013
    { 0x2014, 6 }, // U+2014
    { 0x2018, 135 }, // U+2018
    { 0x201A, 136 }, // U+201A
    { 0x201C, 135 }, // U+201C
    { 0x201E, 136 }, // U+201E
    { 0x2026, 5 }, // U+2026
    { 0x2039, 54 }, // U+2039
    { 0x203A, 55 }, // U+203A
    { 0xFB00, 37 }, // U+FB00
};

static const EpdKernClassEntry ubuntu_12_regularKernRightClasses[] = {
    { 0x0021, 1 }, // !
    { 0x0022, 2 }, // "
    { 0x0027, 2 }, // '
    { 0x0028, 3 }, // (
    { 0x0029, 4 }, // )
    { 0x002A, 5 }, // *
    { 0x002C, 6 }, // ,
    { 0x002D, 7 }, // -
    { 0x002E, 6 }, // .
    { 0x002F, 8 }, // /
    { 0x003A, 9 }, // :
    { 0x003B, 9 }, // ;
    { 0x003F, 10 }, // ?
    { 0x0040, 11 }, // @
    { 0x0041, 12 }, // A
    { 0x0043, 13 }, // C
    { 0x0047, 14 }, // G
    { 0x004A, 15 }, // J
    { 0x004D, 16 }, // M
    { 0x004F, 17 }, // O
    { 0x0051, 18 }, // Q
    { 0x0053, 19 }, // S
    { 0x0054, 20 }, // T
    { 0x0055, 21 }, // U
    { 0x0056, 22 }, // V
    { 0x0057, 23 }, // W
    { 0x0058, 24 }, // X
    { 0x0059, 25 }, // Y
    { 0x005A, 26 }, // Z
    { 0x005B, 27 }, // [
    { 0x005C, 28 }, // <backslash>
    { 0x005D, 29 }, // ]
    { 0x0061, 30 }, // a
    { 0x0062, 31 }, // b
    { 0x0063, 32 }, // c
    { 0x0064, 33 }, // d
    { 0x0065, 34 }, // e
    { 0x0066, 35 }, // f
    { 0x0067, 36 }, // g
    { 0x0068, 31 }, // h
    { 0x0069, 37 }, // i
    { 0x006A, 38 }, // j
    { 0x006B, 31 }, // k
    { 0x006C, 39 }, // l
    { 0x006D, 40 }, // m
    { 0x006E, 40 }, // n
    { 0x006F, 41 }, // o
    { 0x0070, 40 }, // p
    { 0x0071, 42 }, // q
    { 0x0072, 40 }, // r
    { 0x0073, 43 }, // s
    { 0x0074, 44 }, // t
    { 0x0075, 45 }, // u
    { 0x0076, 46 }, // v
    { 0x0077, 47 }, // w
    { 0x0078, 48 }, // x
    { 0x0079, 49 }, // y
    { 0x007A, 50 }, // z
    { 0x007B, 51 }, // {
    { 0x007D, 52 }, // }
    { 0x00AB, 53 }, // U+00AB
    { 0x00BB, 54 }, // U+00BB
    { 0x00C0, 12 }, // U+00C0
    { 0x00C1, 12 }, // U+00C1
    { 0x00C2, 12 }, // U+00C2
    { 0x00C3, 12 }, // U+00C3
    { 0x00C4, 12 }, // U+00C4
    { 0x00C5, 12 }, // U+00C5
    { 0x00C6, 55 }, // U+00C6
    { 0x00C7, 13 }, // U+00C7
    { 0x00D2, 17 }, // U+00D2
    { 0x00D3, 17 }, // U+00D3
    { 0x00D4, 17 }, // U+00D4
    { 0x00D5, 17 }, // U+00D5
    { 0x00D6, 17 }, // U+00D6
    { 0x00D8, 17 }, // U+00D8
    { 0x00D9, 21 }, // U+00D9
    { 0x00DA, 21 }, // U+00DA
    { 0x00DB, 21 }, // U+00DB
    { 0x00DC, 21 }, // U+00DC
    { 0x00DD, 25 }, // U+00DD
    { 0x00DF, 56 }, // U+00DF
    { 0x00E0, 30 }, // U+00E0
    { 0x00E1, 30 }, // U+00E1
    { 0x00E2, 30 }, // U+00E2
    { 0x00E3, 30 }, // U+00E3
    { 0x00E4, 30 }, // U+00E4
    { 0x00E5, 30 }, // U+00E5
    { 0x00E6, 30 }, // U+00E6
    { 0x00E7, 32 }, // U+00E7
    { 0x00E8, 34 }, // U+00E8
    { 0x00E9, 34 }, // U+00E9
    { 0x00EA, 34 }, // U+00EA
    { 0x00EB, 34 }, // U+00EB
    { 0x00EC, 57 }, // U+00EC
    { 0x00ED, 37 }, // U+00ED
    { 0x00EE, 58 }, // U+00EE
    { 0x00EF, 59 }, // U+00EF
    { 0x00F0, 60 }, // U+00F0
    { 0x00F1, 40 }, // U+00F1
    { 0x00F2, 41 }, // U+00F2
    { 0x00F3, 41 }, // U+00F3
    { 0x00F4, 41 }, // U+00F4
    { 0x00F5, 41 }, // U+00F5
    { 0x00F6, 41 }, // U+00F6
    { 0x00F8, 41 }, // U+00F8
    { 0x00F9, 45 }, // U+00F9
    { 0x00FA, 45 }, // U+00FA
    { 0x00FB, 45 }, // U+00FB
    { 0x00FC, 45 }, // U+00FC
    { 0x00FD, 49 }, // U+00FD
    { 0x00FE, 56 }, // U+00FE
    { 0x00FF, 49 }, // U+00FF
    { 0x0100, 12 }, // U+0100
    { 0x0101, 30 }, // U+0101
    { 0x0102, 12 }, // U+0102
    { 0x0103, 30 }, // U+0103
    { 0x0104, 12 }, // U+0104
    { 0x0105, 30 }, // U+0105
    { 0x0106, 13 }, // U+0106
    { 0x0107, 32 }, // U+0107
    { 0x0108, 13 }, // U+0108
    { 0x0109, 32 }, // U+0109
    { 0x010A, 13 }, // U+010A
    { 0x010B, 32 }, // U+010B
    { 0x010C, 13 }, // U+010C
    { 0x010D, 32 }, // U+010D
    { 0x010F, 33 }, // U+010F
    { 0x0111, 33 }, // U+0111
    { 0x0113, 34 }, // U+0113
    { 0x0115, 34 }, // U+0115
    { 0x0117, 34 }, // U+0117
    { 0x0119, 34 }, // U+0119
    { 0x011B, 34 }, // U+011B
    { 0x011C, 14 }, // U+011C
    { 0x011D, 36 }, // U+011D
    { 0x011E, 14 }, // U+011E
    { 0x011F, 36 }, // U+011F
    { 0x0120, 14 }, // U+0120
    { 0x0121, 36 }, // U+0121
    { 0x0122, 14 }, // U+0122
    { 0x0123, 36 }, // U+0123
    { 0x0125, 31 }, // U+0125
    { 0x0127, 31 }, // U+0127
    { 0x0129, 61 }, // U+0129
    { 0x012B, 62 }, // U+012B
    { 0x012D, 63 }, // U+012D
    { 0x012F, 37 }, // U+012F
    { 0x0131, 37 }, // U+0131
    { 0x0133, 37 }, // U+0133
    { 0x0134, 15 }, // U+0134
    { 0x0135, 38 }, // U+0135
    { 0x0137, 31 }, // U+0137
    { 0x013A, 39 }, // U+013A
    { 0x013C, 39 }, // U+013C
    { 0x013E, 39 }, // U+013E
    { 0x0140, 39 }, // U+0140
    { 0x0142, 39 }, // U+0142
    { 0x0144, 40 }, // U+0144
    { 0x0146, 40 }, // U+0146
    { 0x0148, 40 }, // U+0148
    { 0x0149, 40 }, // U+0149
    { 0x014A, 64 }, // U+014A
    { 0x014B, 65 }, // U+014B
    { 0x014C, 17 }, // U+014C
    { 0x014D, 41 }, // U+014D
    { 0x014E, 17 }, // U+014E
    { 0x014F, 41 }, // U+014F
    { 0x0150, 17 }, // U+0150
    { 0x0151, 41 }, // U+0151
    { 0x0152, 17 }, // U+0152
    { 0x0153, 41 }, // U+0153
    { 0x0155, 40 }, // U+0155
    { 0x0157, 40 }, // U+0157
    { 0x0159, 40 }, // U+0159
    { 0x015A, 19 }, // U+015A
    { 0x015B, 43 }, // U+015B
    { 0x015C, 19 }, // U+015C
    { 0x015D, 43 }, // U+015D
    { 0x015E, 19 }, // U+015E
    { 0x015F, 43 }, // U+015F
    { 0x0160, 19 }, // U+0160
    { 0x0161, 43 }, // U+0161
    { 0x0162, 20 }, // U+0162
    { 0x0163, 44 }, // U+0163
    { 0x0164, 20 }, // U+0164
    { 0x0165, 44 }, // U+0165
    { 0x0166, 20 }, // U+0166
    { 0x0167, 44 }, // U+0167
    { 0x0168, 21 }, // U+0168
    { 0x0169, 45 }, // U+0169
    { 0x016A, 21 }, // U+016A
    { 0x016B, 45 }, // U+016B
    { 0x016C, 21 }, // U+016C
    { 0x016D, 45 }, // U+016D
    { 0x016E, 21 }, // U+016E
    { 0x016F, 45 }, // U+016F
    { 0x0170, 21 }, // U+0170
    { 0x0171, 45 }, // U+0171
    { 0x0172, 21 }, // U+0172
    { 0x0173, 45 }, // U+0173
    { 0x0174, 23 }, // U+0174
    { 0x0175, 47 }, // U+0175
    { 0x0176, 25 }, // U+0176
    { 0x0177, 49 }, // U+0177
    { 0x0178, 25 }, // U+0178
    { 0x0179, 26 }, // U+0179
    { 0x017A, 50 }, // U+017A
    { 0x017B, 26 }, // U+017B
    { 0x017C, 50 }, // U+017C
    { 0x017D, 26 }, // U+017D
    { 0x017E, 50 }, // U+017E
    { 0x017F, 35 }, // U+017F
    { 0x01A0, 17 }, // U+01A0
    { 0x01A1, 41 }, // U+01A1
    { 0x01AF, 21 }, // U+01AF
    { 0x01B0, 45 }, // U+01B0
    { 0x01C6, 33 }, // U+01C6
    { 0x01C9, 39 }, // U+01C9
    { 0x01CC, 40 }, // U+01CC
    { 0x01CD, 12 }, // U+01CD
    { 0x01CE, 30 }, // U+01CE
    { 0x01D0, 37 }, // U+01D0
    { 0x01D1, 17 }, // U+01D1
    { 0x01D2, 41 }, // U+01D2
    { 0x01D3, 21 }, // U+01D3
    { 0x01D4, 45 }, // U+01D4
    { 0x01D5, 21 }, // U+01D5
    { 0x01D6, 45 }, // U+01D6
    { 0x01D7, 21 }, // U+01D7
    { 0x01D8, 45 }, // U+01D8
    { 0x01D9, 21 }, // U+01D9
    { 0x01DA, 45 }, // U+01DA
    { 0x01DB, 21 }, // U+01DB
    { 0x01DC, 45 }, // U+01DC
    { 0x01DD, 66 }, // U+01DD
    { 0x01DE, 12 }, // U+01DE
    { 0x01DF, 30 }, // U+01DF
    { 0x01E0, 12 }, // U+01E0
    { 0x01E1, 30 }, // U+01E1
    { 0x01E2, 55 }, // U+01E2
    { 0x01E3, 30 }, // U+01E3
    { 0x01E4, 14 }, // U+01E4
    { 0x01E5, 36 }, // U+01E5
    { 0x01E6, 14 }, // U+01E6
    { 0x01E7, 36 }, // U+01E7
    { 0x01E9, 31 }, // U+01E9
    { 0x01EA, 17 }, // U+01EA
    { 0x01EB, 41 }, // U+01EB
    { 0x01EC, 17 }, // U+01EC
    { 0x01ED, 41 }, // U+01ED
    { 0x01EE, 67 }, // U+01EE
    { 0x01EF, 68 }, // U+01EF
    { 0x01F0, 38 }, // U+01F0
    { 0x01F3, 33 }, // U+01F3
    { 0x01F4, 14 }, // U+01F4
    { 0x01F5, 36 }, // U+01F5
    { 0x01F7, 56 }, // U+01F7
    { 0x01F9, 40 }, // U+01F9
    { 0x01FA, 12 }, // U+01FA
    { 0x01FB, 30 }, // U+01FB
    { 0x01FC, 55 }, // U+01FC
    { 0x01FD, 30 }, // U+01FD
    { 0x01FE, 17 }, // U+01FE
    { 0x01FF, 41 }, // U+01FF
    { 0x0200, 12 }, // U+0200
    { 0x0201, 30 }, // U+0201
    { 0x0202, 12 }, // U+0202
    { 0x0203, 30 }, // U+0203
    { 0x0205, 34 }, // U+0205
    { 0x0207, 34 }, // U+0207
    { 0x0209, 37 }, // U+0209
    { 0x020B, 37 }, // U+020B
    { 0x020C, 17 }, // U+020C
    { 0x020D, 41 }, // U+020D
    { 0x020E, 17 }, // U+020E
    { 0x020F, 41 }, // U+020F
    { 0x0211, 40 }, // U+0211
    { 0x0213, 40 }, // U+0213
    { 0x0214, 21 }, // U+0214
    { 0x0215, 45 }, // U+0215
    { 0x0216, 21 }, // U+0216
    { 0x0217, 45 }, // U+0217
    { 0x0218, 19 }, // U+0218
    { 0x0219, 43 }, // U+0219
    { 0x021A, 20 }, // U+021A
    { 0x021B, 44 }, // U+021B
    { 0x021C, 69 }, // U+021C
    { 0x021D, 70 }, // U+021D
    { 0x021F, 31 }, // U+021F
    { 0x0402, 71 }, // U+0402
    { 0x0404, 72 }, // U+0404
    { 0x0405, 73 }, // U+0405
    { 0x0408, 74 }, // U+0408
    { 0x0409, 75 }, // U+0409
    { 0x040B, 71 }, // U+040B
    { 0x040E, 76 }, // U+040E
    { 0x0410, 77 }, // U+0410
    { 0x0414, 78 }, // U+0414
    { 0x0416, 79 }, // U+0416
    { 0x0417, 80 }, // U+0417
    { 0x041B, 75 }, // U+041B
    { 0x041C, 81 }, // U+041C
    { 0x041E, 82 }, // U+041E
    { 0x0421, 72 }, // U+0421
    { 0x0422, 71 }, // U+0422
    { 0x0423, 76 }, // U+0423
    { 0x0424, 83 }, // U+0424
    { 0x0425, 84 }, // U+0425
    { 0x0427, 85 }, // U+0427
    { 0x042A, 71 }, // U+042A
    { 0x042D, 86 }, // U+042D
    { 0x042F, 87 }, // U+042F
    { 0x0430, 88 }, // U+0430
    { 0x0431, 89 }, // U+0431
    { 0x0432, 90 }, // U+0432
    { 0x0433, 91 }, // U+0433
    { 0x0434, 92 }, // U+0434
    { 0x0435, 93 }, // U+0435
    { 0x0436, 94 }, // U+0436
    { 0x0437, 95 }, // U+0437
    { 0x0438, 91 }, // U+0438
    { 0x0439, 91 }, // U+0439
    { 0x043A, 91 }, // U+043A
    { 0x043B, 96 }, // U+043B
    { 0x043C, 97 }, // U+043C
    { 0x043D, 91 }, // U+043D
    { 0x043E, 98 }, // U+043E
    { 0x043F, 91 }, // U+043F
    { 0x0440, 99 }, // U+0440
    { 0x0441, 100 }, // U+0441
    { 0x0442, 101 }, // U+0442
    { 0x0443, 102 }, // U+0443
    { 0x0444, 103 }, // U+0444
    { 0x0445, 104 }, // U+0445
    { 0x0446, 91 }, // U+0446
    { 0x0447, 105 }, // U+0447
    { 0x0448, 91 }, // U+0448
    { 0x0449, 106 }, // U+0449
    { 0x044A, 107 }, // U+044A
    { 0x044B, 91 }, // U+044B
    { 0x044C, 91 }, // U+044C
    { 0x044D, 108 }, // U+044D
    { 0x044E, 90 }, // U+044E
    { 0x044F, 109 }, // U+044F
    { 0x0450, 93 }, // U+0450
    { 0x0451, 93 }, // U+0451
    { 0x0452, 110 }, // U+0452
    { 0x0453, 91 }, // U+0453
    { 0x0454, 111 }, // U+0454
    { 0x0455, 112 }, // U+0455
    { 0x0456, 113 }, // U+0456
    { 0x0457, 114 }, // U+0457
    { 0x0458, 115 }, // U+0458
    { 0x0459, 96 }, // U+0459
    { 0x045A, 91 }, // U+045A
    { 0x045B, 116 }, // U+045B
    { 0x045C, 91 }, // U+045C
    { 0x045D, 91 }, // U+045D
    { 0x045E, 102 }, // U+045E
    { 0x045F, 106 }, // U+045F
    { 0x0462, 71 }, // U+0462
    { 0x0463, 117 }, // U+0463
    { 0x0472, 82 }, // U+0472
    { 0x0473, 98 }, // U+0473
    { 0x0474, 76 }, // U+0474
    { 0x0475, 102 }, // U+0475
    { 0x048B, 91 }, // U+048B
    { 0x048D, 118 }, // U+048D
    { 0x048F, 99 }, // U+048F
    { 0x0491, 91 }, // U+0491
    { 0x0493, 91 }, // U+0493
    { 0x0495, 91 }, // U+0495
    { 0x0496, 79 }, // U+0496
    { 0x0497, 94 }, // U+0497
    { 0x0498, 80 }, // U+0498
    { 0x0499, 95 }, // U+0499
    { 0x049B, 91 }, // U+049B
    { 0x049D, 91 }, // U+049D
    { 0x049F, 91 }, // U+049F
    { 0x04A1, 91 }, // U+04A1
    { 0x04A3, 91 }, // U+04A3
    { 0x04A5, 91 }, // U+04A5
    { 0x04A7, 91 }, // U+04A7
    { 0x04A8, 119 }, // U+04A8
    { 0x04A9, 120 }, // U+04A9
    { 0x04AA, 72 }, // U+04AA
    { 0x04AB, 100 }, // U+04AB
    { 0x04AC, 71 }, // U+04AC
    { 0x04AD, 101 }, // U+04AD
    { 0x04AE, 121 }, // U+04AE
    { 0x04AF, 122 }, // U+04AF
    { 0x04B0, 121 }, // U+04B0
    { 0x04B1, 122 }, // U+04B1
    { 0x04B2, 84 }, // U+04B2
    { 0x04B3, 104 }, // U+04B3
    { 0x04B4, 71 }, // U+04B4
    { 0x04B5, 101 }, // U+04B5
    { 0x04B6, 85 }, // U+04B6
    { 0x04B7, 105 }, // U+04B7
    { 0x04B8, 85 }, // U+04B8
    { 0x04B9, 105 }, // U+04B9
    { 0x04BB, 123 }, // U+04BB
    { 0x04BC, 124 }, // U+04BC
    { 0x04BD, 125 }, // U+04BD
    { 0x04BE, 124 }, // U+04BE
    { 0x04BF, 125 }, // U+04BF
    { 0x04C1, 79 }, // U+04C1
    { 0x04C2, 94 }, // U+04C2
    { 0x04C4, 91 }, // U+04C4
    { 0x04C5, 75 }, // U+04C5
    { 0x04C6, 96 }, // U+04C6
    { 0x04C8, 91 }, // U+04C8
    { 0x04CA, 91 }, // U+04CA
    { 0x04CB, 85 }, // U+04CB
    { 0x04CC, 105 }, // U+04CC
    { 0x04CE, 97 }, // U+04CE
    { 0x04D0, 77 }, // U+04D0
    { 0x04D1, 88 }, // U+04D1
    { 0x04D2, 77 }, // U+04D2
    { 0x04D3, 88 }, // U+04D3
    { 0x04D5, 126 }, // U+04D5
    { 0x04D7, 93 }, // U+04D7
    { 0x04D8, 127 }, // U+04D8
    { 0x04D9, 128 }, // U+04D9
    { 0x04DA, 127 }, // U+04DA
    { 0x04DB, 128 }, // U+04DB
    { 0x04DC, 79 }, // U+04DC
    { 0x04DD, 94 }, // U+04DD
    { 0x04DE, 80 }, // U+04DE
    { 0x04DF, 129 }, // U+04DF
    { 0x04E0, 130 }, // U+04E0
    { 0x04E1, 131 }, // U+04E1
    { 0x04E3, 91 }, // U+04E3
    { 0x04E5, 91 }, // U+04E5
    { 0x04E6, 82 }, // U+04E6
    { 0x04E7, 98 }, // U+04E7
    { 0x04E8, 82 }, // U+04E8
    { 0x04E9, 98 }, // U+04E9
    { 0x04EA, 82 }, // U+04EA
    { 0x04EB, 98 }, // U+04EB
    { 0x04EC, 86 }, // U+04EC
    { 0x04ED, 132 }, // U+04ED
    { 0x04EE, 76 }, // U+04EE
    { 0x04EF, 102 }, // U+04EF
    { 0x04F0, 76 }, // U+04F0
    { 0x04F1, 102 }, // U+04F1
    { 0x04F2, 76 }, // U+04F2
    { 0x04F3, 102 }, // U+04F3
    { 0x04F4, 85 }, // U+04F4
    { 0x04F5, 105 }, // U+04F5
    { 0x04F7, 91 }, // U+04F7
    { 0x04F9, 91 }, // U+04F9
    { 0x0E02, 133 }, // U+0E02
    { 0x0E03, 133 }, // U+0E03
    { 0x0E04, 134 }, // U+0E04
    { 0x0E05, 134 }, // U+0E05
    { 0x0E06, 134 }, // U+0E06
    { 0x0E07, 135 }, // U+0E07
    { 0x0E08, 136 }, // U+0E08
    { 0x0E09, 134 }, // U+0E09
    { 0x0E0A, 133 }, // U+0E0A
    { 0x0E0B, 133 }, // U+0E0B
    { 0x0E0C, 137 }, // U+0E0C
    { 0x0E0D, 137 }, // U+0E0D
    { 0x0E10, 136 }, // U+0E10
    { 0x0E11, 134 }, // U+0E11
    { 0x0E12, 134 }, // U+0E12
    { 0x0E13, 137 }, // U+0E13
    { 0x0E14, 134 }, // U+0E14
    { 0x0E15, 134 }, // U+0E15
    { 0x0E16, 137 }, // U+0E16
    { 0x0E18, 138 }, // U+0E18
    { 0x0E19, 139 }, // U+0E19
    { 0x0E1A, 134 }, // U+0E1A
    { 0x0E1B, 134 }, // U+0E1B
    { 0x0E1E, 138 }, // U+0E1E
    { 0x0E1F, 138 }, // U+0E1F
    { 0x0E22, 136 }, // U+0E22
    { 0x0E23, 134 }, // U+0E23
    { 0x0E24, 137 }, // U+0E24
    { 0x0E25, 134 }, // U+0E25
    { 0x0E27, 134 }, // U+0E27
    { 0x0E28, 134 }, // U+0E28
    { 0x0E29, 134 }, // U+0E29
    { 0x0E2A, 134 }, // U+0E2A
    { 0x0E2C, 138 }, // U+0E2C
    { 0x0E2D, 134 }, // U+0E2D
    { 0x0E2E, 134 }, // U+0E2E
    { 0x0E50, 140 }, // U+0E50
    { 0x0E51, 140 }, // U+0E51
    { 0x0E54, 141 }, // U+0E54
    { 0x0E55, 141 }, // U+0E55
    { 0x0E56, 142 }, // U+0E56
    { 0x0E58, 143 }, // U+0E58
    { 0x1EF2, 25 }, // U+1EF2
    { 0x1EF3, 49 }, // U+1EF3
    { 0x2013, 7 }, // U+2013
    { 0x2014, 7 }, // U+2014
    { 0x2018, 144 }, // U+2018
    { 0x2019, 145 }, // U+2019
    { 0x201A, 146 }, // U+201A
    { 0x201C, 144 }, // U+201C
    { 0x201D, 145 }, // U+201D
    { 0x201E, 146 }, // U+201E
    { 0x2026, 6 }, // U+2026
    { 0x2039, 53 }, // U+2039
    { 0x203A, 54 }, // U+203A
    { 0xFB00, 35 }, // U+FB00
    { 0xFB01, 35 }, // U+FB01
    { 0xFB02, 35 }, // U+FB02
    { 0xFB03, 35 }, // U+FB03
    { 0xFB04, 35 }, // U+FB04
};

static const int8_t ubuntu_12_regularKernMatrix[] = {
       0,    0,    0,    0,    0,    0,    0,    0,    0,    0,    0,  -32,  -10,  -10,  -49,    0,  -10,  -10,    0,    0,    0,    5,    4,    0,    0,   -5,    0,    0,    0,    0,    0,    0,    0,    0,    0,    0,    0,    0,    0,    0,    0,    0,    0,    0,    0,    0,    0,    0,    0,    0,    0,    0,    0,    0,  -54,    0,    0,    0,    0,    0,    0,    0,    0,    0,    0,    0,    0,    0,    0,    0,    0,  -10,    0,  -46,  -29,    0,  -32,  -28,    0,    0,    0,  -10,  -10,    0,    0,    0,    0,    0,    0,    0,    0,    0,    0,    0,    0,    0,    0,    0,    0,    0,    0,    0,    0,    0,    0,    0,    0,    0,    0,    0,    0,    0,    0,    0,    0,    0,    0,    0,  -11,    0,    0,    0,    0,    0,    0,    0,  -14,    0,    0,   -4,    0,    0,    0,    0,    0,    0,    0,    0,    0,    0,    0,    0,    0,    0,    0,    0,
       0,    0,    0,   32,    0,    0,    0,    0,    0,    0,    0,    0,  -12,  -12,    0,    0,  -12,  -12,   -7,    4,   -4,    6,    0,    0,    7,    0,    0,    0,    0,    0,    0,    0,    0,    0,    0,    0,    0,    0,    0,    0,    0,    0,    0,    0,    0,    0,    0,    0,    0,    0,    0,    0,    0,    0,    0,    0,    0,    0,    0,    0,    0,    0,    0,    0,    0,    0,    0,    0,    0,    0,    4,  -12,   -5,    0,    0,    0,    0,   11,    0,    0,    0,  -12,  -12,    0,    0,    0,    0,    0,    0,    0,    0,    0,    0,    0,    0,    0,    0,    0,    0,    0,    0,    0,    0,    0,    0,    0,    0,    0,    0,    0,    0,    0,    0,    0,    0,    0,    0,    0,  -18,    0,    7,    0,    0,   -5,    0,    0,   -8,    0,    0,    0,    0,    0,    0,    0,    0,    0,    0,    0,    0,    0,    0,    0,    0,    0,    0,    0,
       0,    0,    0,    0,    0,    0,    0,    0,    0,    0,    0,   -8,   -5,   -5,   -5,    0,   -5,   -5,   -5,  -11,    0,  -14,   -7,  -11,  -17,   -9,    0,    0,    0,    0,    0,    0,    0,    0,    0,    0,    0,    0,    0,    0,    0,    0,    0,    0,    0,    0,    0,    0,    0,    0,    0,    0,    0,    0,   -8,    0,    0,    0,    0,    0,    0,    0,    0,    0,    0,    0,    0,    0,    0,    0,  -11,   -5,   -6,    0,    0,  -10,   -8,    0,   -9,   -8,    0,   -5,   -5,  -11,   -8,   -7,   -7,    0,    0,    0,    0,    0,    0,    0,    0,    0,    0,    0,    0,    0,    0,    0,    0,    0,    0,    0,    0,    0,    0,    0,    0,    0,    0,    0,    0,    0,    0,    0,   -6,    0,  -17,    0,    0,    0,    0,    0,   -5,    0,    0,   -7,    0,    0,    0,    0,    0,    0,    0,    0,    0,    0,    0,    0,    0,    0,    0,    0,
       0,    0,    0,    0,    0,    0,    0,    0,    0,    0,    0,  -26,   -4,   -4,  -49,    0,    0,    0,    0,    0,    0,    0,    0,  -10,    0,    0,    0,    0,    0,    0,    0,    0,    0,    0,    0,    0,    0,    0,    0,    0,    0,    0,    0,    0,    0,    0,    0,    0,    0,    0,    0,    0,    0,    0,  -39,    0,    0,    0,    0,    0,    0,    0,    0,    0,    0,    0,    0,    0,    0,    0,    0,   -4,    0,  -45,  -30,    0,  -26,  -29,  -12,   -6,    0,    0,    0,  -10,    0,    0,    0,    0,    0,    0,    0,    0,    0,    0,    0,    0,    0,    0,    0,    0,    0,    0,    0,    0,    0,    0,    0,    0,    0,    0,    0,    0,    0,    0,    0,    0,    0,    0,    0,    0,    0,    0,    0,    0,    0,    0,   -7,    0,    0,   -7,    0,    0,    0,    0,    0,    0,    0,    0,    0,    0,    0,    0,    0,    0,    0,    0,
       0,    0,    0,    0,    0,    0,    0,    0,    0,    0,    0,   10,  -12,  -12,   11,    0,  -13,  -13,    6,  -28,   -9,  -31,  -16,    4,  -32,    8,    0,    0,    0,    0,    0,    0,    0,    0,    0,    0,    0,    0,    0,    0,    0,    0,    0,    0,    0,    0,    0,    0,    0,    0,    0,    0,    0,    0,    8,    0,    0,    0,    0,    0,    0,    0,    0,    0,    0,    0,    0,    0,    0,    0,  -28,  -12,    0,    0,    0,    0,   10,    7,    0,    0,    0,  -13,  -13,    4,  -47,    0,    0,    0,    0,    0,    0,    0,    0,    0,    0,    0,    0,    0,    0,    0,    0,    0,    0,    0,    0,    0,    0,    0,    0,    0,    0,    0,    0,    0,    0,    0,    0,    0,  -17,    0,  -32,    0,    0,  -40,    0,    0,  -12,    0,    0,    0,    0,    0,    0,    0,    0,    0,    0,    0,    0,    0,    0,    0,    0,    0,    0,    0,
       0,    0,    0,    0,    0,    0,    0,    0,    0,    0,    0,    0,    0,    0,  -11,    0,    0,    0,    0,  -20,    0,   -5,    0,  -12,  -20,   -6,    0,    0,    0,    0,    0,    0,    0,    0,    0,    0,    0,    0,    0,    0,    0,    0,    0,    0,    0,    0,    0,    0,    0,    0,    0,    0,    0,    0,   -6,    0,    0,    0,    0,    0,    0,    0,    0,    0,    0,    0,    0,    0,    0,    0,  -20,    6,   -4,   -9,  -14,  -16,    0,   -9,  -16,   -6,    0,    6,    0,  -12,    0,   -7,    0,    0,    0,    0,    0,    0,    0,    0,    0,    0,    0,    0,    0,    0,    0,    0,    0,    0,    0,    0,    0,    0,    0,    0,    0,    0,    0,    0,    0,    0,    0,    0,    6,    0,  -20,    0,    0,    0,    0,    0,    6,    0,    0,   -9,    0,    0,    0,    0,    0,    0,    0,    0,    0,    0,    0,    0,    0,    0,    0,    0,
       0,    0,    0,    0,    0,    0,    0,    0,    0,    0,    0,  -20,  -11,  -11,  -28,    0,  -10,  -10,    0,   12,    0,   13,    9,    8,   14,    4,    0,    0,    0,    0,    0,    0,    0,    0,    0,    0,    0,    0,    0,    0,    0,    0,    0,    0,    0,    0,    0,    0,    0,    0,    0,    0,    0,    0,  -31,    0,    0,    0,    0,    0,    0,    0,    0,    0,    0,    0,    0,    0,    0,    0,   12,  -11,    0,  -25,  -24,   10,  -20,  -24,    7,    0,    0,  -10,  -10,    8,    0,    8,    0,    0,    0,    0,    0,    0,    0,    0,    0,    0,    0,    0,    0,    0,    0,    0,    0,    0,    0,    0,    0,    0,    0,    0,    0,    0,    0,    0,    0,    0,    0,    0,   -8,    0,   14,    0,    0,    0,    0,    0,    0,    0,    0,    0,    0,    0,    0,    0,    0,    0,    0,    0,    0,    0,    0,    0,    0,    0,    0,    0,
       0,    0,    0,    0,    0,    0,    0,    0,    0,    0,    0,    0,   -4,   -4,    0,    0,   -4,   -4,    0,  -34,   -5,   -8,   -5,    0,  -16,    0,    0,    0,    0,    0,    0,    0,    0,    0,    0,    0,    0,    0,    0,    0,    0,    0,    0,    0,    0,    0,    0,    0,    0,    0,    0,    0,    0,    0,    0,    0,    0,    0,    0,    0,    0,    0,    0,    0,    0,    0,    0,    0,    0,    0,  -34,   -4,    0,    0,    0,    0,    0,    0,    0,    0,    0,   -4,   -4,    0,    0,    0,    0,    0,    0,    0,    0,    0,    0,    0,    0,    0,    0,    0,    0,    0,    0,    0,    0,    0,    0,    0,    0,    0,    0,    0,    0,    0,    0,    0,    0,    0,    0,    0,    0,    0,  -16,    0,    0,    0,    0,    0,   -9,    0,    0,    0,    0,    0,    0,    0,    0,    0,    0,    0,    0,    0,    0,    0,    0,    0,    0,    0,
       0,    0,    0,    0,    0,    0,    0,    0,    0,    0,    0,  -10,   -4,   -4,  -10,    0,   -4,   -4,   -7,  -18,   -5,  -14,   -9,  -16,  -22,  -14,    0,    0,    0,    0,    0,    0,    0,    0,    0,    0,    0,    0,    0,    0,    0,    0,    0,    0,    0,    0,    0,    0,    0,    0,    0,    0,    0,    0,  -15,    0,    0,    0,    0,    0,    0,    0,    0,    0,    0,    0,    0,    0,    0,    0,  -18,   -4,   -6,   -9,   -9,  -16,  -10,   -8,  -18,  -12,    0,   -4,   -4,  -16,   -5,  -11,   -6,    0,    0,    0,    0,    0,    0,    0,    0,    0,    0,    0,    0,    0,    0,    0,    0,    0,    0,    0,    0,    0,    0,    0,    0,    0,    0,    0,    0,    0,    0,    0,    0,    0,  -22,    0,    0,    0,    0,    0,    0,    0,    0,  -11,    0,    0,    0,    0,    0,    0,    0,    0,    0,    0,    0,    0,    0,    0,    0,    0,
       0,  -31,   -8,    0,  -25,   10,    0,    7,    0,    0,   -6,   13,   -8,   -8,   12,    0,   -8,   -8,    6,  -26,   -4,  -25,   -7,   10,  -32,    8,    0,    0,  -11,    0,    0,   -5,   -5,   -5,    0,   -6,    0,    0,    0,    0,   -5,   -5,    5,    0,   -6,   -8,   -8,   10,   -6,    6,   -8,   -4,   -8,    0,   14,    0,    0,    0,    0,   -5,    0,    0,    0,    0,    0,    0,    0,    0,  -21,    0,    0,    0,    0,    0,    0,    0,    0,    0,    0,    0,    0,    0,    0,    0,    0,    0,    0,    0,    0,    0,    0,    0,    0,    0,    0,    0,    0,    0,    0,    0,    0,    0,    0,    0,    0,    0,    0,    0,    0,    0,    0,    0,    0,    0,    0,    0,    0,    0,    0,    0,    0,    0,    0,    0,    0,    0,    0,    0,    0,    0,    0,    0,    0,    0,    0,    0,    0,    0,    0,    0,    0,    0,    0,  -28,  -27,   10,
       0,   -4,   -4,  -10,   -4,   -4,    0,   -8,   -4,   -8,    0,    0,    0,    0,    0,    0,    0,    0,    0,    0,    0,   -8,   -5,   -8,  -10,    0,    0,    0,  -14,    0,    0,    0,    0,    0,    0,    0,    0,    0,    0,    0,    0,    0,    0,    0,    0,    0,    0,    0,    0,   -5,    0,   -9,    0,    0,   -5,    0,    0,    0,    0,    0,    0,    0,    0,    0,    0,    0,    0,    0,   -6,    0,    0,    0,    0,    0,    0,    0,    0,    0,    0,    0,    0,    0,    0,    0,    0,    0,    0,    0,    0,    0,    0,    0,    0,    0,    0,    0,    0,    0,    0,    0,    0,    0,    0,    0,    0,    0,    0,    0,    0,    0,    0,    0,    0,    0,    0,    0,    0,    0,    0,    0,    0,    0,    0,    0,    0,    0,    0,    0,    0,    0,    0,    0,    0,    0,    0,    0,    0,    0,    0,    0,    0,    0,    0,    0,    0,    0,
       0,    0,   -9,    0,    0,    9,  -12,    0,    0,    6,   -7,    9,   -8,   -8,    9,    0,   -8,   -8,    4,    7,    0,    7,    0,    5,    7,    4,   -4,    0,    0,    0,    0,   -6,   -6,   -6,    0,   -6,    0,    0,    0,    0,   -6,   -6,    0,    0,   -8,   -6,   -7,    6,   -6,    0,  -11,    0,  -18,    0,    9,    0,    0,    0,    0,   -6,    0,    0,    0,    0,    0,    0,    0,    0,    0,    0,    0,    0,    0,    0,    0,    0,    0,    0,    0,    0,    0,    0,    0,    0,    0,    0,    0,    0,    0,    0,    0,    0,    0,    0,    0,    0,    0,    0,    0,    0,    0,    0,    0,    0,    0,    0,    0,    0,    0,    0,    0,    0,    0,    0,    0,    0,    0,    0,    0,    0,    0,    0,    0,    0,    0,    0,    0,    0,    0,    0,    0,    0,    0,    0,    0,    0,    0,    0,    0,    0,    0,    0,    0,    0,    5,    7,
      -6,  -10,   -5,  -13,    0,  -13,    0,  -17,    0,  -16,   -4,   -8,    0,    0,  -10,    0,    0,    0,   -4,  -11,    0,   -7,   -7,  -10,  -16,   -6,   -4,    0,  -17,   -6,    0,    0,    0,    0,    0,    0,    0,    0,    0,    0,    0,    0,    0,    0,    0,    0,    0,    0,    0,    0,    0,  -12,    0,    0,  -17,    0,    0,    0,    0,    0,    0,    0,    0,    0,    0,    0,  -12,    0,  -12,    0,    0,    0,    0,    0,    0,    0,    0,    0,    0,    0,    0,    0,    0,    0,    0,    0,    0,    0,    0,    0,    0,    0,    0,    0,    0,    0,    0,    0,    0,    0,    0,    0,    0,    0,    0,    0,    0,    0,    0,    0,    0,    0,    0,    0,    0,    0,    0,    0,    0,    0,    0,    0,    0,    0,    0,    0,    0,    0,    0,    0,    0,    0,    0,    0,    0,    0,    0,    0,    0,    0,    0,    0,    0,   -8,   -5,  -14,
       0,   -6,   -8,    0,   -5,    4,    0,    0,    0,    0,   -6,    7,  -11,  -11,    7,    0,  -11,  -11,    0,    0,   -9,    0,    0,    0,    0,    0,   -7,    0,  -17,    0,    0,   -6,   -7,   -6,    0,   -9,    0,    0,    0,    0,   -7,   -6,    0,   -6,   -8,  -10,  -10,    4,  -10,    0,   -8,   -9,   -9,    0,    7,    0,    0,    0,    0,   -6,    0,    0,    0,    0,    0,    0,    0,    0,    0,    0,    0,    0,    0,    0,    0,    0,    0,    0,    0,    0,    0,    0,    0,    0,    0,    0,    0,    0,    0,    0,    0,    0,    0,    0,    0,    0,    0,    0,    0,    0,    0,    0,    0,    0,    0,    0,    0,    0,    0,    0,    0,    0,    0,    0,    0,    0,    0,    0,    0,    0,    0,    0,    0,    0,    0,    0,    0,    0,    0,    0,    0,    0,    0,    0,    0,    0,    0,    0,    0,    0,    0,    0,    0,   -5,    0,    0,
      -4,    0,  -10,    0,    0,  -26,    0,  -24,   -7,    5,   -7,  -18,   -5,   -5,  -32,    0,   -5,   -5,    0,    6,    0,    7,    0,    0,    8,    0,   -6,    0,  -16,  -20,    0,   -6,   -6,   -6,    0,   -6,    0,    0,    0,  -11,   -6,   -6,    0,    0,  -10,    0,    0,  -14,    0,  -10,    0,    0,    0,   -8,  -30,    0,    0,    0,    0,   -6,    0,    0,    0,    0,  -10,   -7,    0,    0,    0,    0,    0,    0,    0,    0,    0,    0,    0,    0,    0,    0,    0,    0,    0,    0,    0,    0,    0,    0,    0,    0,    0,    0,    0,    0,    0,    0,    0,    0,    0,    0,    0,    0,    0,    0,    0,    0,    0,    0,    0,    0,    0,    0,    0,    0,    0,    0,    0,    0,    0,    0,    0,    0,    0,    0,    0,    0,    0,    0,    0,    0,    0,    0,    0,    0,    0,    0,    0,    0,    0,    0,    0,    0,    0,    0,    0,  -41,
       0,    0,    0,   -4,  -10,    0,    0,    0,    0,    0,    0,    0,    0,    0,    0,    0,    0,    0,    0,    0,    0,    0,    0,    0,    0,    0,    0,    0,   -4,    0,    0,    0,    0,    0,    0,    0,    0,    0,    0,    0,    0,    0,    0,    0,    0,   -7,    0,    0,   -7,    0,    0,   -4,    0,    0,    0,    0,    0,    0,    0,    0,    0,    0,    0,    0,    0,    0,    0,    0,    0,    0,    0,    0,    0,    0,    0,    0,    0,    0,    0,    0,    0,    0,    0,    0,    0,    0,    0,    0,    0,    0,    0,    0,    0,    0,    0,    0,    0,    0,    0,    0,    0,    0,    0,    0,    0,    0,    0,    0,    0,    0,    0,    0,    0,    0,    0,    0,    0,    0,    0,    0,    0,    0,    0,    0,    0,    0,    0,    0,    0,    0,    0,    0,    0,    0,    0,    0,    0,    0,    0,    0,    0,    0,    0,    0,    0,    0,
       0,    0,    0,   -4,    0,   -4,    0,  -14,    0,    0,    0,   -4,    0,    0,   -6,    0,    0,    0,    0,    0,    0,    0,    0,    0,    0,   -7,    0,    0,  -14,    0,    0,    0,    0,    0,    0,    0,    0,    0,    0,    0,    0,    0,    0,    0,    0,    0,    0,    0,    0,   -7,    0,   -8,    0,    0,  -10,    0,    0,    0,    0,    0,    0,    0,    0,    0,    0,    0,   -6,    0,    0,    0,    0,    0,    0,    0,    0,    0,    0,    0,    0,    0,    0,    0,    0,    0,    0,    0,    0,    0,    0,    0,    0,    0,    0,    0,    0,    0,    0,    0,    0,    0,    0,    0,    0,    0,    0,    0,    0,    0,    0,    0,    0,    0,    0,    0,    0,    0,    0,    0,    0,    0,    0,    0,    0,    0,    0,    0,    0,    0,    0,    0,    0,    0,    0,    0,    0,    0,    0,    0,    0,    0,    0,    0,    0,    0,    0,   -5,
       0,    0,   -7,    0,  -13,    6,  -19,    7,    0,    4,   -8,   14,  -14,  -14,   11,    0,  -14,  -14,    0,    7,    0,    8,    4,   10,    9,    8,    0,    0,  -10,    0,    0,   -8,   -8,   -8,    0,   -8,    0,    0,    0,    0,   -8,   -8,    6,    0,   -5,   -6,  -19,   11,   -4,    6,   -8,    0,  -24,    0,   14,    0,    0,    0,    8,  -10,    4,    4,    0,    0,    0,   -5,    0,    0,    0,    0,    0,    0,    0,    0,    0,    0,    0,    0,    0,    0,    0,    0,    0,    0,    0,    0,    0,    0,    0,    0,    0,    0,    0,    0,    0,    0,    0,    0,    0,    0,    0,    0,    0,    0,    0,    0,    0,    0,    0,    0,    0,    0,    0,    0,    0,    0,    0,    0,    0,    0,    0,    0,    0,    0,    0,    0,    0,    0,    0,    0,    0,    0,    0,    0,    0,    0,    0,    0,    0,    0,    0,    0,    0,    0,    0,    6,
       0,  -50,   -4,    0,  -56,    9,  -28,    5,    0,    0,    0,   11,  -18,  -18,   11,    0,  -18,  -18,    6,  -46,   -7,  -40,  -18,    8,  -46,    6,    0,    0,  -13,    0,    0,   -5,   -5,   -5,    0,   -5,    0,    0,    0,    0,   -5,   -5,    0,    0,    0,  -16,  -15,    8,   -8,    4,  -10,   -6,  -16,    4,   12,    0,    0,    0,    0,    0,    0,    0,    0,    0,    0,    0,    0,    0,  -34,    0,    0,    0,    0,    0,    0,    0,    0,    0,    0,    0,    0,    0,    0,    0,    0,    0,    0,    0,    0,    0,    0,    0,    0,    0,    0,    0,    0,    0,    0,    0,    0,    0,    0,    0,    0,    0,    0,    0,    0,    0,    0,    0,    0,    0,    0,    0,    0,    0,    0,    0,    0,    0,    0,    0,    0,    0,    0,    0,    0,    0,    0,    0,    0,    0,    0,    0,    0,    0,    0,    0,    0,    0,    0,  -48,  -47,    6,
       0,    0,    0,    0,    0,    0,    0,    0,    0,    0,    0,    0,    0,    0,    0,    0,    0,    0,    0,    0,    0,   -2,    0,    0,   -3,    0,    0,    0,    0,    0,    0,    0,    0,    0,    0,    0,    0,    0,    0,    0,    0,    0,    0,    0,    0,    0,    0,    0,    0,    0,    0,    0,    0,    0,    0,    0,    0,    0,    0,    0,    0,    0,    0,    0,    0,    0,    0,    0,    0,    0,    0,    0,    0,    0,    0,    0,    0,    0,    0,    0,    0,    0,    0,    0,    0,    0,    0,    0,    0,    0,    0,    0,    0,    0,    0,    0,    0,    0,    0,    0,    0,    0,    0,    0,    0,    0,    0,    0,    0,    0,    0,    0,    0,    0,    0,    0,    0,    0,    0,    0,    0,    0,    0,    0,    0,    0,    0,    0,    0,    0,    0,    0,    0,    0,    0,    0,    0,    0,    0,    0,    0,    0,    0,    0,    0,    0,
      -6,   -9,   -5,  -11,    0,  -13,    0,  -17,    0,  -14,   -4,   -8,    0,    0,  -10,    0,    0,    0,   -4,  -11,    0,   -7,   -6,  -10,  -16,   -6,   -4,    0,  -17,   -5,    0,    0,    0,    0,    0,    0,    0,    0,    0,    0,    0,    0,    0,    0,    0,    0,    0,    0,    0,    0,    0,  -12,    0,    0,  -16,    0,    0,    0,    0,    0,    0,    0,    0,    0,    0,    0,  -11,    0,  -10,    0,    0,    0,    0,    0,    0,    0,    0,    0,    0,    0,    0,    0,    0,    0,    0,    0,    0,    0,    0,    0,    0,    0,    0,    0,    0,    0,    0,    0,    0,    0,    0,    0,    0,    0,    0,    0,    0,    0,    0,    0,    0,    0,    0,    0,    0,    0,    0,    0,    0,    0,    0,    0,    0,    0,    0,    0,    0,    0,    0,    0,    0,    0,    0,    0,    0,    0,    0,    0,    0,    0,    0,    0,    0,   -6,   -4,  -12,
      -4,    0,   -5,  -10,    0,  -36,    0,  -25,    0,    0,    0,  -20,    0,    0,  -38,    0,    0,    0,    0,    0,    0,    0,    0,   -7,    0,    0,   -6,    0,  -16,   -8,    0,   -8,   -8,  -13,    0,   -8,    0,    0,    0,    0,   -8,   -4,    0,    0,    0,    4,    4,    0,    4,    0,    0,  -10,   -7,    0,  -34,    0,    0,    0,    0,   -6,    0,    0,    0,    0,    0,    0,    0,    0,    0,    0,    0,    0,    0,    0,    0,    0,    0,    0,    0,    0,    0,    0,    0,    0,    0,    0,    0,    0,    0,    0,    0,    0,    0,    0,    0,    0,    0,    0,    0,    0,    0,    0,    0,    0,    0,    0,    0,    0,    0,    0,    0,    0,    0,    0,    0,    0,    0,    0,    0,    0,    0,    0,    0,    0,    0,    0,    0,    0,    0,    0,    0,    0,    0,    0,    0,    0,    0,    0,    0,    0,    0,    0,    0,    0,    4,  -46,
      -6,   -9,   -5,    0,    0,  -13,    0,    0,    0,  -14,   -4,   -8,    0,    0,  -10,    0,    0,    0,   -4,  -11,    0,   -7,   -6,  -10,  -16,   -6,   -4,    0,    0,   -6,    0,    0,    0,    0,    0,    0,    0,    6,    0,    0,    0,    0,    0,    0,    0,    0,    0,    0,    0,    0,    0,    0,    0,    0,  -16,    0,    0,    0,    0,    0,    0,    0,    0,    0,    0,    0,  -11,    0,    0,    0,    0,    0,    0,    0,    0,    0,    0,    0,    0,    0,    0,    0,    0,    0,    0,    0,    0,    0,    0,    0,    0,    0,    0,    0,    0,    0,    0,    0,    0,    0,    0,    0,    0,    0,    0,    0,    0,    0,    0,    0,    0,    0,    0,    0,    0,    0,    0,    0,    0,    0,    0,    0,    0,    0,    0,    0,    0,    0,    0,    0,    0,    0,    0,    0,    0,    0,    0,    0,    0,    0,    0,    0,    0,   -6,   -4,   -8,
       0,    0,   -5,    0,    0,    6,    0,    5,    0,   -5,   -6,   11,   -4,   -4,    9,    0,   -4,   -4,    0,    0,    0,   -4,    0,    8,   -8,    6,    0,    0,  -13,    0,    0,    0,    0,    0,    0,    0,    0,    0,    0,    0,    0,    0,    0,    0,    0,    0,    0,    8,    0,    4,   -7,   -6,   -8,    0,   12,    0,    0,    0,    0,   -6,    0,    0,    0,    0,    0,    0,    0,    0,    0,    0,    0,    0,    0,    0,    0,    0,    0,    0,    0,    0,    0,    0,    0,    0,    0,    0,    0,    0,    0,    0,    0,    0,    0,    0,    0,    0,    0,    0,    0,    0,    0,    0,    0,    0,    0,    0,    0,    0,    0,    0,    0,    0,    0,    0,    0,    0,    0,    0,    0,    0,    0,    0,    0,    0,    0,    0,    0,    0,    0,    0,    0,    0,    0,    0,    0,    0,    0,    0,    0,    0,    0,    0,    0,    0,    0,    6,
       0,    0,  -11,    5,    0,  -30,  -20,  -34,  -34,    9,  -20,  -26,  -11,  -11,  -36,    0,  -11,  -11,    0,   10,    0,   11,    7,    6,   12,    0,    0,    0,  -13,  -18,    0,  -22,  -22,  -22,    0,  -22,    0,    0,    0,  -16,  -22,  -22,  -18,    0,  -14,   -9,  -32,   -7,   -9,  -12,  -10,    0,  -34,  -30,  -29,    0,    0,    8,   12,  -32,   20,    8,    4,    0,  -29,  -26,    0,    0,    0,    0,    0,    0,    0,    0,    0,    0,    0,    0,    0,    0,    0,    0,    0,    0,    0,    0,    0,    0,    0,    0,    0,    0,    0,    0,    0,    0,    0,    0,    0,    0,    0,    0,    0,    0,    0,    0,    0,    0,    0,    0,    0,    0,    0,    0,    0,    0,    0,    0,    0,    0,    0,    0,    0,    0,    0,    0,    0,    0,    0,    0,    0,    0,    0,    0,    0,    0,    0,    0,    0,    0,    0,    0,    0,    0,    0,  -27,
       0,    0,   -4,    0,    0,   -4,    0,  -16,   -4,    0,    0,   -4,    0,    0,   -6,    0,    0,    0,    0,    0,    0,    0,    0,    0,    0,   -6,    0,    0,  -15,   -6,    0,    0,    0,    0,    0,    0,    0,    0,    0,    0,    0,    0,    0,    0,    0,    0,    0,    0,    0,   -7,   -4,   -9,    0,    0,  -14,    0,    0,    0,    0,    0,    0,    0,    0,    0,    0,    0,   -6,    0,    0,    0,    0,    0,    0,    0,    0,    0,    0,    0,    0,    0,    0,    0,    0,    0,    0,    0,    0,    0,    0,    0,    0,    0,    0,    0,    0,    0,    0,    0,    0,    0,    0,    0,    0,    0,    0,    0,    0,    0,    0,    0,    0,    0,    0,    0,    0,    0,    0,    0,    0,    0,    0,    0,    0,    0,    0,    0,    0,    0,    0,    0,    0,    0,    0,    0,    0,    0,    0,    0,    0,    0,    0,    0,    0,    0,    0,   -8,
       0,    6,  -13,    6,    0,  -30,   -4,  -27,   -8,   10,  -15,  -25,   -7,   -7,  -38,   -2,   -7,   -7,    0,   11,    0,   12,    8,    8,   13,    0,    0,    0,  -11,  -10,    0,  -18,  -18,  -18,    0,  -18,    0,    0,    0,  -12,  -18,  -18,   -6,    0,  -10,    0,    0,    0,    0,   -1,  -10,    0,  -17,   -4,  -33,    0,    4,    0,   13,  -20,   16,   12,    4,    0,  -10,  -10,    0,    0,    0,    0,    0,    0,    0,    0,    0,    0,    0,    0,    0,    0,    0,    0,    0,    0,    0,    0,    0,    0,    0,    0,    0,    0,    0,    0,    0,    0,    0,    0,    0,    0,    0,    0,    0,    0,    0,    0,    0,    0,    0,    0,    0,    0,    0,    0,    0,    0,    0,    0,    0,    0,    0,    0,    0,    0,    0,    0,    0,    0,    0,    0,    0,    0,    0,    0,    0,    0,    0,    0,    0,    0,    0,    0,    0,    8,   10,  -30,
       0,    5,   -6,    0,    0,  -15,    0,  -19,   -4,    6,   -8,   -7,   -6,   -6,  -24,    0,   -6,   -6,    0,    8,    0,    9,    5,    4,   10,    0,    0,    0,  -15,  -12,    0,   -9,   -9,   -9,    0,  -10,    0,    0,    0,   -8,   -9,   -9,   -7,    0,   -8,    0,    0,    0,    0,    0,   -7,    0,   -8,    0,  -20,    0,    0,    0,    7,  -10,    4,    0,    0,    0,   -6,    0,    0,    0,    0,    0,    0,    0,    0,    0,    0,    0,    0,    0,    0,    0,    0,    0,    0,    0,    0,    0,    0,    0,    0,    0,    0,    0,    0,    0,    0,    0,    0,    0,    0,    0,    0,    0,    0,    0,    0,    0,    0,    0,    0,    0,    0,    0,    0,    0,    0,    0,    0,    0,    0,    0,    0,    0,    0,    0,    0,    0,    0,    0,    0,    0,    0,    0,    0,    0,    0,    0,    0,    0,    0,    0,    0,    0,    0,    7,   10,  -15,
       0,    0,  -10,    0,  -10,    5,  -11,    4,    0,    0,  -10,   11,  -10,  -10,    8,    0,  -10,  -10,    0,    5,    0,    7,    0,    7,    8,    5,    0,    0,  -14,    0,    0,   -7,   -7,   -7,    0,   -7,    0,    0,    0,    0,   -7,   -7,    0,    0,   -4,   -4,  -15,    8,   -3,    0,  -10,    0,  -19,    0,   11,    0,    0,    0,    0,  -12,    0,    0,    0,    0,    0,   -7,    0,    0,    0,    0,    0,    0,    0,    0,    0,    0,    0,    0,    0,    0,    0,    0,    0,    0,    0,    0,    0,    0,    0,    0,    0,    0,    0,    0,    0,    0,    0,    0,    0,    0,    0,    0,    0,    0,    0,    0,    0,    0,    0,    0,    0,    0,    0,    0,    0,    0,    0,    0,    0,    0,    0,    0,    0,    0,    0,    0,    0,    0,    0,    0,    0,    0,    0,    0,    0,    0,    0,    0,    0,    0,    0,    0,    0,    0,    0,    4,
       0,    0,  -17,    7,    0,  -26,  -20,  -33,  -15,   10,  -23,  -32,  -16,  -16,  -46,   -3,  -16,  -16,    0,   12,    0,   13,    9,    8,   14,    4,    0,    0,  -10,  -16,    0,  -20,  -20,  -20,    0,  -20,    0,    0,    0,  -16,  -20,  -20,   -8,    0,  -14,    0,    0,   -6,    0,  -11,   -9,    0,  -30,  -13,  -32,    0,    0,    0,   16,  -31,   16,   13,    0,    0,  -17,  -16,    0,    0,    0,    0,    0,    0,    0,    0,    0,    0,    0,    0,    0,    0,    0,    0,    0,    0,    0,    0,    0,    0,    0,    0,    0,    0,    0,    0,    0,    0,    0,    0,    0,    0,    0,    0,    0,    0,    0,    0,    0,    0,    0,    0,    0,    0,    0,    0,    0,    0,    0,    0,    0,    0,    0,    0,    0,    0,    0,    0,    0,    0,    0,    0,    0,    0,    0,    0,    0,    0,    0,    0,    0,    0,    0,    0,    0,    4,    7,  -31,
       0,    0,   -8,    0,    0,    4,  -24,    0,    0,    0,   -6,    7,  -14,  -14,    7,    0,  -14,  -14,    0,    0,   -6,    4,    0,    0,    5,    0,   -7,    0,  -17,    0,    0,   -6,   -7,   -6,    0,   -9,    0,    0,    0,    0,   -7,   -6,    0,   -5,   -8,   -9,  -10,    4,   -9,    0,  -14,   -6,  -20,    0,    7,    0,    0,    0,    4,   -6,    5,    0,    0,    0,    0,    0,    0,    0,    0,    0,    0,    0,    0,    0,    0,    0,    0,    0,    0,    0,    0,    0,    0,    0,    0,    0,    0,    0,    0,    0,    0,    0,    0,    0,    0,    0,    0,    0,    0,    0,    0,    0,    0,    0,    0,    0,    0,    0,    0,    0,    0,    0,    0,    0,    0,    0,    0,    0,    0,    0,    0,    0,    0,    0,    0,    0,    0,    0,    0,    0,    0,    0,    0,    0,    0,    0,    0,    0,    0,    0,    0,    0,    0,    0,    0,    0,
       0,    0,    0,    0,    0,    0,    0,    0,    0,    0,    0,  -11,  -17,  -17,  -11,    0,  -17,  -17,  -10,  -13,  -15,  -12,  -15,  -14,  -11,  -16,    0,    0,   32,    0,    0,    0,    0,    0,    0,    0,    0,    0,    0,    0,    0,    0,    0,    0,    0,    0,    0,    0,    0,    0,    0,    0,    0,    0,  -11,    0,    0,    0,    0,    0,    0,    0,    0,    0,    0,    0,    0,    0,    0,    0,  -13,  -17,   -8,   -9,  -10,  -12,  -11,   10,  -12,    0,    0,  -17,  -17,  -14,  -19,    0,  -15,    0,    0,    0,    0,    0,    0,    0,    0,    0,    0,    0,    0,    0,    0,    0,    0,    0,    0,    0,    0,    0,    0,    0,    0,    0,    0,    0,    0,    0,    0,    0,  -19,    0,  -11,    0,    0,  -10,    0,    0,   -6,    0,    0,  -12,    0,    0,    0,    0,    0,    0,    0,    0,    0,    0,    0,    0,    0,    0,    0,    0,
       0,    0,    0,    0,    0,    0,    0,    0,    0,    0,    0,    0,   -4,   -4,    0,    0,   -4,   -4,    0,    0,    0,    0,   -4,   -4,    0,   -6,    0,    0,    0,    0,    0,    0,    0,    0,    0,    0,    0,    0,    0,    0,    0,    0,    0,    0,    0,    0,    0,    0,    0,    0,    0,    0,    0,    0,    0,    0,    0,    0,    0,    0,    0,    0,    0,    0,    0,    0,    0,    0,    0,    0,    0,   -4,   -4,    0,    0,    0,    0,    0,    0,    0,    0,   -4,   -4,   -4,   -8,    0,   -5,    0,    0,    0,    0,    0,    0,    0,    0,    0,    0,    0,    0,    0,    0,    0,    0,    0,    0,    0,    0,    0,    0,    0,    0,    0,    0,    0,    0,    0,    0,    0,   -9,    0,    0,    0,    0,    0,    0,    0,   -8,    0,    0,    0,    0,    0,    0,    0,    0,    0,    0,    0,    0,    0,    0,    0,    0,    0,    0,    0,
       0,  -11,    0,  -10,   -8,    0,    0,    0,    0,  -11,    0,    0,    0,    0,    0,    0,    0,    0,    0,    0,    0,    0,    0,    0,    0,    0,    0,    0,  -12,    0,    0,    0,    0,    0,    0,    0,    0,    0,    0,    0,    0,    0,    0,    0,    0,   -6,   -5,    0,   -6,    0,    0,   -8,    0,    0,    0,    0,    0,    0,    0,    0,    0,    0,    0,    0,    0,    0,    0,    0,    0,    0,    0,    0,    0,    0,    0,    0,    0,    0,    0,    0,    0,    0,    0,    0,    0,    0,    0,    0,    0,    0,    0,    0,    0,    0,    0,    0,    0,    0,    0,    0,    0,    0,    0,    0,    0,    0,    0,    0,    0,    0,    0,    0,    0,    0,    0,    0,    0,    0,    0,    0,    0,    0,    0,    0,    0,    0,    0,    0,    0,    0,    0,    0,    0,    0,    0,    0,    0,    0,    0,    0,    0,    0,    0,    0,  -10,    0,
       0,  -15,    0,  -11,    0,    0,    0,   -9,    0,  -11,    0,    0,    0,    0,    0,    0,    0,    0,    0,    0,    0,    0,    0,    0,    0,    0,    0,    0,  -12,    0,    0,    0,    0,    0,    0,    0,    0,    0,    0,    0,    0,    0,    0,    0,    0,   -5,   -5,   -7,   -5,   -8,    0,   -8,    0,    0,    0,    0,    0,    0,    0,    0,    0,    0,    0,    0,    0,    0,    0,    0,    0,    0,    0,    0,    0,    0,    0,    0,    0,    0,    0,    0,    0,    0,    0,    0,    0,    0,    0,    0,    0,    0,    0,    0,    0,    0,    0,    0,    0,    0,    0,    0,    0,    0,    0,    0,    0,    0,    0,    0,    0,    0,    0,    0,    0,    0,    0,    0,    0,    0,    0,    0,    0,    0,    0,    0,    0,    0,    0,    0,    0,    0,    0,    0,    0,    0,    0,    0,    0,    0,    0,    0,    0,    0,    0,  -13,  -13,    0,
       0,    0,    0,    0,    0,    4,  -13,    0,    0,    0,    0,    0,    0,    0,    0,    0,    0,    0,    0,    0,    0,    0,    0,    0,    0,    0,    0,    0,  -11,    0,    0,    0,   -5,    0,    0,   -6,    0,    0,    0,    0,   -5,    0,    0,    0,    0,    4,    4,    6,    4,    0,   -8,    0,  -12,    0,    0,    0,    0,    0,    0,    0,    0,    0,    0,    0,    0,    0,    0,    0,    0,    0,    0,    0,    0,    0,    0,    0,    0,    0,    0,    0,    0,    0,    0,    0,    0,    0,    0,    0,    0,    0,    0,    0,    0,    0,    0,    0,    0,    0,    0,    0,    0,    0,    0,    0,    0,    0,    0,    0,    0,    0,    0,    0,    0,    0,    0,    0,    0,    0,    0,    0,    0,    0,    0,    0,    0,    0,    0,    0,    0,    0,    0,    0,    0,    0,    0,    0,    0,    0,    0,    0,    0,    0,    0,    0,    0,    0,
       0,    0,    0,   16,    4,  -21,  -14,  -17,    0,   10,    0,    0,    0,    0,    0,    0,    0,    0,    0,    0,    0,    0,    0,    0,    0,    0,    0,    0,   16,    0,    0,    0,    0,    0,    0,    0,    0,    0,    0,    0,    0,    0,    0,    0,    0,    8,    7,    6,    8,    0,    0,   16,   -8,    4,    0,    0,   12,    0,   16,   -7,   16,   12,   16,    0,    0,    0,    0,    0,    0,    0,    0,    0,    0,    0,    0,    0,    0,    0,    0,    0,    0,    0,    0,    0,    0,    0,    0,    0,    0,    0,    0,    0,    0,    0,    0,    0,    0,    0,    0,    0,    0,    0,    0,    0,    0,    0,    0,    0,    0,    0,    0,    0,    0,    0,    0,    0,    0,    0,    0,    0,    0,    0,    0,    0,    0,    0,    0,    0,    0,    0,    0,    0,    0,    0,    0,    0,    0,    0,    0,    0,    0,    0,    0,    0,    8,  -21,
       0,  -15,    0,  -10,   -8,    0,    0,    0,    0,  -11,    0,    0,    0,    0,    0,    0,    0,    0,    0,    0,    0,    0,    0,    0,    0,    0,    0,    0,  -12,    0,    0,    0,    0,    0,    0,    0,    0,    0,    0,    0,    0,    0,    0,    0,    0,   -6,   -5,    0,   -7,    0,    0,   -8,    0,    0,    0,    0,    0,    0,    0,    0,    0,    0,    0,    0,    0,    0,    0,    0,    0,    0,    0,    0,    0,    0,    0,    0,    0,    0,    0,    0,    0,    0,    0,    0,    0,    0,    0,    0,    0,    0,    0,    0,    0,    0,    0,    0,    0,    0,    0,    0,    0,    0,    0,    0,    0,    0,    0,    0,    0,    0,    0,    0,    0,    0,    0,    0,    0,    0,    0,    0,    0,    0,    0,    0,    0,    0,    0,    0,    0,    0,    0,    0,    0,    0,    0,    0,    0,    0,    0,    0,    0,    0,    0,  -12,  -12,    0,
       0,    0,    0,    0,    0,    0,    0,    0,    0,    0,    0,    0,    0,    0,    0,    0,    0,    0,    0,    0,    0,    0,    0,    0,    0,    0,    0,    0,    0,    0,    0,    0,    0,    0,    0,    0,    0,    4,    0,    0,    0,    0,    0,    0,    0,    0,    0,    0,    0,    0,    0,    0,    0,    0,    0,    0,    0,    0,    0,    0,    0,    0,    0,    0,    0,    0,    0,    0,    0,    0,    0,    0,    0,    0,    0,    0,    0,    0,    0,    0,    0,    0,    0,    0,    0,    0,    0,    0,    0,    0,    0,    0,    0,    0,    0,    0,    0,    0,    0,    0,    0,    0,    0,    0,    0,    0,    0,    0,    0,    0,    0,    0,    0,    0,    0,    0,    0,    0,    0,    0,    0,    0,    0,    0,    0,    0,    0,    0,    0,    0,    0,    0,    0,    0,    0,    0,    0,    0,    0,    0,    0,    0,    0,    0,    0,    0,
       0,    0,    0,    0,    0,    0,  -11,    4,    0,    0,   -8,    0,    0,    0,    0,    0,    0,    0,    0,    0,    0,    0,    0,    0,    0,    0,    0,    0,  -10,    0,    0,  -10,  -10,  -10,    0,  -12,    0,    0,    0,    0,  -12,  -10,    0,    0,    0,    0,    0,    8,    0,    0,   -8,    0,  -14,    0,    0,    0,    0,    0,    0,  -11,    0,    0,    0,    0,    0,    0,    0,    0,    0,    0,    0,    0,    0,    0,    0,    0,    0,    0,    0,    0,    0,    0,    0,    0,    0,    0,    0,    0,    0,    0,    0,    0,    0,    0,    0,    0,    0,    0,    0,    0,    0,    0,    0,    0,    0,    0,    0,    0,    0,    0,    0,    0,    0,    0,    0,    0,    0,    0,    0,    0,    0,    0,    0,    0,    0,    0,    0,    0,    0,    0,    0,    0,    0,    0,    0,    0,    0,    0,    0,    0,    0,    0,    0,    0,    0,    0,
       0,  -12,    0,  -10,   -9,    0,    0,    0,    0,  -11,    0,    0,    0,    0,    0,    0,    0,    0,    0,    0,    0,    0,    0,    0,    0,    0,    0,    0,  -12,    0,    0,    0,    0,    0,    0,    0,    0,    0,    0,    0,    0,    0,    0,    0,    0,   -6,   -6,    0,   -7,    0,    0,   -8,    0,    0,    0,    0,    0,    0,    0,    0,    0,    0,    0,    0,    0,    0,    0,    0,    0,    0,    0,    0,    0,    0,    0,    0,    0,    0,    0,    0,    0,    0,    0,    0,    0,    0,    0,    0,    0,    0,    0,    0,    0,    0,    0,    0,    0,    0,    0,    0,    0,    0,    0,    0,    0,    0,    0,    0,    0,    0,    0,    0,    0,    0,    0,    0,    0,    0,    0,    0,    0,    0,    0,    0,    0,    0,    0,    0,    0,    0,    0,    0,    0,    0,    0,    0,    0,    0,    0,    0,    0,    0,    0,   -9,  -10,    0,
       0,  -13,    0,  -11,   -8,    0,    0,   -9,    0,  -12,    0,    0,    0,    0,    0,    0,    0,    0,    0,    0,    0,    0,    0,    0,    0,    0,    0,    0,  -12,    0,    0,    0,    0,    0,    0,    0,    0,    0,    0,    0,    0,    0,    0,    0,    0,   -6,   -5,   -7,   -6,   -8,    0,   -8,    0,    0,    0,    0,    0,    0,    0,    0,    0,    0,    0,    0,    0,    0,    0,    0,    0,    0,    0,    0,    0,    0,    0,    0,    0,    0,    0,    0,    0,    0,    0,    0,    0,    0,    0,    0,    0,    0,    0,    0,    0,    0,    0,    0,    0,    0,    0,    0,    0,    0,    0,    0,    0,    0,    0,    0,    0,    0,    0,    0,    0,    0,    0,    0,    0,    0,    0,    0,    0,    0,    0,    0,    0,    0,    0,    0,    0,    0,    0,    0,    0,    0,    0,    0,    0,    0,    0,    0,    0,    0,    0,   -9,  -11,    0,
       0,  -13,    0,  -11,   -8,    0,    0,   -9,    0,  -11,    0,    0,    0,    0,    0,    0,    0,    0,    0,    0,    0,    0,    0,    0,    0,    0,    0,    0,  -12,    0,    0,    0,    0,    0,    0,    0,    0,    0,    0,    0,    0,    0,    0,    0,    0,   -6,   -5,   -7,   -6,   -7,    0,   -8,    0,    0,    0,    0,    0,    0,    0,    0,    0,    0,    0,    0,    0,    0,    0,    0,    0,    0,    0,    0,    0,    0,    0,    0,    0,    0,    0,    0,    0,    0,    0,    0,    0,    0,    0,    0,    0,    0,    0,    0,    0,    0,    0,    0,    0,    0,    0,    0,    0,    0,    0,    0,    0,    0,    0,    0,    0,    0,    0,    0,    0,    0,    0,    0,    0,    0,    0,    0,    0,    0,    0,    0,    0,    0,    0,    0,    0,    0,    0,    0,    0,    0,    0,    0,    0,    0,    0,    0,    0,    0,    0,   -9,  -11,    0,
       0,    0,    0,    0,    0,    0,    0,    0,    0,    0,    0,    0,    0,    0,    0,    0,    0,    0,    0,    0,    0,    0,    0,    0,    0,    0,    0,    0,    0,    0,    0,    0,    0,    0,    0,    0,    0,   12,    0,    0,    0,    0,    0,    0,    0,    0,    0,    0,    0,    0,    0,    0,    0,    0,    0,    0,    0,    0,    0,    0,    0,    0,    0,    0,    0,    0,    0,    0,    0,    0,    0,    0,    0,    0,    0,    0,    0,    0,    0,    0,    0,    0,    0,    0,    0,    0,    0,    0,    0,    0,    0,    0,    0,    0,    0,    0,    0,    0,    0,    0,    0,    0,    0,    0,    0,    0,    0,    0,    0,    0,    0,    0,    0,    0,    0,    0,    0,    0,    0,    0,    0,    0,    0,    0,    0,    0,    0,    0,    0,    0,    0,    0,    0,    0,    0,    0,    0,    0,    0,    0,    0,    0,    0,    0,    0,    0,
       0,    0,    0,    0,    5,  -22,  -13,  -18,    0,  -17,    0,    0,    0,    0,    0,    0,    0,    0,    0,    0,    0,    0,    0,    0,    0,    0,    0,    0,  -10,    0,    0,    0,    0,    0,    0,    0,    0,    0,    0,    0,    0,   -5,    0,    0,    0,    8,    8,    6,    8,    0,    0,    0,   -8,    0,    0,    0,    0,    0,    0,   -8,    0,    0,    0,    0,    0,    0,    0,    0,    0,    0,    0,    0,    0,    0,    0,    0,    0,    0,    0,    0,    0,    0,    0,    0,    0,    0,    0,    0,    0,    0,    0,    0,    0,    0,    0,    0,    0,    0,    0,    0,    0,    0,    0,    0,    0,    0,    0,    0,    0,    0,    0,    0,    0,    0,    0,    0,    0,    0,    0,    0,    0,    0,    0,    0,    0,    0,    0,    0,    0,    0,    0,    0,    0,    0,    0,    0,    0,    0,    0,    0,    0,    0,    0,    0,    6,  -21,
       0,    0,    0,    0,    0,    4,  -16,    0,    0,    0,    0,    0,    0,    0,    0,    0,    0,    0,    0,    0,    0,    0,    0,    0,    0,    0,    0,    0,  -11,    0,    0,   -5,   -6,   -4,    0,   -4,    0,    0,    0,    0,   -6,   -5,    0,    0,    0,    0,    0,    7,    0,    0,   -8,    0,  -11,    0,    0,    0,    0,    0,    0,   -5,    0,    0,    0,    0,    0,    0,    0,    0,    0,    0,    0,    0,    0,    0,    0,    0,    0,    0,    0,    0,    0,    0,    0,    0,    0,    0,    0,    0,    0,    0,    0,    0,    0,    0,    0,    0,    0,    0,    0,    0,    0,    0,    0,    0,    0,    0,    0,    0,    0,    0,    0,    0,    0,    0,    0,    0,    0,    0,    0,    0,    0,    0,    0,    0,    0,    0,    0,    0,    0,    0,    0,    0,    0,    0,    0,    0,    0,    0,    0,    0,    0,    0,    0,    0,    0,    0,
       0,    0,    0,    0,    4,  -14,    0,  -13,    0,  -16,    0,    0,    0,    0,    0,    0,    0,    0,    0,    0,    0,    0,    0,    0,    0,    0,    0,    0,  -10,    0,    0,   -6,   -6,   -6,    0,   -5,    0,    0,    0,    0,   -6,   -6,    0,    0,    0,    7,    7,    6,    7,    0,    0,    0,    0,    0,    0,    0,    0,    0,    0,   -7,    0,    0,    0,    0,    0,    0,    0,    0,    0,    0,    0,    0,    0,    0,    0,    0,    0,    0,    0,    0,    0,    0,    0,    0,    0,    0,    0,    0,    0,    0,    0,    0,    0,    0,    0,    0,    0,    0,    0,    0,    0,    0,    0,    0,    0,    0,    0,    0,    0,    0,    0,    0,    0,    0,    0,    0,    0,    0,    0,    0,    0,    0,    0,    0,    0,    0,    0,    0,    0,    0,    0,    0,    0,    0,    0,    0,    0,    0,    0,    0,    0,    0,    0,    0,    5,  -14,
       0,    0,    0,    0,    4,  -13,    0,  -11,    0,  -14,    0,    0,    0,    0,    0,    0,    0,    0,    0,    0,    0,    0,    0,    0,    0,    0,    0,    0,  -10,    0,    0,   -5,    0,    0,    0,    0,    0,    0,    0,    0,   -5,    0,    0,    0,    0,    7,    7,    6,    7,    0,    0,    0,    0,    0,    0,    0,    0,    0,    0,   -6,    0,    0,    0,    0,    0,    0,    0,    0,    0,    0,    0,    0,    0,    0,    0,    0,    0,    0,    0,    0,    0,    0,    0,    0,    0,    0,    0,    0,    0,    0,    0,    0,    0,    0,    0,    0,    0,    0,    0,    0,    0,    0,    0,    0,    0,    0,    0,    0,    0,    0,    0,    0,    0,    0,    0,    0,    0,    0,    0,    0,    0,    0,    0,    0,    0,    0,    0,    0,    0,    0,    0,    0,    0,    0,    0,    0,    0,    0,    0,    0,    0,    0,    0,    0,    5,  -12,
       0,    0,    0,    0,    0,    0,    0,    0,    0,    0,    0,    0,    0,    0,    0,    0,    0,    0,    0,    0,    0,    0,    0,    0,    0,    0,    0,    0,  -11,    0,    0,   -8,   -8,   -8,    0,   -8,    0,    0,    0,    0,   -8,   -8,    0,    0,    0,    0,    0,    7,    0,    0,   -8,    0,  -12,    0,    0,    0,    0,    0,    0,  -10,    0,    0,    0,    0,    0,    0,    0,    0,    0,    0,    0,    0,    0,    0,    0,    0,    0,    0,    0,    0,    0,    0,    0,    0,    0,    0,    0,    0,    0,    0,    0,    0,    0,    0,    0,    0,    0,    0,    0,    0,    0,    0,    0,    0,    0,    0,    0,    0,    0,    0,    0,    0,    0,    0,    0,    0,    0,    0,    0,    0,    0,    0,    0,    0,    0,    0,    0,    0,    0,    0,    0,    0,    0,    0,    0,    0,    0,    0,    0,    0,    0,    0,    0,    0,    0,    0,
       0,    0,    0,    0,    0,    0,    0,    0,    0,    0,    0,    0,    0,    0,    0,    0,    0,    0,    0,    0,    0,    0,    0,    0,    0,    0,    0,    0,  -14,    0,    0,   -8,   -8,   -8,   -5,   -9,    0,    0,    0,    0,   -8,   -7,    0,   -5,   -5,    0,    0,    0,    0,    0,  -11,   -8,  -13,    0,    0,    0,    0,    0,    0,   -7,    0,    0,    0,    0,    0,    0,    0,    0,    0,    0,    0,    0,    0,    0,    0,    0,    0,    0,    0,    0,    0,    0,    0,    0,    0,    0,    0,    0,    0,    0,    0,    0,    0,    0,    0,    0,    0,    0,    0,    0,    0,    0,    0,    0,    0,    0,    0,    0,    0,    0,    0,    0,    0,    0,    0,    0,    0,    0,    0,    0,    0,    0,    0,    0,    0,    0,    0,    0,    0,    0,    0,    0,    0,    0,    0,    0,    0,    0,    0,    0,    0,    0,    0,    0,    0,    0,
       0,    0,    0,    0,    0,    0,    0,    0,    0,    0,    0,   -5,  -10,  -12,   -5,    0,  -12,  -12,   -8,    0,   -9,    0,    0,    0,    0,   -7,    0,    0,    0,    0,    0,    0,    0,    0,    0,    0,    0,    0,    0,    0,    0,    0,    0,    0,    0,    0,    0,    0,    0,    0,    0,   32,    0,    0,   -4,    0,    0,    0,    0,    0,    0,    0,    0,    0,    0,    0,    0,    0,    0,    0,    0,  -10,   -7,    0,    0,    0,   -5,   11,    0,    0,    0,  -12,  -12,    0,   -4,    0,   -8,    0,    0,    0,    0,    0,    0,    0,    0,    0,    0,    0,    0,    0,    0,    0,    0,    0,    0,    0,    0,    0,    0,    0,    0,    0,    0,    0,    0,    0,    0,    0,  -13,    0,    0,    0,    0,   -4,    0,    0,   -6,    0,    0,   -4,    0,    0,    0,    0,    0,    0,    0,    0,    0,    0,    0,    0,    0,    0,    0,    0,
       0,    0,    0,    0,    0,    0,    0,    0,    0,    0,    0,   -8,    0,    0,   -8,    0,    0,    0,   -7,  -10,   -4,  -10,   -8,  -12,  -10,  -14,    0,    0,    0,    0,    0,    0,    0,    0,    0,    0,    0,    0,    0,    0,    0,    0,    0,    0,    0,    0,    0,    0,    0,    0,    0,    0,    0,    0,   -8,    0,    0,    0,    0,    0,    0,    0,    0,    0,    0,    0,    0,    0,    0,    0,  -10,    0,   -8,   -6,   -7,  -10,   -8,   -8,   -9,  -10,    0,    0,    0,  -12,    0,   -9,   -6,    0,    0,    0,    0,    0,    0,    0,    0,    0,    0,    0,    0,    0,    0,    0,    0,    0,    0,    0,    0,    0,    0,    0,    0,    0,    0,    0,    0,    0,    0,    0,    0,    0,  -10,    0,    0,    0,    0,    0,    0,    0,    0,   -9,    0,    0,    0,    0,    0,    0,    0,    0,    0,    0,    0,    0,    0,    0,    0,    0,
       0,    0,    0,    0,    0,    0,    0,    0,    0,    0,    0,    0,    0,    0,    0,    0,    0,    0,    0,  -33,   -4,  -12,   -8,    0,  -19,   -4,    0,    0,    0,    0,    0,    0,    0,    0,    0,    0,    0,    0,    0,    0,    0,    0,    0,    0,    0,    0,    0,    0,    0,    0,    0,    0,    0,    0,    0,    0,    0,    0,    0,    0,    0,    0,    0,    0,    0,    0,    0,    0,    0,    0,    0,    0,    0,    0,    0,    0,    0,    0,    0,    0,    0,    0,    0,    0,    0,    0,    0,    0,    0,    0,    0,    0,    0,    0,    0,    0,    0,    0,    0,    0,    0,    0,    0,    0,    0,    0,    0,    0,    0,    0,    0,    0,    0,    0,    0,    0,    0,    0,    0,    0,    0,    0,    0,    0,    0,    0,    0,    0,    0,    0,    0,    0,    0,    0,    0,    0,    0,    0,    0,    0,    0,    0,    0,    0,    0,    0,
       0,    0,    0,    0,    0,    0,    0,    0,    0,    0,    0,    0,    0,    0,    0,    0,    0,    0,    0,  -31,    0,   -5,    0,    0,  -13,    0,    0,    0,    0,    0,    0,    0,    0,    0,    0,    0,    0,    0,    0,    0,    0,    0,    0,    0,    0,    0,    0,    0,    0,    0,    0,    0,    0,    0,    0,    0,    0,    0,    0,    0,    0,    0,    0,    0,    0,    0,    0,    0,    0,    0,  -31,    0,    0,    0,    0,    0,    0,    0,    0,    0,    0,    0,    0,    0,    0,    0,    0,    0,    0,    0,    0,    0,    0,    0,    0,    0,    0,    0,    0,    0,    0,    0,    0,    0,    0,    0,    0,    0,    0,    0,    0,    0,    0,    0,    0,    0,    0,    0,    0,    0,  -13,    0,    0,    0,    0,    0,    0,    0,    0,    0,    0,    0,    0,    0,    0,    0,    0,    0,    0,    0,    0,    0,    0,    0,    0,    0,
       0,    0,    0,    0,    0,    0,    0,    0,    0,    0,    0,   -8,    0,    0,  -17,    0,    0,    0,   -8,  -34,    0,  -18,   -8,  -20,  -31,  -17,    0,    0,    0,    0,    0,    0,    0,    0,    0,    0,    0,    0,    0,    0,    0,    0,    0,    0,    0,    0,    0,    0,    0,    0,    0,    0,    0,    0,  -18,    0,    0,    0,    0,    0,    0,    0,    0,    0,    0,    0,    0,    0,    0,    0,  -34,    0,  -10,  -14,  -14,  -22,   -8,  -13,  -23,  -15,    0,    0,    0,  -20,   -6,  -16,   -9,    0,    0,    0,    0,    0,    0,    0,    0,    0,    0,    0,    0,    0,    0,    0,    0,    0,    0,    0,    0,    0,    0,    0,    0,    0,    0,    0,    0,    0,    0,    0,    0,    0,  -31,    0,    0,   -4,    0,    0,    0,    0,    0,  -16,    0,    0,    0,    0,    0,    0,    0,    0,    0,    0,    0,    0,    0,    0,    0,    0,
       0,    0,    0,    0,    0,    0,    0,    0,    0,    0,    0,  -18,  -15,  -15,  -25,    0,  -15,  -15,  -12,  -44,  -18,  -19,  -16,  -28,  -26,  -27,    0,    0,    0,    0,    0,    0,    0,    0,    0,    0,    0,    0,    0,    0,    0,    0,    0,    0,    0,    0,    0,    0,    0,    0,    0,    0,    0,    0,  -28,    0,    0,    0,    0,    0,    0,    0,    0,    0,    0,    0,    0,    0,    0,    0,    0,    0,    0,    0,    0,    0,    0,    0,    0,    0,    0,    0,    0,    0,    0,    0,    0,    0,    0,    0,    0,    0,    0,    0,    0,    0,    0,    0,    0,    0,    0,    0,    0,    0,    0,    0,    0,    0,    0,    0,    0,    0,    0,    0,    0,    0,    0,    0,    0,    0,    0,    0,    0,    0,    0,    0,    0,    0,    0,    0,    0,    0,    0,    0,    0,    0,    0,    0,    0,    0,    0,    0,    0,    0,    0,    0,
      -6,  -13,    0,  -16,    0,  -24,    0,  -16,    0,  -14,    0,  -11,    0,    0,  -22,    0,    0,    0,    0,  -18,    0,   -8,    0,  -17,  -17,  -19,   -6,    0,  -17,   -6,    0,    0,    0,    0,    0,    0,    0,    0,    0,    0,    0,    0,    0,    0,    0,    0,    0,    0,    0,    0,    0,  -11,    0,    0,  -20,    0,    0,    0,    0,    0,    0,    0,    0,    0,    0,    0,  -16,    0,   -9,    0,    0,    0,    0,    0,    0,    0,    0,    0,    0,    0,    0,    0,    0,    0,    0,    0,    0,    0,    0,    0,    0,    0,    0,    0,    0,    0,    0,    0,    0,    0,    0,    0,    0,    0,    0,    0,    0,    0,    0,    0,    0,    0,    0,    0,    0,    0,    0,    0,    0,    0,    0,    0,    0,    0,    0,    0,    0,    0,    0,    0,    0,    0,    0,    0,    0,    0,    0,    0,    0,    0,    0,    0,    0,  -10,   -6,  -23,
       0,  -16,    0,  -11,  -13,    0,    0,    0,    0,   -8,    0,    0,    0,    0,    0,    0,    0,    0,    0,    0,    0,    0,    0,    0,    0,    0,    0,    0,   -8,    0,    0,    0,    0,    0,    0,    0,    0,    0,    0,    0,    0,    0,    0,    0,    0,  -11,  -10,    0,  -11,    0,    0,   -8,    0,    0,    0,    0,    0,    0,    0,    0,    0,    0,    0,    0,    0,    0,    0,  -14,    0,   -8,    0,    0,    0,    0,    0,    0,    0,    0,    0,    0,    0,    0,    0,    0,    0,    0,    0,    0,    0,    0,    0,    0,    0,    0,    0,    0,    0,    0,    0,    0,    0,    0,    0,    0,    0,    0,    0,    0,    0,    0,    0,    0,    0,    0,    0,    0,    0,    0,    0,    0,    0,    0,    0,    0,    0,    0,    0,    0,    0,    0,    0,    0,    0,    0,    0,    0,    0,    0,    0,    0,    0,    0,    0,  -12,  -12,    0,
       0,    0,    0,    0,    0,    0,    0,   -8,    0,    6,    0,    0,    0,    0,    0,    0,    0,    0,    0,    0,    0,    0,    0,    0,    0,    0,    0,    0,    5,    0,    0,    0,    0,    0,    0,    0,    0,    0,    0,    0,    0,    0,    0,    0,    0,    0,    0,    0,    0,    0,    0,    5,    0,    0,    0,    0,    0,    0,    0,    0,    0,    0,    0,    0,    0,    0,    0,    0,    0,    0,    0,    0,    0,    0,    0,    0,    0,    0,    0,    0,    0,    0,    0,    0,    0,    0,    0,    0,    0,    0,    0,    0,    0,    0,    0,    0,    0,    0,    0,    0,    0,    0,    0,    0,    0,    0,    0,    0,    0,    0,    0,    0,    0,    0,    0,    0,    0,    0,    0,    0,    0,    0,    0,    0,    0,    0,    0,    0,    0,    0,    0,    0,    0,    0,    0,    0,    0,    0,    0,    0,    0,    0,    0,    0,    0,    0,
       0,  -16,    0,  -11,   -8,    0,    0,   -9,    0,  -11,    0,    0,    0,    0,    0,    0,    0,    0,    0,    0,    0,    0,    0,    0,    0,    0,    0,    0,  -12,    0,    0,    0,    0,    0,    0,    0,    0,    0,    0,    0,    0,    0,    0,    0,    0,   -6,   -5,   -7,   -6,   -7,    0,   -8,    0,    0,    0,    0,    0,    0,    0,    0,    0,    0,    0,    0,    0,    0,    0,    0,    0,    0,    0,    0,    0,    0,    0,    0,    0,    0,    0,    0,    0,    0,    0,    0,    0,    0,    0,    0,    0,    0,    0,    0,    0,    0,    0,    0,    0,    0,    0,    0,    0,    0,    0,    0,    0,    0,    0,    0,    0,    0,    0,    0,    0,    0,    0,    0,    0,    0,    0,    0,    0,    0,    0,    0,    0,    0,    0,    0,    0,    0,    0,    0,    0,    0,    0,    0,    0,    0,    0,    0,    0,    0,    0,  -14,  -14,    0,
       0,    7,    0,   24,    0,   -4,   -4,    0,   -4,   18,    0,    0,    0,    0,    0,    0,    0,    0,    0,    0,    0,    0,    0,    0,    0,    0,    0,   36,   28,   -4,    6,   -4,   -4,   -4,    0,   -4,    3,    3,    6,   -4,   -4,   -4,   -4,    4,   -4,    0,    0,    0,    0,    0,    0,   28,    0,    0,    0,    0,   28,   38,   44,    0,   44,   44,   34,    0,    0,    0,    0,    0,    0,    0,    0,    0,    0,    0,    0,    0,    0,    0,    0,    0,    0,    0,    0,    0,    0,    0,    0,    0,    0,    0,    0,    0,    0,    0,    0,    0,    0,    0,    0,    0,    0,    0,    0,    0,    0,    0,    0,    0,    0,    0,    0,    0,    0,    0,    0,    0,    0,    0,    0,    0,    0,    0,    0,    0,    0,    0,    0,    0,    0,    0,    0,    0,    0,    0,    0,    0,    0,    0,    0,    0,    0,    0,    0,    0,    8,    0,
       0,    0,    0,    0,    0,    0,    0,    0,    0,    0,    0,    0,    0,    0,    0,    0,    0,    0,    0,    0,    0,    0,    0,    0,    0,    0,    0,    0,    0,    0,    0,    0,    0,    0,    0,    0,    0,    8,    0,    0,    0,    0,    0,    0,    0,    0,    0,    0,    0,   -5,    0,    0,    0,    0,    0,    0,    0,    0,    0,    0,    0,    0,    0,    0,    0,    0,    0,    0,    0,    0,    0,    0,    0,    0,    0,    0,    0,    0,    0,    0,    0,    0,    0,    0,    0,    0,    0,    0,    0,    0,    0,    0,    0,    0,    0,    0,    0,    0,    0,    0,    0,    0,    0,    0,    0,    0,    0,    0,    0,    0,    0,    0,    0,    0,    0,    0,    0,    0,    0,    0,    0,    0,    0,    0,    0,    0,    0,    0,    0,    0,    0,    0,    0,    0,    0,    0,    0,    0,    0,    0,    0,    0,    0,    0,    0,    0,
       0,  -17,    0,    0,   -8,    0,    0,    0,    0,  -10,    0,    0,    0,    0,    0,    0,    0,    0,    0,    0,    0,    0,    0,    0,    0,    0,    0,    0,    0,    0,    0,    0,    0,    0,    0,    0,    0,    0,    0,    0,    0,    0,    0,    0,    0,   -6,   -5,    0,    0,    0,    0,    0,    0,    0,    0,    0,    0,    0,    0,    0,    0,    0,    0,    0,    0,    0,    0,    0,    0,    0,    0,    0,    0,    0,    0,    0,    0,    0,    0,    0,    0,    0,    0,    0,    0,    0,    0,    0,    0,    0,    0,    0,    0,    0,    0,    0,    0,    0,    0,    0,    0,    0,    0,    0,    0,    0,    0,    0,    0,    0,    0,    0,    0,    0,    0,    0,    0,    0,    0,    0,    0,    0,    0,    0,    0,    0,    0,    0,    0,    0,    0,    0,    0,    0,    0,    0,    0,    0,    0,    0,    0,    0,    0,  -14,  -14,    0,
       0,    0,    0,    0,    0,    0,    0,    0,    0,    0,    0,    0,    0,    0,    0,    0,    0,    0,    0,    0,    0,    0,    0,    0,    0,    0,    0,    0,    0,    0,    0,    0,    0,    0,    0,    0,    0,   -6,    0,    0,    0,    0,    0,    0,    0,   -9,   -8,   -6,   -9,    0,    0,    0,    0,    0,    0,    0,    0,    0,    0,    0,    0,    0,    0,    0,    0,    0,    0,  -13,    0,  -10,    0,    0,    0,    0,    0,    0,    0,    0,    0,    0,    0,    0,    0,    0,    0,    0,    0,    0,    0,    0,    0,    0,    0,    0,    0,    0,    0,    0,    0,    0,    0,    0,    0,    0,    0,    0,    0,    0,    0,    0,    0,    0,    0,    0,    0,    0,    0,    0,    0,    0,    0,    0,    0,    0,    0,    0,    0,    0,    0,    0,    0,    0,    0,    0,    0,    0,    0,    0,    0,    0,    0,    0,    0,    0,    0,    0,
       0,    0,    0,    0,    0,    0,    0,    0,    0,    0,    0,  -14,    0,    0,  -25,    0,    0,    0,    0,    0,    0,    0,    0,  -12,   -6,   -6,    0,    0,    0,   -9,   -5,    0,    0,    0,   -5,    0,   -5,   -5,    0,   -5,    0,    0,    0,    0,    0,    0,    0,    0,    0,    0,    0,    0,    0,    0,  -23,   -5,   -5,   -5,   -5,    0,   -5,   -5,   -5,   -5,    0,    0,   -7,    0,    0,    0,    0,    0,    0,    0,    0,    0,    0,    0,    0,    0,    0,    0,    0,    0,    0,    0,    0,    0,    0,    0,    0,    0,    0,    0,    0,    0,    0,    0,    0,    0,    0,    0,    0,    0,    0,    0,    0,    0,    0,    0,    0,    0,    0,    0,    0,    0,    0,    0,    0,    0,    0,    0,    0,    0,    0,    0,    0,    0,    0,    0,    0,    0,    0,    0,    0,    0,    0,    0,    0,    0,    0,    0,    0,    0,    0,    0,
       0,    0,    0,    0,    0,    0,    0,    0,    0,    0,    0,    0,    0,    0,    0,    0,    0,    0,    0,    0,    0,   -6,    0,    0,   -8,    0,    0,    0,    0,    0,    0,    0,    0,    0,    0,    0,    0,    0,    0,    0,    0,    0,    0,    0,    0,    0,    0,    0,    0,    0,    0,    0,    0,    0,    0,    0,    0,    0,    0,    0,    0,    0,    0,   -5,    0,    0,    0,    0,   -6,    0,    0,    0,    0,    0,    0,    0,    0,    0,    0,    0,    0,    0,    0,    0,    0,    0,    0,    0,    0,    0,    0,    0,    0,    0,    0,    0,    0,    0,    0,    0,    0,    0,    0,    0,    0,    0,    0,    0,    0,    0,    0,    0,    0,    0,    0,    0,    0,    0,    0,    0,    0,    0,    0,    0,    0,    0,    0,    0,    0,    0,    0,    0,    0,    0,    0,    0,    0,    0,    0,    0,    0,    0,    0,    0,    0,    0,
       0,   -6,   -8,    0,   -5,    4,    0,    0,    0,    0,   -6,    0,    0,    0,    0,    0,    0,    0,    0,    0,    0,    0,    0,    0,    0,    0,   -7,    0,  -17,    0,    0,    0,    0,    0,    0,    0,    0,    0,    0,    0,    0,    0,    0,    0,    0,    0,    0,    0,    0,    0,   -8,   -9,   -9,    0,    0,    0,    0,    0,    0,    0,    0,    0,    0,    0,    0,    0,    0,    0,    0,    0,    0,  -11,    0,    6,    0,    0,    7,    0,    0,    0,    0,  -11,  -11,    0,    0,    0,    0,    0,   -6,    0,    0,    0,   -6,    0,    0,    0,    0,   -7,    0,   -6,   -6,  -10,   -7,    4,   -7,    0,   -6,    0,    0,    0,    0,    0,    0,    0,    0,    0,   -6,    0,   -9,   -4,    0,  -10,    0,    0,    0,    0,   -8,    0,    0,    0,   -7,    0,    0,    0,    0,    0,    0,    0,    0,    0,    0,    0,    0,   -5,    0,    0,
      -5,  -15,    0,   -7,  -12,   -5,    6,   -6,   -5,   -4,    0,    0,    0,    0,    0,    0,    0,    0,    0,    0,    0,    0,    0,    0,    0,    0,   -7,    0,  -16,    0,    0,    0,    0,    0,    0,    0,    0,    0,    0,    0,    0,    0,    0,    0,    0,    0,    0,    0,    0,    0,    0,  -10,    0,    0,    0,    0,    0,    0,    0,    0,    0,    0,    0,    0,    0,    0,    0,    0,    0,    0,    0,    0,    0,    0,    0,   -4,    0,    0,   -8,    0,    0,    0,    0,   -7,   -9,    0,   -8,    0,    0,    0,    0,    0,    0,   -7,   -4,    0,    0,    0,    0,    0,  -14,   -6,    0,   -6,    0,    0,  -14,    0,    0,    0,    0,    0,    0,    0,    0,    0,  -13,   -4,    0,    0,    0,   -6,    0,   -7,    0,    0,    0,    0,   -4,    0,  -12,   -4,    0,    0,    0,    0,    0,    0,    0,    0,    0,    0,    0,    0,    0,    0,
       0,    0,  -11,    5,    0,  -30,  -20,  -34,  -34,    9,  -20,    0,    0,    0,    0,    0,    0,    0,    0,    0,    0,    0,    0,    0,    0,    0,    0,    0,  -13,    0,    0,    0,    0,    0,    0,    0,    0,    0,    0,    0,    0,    0,    0,    0,    0,    0,    0,    0,    0,    0,  -10,    0,  -34,  -30,    0,    0,    0,    0,    0,    0,    0,    0,    0,    0,    0,    0,    0,    0,    0,    0,   10,  -11,    0,  -44,  -26,    8,  -26,  -26,    0,    0,    0,  -11,  -11,    6,    0,    7,    0,  -39,    0,  -36,  -37,  -46,  -46,  -30,  -32,  -45,  -42,  -46,  -37,  -46,  -25,  -25,  -32,  -26,  -30,  -37,  -25,  -31,  -44,   11,  -46,  -42,    0,   17,    0,   11,    0,  -30,   -9,  -48,    0,  -25,    0,    0,  -37,  -39,    0,  -39,  -53,    0,  -26,  -45,    0,    0,    0,    0,    0,    0,    0,    0,    0,    0,    0,    0,    0,  -27,
       0,    0,   -9,    0,    0,    9,  -12,    0,    0,    6,   -7,    0,    0,    0,    0,    0,    0,    0,    0,    0,    0,    0,    0,    0,    0,    0,   -4,    0,    0,    0,    0,    0,    0,    0,    0,    0,    0,    0,    0,    0,    0,    0,    0,    0,    0,    0,    0,    0,    0,    0,  -11,    0,  -18,    0,    0,    0,    0,    0,    0,    0,    0,    0,    0,    0,    0,    0,    0,    0,    0,    0,    7,   -8,    0,    8,    7,    0,    9,    7,    0,    0,    0,   -8,   -8,    5,    0,    0,    0,    0,   -6,    0,    0,    7,   -6,    6,    0,    8,    0,   -6,    0,   -6,  -13,   -6,   -6,    6,  -19,    0,  -13,    0,    0,    8,    0,    0,    0,    0,    0,    8,    0,    0,  -12,   -4,    7,   -6,    0,    0,  -20,    0,   -5,    0,    0,    0,  -14,    0,    0,    0,    0,    0,    0,    0,    0,    0,    0,    0,    0,    0,    5,    7,
       0,   -5,    0,    0,   -7,    0,    0,    0,    0,    0,    0,    0,    0,    0,    0,    0,    0,    0,    0,    0,    0,    0,    0,    0,    0,    0,    0,    0,    0,    0,    0,    0,    0,    0,    0,    0,    0,    0,    0,    0,    0,    0,    0,    0,    0,    0,    0,    0,    0,    0,    0,    0,    0,    0,    0,    0,    0,    0,    0,    0,    0,    0,    0,    0,    0,    0,    0,    0,    0,    0,    0,    0,    0,    0,    0,    0,    0,    0,    0,    0,    0,    0,    0,    0,    0,    0,    0,    0,    0,    0,    0,    0,    0,    0,    0,    0,    0,    0,    0,    0,  -18,   -6,    0,    0,    0,    0,  -13,    0,    0,    0,    0,    0,    0,    0,    0,    0,  -10,    0,    0,    0,    0,   -6,    0,    0,    0,    0,    0,    0,    0,    0,   -8,    0,    0,    0,    0,    0,    0,    0,    0,    0,    0,    0,    0,    0,    0,    0,
      -6,  -30,   -8,   -9,  -14,    0,    0,    0,    0,  -12,   -5,    0,    0,    0,    0,    0,    0,    0,    0,    0,    0,    0,    0,    0,    0,    0,   -8,    0,  -21,    0,    0,    0,    0,    0,    0,    0,    0,    0,    0,    0,    0,    0,    0,    0,    0,    0,    0,    0,    0,    0,    0,  -14,    0,    0,    0,    0,    0,    0,    0,    0,    0,    0,    0,    0,    0,    0,    0,    0,    0,    0,  -20,   -5,    0,    0,    0,    0,    0,    0,    0,    0,    0,   -5,   -6,    0,  -12,    0,    0,    0,   -5,    0,    0,    0,    0,    0,    0,    0,    0,    0,    0,    0,  -15,   -9,    0,    0,    0,    0,  -14,    0,    0,   -6,    0,    0,   -8,   -8,   -8,   -6,  -15,   -4,   -5,    0,    0,   -8,   -5,   -8,    0,    0,   -4,    0,    0,    0,  -15,    0,    0,    0,    0,    0,    0,    0,    0,    0,    0,    0,    0,    0,    0,    0,
       0,    0,   -7,    0,  -13,    6,  -19,    7,    0,    4,   -8,    0,    0,    0,    0,    0,    0,    0,    0,    0,    0,    0,    0,    0,    0,    0,    0,    0,  -10,    0,    0,    0,    0,    0,    0,    0,    0,    0,    0,    0,    0,    0,    0,    0,    0,    0,    0,    0,    0,    0,   -8,    0,  -24,    0,    0,    0,    0,    0,    0,    0,    0,    0,    0,    0,    0,    0,    0,    0,    0,    0,    7,  -14,    0,   10,   10,    0,   14,   11,    9,    6,    0,  -14,  -14,   10,    0,    8,    7,    0,  -10,    0,    0,   11,   -8,   11,    0,   10,    0,   -8,    0,   -8,  -16,  -19,  -11,   11,  -24,    0,   -9,    8,    8,    8,   -8,    6,    0,    0,    0,    8,   -9,    0,  -17,   -8,    0,  -19,    0,  -15,  -24,    0,   -8,   -6,    0,    7,  -20,    0,    0,    0,    0,    0,    0,    0,    0,    0,    0,    0,    0,    0,    0,    6,
       0,    6,  -13,    6,    0,  -30,   -4,  -27,   -8,   10,  -15,    0,    0,    0,    0,    0,    0,    0,    0,    0,    0,    0,    0,    0,    0,    0,    0,    0,  -11,    0,    0,    0,    0,    0,    0,    0,    0,    0,    0,    0,    0,    0,    0,    0,    0,    0,    0,    0,    0,    0,  -10,    0,  -17,   -4,    0,    0,    0,    0,    0,    0,    0,    0,    0,    0,    0,    0,    0,    0,    0,    0,   11,   -7,    0,  -32,  -25,   10,  -25,  -24,    6,    0,   -2,   -7,   -7,    8,    0,    8,    0,  -10,   -7,   -7,   -8,  -25,  -15,    0,    0,  -25,  -12,  -15,   -8,  -15,    0,    0,  -16,    0,    0,   -8,    0,    0,  -12,   13,  -15,   -8,    0,   16,    0,   13,    0,    0,   -8,  -15,    0,    0,    0,    0,    0,  -10,    0,  -10,    0,    0,    0,    0,    0,    0,    0,    0,    0,    0,    0,    0,    0,    0,    0,    8,   10,  -30,
       0,  -31,   -8,    0,  -25,   10,    0,    7,    0,    0,   -6,    0,    0,    0,    0,    0,    0,    0,    0,    0,    0,    0,    0,    0,    0,    0,    0,    0,  -11,    0,    0,    0,    0,    0,    0,    0,    0,    0,    0,    0,    0,    0,    0,    0,    0,    0,    0,    0,    0,    0,   -8,   -4,   -8,    0,    0,    0,    0,    0,    0,    0,    0,    0,    0,    0,    0,    0,    0,    0,    0,    0,  -26,   -8,    6,   10,   10,    0,   13,   10,    9,    6,    0,   -8,   -8,   10,  -20,    8,    6,    0,   -6,    0,    0,   10,   -5,   11,    0,   10,    0,   -5,    0,   -5,  -15,   -6,   -5,   10,  -11,    0,  -10,    7,    8,    0,    0,    6,    0,    0,    0,    0,  -10,    0,   -9,    0,  -32,   -8,    0,  -14,   -7,    0,   -6,    0,    0,    8,  -14,    0,    0,    0,    0,    0,    0,    0,    0,    0,    0,    0,    0,  -28,  -27,   10,
       0,   -4,   -4,  -10,   -4,   -4,    0,   -8,   -4,   -8,    0,    0,    0,    0,    0,    0,    0,    0,    0,    0,    0,    0,    0,    0,    0,    0,   -5,    0,  -14,    0,    0,    0,    0,    0,    0,    0,    0,    0,    0,    0,    0,    0,    0,    0,    0,    0,    0,    0,    0,    0,    0,   -9,    0,    0,    0,    0,    0,    0,    0,    0,    0,    0,    0,    0,    0,    0,    0,    0,    0,    0,    0,    0,    0,    0,    0,   -5,    0,    0,   -8,    0,    0,    0,   -4,   -8,   -7,    0,   -6,    0,    0,    0,    0,    0,    0,    0,   -4,    0,    0,    0,    0,    0,    0,    0,    0,    0,    0,    0,    0,    0,    0,    0,    0,    0,    0,    0,   -4,    0,    0,    0,    0,    0,  -10,    0,    0,    0,    0,    0,    0,    0,   -4,    0,    0,   -4,    0,    0,    0,    0,    0,    0,    0,    0,    0,    0,    0,    0,    0,    0,
       0,   -5,    0,   10,   -7,    7,    0,   17,    0,    0,    0,    0,    0,    0,    0,    0,    0,    0,    0,    0,    0,    0,    0,    0,    0,    0,    0,    0,   10,    0,    0,    0,    0,    0,    0,    0,    0,    0,    0,    0,    0,    0,    0,    0,    0,    0,    0,    0,    0,    0,   -6,   10,   -6,    0,    0,    0,    0,    0,    0,    0,    0,    0,    0,    0,    0,    0,    0,    0,    0,    0,    0,   -7,    0,   10,    9,    0,   10,    8,    7,    6,    0,   -7,  -10,    7,  -11,    7,    0,    0,    0,    0,    0,    8,    0,    8,    0,    9,    0,    0,    0,    0,    0,   12,    0,    8,   -8,    0,    0,    0,    6,    0,    0,    0,    0,    0,   26,    0,    0,    0,  -10,    0,    0,    0,    0,    0,    0,    0,   -4,    0,    0,    7,   12,    0,    0,    0,    0,    0,    0,    0,    0,    0,    0,    0,    0,    0,    0,    0,
       0,   -5,   -5,  -10,    0,    0,    0,   -6,   -4,   -5,    0,    0,    0,    0,    0,    0,    0,    0,    0,    0,    0,    0,    0,    0,    0,    0,   -5,    0,  -15,    0,    0,    0,    0,    0,    0,    0,    0,    0,    0,    0,    0,    0,    0,    0,    0,    0,    0,    0,    0,    0,    0,  -11,    0,    0,    0,    0,    0,    0,    0,    0,    0,    0,    0,    0,    0,    0,    0,    0,    0,    0,    0,    0,    0,    0,    0,   -4,    0,    0,   -6,    0,    0,    0,   -5,   -6,   -6,    0,   -6,    0,    0,    0,    0,    0,    0,    0,    0,    0,    0,    0,    0,    0,    0,    0,    0,    0,    0,    0,    0,    0,    0,    0,    0,    0,    0,    0,   -4,    0,    0,    0,    0,    0,    0,    0,    0,    0,    0,    0,    0,    0,    0,    0,    0,    0,    0,    0,    0,    0,    0,    0,    0,    0,    0,    0,    0,    0,    0,    0,
       0,   -6,   -6,   -8,   -6,    0,    0,    0,    0,   -5,   -5,    0,    0,    0,    0,    0,    0,    0,    0,    0,    0,    0,    0,    0,    0,    0,   -4,    0,  -14,    0,    0,    0,    0,    0,    0,    0,    0,    0,    0,    0,    0,    0,    0,    0,    0,    0,    0,    0,    0,    0,    0,   -9,    0,    0,    0,    0,    0,    0,    0,    0,    0,    0,    0,    0,    0,    0,    0,    0,    0,    0,    0,    0,    0,    0,    0,   -2,    0,    0,    0,    0,    0,    0,    0,    0,    0,    0,    0,    0,    0,    0,    0,    0,    0,    0,    0,    0,    0,    0,    0,    0,    0,    0,   -4,    0,   -5,    0,    0,    0,    0,    0,    0,    0,    0,    0,    0,    0,    0,    0,    0,    0,   -3,    0,    0,    0,    0,    0,    0,    0,    0,    0,    0,    0,    0,    0,    0,    0,    0,    0,    0,    0,    0,    0,    0,    0,    0,    0,
      -6,   -9,   -5,  -11,    0,  -13,    6,  -17,    0,  -14,   -4,    0,    0,    0,    0,    0,    0,    0,    0,    0,    0,    0,    0,    0,    0,    0,   -4,    0,  -17,    0,    0,    0,    0,    0,    0,    0,    0,    0,    0,    0,    0,    0,    0,    0,    0,    0,    0,    0,    0,    0,    0,  -12,    0,    0,    0,    0,    0,    0,    0,    0,    0,    0,    0,    0,    0,    0,    0,    0,    0,    0,  -11,    0,    0,   -9,   -9,  -14,   -8,   -8,  -19,  -12,    0,    0,    0,  -10,    0,  -12,    0,   -5,    0,    0,    0,  -10,    0,   -4,   -5,  -11,    0,    0,    0,    0,    0,    0,    0,    0,    0,    0,    0,    0,    0,   -4,    0,    0,   -5,   -5,   -6,    0,    0,    0,    0,    0,  -16,    0,    0,    0,    0,    0,    0,    0,   -5,  -11,    0,   -5,    0,    0,    0,    0,    0,    0,    0,    0,    0,    0,    0,   -6,   -4,  -12,
      -4,    0,   -5,  -10,    0,  -36,    0,  -25,    0,    0,    0,    0,    0,    0,    0,    0,    0,    0,    0,    0,    0,    0,    0,    0,    0,    0,   -6,    0,  -16,    0,    0,    0,    0,    0,    0,    0,    0,    0,    0,    0,    0,    0,    0,    0,    0,    0,    0,    0,    0,    0,    0,  -10,   -7,    0,    0,    0,    0,    0,    0,    0,    0,    0,    0,    0,    0,    0,    0,    0,    0,    0,    0,    0,    0,  -37,  -29,    0,  -20,  -28,  -11,   -6,    0,    0,    0,   -7,    0,    0,    0,   -8,    0,    0,    0,  -18,    0,    0,    0,  -19,   -5,    0,    0,    0,    0,    4,    0,    0,    0,    0,    0,    0,    0,    0,    0,    0,    0,    0,    0,    0,    0,    6,    0,    0,    0,    4,    0,    6,    0,   -5,    0,    0,    0,    0,    0,    0,    0,    0,    0,    0,    0,    0,    0,    0,    0,    0,    0,    0,    4,  -46,
       0,    0,  -11,    5,    0,  -30,  -20,  -34,  -34,    9,  -20,    0,    0,    0,    0,    0,    0,    0,    0,    0,    0,    0,    0,    0,    0,    0,    0,    0,  -13,    0,    0,    0,    0,    0,    0,    0,    0,    0,    0,    0,    0,    0,    0,    0,    0,    0,    0,    0,    0,    0,  -10,    0,  -34,  -30,    0,    0,    0,    0,    0,    0,    0,    0,    0,    0,    0,    0,    0,    0,    0,    0,   10,  -11,    0,  -26,  -26,    8,  -26,  -26,    0,    0,    0,  -11,  -11,    6,    0,    7,    0,  -18,    0,  -30,  -30,  -28,  -22,  -28,  -33,  -27,  -30,  -22,  -16,  -22,  -25,   -9,  -22,   -7,  -30,  -30,  -25,  -31,  -30,   11,  -31,  -31,    0,   17,    0,   11,    0,  -27,   -9,  -31,   12,   -9,    0,    0,  -27,  -32,    0,  -32,  -54,    0,  -26,  -45,    0,    0,    0,    0,    0,    0,    0,    0,    0,    0,    0,    0,    0,  -27,
      -6,   -9,   -5,  -11,    0,  -13,    0,  -17,    0,  -14,   -4,    0,    0,    0,    0,    0,    0,    0,    0,    0,    0,    0,    0,    0,    0,    0,   -4,    0,  -17,    0,    0,    0,    0,    0,    0,    0,    0,    0,    0,    0,    0,    0,    0,    0,    0,    0,    0,    0,    0,    0,    0,  -12,    0,    0,    0,    0,    0,    0,    0,    0,    0,    0,    0,    0,    0,    0,    0,    0,    0,    0,  -11,    0,    0,  -22,  -23,  -15,   -8,  -22,  -24,  -18,    0,    0,    0,  -10,    0,  -16,    0,   -7,    0,   -6,   -5,  -16,    0,   -4,   -4,  -17,   -7,    0,   -6,    0,    0,    0,    0,    0,    0,   -5,    0,    0,    0,   -6,    0,    0,   -6,   -6,   -6,   -6,    0,    0,    0,    0,    0,    0,   -6,    0,    0,   -7,    0,    0,   -4,  -23,    0,   -4,    0,    0,    0,    0,    0,    0,    0,    0,    0,    0,    0,   -6,   -4,  -12,
       0,    0,  -10,    0,  -10,    5,  -11,    4,    0,    0,  -10,    0,    0,    0,    0,    0,    0,    0,    0,    0,    0,    0,    0,    0,    0,    0,    0,    0,  -14,    0,    0,    0,    0,    0,    0,    0,    0,    0,    0,    0,    0,    0,    0,    0,    0,    0,    0,    0,    0,    0,  -10,    0,  -19,    0,    0,    0,    0,    0,    0,    0,    0,    0,    0,    0,    0,    0,    0,    0,    0,    0,    5,  -10,    0,    0,    0,    0,   11,    0,    0,    0,    0,  -10,  -10,    7,    0,    0,    0,    0,  -11,    0,    0,    8,   -7,    8,    0,    8,    0,   -7,    0,   -7,  -12,   -3,   -7,    8,  -18,    0,  -12,    0,    0,    7,   -8,    0,    0,    0,    0,    7,  -11,    0,    0,   -9,    8,   -4,    0,    0,  -19,    0,    0,   -7,    0,    0,  -13,    0,    0,    0,    0,    0,    0,    0,    0,    0,    0,    0,    0,    0,    0,    4,
       0,   -5,    0,   10,   -7,    7,    0,   17,    0,    0,    0,    0,    0,    0,    0,    0,    0,    0,    0,    0,    0,    0,    0,    0,    0,    0,    0,    0,   10,    0,    0,    0,    0,    0,    0,    0,    0,    0,    0,    0,    0,    0,    0,    0,    0,    0,    0,    0,    0,    0,   -6,   10,   -6,    0,    0,    0,    0,    0,    0,    0,    0,    0,    0,    0,    0,    0,    0,    0,    0,    0,    0,   -7,    0,   10,    9,    0,   10,    8,    7,    6,    0,   -7,  -10,    7,  -11,    7,    0,    0,    0,    0,    0,    8,    0,    8,    0,    9,    0,    0,    0,    0,    0,   12,    0,    8,   -8,    0,    0,    0,    6,    0,    0,    0,    0,    0,   28,    0,    0,    0,  -10,    0,    0,    0,    0,    0,    0,    0,   -4,    0,    0,    7,   12,    0,    0,    0,    0,    0,    0,    0,    0,    0,    0,    0,    0,    0,    0,    0,
      -6,   -9,   -5,  -11,    0,  -13,    6,  -17,    0,  -14,   -4,    0,    0,    0,    0,    0,    0,    0,    0,    0,    0,    0,    0,    0,    0,    0,   -4,    0,  -17,    0,    0,    0,    0,    0,    0,    0,    0,    0,    0,    0,    0,    0,    0,    0,    0,    0,    0,    0,    0,    0,    0,  -12,    0,    0,    0,    0,    0,    0,    0,    0,    0,    0,    0,    0,    0,    0,    0,    0,    0,    0,  -11,    0,    0,   -9,   -8,  -14,   -8,   -8,  -18,  -12,    0,    0,    0,  -10,    0,  -11,    0,    0,    0,    0,    0,   -9,    0,    0,   -4,  -10,    0,    0,    0,    0,    0,    0,    0,    0,    0,    0,    0,    0,    0,    0,    0,    0,   -5,   -5,   -6,    0,    0,    0,    0,    0,    0,    0,    0,    0,    0,    0,    0,    0,   -4,  -11,    0,   -4,    0,    0,    0,    0,    0,    0,    0,    0,    0,    0,    0,   -6,   -4,  -12,
       0,  -11,    0,  -10,   -8,    0,    0,    0,    0,  -11,    0,    0,    0,    0,    0,    0,    0,    0,    0,    0,    0,    0,    0,    0,    0,    0,    0,    0,  -12,    0,    0,    0,    0,    0,    0,    0,    0,    0,    0,    0,    0,    0,    0,    0,    0,    0,    0,    0,    0,    0,    0,   -8,    0,    0,    0,    0,    0,    0,    0,    0,    0,    0,    0,    0,    0,    0,    0,    0,    0,    0,    0,    0,    0,    0,    0,    0,    0,    0,    0,    0,    0,    0,    0,    0,    0,    0,    0,    0,    0,    0,    0,    0,    0,    0,    0,    0,    0,    0,    0,    0,    0,   -6,    0,    0,    0,    0,    0,    0,    0,    0,    0,    0,    0,    0,    0,    0,    0,    0,    0,    0,    0,   -6,    0,    0,    0,    0,    0,    0,    0,    0,    0,    0,    0,    0,    0,    0,    0,    0,    0,    0,    0,    0,    0,    0,  -10,    0,
      -5,   -9,   -4,    0,   -8,   -8,    7,   -8,   -7,    0,    0,    0,    0,    0,    0,    0,    0,    0,    0,    0,    0,    0,    0,    0,    0,    0,   -7,    0,    0,    0,    0,    0,    0,    0,    0,    0,    0,    0,    0,    0,    0,    0,    0,    0,    0,    0,    0,    0,    0,    0,    0,    0,    0,    0,    0,    0,    0,    0,    0,    0,    0,    0,    0,    0,    0,    0,    0,    0,    0,    0,    0,    0,    0,    0,    0,    0,    0,    0,    0,    0,    0,    0,    0,    0,    0,    0,    0,    0,    0,    0,    0,    0,    0,   -9,   -6,    0,    0,    0,    0,    0,    0,    0,    0,   -5,    0,    0,    0,    0,    0,    0,    0,    0,    0,    0,    0,    0,    0,    0,    0,    0,    0,    0,    0,    0,    0,    0,    0,    0,   -6,    0,    0,   -6,    0,    0,    0,    0,    0,    0,    0,    0,    0,    0,    0,    0,    0,    0,
       0,  -14,    0,   -9,   -6,    0,    0,    0,    0,   -8,    0,    0,    0,    0,    0,    0,    0,    0,    0,    0,    0,    0,    0,    0,    0,    0,    0,    0,  -11,    0,    0,    0,    0,    0,    0,    0,    0,    0,    0,    0,    0,    0,    0,    0,    0,    0,    0,    0,    0,    0,    0,   -7,    0,    0,    0,    0,    0,    0,    0,    0,    0,    0,    0,    0,    0,    0,    0,    0,    0,    0,    0,    0,    0,    0,    0,    0,    0,    0,    0,    0,    0,    0,    0,    0,    0,    0,    0,    0,    0,    0,    0,    0,    0,    0,    0,    0,    0,    0,    0,    0,    0,    0,    0,    0,    0,    0,    0,    0,    0,    0,    0,    0,    0,    0,    0,    0,    0,    0,    0,    0,    0,    0,    0,    0,    0,    0,    0,    0,    0,    0,    0,    0,    0,    0,    0,    0,    0,    0,    0,    0,    0,    0,    0,    0,    0,    0,
       0,    0,    0,   -6,    0,  -32,  -22,  -18,    0,  -20,    0,    0,    0,    0,    0,    0,    0,    0,    0,    0,    0,    0,    0,    0,    0,    0,    0,    0,  -10,    0,    0,    0,    0,    0,    0,    0,    0,    0,    0,    0,    0,    0,    0,    0,    0,    0,    0,    0,    0,    0,   -7,   -4,   -8,    0,    0,    0,    0,    0,    0,    0,    0,    0,    0,    0,    0,    0,    0,    0,    0,    0,    0,    0,    0,    0,    0,    0,    0,    0,    0,    0,    0,    0,    0,    0,    0,    0,    0,    0,    0,    0,    0,  -18,    0,    0,    0,  -15,    0,    0,    0,    0,    9,    9,    0,    7,    0,    0,    9,    0,    0,    0,    0,    0,    0,    0,    0,    0,    0,    9,    0,    0,    0,    9,    0,    0,    9,    0,    0,    0,    0,    0,    8,    0,    0,    0,    0,    0,    0,    0,    0,    0,    0,    0,    0,    0,    0,    0,
       0,  -12,    0,   10,    0,    0,    0,   14,    0,    0,    0,    0,    0,    0,    0,    0,    0,    0,    0,    0,    0,    0,    0,    0,    0,    0,    0,    0,    9,    0,    0,    0,    0,    0,    0,    0,    0,    0,    0,    0,    0,    0,    0,    0,    0,    0,    0,    0,    0,    0,    0,    9,    0,    0,    0,    0,    0,    0,    0,    0,    0,    0,    0,    0,    0,    0,    0,    0,    0,    0,    0,    0,    0,    0,    0,    0,    0,    0,    0,    0,    0,    0,    0,    0,    0,    0,    0,    0,    0,    0,    0,    8,    0,    8,    0,    8,    0,    0,    0,    0,    0,   10,   -4,    8,   -5,    0,    0,    0,    0,    0,    0,    0,    0,    0,    0,    0,    0,    0,    0,    0,    0,    0,    0,    0,    0,    0,    0,    0,    0,    0,   12,    0,    0,    0,    0,    0,    0,    0,    0,    0,    0,    0,    0,    0,    0,    0,
       0,  -10,    0,  -11,   -7,   -5,    6,   -4,   -5,  -12,    0,    0,    0,    0,    0,    0,    0,    0,    0,    0,    0,    0,    0,    0,    0,    0,   -4,    0,  -12,    0,    0,    0,    0,    0,    0,    0,    0,    0,    0,    0,    0,    0,    0,    0,    0,    0,    0,    0,    0,    0,    0,   -9,    0,    0,    0,    0,    0,    0,    0,    0,    0,    0,    0,    0,    0,    0,    0,    0,    0,    0,    0,    0,    0,    0,    0,    0,    0,    0,    0,    0,    0,    0,    0,    0,    0,    0,    0,    0,    0,    0,    0,    0,    0,    0,   -5,    0,    0,    0,    0,    0,    0,   -5,    0,    0,    0,    0,    0,    0,    0,    0,    0,    0,    0,    0,    0,    0,    0,    0,    0,    0,    0,   -5,    0,    0,    0,    0,    0,    0,   -5,    0,    0,   -5,    0,    0,    0,    0,    0,    0,    0,    0,    0,    0,    0,    0,  -10,    0,
       0,   -4,   -7,    0,    0,    0,  -11,    4,    0,    0,   -8,    0,    0,    0,    0,    0,    0,    0,    0,    0,    0,    0,    0,    0,    0,    0,    0,    0,  -10,    0,    0,    0,    0,    0,    0,    0,    0,    0,    0,    0,    0,    0,    0,    0,    0,    0,    0,    0,    0,    0,   -8,    0,  -14,    0,    0,    0,    0,    0,    0,    0,    0,    0,    0,    0,    0,    0,    0,    0,    0,    0,    0,    0,    0,    0,    0,    0,    0,    0,    0,    0,    0,    0,    0,    0,    0,    0,    0,    0,    0,    0,    0,    9,  -10,    9,    0,    8,    0,  -12,    0,  -10,    0,    0,  -12,    8,    0,    0,    0,    0,    6,    0,   -9,    0,    0,    0,    0,    0,    0,    0,    0,   -9,    0,    0,    0,    0,    0,    0,    0,   -4,    0,    0,    0,    0,    0,    0,    0,    0,    0,    0,    0,    0,    0,    0,    0,    0,    0,    0,
       0,  -15,    0,  -10,   -7,    0,    0,    0,    0,  -10,    0,    0,    0,    0,    0,    0,    0,    0,    0,    0,    0,    0,    0,    0,    0,    0,    0,    0,  -13,    0,    0,    0,    0,    0,    0,    0,    0,    0,    0,    0,    0,    0,    0,    0,    0,    0,    0,    0,    0,    0,    0,   -9,    0,    0,    0,    0,    0,    0,    0,    0,    0,    0,    0,    0,    0,    0,    0,    0,    0,    0,    0,    0,    0,    0,    0,    0,    0,    0,    0,    0,    0,    0,    0,    0,    0,    0,    0,    0,    0,    0,    0,    0,    0,    0,    0,    0,    0,    0,    0,    0,    0,    0,    0,    0,    0,    0,    0,    0,    0,    0,    0,    0,    0,    0,    0,    0,    0,    0,    0,    0,    0,    0,    0,    0,    0,    0,    0,    0,    0,    0,    0,    0,    0,    0,    0,    0,    0,    0,    0,    0,    0,    0,    0,    0,    0,    0,
       0,    0,   -6,    0,    0,    0,  -11,    4,    0,    0,   -8,    0,    0,    0,    0,    0,    0,    0,    0,    0,    0,    0,    0,    0,    0,    0,    0,    0,  -10,    0,    0,    0,    0,    0,    0,    0,    0,    0,    0,    0,    0,    0,    0,    0,    0,    0,    0,    0,    0,    0,   -8,    0,  -14,    0,    0,    0,    0,    0,    0,    0,    0,    0,    0,    0,    0,    0,    0,    0,    0,    0,    0,    0,    0,    0,    0,    0,    0,    0,    0,    0,    0,    0,    0,    0,    0,    0,    0,    0,    0,    0,    0,    9,  -10,    9,    0,    8,    0,  -12,    0,  -10,    0,    0,  -12,    8,    0,    0,    0,    0,    6,    0,   -9,    0,    0,    0,    0,    0,    0,    0,    0,  -10,    0,    0,    0,    0,    0,    0,    0,    0,    0,    0,    0,    0,    0,    0,    0,    0,    0,    0,    0,    0,    0,    0,    0,    0,    0,    0,
       0,  -13,    0,  -11,   -8,   -8,    7,   -9,   -7,  -12,    0,    0,    0,    0,    0,    0,    0,    0,    0,    0,    0,    0,    0,    0,    0,    0,    0,    0,  -12,    0,    0,    0,    0,    0,    0,    0,    0,    0,    0,    0,    0,    0,    0,    0,    0,    0,    0,    0,    0,    0,    0,   -8,    0,    0,    0,    0,    0,    0,    0,    0,    0,    0,    0,    0,    0,    0,    0,    0,    0,    0,    0,    0,    0,    0,    0,    0,    0,    0,    0,    0,    0,    0,    0,    0,    0,    0,    0,    0,    0,    0,    0,    0,    0,   -9,   -7,    0,    0,    0,    0,    0,    0,   -6,    0,   -7,    0,    0,    0,   -4,    0,    0,    0,    0,    0,    0,    0,    0,    0,    0,    0,    0,    0,   -6,    0,    0,    0,    0,    0,    0,   -7,    0,    0,   -7,    0,    0,    0,    0,    0,    0,    0,    0,    0,    0,    0,   -9,  -11,    0,
       0,  -13,   -4,  -11,   -8,   -8,    7,   -9,   -7,  -11,    0,    0,    0,    0,    0,    0,    0,    0,    0,    0,    0,    0,    0,    0,    0,    0,   -8,    0,  -12,    0,    0,    0,    0,    0,    0,    0,    0,    0,    0,    0,    0,    0,    0,    0,    0,    0,    0,    0,    0,    0,    0,   -8,    0,    0,    0,    0,    0,    0,    0,    0,    0,    0,    0,    0,    0,    0,    0,    0,    0,    0,    0,    0,    0,    0,    0,    0,    0,    0,    0,    0,    0,    0,    0,    0,    0,    0,    0,    0,    0,    0,    0,    0,    0,   -9,   -6,    0,    0,    0,    0,    0,    0,   -6,    0,   -7,    0,    0,    0,    0,    0,   -4,    0,    0,    0,    0,    0,    0,    0,    0,    0,    0,    0,   -6,    0,    0,    0,    0,    0,    0,   -6,    0,    0,   -6,    0,    0,    0,    0,    0,    0,    0,    0,    0,    0,    0,   -9,  -11,    0,
       0,    0,    0,    0,    0,    4,  -13,    0,    0,    0,    0,    0,    0,    0,    0,    0,    0,    0,    0,    0,    0,    0,    0,    0,    0,    0,    0,    0,  -11,    0,    0,    0,    0,    0,    0,    0,    0,    0,    0,    0,    0,    0,    0,    0,    0,    0,    0,    0,    0,    0,   -8,   -5,  -12,    0,    0,    0,    0,    0,    0,    0,    0,    0,    0,    0,    0,    0,    0,    0,    0,    0,    0,    0,    0,    0,    0,    0,    0,    0,    0,    0,    0,    0,    0,    0,    0,    0,    0,    0,    0,    0,    0,    8,    0,    8,    0,    8,    0,   -5,    0,    0,    6,    4,   -5,    6,    0,    0,    6,    0,    0,    0,    0,    0,    0,    0,    0,    0,    0,    0,    0,    0,    0,    4,    0,    0,    0,    0,    0,    0,    0,    0,    0,    0,    0,    0,    0,    0,    0,    0,    0,    0,    0,    0,    0,    0,    0,    0,
       0,    0,    0,   -5,    0,  -20,  -12,  -18,    0,  -20,    0,    0,    0,    0,    0,    0,    0,    0,    0,    0,    0,    0,    0,    0,    0,    0,    0,    0,  -10,    0,    0,    0,    0,    0,    0,    0,    0,    0,    0,    0,    0,    0,    0,    0,    0,    0,    0,    0,    0,    0,   -7,   -4,   -8,    0,    0,    0,    0,    0,    0,    0,    0,    0,    0,    0,    0,    0,    0,    0,    0,    0,    0,    0,    0,    0,    0,    0,    0,    0,    0,    0,    0,    0,    0,    0,    0,    0,    0,    0,    0,    0,    0,  -14,    0,    0,    0,  -15,    0,    0,    0,    0,    9,    9,    0,    7,    0,    0,    9,    0,    0,    0,    0,    0,    0,    0,    0,    0,    0,    9,    0,    0,    0,    9,    0,    0,    9,    0,    0,    0,    0,    0,    8,    0,    0,    0,    0,    0,    0,    0,    0,    0,    0,    0,    0,    0,    0,    0,
       0,    0,    0,   -6,    0,   -9,    0,  -12,    0,  -13,    0,    0,    0,    0,    0,    0,    0,    0,    0,    0,    0,    0,    0,    0,    0,    0,    0,    0,  -11,    0,    0,    0,    0,    0,    0,    0,    0,    0,    0,    0,    0,    0,    0,    0,    0,    0,    0,    0,    0,    0,    0,   -4,    0,    0,    0,    0,    0,    0,    0,    0,    0,    0,    0,    0,    0,    0,    0,    0,    0,    0,    0,    0,    0,    0,    0,    0,    0,    0,    0,    0,    0,    0,    0,    0,    0,    0,    0,    0,    0,    0,    0,  -10,   -5,    0,    0,  -11,    0,   -5,    0,   -5,    8,    7,   -5,    5,    0,    0,    8,    0,    0,    0,    0,    0,    0,    0,    0,    0,    0,    7,    0,    0,    0,    7,    0,    0,    0,    0,    0,    0,    0,    0,    8,    0,    0,    0,    0,    0,    0,    0,    0,    0,    0,    0,    0,    0,    4,  -12,
      -8,  -13,    0,  -11,   -8,  -10,    7,   -9,   -9,  -12,    0,    0,    0,    0,    0,    0,    0,    0,    0,    0,    0,    0,    0,    0,    0,    0,   -7,    0,  -12,    0,    0,    0,    0,    0,    0,    0,    0,    0,    0,    0,    0,    0,    0,    0,    0,    0,    0,    0,    0,    0,    0,   -8,    0,    0,    0,    0,    0,    0,    0,    0,    0,    0,    0,    0,    0,    0,    0,    0,    0,    0,    0,    0,    0,    0,    0,    0,    0,    0,    0,    0,    0,    0,    0,    0,    0,    0,    0,    0,    0,    0,    0,    0,    0,  -11,   -9,   -5,    0,    0,    0,    0,    0,   -6,    0,   -7,    0,    0,    0,   -6,    0,   -4,    0,    0,    0,    0,    0,    0,    0,    0,    0,    0,    0,    0,    0,    0,    0,    0,    0,    0,   -9,    0,   -4,   -9,    0,    0,    0,    0,    0,    0,    0,    0,    0,    0,    0,   -9,  -11,    0,
       0,    0,   -6,    0,    0,    0,   -6,    0,    0,   -4,   -5,    0,    0,    0,    0,    0,    0,    0,    0,    0,    0,    0,    0,    0,    0,    0,    0,    0,  -11,    0,    0,    0,    0,    0,    0,    0,    0,    0,    0,    0,    0,    0,    0,    0,    0,    0,    0,    0,    0,    0,   -8,   -4,  -12,    0,    0,    0,    0,    0,    0,    0,    0,    0,    0,    0,    0,    0,    0,    0,    0,    0,    0,    0,    0,    0,    0,    0,    0,    0,    0,    0,    0,    0,    0,    0,    0,    0,    0,    0,    0,    0,    0,    8,   -8,    9,    0,    8,    0,   -8,    0,   -8,    0,    0,   -8,    7,    0,    0,    0,    0,    0,    0,   -6,    0,    0,    0,    0,    0,    0,    0,    0,   -6,    0,    0,    0,    0,    0,    0,    0,    0,    0,    0,    0,    0,    0,    0,    0,    0,    0,    0,    0,    0,    0,    0,    0,    0,    0,    0,
       0,  -12,    0,   10,    0,    0,    0,   14,    0,    0,    0,    0,    0,    0,    0,    0,    0,    0,    0,    0,    0,    0,    0,    0,    0,    0,    0,    0,    9,    0,    0,    0,    0,    0,    0,    0,    0,    0,    0,    0,    0,    0,    0,    0,    0,    0,    0,    0,    0,    0,    0,    9,    0,    0,    0,    0,    0,    0,    0,    0,    0,    0,    0,    0,    0,    0,    0,    0,    0,    0,    0,    0,    0,    0,    0,    0,    0,    0,    0,    0,    0,    0,    0,    0,    0,    0,    0,    0,    0,    0,    0,    8,    0,    8,    0,    8,    0,    0,    0,    0,    0,   10,   -4,    8,   -5,    0,    0,    0,    0,    0,    0,    0,    0,    0,   34,    0,    0,    0,    0,    0,    0,    0,    0,    0,    0,    0,    0,    0,    0,    0,   12,    0,    0,    0,    0,    0,    0,    0,    0,    0,    0,    0,    0,    0,    0,    0,
       0,  -32,    0,  -10,  -21,    0,    0,    0,    0,   -7,    0,    0,    0,    0,    0,    0,    0,    0,    0,    0,    0,    0,    0,    0,    0,    0,    0,    0,  -13,    0,    0,    0,    0,    0,    0,    0,    0,    0,    0,    0,    0,    0,    0,    0,    0,    0,    0,    0,    0,    0,    0,   -7,    0,    0,    0,    0,    0,    0,    0,    0,    0,    0,    0,    0,    0,    0,    0,    0,    0,    0,    0,    0,    0,    0,    0,    0,    0,    0,    0,    0,    0,    0,    0,    0,    0,    0,    0,    0,    0,    0,    0,    0,    0,    0,    0,    0,    0,    0,    0,    0,  -19,   -8,    0,    0,    0,    0,  -14,    0,    0,    0,    0,    0,    0,    0,    0,    0,    0,    0,    0,    0,    0,   -7,    0,    0,    0,    0,    0,    0,    0,    0,   -8,    0,    0,    0,    0,    0,    0,    0,    0,    0,    0,    0,    0,    0,    0,    0,
       0,  -13,    0,  -11,   -8,   -8,    7,   -9,   -6,  -12,    0,    0,    0,    0,    0,    0,    0,    0,    0,    0,    0,    0,    0,    0,    0,    0,    0,    0,  -12,    0,    0,    0,    0,    0,    0,    0,    0,    0,    0,    0,    0,    0,    0,    0,    0,    0,    0,    0,    0,    0,    0,   -8,    0,    0,    0,    0,    0,    0,    0,    0,    0,    0,    0,    0,    0,    0,    0,    0,    0,    0,    0,    0,    0,    0,    0,    0,    0,    0,    0,    0,    0,    0,    0,    0,    0,    0,    0,    0,    0,    0,    0,    0,    0,   -9,   -6,    0,    0,    0,    0,    0,    0,   -6,    0,   -7,    0,    0,    0,   -4,    0,    0,    0,    0,    0,    0,    0,    0,    0,    0,    0,    0,    0,    0,    0,    0,    0,    0,    0,    0,   -6,    0,    0,   -6,    0,    0,    0,    0,    0,    0,    0,    0,    0,    0,    0,   -9,  -11,    0,
       0,  -13,    0,  -11,   -8,   -8,    7,   -9,   -7,  -12,    0,    0,    0,    0,    0,    0,    0,    0,    0,    0,    0,    0,    0,    0,    0,    0,    0,    0,  -12,    0,    0,    0,    0,    0,    0,    0,    0,    0,    0,    0,    0,    0,    0,    0,    0,    0,    0,    0,    0,    0,    0,   -8,    0,    0,    0,    0,    0,    0,    0,    0,    0,    0,    0,    0,    0,    0,    0,    0,    0,    0,    0,    0,    0,    0,    0,    0,    0,    0,    0,    0,    0,    0,    0,    0,    0,    0,    0,    0,    0,    0,    0,    0,    0,   -9,   -7,    0,    0,    0,    0,    0,    0,   -6,    0,   -7,    0,    0,    0,   -4,    0,    0,    0,    0,    0,    0,    0,    0,    0,    0,    0,    0,    0,    0,    0,    0,    0,    0,    0,    0,   -7,    0,    0,   -7,    0,    0,    0,    0,    0,    0,    0,    0,    0,    0,    0,   -9,  -11,    0,
       0,  -23,   -8,    0,  -10,    0,    0,    0,    0,  -12,   -5,    0,    0,    0,    0,    0,    0,    0,    0,    0,    0,    0,    0,    0,    0,    0,   -5,    0,    0,    0,    0,    0,    0,    0,    0,    0,    0,    0,    0,    0,    0,    0,    0,    0,    0,    0,    0,    0,    0,    0,    0,    0,    0,    0,    0,    0,    0,    0,    0,    0,    0,    0,    0,    0,    0,    0,    0,    0,    0,    0,    0,    0,    0,    0,    0,    0,    0,    0,    0,    0,    0,    0,    0,    0,    0,    0,    0,    0,   -4,    0,    0,    0,    0,    0,    0,    0,    0,    0,    0,    0,    0,    0,    0,    0,    0,    0,    0,    0,    0,   -7,    0,    0,    0,    0,    0,    0,    0,    0,    0,    0,    0,    0,    0,    0,    0,    0,    0,    0,    0,    0,    0,    0,    0,    0,    0,    0,    0,    0,    0,    0,    0,    0,    0,    0,    0,    0,
       0,   -5,   -8,    0,    0,    0,   -6,    0,    0,   -6,   -5,    0,    0,    0,    0,    0,    0,    0,    0,    0,    0,    0,    0,    0,    0,    0,   -4,    0,  -14,    0,    0,    0,    0,    0,    0,    0,    0,    0,    0,    0,    0,    0,    0,    0,    0,    0,    0,    0,    0,    0,   -9,   -8,  -12,    0,    0,    0,    0,    0,    0,    0,    0,    0,    0,    0,    0,    0,    0,    0,    0,    0,    0,    0,    0,    0,    0,    0,    0,    0,    0,    0,    0,    0,    0,    0,    0,    0,    0,    0,    0,    0,    0,    0,   -4,    0,    0,    0,    0,   -4,    0,   -4,    0,    0,   -6,    0,    0,    0,    0,    0,    0,    0,   -4,    0,    0,    0,    0,    0,    0,    0,    0,   -4,    0,    0,    0,    0,    0,    0,    0,    0,    0,    0,    0,    0,    0,    0,    0,    0,    0,    0,    0,    0,    0,    0,    0,    0,    0,    0,
       0,   -9,    0,  -10,    0,    0,    0,    0,    0,   -8,    0,    0,    0,    0,    0,    0,    0,    0,    0,    0,    0,    0,    0,    0,    0,    0,    0,    0,  -14,    0,    0,    0,    0,    0,    0,    0,    0,    0,    0,    0,    0,    0,    0,    0,    0,    0,    0,    0,    0,    0,   -4,   -9,    0,    0,    0,    0,    0,    0,    0,    0,    0,    0,    0,    0,    0,    0,    0,    0,    0,    0,    0,    0,    0,    0,    0,    0,    0,    0,    0,    0,    0,    0,    0,    0,    0,    0,    0,    0,    0,    0,    0,    0,    0,    0,    0,    0,    0,    0,    0,    0,    0,    0,    0,    0,    0,    0,    0,    0,    0,    0,    0,    0,    0,    0,    0,    0,    0,    0,    0,    0,    0,    0,    0,    0,    0,    0,    0,    0,    0,    0,    0,    0,    0,    0,    0,    0,    0,    0,    0,    0,    0,    0,    0,    0,    0,    0,
       0,  -23,   -7,   -9,  -10,    0,    0,    0,    0,  -12,   -5,    0,    0,    0,    0,    0,    0,    0,    0,    0,    0,    0,    0,    0,    0,    0,   -5,    0,  -17,    0,    0,    0,    0,    0,    0,    0,    0,    0,    0,    0,    0,    0,    0,    0,    0,    0,    0,    0,    0,    0,    0,  -13,    0,    0,    0,    0,    0,    0,    0,    0,    0,    0,    0,    0,    0,    0,    0,    0,    0,    0,    0,    0,    0,    0,    0,    0,    0,    0,    0,    0,    0,    0,    0,    0,    0,    0,    0,    0,   -4,    0,    0,    0,    0,    0,    0,    0,    0,    0,    0,    0,    0,    0,    0,    0,    0,    0,    0,    0,    0,   -4,    0,    0,    0,    0,    0,    0,    0,    0,    0,    0,    0,    0,    0,    0,    0,    0,    0,    0,    0,    0,    0,    0,    0,    0,    0,    0,    0,    0,    0,    0,    0,    0,    0,    0,    0,    0,
       0,  -30,    0,  -10,  -20,    0,    0,    0,    0,   -7,    0,    0,    0,    0,    0,    0,    0,    0,    0,    0,    0,    0,    0,    0,    0,    0,    0,    0,  -13,    0,    0,    0,    0,    0,    0,    0,    0,    0,    0,    0,    0,    0,    0,    0,    0,    0,    0,    0,    0,    0,    0,   -7,    0,    0,    0,    0,    0,    0,    0,    0,    0,    0,    0,    0,    0,    0,    0,    0,    0,    0,    0,    0,    0,    0,    0,    0,    0,    0,    0,    0,    0,    0,    0,    0,    0,    0,    0,    0,    0,    0,    0,    0,    0,    0,    0,    0,    0,    0,    0,    0,  -16,   -8,    0,    0,    0,    0,  -12,    0,    0,    0,    0,    0,    0,    0,    0,    0,    0,    0,    0,    0,    0,   -7,    0,    0,    0,    0,    0,    0,    0,    0,   -8,    0,    0,    0,    0,    0,    0,    0,    0,    0,    0,    0,    0,    0,    0,    0,
       0,    0,   -7,    8,    0,    0,  -27,  -28,  -19,   15,  -16,    0,    0,    0,    0,    0,    0,    0,    0,    0,    0,    0,    0,    0,    0,    0,    0,    0,    9,    0,    0,    0,    0,    0,    0,    0,    0,    0,    0,    0,    0,    0,    0,    0,    0,    0,    0,    0,    0,    0,    0,    9,  -36,  -18,    0,    0,    0,    0,    0,    0,    0,    0,    0,    0,    0,    0,    0,    0,    0,    0,   15,   -8,    0,    0,  -20,   13,  -27,  -20,    8,    8,    0,   -8,  -12,   10,    7,   13,    0,  -22,    0,  -18,  -20,  -42,  -35,  -13,  -16,  -38,  -25,  -35,  -20,  -36,   -8,   -8,  -31,   -9,  -14,  -20,   -8,  -14,  -30,   18,  -35,  -25,    0,    0,    0,   18,    0,  -13,   -8,  -36,    0,   -8,    0,    0,  -20,  -22,    0,  -22,  -16,    7,   -9,  -16,    0,    0,    0,    0,    0,    0,    0,    0,    0,    0,    0,    0,    0,    0,
       0,    0,    0,    0,    9,  -31,   -8,  -18,    0,  -14,    0,    0,    0,    0,    0,    0,    0,    0,    0,    0,    0,    0,    0,    0,    0,    0,    0,    0,   -6,    0,    0,    0,    0,    0,    0,    0,    0,    0,    0,    0,    0,    0,    0,    0,    0,    0,    0,    0,    0,    0,    0,    0,   -6,    7,    0,    0,    0,    0,    0,    0,    0,    0,    0,    0,    0,    0,    0,    0,    0,    0,    0,    0,    0,    0,    0,    0,    0,    0,    0,    0,    0,    0,    0,    0,    0,    0,    0,    0,    0,    0,    0,  -11,    0,    8,    0,  -11,    0,    0,    0,    0,   13,   13,    0,   12,    7,    0,   13,    7,    0,    0,    0,    0,    0,    0,    0,    0,    0,   12,    0,    0,    0,   13,    0,    0,   10,    0,    0,    0,    0,    0,   12,    0,    0,    0,    0,    0,    0,    0,    0,    0,    0,    0,    0,    0,    0,    0,
       0,  -17,   -4,    0,   -7,    0,    0,    0,    0,   -6,    0,    0,    0,    0,    0,    0,    0,    0,    0,    0,    0,    0,    0,    0,    0,    0,    0,    0,    0,    0,    0,    0,    0,    0,    0,    0,    0,    0,    0,    0,    0,    0,    0,    0,    0,    0,    0,    0,    0,    0,    0,    0,    0,    0,    0,    0,    0,    0,    0,    0,    0,    0,    0,    0,    0,    0,    0,    0,    0,    0,    0,    0,    0,    0,    0,    0,    0,    0,    0,    0,    0,    0,    0,    0,    0,    0,    0,    0,    0,    0,    0,    0,    0,    0,    0,    0,    0,    0,    0,    0,    0,    0,    0,    0,   -8,    0,    0,    0,    0,    0,    0,    0,    0,    0,    0,    0,    0,    0,    0,    0,    0,    0,    0,    0,    0,    0,    0,    0,    0,    0,    0,    0,    0,    0,    0,    0,    0,    0,    0,    0,    0,    0,    0,    0,    0,    0,
       0,  -38,    0,    0,  -26,    0,    0,    0,    0,   -5,    0,    0,    0,    0,    0,    0,    0,    0,    0,    0,    0,    0,    0,    0,    0,    0,    0,    0,    0,    0,    0,    0,    0,    0,    0,    0,    0,    0,    0,    0,    0,    0,    0,    0,    0,    0,    0,    0,    0,    0,    0,    0,    0,    0,    0,    0,    0,    0,    0,    0,    0,    0,    0,    0,    0,    0,    0,    0,    0,    0,    0,    0,    0,    0,    0,    0,    0,    0,    0,    0,    0,    0,    0,    0,    0,    0,    0,    0,    0,    0,    0,    0,    0,    0,    0,    6,    0,    0,    0,    0,  -20,    0,    0,    0,   -6,    0,  -14,    0,    0,    0,    0,    0,    0,    0,    0,    0,    0,    0,    0,    0,    0,  -11,    0,    0,   -6,    0,    0,    0,    0,    0,    0,    0,    0,    0,    0,    0,    0,    0,    0,    0,    0,    0,    0,    0,    0,    0,
      -7,  -23,   -5,    0,   -8,  -14,    7,    0,   -6,  -14,    0,    0,    0,    0,    0,    0,    0,    0,    0,    0,    0,    0,    0,    0,    0,    0,   -8,    0,    0,    0,    0,    0,    0,    0,    0,    0,    0,    0,    0,    0,    0,    0,    0,    0,    0,    0,    0,    0,    0,    0,    0,    0,    0,    0,    0,    0,    0,    0,    0,    0,    0,    0,    0,    0,    0,    0,    0,    0,    0,    0,  -25,    0,   -8,   -6,   -7,  -14,   -6,    0,  -16,   -9,    0,    0,    0,  -15,   -5,   -8,   -7,    0,    0,    0,    0,    0,    0,  -12,   -8,   -8,    0,    0,   -4,    0,    0,    0,    0,   -8,    0,   -6,    0,   -8,    0,   -6,    0,    0,   -6,   -6,   10,   -6,    0,    0,    0,    0,    0,    0,   -6,    0,    0,    0,    0,    0,   -8,   -8,    0,   -8,    0,    0,    0,    0,    0,    0,    0,    0,    0,    0,    0,    0,    0,    0,
       0,  -26,    0,    0,  -12,   -5,    0,    0,   -5,  -12,    0,    0,    0,    0,    0,    0,    0,    0,    0,    0,    0,    0,    0,    0,    0,    0,   -6,    0,    0,    0,    0,    0,    0,    0,    0,    0,    0,    0,    0,    0,    0,    0,    0,    0,    0,    0,    0,    0,    0,    0,    0,    0,    0,    0,    0,    0,    0,    0,    0,    0,    0,    0,    0,    0,    0,    0,    0,    0,    0,    0,    0,    0,    0,    0,    0,    0,    0,    0,    0,    0,    0,    0,    0,    0,    0,    0,    0,    0,    0,    0,    0,    0,    0,   -6,    0,    0,    0,    0,    0,    0,  -14,    0,    0,   -6,    0,    0,  -14,    0,    0,    0,    0,    0,    0,    0,    0,    0,    0,    0,    0,    0,    0,   -6,    0,    0,    0,    0,    0,    0,    0,    0,    0,    0,    0,    0,    0,    0,    0,    0,    0,    0,    0,    0,    0,    0,    0,    0,
       0,    0,  -17,    7,    0,  -26,  -20,  -33,  -15,   10,  -23,    0,    0,    0,    0,    0,    0,    0,    0,    0,    0,    0,    0,    0,    0,    0,    0,    0,  -10,    0,    0,    0,    0,    0,    0,    0,    0,    0,    0,    0,    0,    0,    0,    0,    0,    0,    0,    0,    0,    0,   -9,    0,  -30,  -13,    0,    0,    0,    0,    0,    0,    0,    0,    0,    0,    0,    0,    0,    0,    0,    0,   12,  -16,    0,    0,    0,    0,  -32,    0,    0,    0,   -3,  -16,    0,    8,    0,    0,    0,  -16,  -10,  -14,  -15,  -30,  -20,   -7,  -10,  -30,  -19,  -20,  -16,  -20,    0,    0,  -28,   -6,   -8,  -15,    0,   -8,  -22,   13,  -26,  -17,    0,    0,    0,   13,    0,   -5,    0,  -26,   14,    0,    0,    0,  -10,  -17,    0,  -16,  -10,    0,    0,  -10,    0,    0,    0,    0,    0,    0,    0,    0,    0,    0,    0,    4,    7,  -31,
       0,    0,    0,   -5,    4,  -14,    0,  -13,    0,  -16,    0,    0,    0,    0,    0,    0,    0,    0,    0,    0,    0,    0,    0,    0,    0,    0,    0,    0,  -10,    0,    0,    0,    0,    0,    0,    0,    0,    0,    0,    0,    0,    0,    0,    0,    0,    0,    0,    0,    0,    0,    0,   -4,    0,    0,    0,    0,    0,    0,    0,    0,    0,    0,    0,    0,    0,    0,    0,    0,    0,    0,    0,    0,    0,    0,    0,    0,    0,    0,    0,    0,    0,    0,    0,    0,    0,    0,    0,    0,    0,    0,    0,  -11,   -6,    0,    0,  -14,    0,   -6,    0,   -6,    9,    7,    0,    6,    0,    0,    9,    0,    0,    0,    0,    0,    0,    0,    0,    0,    0,    8,    0,    0,    0,    7,    0,    0,    0,    0,    0,    0,    0,    0,    8,    0,    0,    0,    0,    0,    0,    0,    0,    0,    0,    0,    0,    0,    5,  -14,
      -4,  -35,   -6,   -7,  -11,    0,    0,    0,    0,  -10,    0,    0,    0,    0,    0,    0,    0,    0,    0,    0,    0,    0,    0,    0,    0,    0,   -7,    0,  -19,    0,    0,    0,    0,    0,    0,    0,    0,    0,    0,    0,    0,    0,    0,    0,    0,    0,    0,    0,    0,    0,    0,  -13,    0,    0,    0,    0,    0,    0,    0,    0,    0,    0,    0,    0,    0,    0,    0,    0,    0,    0,  -33,    0,    0,    0,    0,    0,    0,    0,    0,    0,    0,    0,    0,    0,   -9,    0,    0,    0,    0,    0,    0,    0,    0,    0,    0,    0,    0,    0,    0,    0,    0,    0,    0,    0,    0,    0,    0,    0,    0,    0,    0,    0,    0,    0,    0,    0,    0,    0,    0,    0,    0,    0,    0,   -4,    0,    0,    0,    0,    0,    0,    0,    0,    0,    0,    0,    0,    0,    0,    0,    0,    0,    0,    0,    0,    0,    0,
       0,  -23,   -7,   -9,  -10,    0,    0,    0,    0,  -12,   -5,    0,    0,    0,    0,    0,    0,    0,    0,    0,    0,    0,    0,    0,    0,    0,   -6,    0,  -18,    0,    0,    0,    0,    0,    0,    0,    0,    0,    0,    0,    0,    0,    0,    0,    0,    0,    0,    0,    0,    0,    0,  -14,    0,    0,    0,    0,    0,    0,    0,    0,    0,    0,    0,    0,    0,    0,    0,    0,    0,    0,    0,    0,    0,    0,    0,    0,    0,    0,    0,    0,    0,    0,    0,    0,    0,    0,    0,    0,   -4,    0,    0,    0,    0,    0,    0,    0,    0,    0,    0,    0,    0,    0,    0,    0,    0,    0,    0,    0,    0,   -4,    0,    0,    0,    0,    0,    0,    0,    0,    0,    0,    0,    0,    0,    0,    0,    0,    0,    0,    0,    0,    0,    0,    0,    0,    0,    0,    0,    0,    0,    0,    0,    0,    0,    0,    0,    0,
       0,   -7,   -5,  -13,    0,   -8,    0,   -8,    0,   -8,    0,    0,    0,    0,    0,    0,    0,    0,    0,    0,    0,    0,    0,    0,    0,    0,   -7,    0,  -18,    0,    0,    0,    0,    0,    0,    0,    0,    0,    0,    0,    0,    0,    0,    0,    0,    0,    0,    0,    0,    0,    0,  -12,    0,    0,    0,    0,    0,    0,    0,    0,    0,    0,    0,    0,    0,    0,    0,    0,    0,    0,    0,    0,    0,    0,    0,   -8,    0,    0,   -5,   -5,    0,    0,    0,   -5,    0,   -4,    0,   -8,    0,    0,    0,    0,    0,    0,    0,    0,   -5,    0,    0,    0,    0,    0,    0,    0,    0,    0,    0,    0,    0,    0,    0,    0,   -6,   -6,   -6,    0,    0,    0,    0,    0,    0,    0,    0,    0,    0,   -8,    0,   -6,    0,   -4,    0,    0,    0,    0,    0,    0,    0,    0,    0,    0,    0,    0,    0,    0,    0,    0,
       0,  -18,    0,  -12,   -7,   -5,    6,   -4,   -5,  -13,    0,    0,    0,    0,    0,    0,    0,    0,    0,    0,    0,    0,    0,    0,    0,    0,   -4,    0,  -16,    0,    0,    0,    0,    0,    0,    0,    0,    0,    0,    0,    0,    0,    0,    0,    0,    0,    0,    0,    0,    0,    0,  -11,    0,    0,    0,    0,    0,    0,    0,    0,    0,    0,    0,    0,    0,    0,    0,    0,    0,    0,    0,    0,    0,    0,    0,    0,    0,    0,    0,    0,    0,    0,    0,    0,    0,    0,    0,    0,    0,    0,    0,    0,    0,    0,   -5,    0,    0,    0,    0,    0,    0,    0,    0,    0,    0,    0,    0,    0,    0,    0,    0,    0,    0,    0,    0,    0,    0,    0,    0,    0,    0,    0,    0,    0,    0,    0,    0,    0,   -5,    0,    0,   -5,    0,    0,    0,    0,    0,    0,    0,    0,    0,    0,    0,    0,    0,    0,
       0,    0,   -4,    0,    0,    0,    0,    0,    0,   -5,    0,    0,    0,    0,    0,    0,    0,    0,    0,    0,    0,    0,    0,    0,    0,    0,    0,    0,    0,    0,    0,    0,    0,    0,    0,    0,    0,    0,    0,    0,    0,    0,    0,    0,    0,    0,    0,    0,    0,    0,   -7,    0,   -6,    0,    0,    0,    0,    0,    0,    0,    0,    0,    0,    0,    0,    0,    0,    0,    0,    0,    0,    0,    0,    0,    0,    0,    0,    0,    0,    0,    0,    0,    0,    0,    0,    0,    0,    0,    0,    0,    0,    0,    0,    0,    0,    0,    0,    0,    0,    0,    0,    0,    0,    0,    0,    0,    0,    0,    0,    0,    0,    0,    0,    0,    0,    0,    0,    0,    0,    0,    0,    0,    0,    0,    0,    0,    0,    0,    0,    0,    0,    0,    0,    0,    0,    0,    0,    0,    0,    0,    0,    0,    0,    0,    0,    0,
       0,  -10,   -5,    0,    0,    0,    0,    0,    0,  -10,    0,    0,    0,    0,    0,    0,    0,    0,    0,    0,    0,    0,    0,    0,    0,    0,    0,    0,    0,    0,    0,    0,    0,    0,    0,    0,    0,    0,    0,    0,    0,    0,    0,    0,    0,    0,    0,    0,    0,    0,    0,    0,    0,    0,    0,    0,    0,    0,    0,    0,    0,    0,    0,    0,    0,    0,    0,    0,    0,    0,    0,    0,    0,    0,    0,    0,    0,    0,    0,    0,    0,    0,    0,    0,    0,    0,    0,    0,    0,    0,    0,    0,    0,    0,    0,    0,    0,    0,    0,    0,    0,    0,   -4,    0,    0,    0,    0,    0,    0,    0,    0,    0,    0,    0,    0,    0,    0,    0,    0,   -4,    0,    0,    0,    0,    0,    0,    0,    0,    0,    0,    0,    0,    0,    0,    0,    0,    0,    0,    0,    0,    0,    0,    0,    0,    0,    0,
       0,  -17,    0,  -12,   -7,   -6,    6,   -4,   -5,  -12,    0,    0,    0,    0,    0,    0,    0,    0,    0,    0,    0,    0,    0,    0,    0,    0,   -4,    0,  -15,    0,    0,    0,    0,    0,    0,    0,    0,    0,    0,    0,    0,    0,    0,    0,    0,    0,    0,    0,    0,    0,    0,  -11,    0,    0,    0,    0,    0,    0,    0,    0,    0,    0,    0,    0,    0,    0,    0,    0,    0,    0,    0,    0,    0,    0,    0,    0,    0,    0,    0,    0,    0,    0,    0,    0,    0,    0,    0,    0,    0,    0,    0,    0,    0,    0,   -5,    0,    0,    0,    0,    0,    0,    0,    0,    0,    0,    0,    0,    0,    0,    0,    0,    0,    0,    0,    0,    0,    0,    0,    0,    0,    0,    0,    0,    0,    0,    0,    0,    0,   -5,    0,    0,   -5,    0,    0,    0,    0,    0,    0,    0,    0,    0,    0,    0,    0,    0,    0,
      -6,   -9,   -5,  -11,    0,  -13,    6,  -17,    0,  -14,   -4,    0,    0,    0,    0,    0,    0,    0,    0,    0,    0,    0,    0,    0,    0,    0,   -4,    0,  -17,    0,    0,    0,    0,    0,    0,    0,    0,    0,    0,    0,    0,    0,    0,    0,    0,    0,    0,    0,    0,    0,    0,  -12,    0,    0,    0,    0,    0,    0,    0,    0,    0,    0,    0,    0,    0,    0,    0,    0,    0,    0,  -11,    0,    0,    0,    0,    0,   -8,    0,    0,    0,    0,    0,    0,  -10,    0,    0,    0,   -5,    0,    0,    0,   -9,    0,    0,   -4,  -10,    0,    0,    0,    0,    0,    0,    0,    0,    0,    0,    0,    0,    0,    0,    0,    0,   -5,   -5,   -5,    0,    0,    0,    0,    0,  -16,    0,    0,    0,    0,    0,    0,    0,   -4,    0,    0,   -4,    0,    0,    0,    0,    0,    0,    0,    0,    0,    0,    0,   -6,   -4,  -12,
       0,  -13,    0,  -11,   -8,   -8,    7,   -9,   -6,  -12,    0,    0,    0,    0,    0,    0,    0,    0,    0,    0,    0,    0,    0,    0,    0,    0,    0,    0,  -12,    0,    0,    0,    0,    0,    0,    0,    0,    0,    0,    0,    0,    0,    0,    0,    0,    0,    0,    0,    0,    0,    0,   -8,    0,    0,    0,    0,    0,    0,    0,    0,    0,    0,    0,    0,    0,    0,    0,    0,    0,    0,    0,    0,    0,    0,    0,    0,    0,    0,    0,    0,    0,    0,    0,    0,    0,    0,    0,    0,    0,    0,    0,    0,    0,   -9,   -7,    0,    0,    0,    0,    0,    0,   -6,    0,   -7,    0,    0,    0,   -4,    0,    0,    0,    0,    0,    0,    0,    0,    0,    0,    0,    0,    0,   -6,    0,    0,    0,    0,    0,    0,   -7,    0,    0,   -7,    0,    0,    0,    0,    0,    0,    0,    0,    0,    0,    0,   -9,  -11,    0,
       0,    0,   -4,    0,   -8,   -4,    0,   -6,   -4,    0,    0,    0,    0,    0,    0,    0,    0,    0,    0,    0,    0,    0,    0,    0,    0,    0,   -6,    0,  -17,    0,    0,    0,    0,    0,    0,    0,    0,    0,    0,    0,    0,    0,    0,    0,    0,    0,    0,    0,    0,    0,    0,   -6,    0,    0,    0,    0,    0,    0,    0,    0,    0,    0,    0,    0,    0,    0,    0,    0,    0,    0,    0,    0,    0,    0,    0,    0,    0,    0,    0,    0,    0,    0,   -4,    0,    0,    0,   -7,    0,    0,    0,    0,    0,    0,   -6,    0,    0,    0,    0,    0,    0,  -13,   -8,    0,   -4,    0,    0,  -13,    0,   -5,    0,    0,    0,   -4,   -4,   -4,    0,  -10,   -4,    0,    0,    0,   -8,    0,  -10,    0,    0,    0,    0,    0,    0,  -12,    0,    0,    0,    0,    0,    0,    0,    0,    0,    0,    0,    0,    0,    0,    0,
       0,   -8,   -8,    0,    0,    0,    0,    0,    0,   -6,   -5,    0,    0,    0,    0,    0,    0,    0,    0,    0,    0,    0,    0,    0,    0,    0,    0,    0,    0,    0,    0,    0,    0,    0,    0,    0,    0,    0,    0,    0,    0,    0,    0,    0,    0,    0,    0,    0,    0,    0,   -9,    0,   -9,    0,    0,    0,    0,    0,    0,    0,    0,    0,    0,    0,    0,    0,    0,    0,    0,    0,    0,    0,    0,    0,    0,    0,    0,    0,    0,    0,    0,    0,    0,    0,    0,    0,    0,    0,    0,    0,    0,    0,    0,    0,    0,    0,    0,   -4,    0,    0,    0,    0,   -5,    0,    0,    0,    0,    0,    0,    0,    0,    0,    0,    0,    0,    0,    0,    0,    0,   -4,    0,    0,    0,    0,    0,    0,    0,    0,    0,    0,    0,    0,    0,    0,    0,    0,    0,    0,    0,    0,    0,    0,    0,    0,    0,    0,
       0,    0,    0,    0,    0,    0,    0,    0,    0,    0,    0,    0,    0,    0,    0,    0,    0,    0,    0,    0,    0,    0,    0,    0,    0,    0,    0,    0,    0,    0,    0,    0,    0,    0,    0,    0,    0,    0,    0,    0,    0,    0,    0,    0,    0,    0,    0,    0,    0,    0,    0,    0,    0,    0,    0,    0,    0,    0,    0,    0,    0,    0,    0,    0,    0,    0,    0,    0,    0,    0,    0,    0,    0,    0,    0,    0,    0,    0,    0,    0,    0,    0,    0,    0,    0,    0,    0,    0,    0,    0,    0,    0,    0,    0,    0,    0,    0,    0,    0,    0,    0,    0,    0,    0,    0,    0,    0,    0,    0,    0,    0,    0,    0,    0,    0,    0,    0,    0,    0,    0,    0,    0,    0,    0,    0,    0,    0,    0,    0,    0,    0,    0,   -5,   -4,  -16,  -12,   -6,   -8,   -2,    0,    0,    0,    0,    0,    0,    0,
       0,    0,    0,    0,    0,    0,    0,    0,    0,    0,    0,    0,    0,    0,    0,    0,    0,    0,    0,    0,    0,    0,    0,    0,    0,    0,    0,    0,    0,    0,    0,    0,    0,    0,    0,    0,    0,    0,    0,    0,    0,    0,    0,    0,    0,    0,    0,    0,    0,    0,    0,    0,    0,    0,    0,    0,    0,    0,    0,    0,    0,    0,    0,    0,    0,    0,    0,    0,    0,    0,    0,    0,    0,    0,    0,    0,    0,    0,    0,    0,    0,    0,    0,    0,    0,    0,    0,    0,    0,    0,    0,    0,    0,    0,    0,    0,    0,    0,    0,    0,    0,    0,    0,    0,    0,    0,    0,    0,    0,    0,    0,    0,    0,    0,    0,    0,    0,    0,    0,    0,    0,    0,    0,    0,    0,    0,    0,    0,    0,    0,    0,    0,    0,    0,    0,    0,    0,    0,    0,    0,    0,   -8,    0,    0,    0,    0,
       0,    0,    0,    0,    0,    0,    0,    0,    0,    0,    0,    0,    0,    0,    0,    0,    0,    0,    0,    0,    0,    0,    0,    0,    0,    0,    0,    0,    0,    0,    0,    0,    0,    0,    0,    0,    0,    0,    0,    0,    0,    0,    0,    0,    0,    0,    0,    0,    0,    0,    0,    0,    0,    0,    0,    0,    0,    0,    0,    0,    0,    0,    0,    0,    0,    0,    0,    0,    0,    0,    0,    0,    0,    0,    0,    0,    0,    0,    0,    0,    0,    0,    0,    0,    0,    0,    0,    0,    0,    0,    0,    0,    0,    0,    0,    0,    0,    0,    0,    0,    0,    0,    0,    0,    0,    0,    0,    0,    0,    0,    0,    0,    0,    0,    0,    0,    0,    0,    0,    0,    0,    0,    0,    0,    0,    0,    0,    0,    0,    0,    0,    0,    0,    0,    0,    0,    0,    0,    0,   -8,    0,    0,   -4,    0,    0,    0,
       0,    0,    0,    0,    0,    0,    0,    0,    0,    0,    0,    0,    0,    0,    0,    0,    0,    0,    0,    0,    0,    0,    0,    0,    0,    0,    0,    0,    0,    0,    0,    0,    0,    0,    0,    0,    0,    0,    0,    0,    0,    0,    0,    0,    0,    0,    0,    0,    0,    0,    0,    0,    0,    0,    0,    0,    0,    0,    0,    0,    0,    0,    0,    0,    0,    0,    0,    0,    0,    0,    0,    0,    0,    0,    0,    0,    0,    0,    0,    0,    0,    0,    0,    0,    0,    0,    0,    0,    0,    0,    0,    0,    0,    0,    0,    0,    0,    0,    0,    0,    0,    0,    0,    0,    0,    0,    0,    0,    0,    0,    0,    0,    0,    0,    0,    0,    0,    0,    0,    0,    0,    0,    0,    0,    0,    0,    0,    0,    0,    0,    0,    0,    0,    0,    0,    0,    0,    0,    0,   -4,   -4,    4,   -4,    0,    0,    0,
       0,    0,    0,    0,    0,    0,    0,    0,    0,    0,    0,  -30,   -8,   -8,  -46,    0,   -8,   -8,    0,    0,    0,    8,    7,    0,    5,    0,    0,    0,    0,    0,    0,    0,    0,    0,    0,    0,    0,    0,    0,    0,    0,    0,    0,    0,    0,    0,    0,    0,    0,    0,    0,    0,    0,    0,  -53,    0,    0,    0,    0,    0,    0,    0,    0,    0,    0,    0,    0,    0,    0,    0,    0,   -8,    0,    0,    0,    0,  -30,    0,    0,    0,    0,   -8,   -8,    0,    0,    0,    0,    0,    0,    0,    0,    0,    0,    0,    0,    0,    0,    0,    0,    0,    0,    0,    0,    0,    0,    0,    0,    0,    0,    0,    0,    0,    0,    0,    0,    0,    0,    0,    0,    0,    5,    0,    0,    0,    0,    0,    0,    0,    0,    0,    0,    0,    0,    0,    0,    0,    0,    0,    0,    0,    0,    0,    0,    0,    0,    0,
       0,    0,    0,    0,    0,    0,    0,    0,    0,    0,    0,   10,  -10,  -10,   11,    0,  -11,  -12,    6,  -27,   -8,  -30,  -14,    5,  -31,    8,    0,    0,    0,    0,    0,    0,    0,    0,    0,    0,    0,    0,    0,    0,    0,    0,    0,    0,    0,    0,    0,    0,    0,    0,    0,    0,    0,    0,    8,    0,    0,    0,    0,    0,    0,    0,    0,    0,    0,    0,    0,    0,    0,    0,  -27,  -10,    0,    0,    0,    0,   10,    0,    0,    0,    0,  -11,  -11,    5,    0,    0,    0,    0,    0,    0,    0,    0,    0,    0,    0,    0,    0,    0,    0,    0,    0,    0,    0,    0,    0,    0,    0,    0,    0,    0,    0,    0,    0,    0,    0,    0,    0,    0,    0,    0,  -31,    0,    0,    0,    0,    0,    0,    0,    0,    0,    0,    0,    0,    0,    0,    0,    0,    0,    0,    0,    0,    0,    0,    0,    0,    0,
};

static const EpdLigaturePair ubuntu_12_regularLigaturePairs[] = {
    { 0x00660066, 0xFB00 }, // f f -> U+FB00
    { 0x00660069, 0xFB01 }, // f i -> U+FB01
    { 0x0066006C, 0xFB02 }, // f l -> U+FB02
    { 0xFB000069, 0xFB03 }, // U+FB00 i -> U+FB03
    { 0xFB00006C, 0xFB04 }, // U+FB00 l -> U+FB04
};

static const EpdFontData ubuntu_12_regular = {
    ubuntu_12_regularBitmaps,
    ubuntu_12_regularGlyphs,
    ubuntu_12_regularIntervals,
    52,
    29,
    24,
    -5,
    true,
    ubuntu_12_regularGroups,
    13,
    nullptr,
    ubuntu_12_regularKernLeftClasses,
    ubuntu_12_regularKernRightClasses,
    ubuntu_12_regularKernMatrix,
    427,
    513,
    136,
    146,
    ubuntu_12_regularLigaturePairs,
    5,
};
