/**
 * generated by fontconvert.py
 * name: ubuntu_10_regular
 * size: 10
 * mode: 2-bit  compressed: true
 * Command used: fontconvert.py ubuntu_10_regular 10 ../builtinFonts/source/Ubuntu/Ubuntu-Regular.ttf ../builtinFonts/source/NotoSansThai/NotoSansThai-Regular.ttf --additional-intervals 0x0E01,0x0E5B --2bit --compress
 */
#pragma once
#include "EpdFontData.h"

static const uint8_t ubuntu_10_regularBitmaps[14092] = {
    0x9D, 0x57, 0xBD, 0x8F, 0xDC, 0xC6, 0x15, 0xFF, 0x71, 0x26, 0xB8, 0x41, 0x40, 0xE4, 0xA8, 0x52,
    0x80, 0x74, 0xCB, 0x14, 0x2E, 0x54, 0xDC, 0x1E, 0x55, 0xA8, 0xD8, 0x82, 0xBB, 0x4B, 0x4B, 0x85,
    0x4B, 0xFB, 0x4F, 0x50, 0x91, 0x5E, 0x29, 0x16, 0x01, 0x83, 0xDC, 0x79, 0x89, 0xA4, 0x74, 0x91,
    0xFB, 0x0F, 0x82, 0xF4, 0x2A, 0xAE, 0xB8, 0xE2, 0x60, 0x9C, 0xB4, 0x23, 0xB9, 0x50, 0x11, 0xC0,
    0x1E, 0x23, 0x65, 0x80, 0x78, 0x02, 0x08, 0x48, 0x11, 0x38, 0x66, 0x0C, 0x02, 0x59, 0x45, 0xBB,
    0x3B, 0xF9, 0xBD, 0xE1, 0x9E, 0x74, 0x3E, 0x9D, 0x63, 0x23, 0xE4, 0x1B, 0x7E, 0x3C, 0xBE, 0x99,
    0x79, 0xDF, 0xEF, 0xB1, 0x2C, 0xFB, 0x63, 0x34, 0x02, 0xCA, 0xA3, 0xB2, 0xEE, 0xEA, 0x93, 0x19,
    0xCF, 0xBB, 0xBF, 0x84, 0x2F, 0x13, 0x37, 0x52, 0x76, 0xA6, 0xEC, 0x49, 0x88, 0x87, 0xA9, 0xBC,
    0x79, 0xDF, 0xA5, 0x89, 0xEB, 0x5F, 0x77, 0x75, 0xB3, 0xA7, 0x9B, 0x7D, 0x53, 0x95, 0x29, 0xD0,
    0x0A, 0x98, 0x50, 0x15, 0xA1, 0x19, 0x27, 0xA8, 0x81, 0x43, 0x60, 0x5A, 0x21, 0xEB, 0x90, 0x2C,
    0x80, 0xD4, 0x42, 0x3B, 0x28, 0xF7, 0x73, 0xE3, 0x16, 0xC1, 0x16, 0xEB, 0x2D, 0x3D, 0x21, 0x77,
    0xDA, 0xCE, 0x4E, 0x52, 0xB4, 0xA3, 0x5D, 0xF8, 0x51, 0xC9, 0x7B, 0x8D, 0xD9, 0x09, 0xF1, 0x5F,
    0x7A, 0x40, 0x5B, 0xC0, 0x7C, 0xD0, 0x21, 0xDB, 0xDD, 0xC3, 0x70, 0x3F, 0x43, 0xB9, 0x9F, 0xE2,
    0x84, 0x77, 0xBF, 0xBB, 0xA7, 0xAD, 0xE9, 0xB0, 0xA8, 0xA0, 0x82, 0x85, 0x79, 0xE6, 0x41, 0xDE,
    0x60, 0xDE, 0xF7, 0xD0, 0x2F, 0x2C, 0x92, 0x00, 0xA8, 0x15, 0x90, 0x7D, 0xAD, 0x9B, 0x83, 0xF4,
    0x83, 0xAA, 0x54, 0x5F, 0xA1, 0xC4, 0x13, 0x1C, 0xE0, 0x08, 0x59, 0xF8, 0x47, 0xA5, 0xC2, 0x7D,
    0x57, 0xD7, 0xB3, 0xD9, 0x5D, 0x58, 0xED, 0x4C, 0x93, 0x61, 0x80, 0x21, 0x09, 0x4A, 0x8C, 0xC8,
    0x78, 0xCD, 0xAB, 0x3C, 0x0F, 0x89, 0xCD, 0x60, 0x1A, 0xF2, 0x6D, 0x1F, 0x12, 0x5B, 0xF6, 0xEF,
    0x95, 0x6E, 0xB4, 0xBD, 0x74, 0x36, 0xA6, 0x92, 0xF9, 0x25, 0x29, 0x1E, 0x6E, 0x45, 0x1A, 0xFD,
    0xD1, 0xE6, 0xA1, 0x4A, 0x3A, 0xE8, 0xC7, 0xC8, 0x32, 0xEC, 0xFC, 0xF4, 0xAD, 0xB4, 0x84, 0x10,
    0x3C, 0xE1, 0x32, 0x26, 0x1F, 0x0C, 0xCB, 0x3B, 0x73, 0x3F, 0xF7, 0xF5, 0xAA, 0xA6, 0x8E, 0x44,
    0x6A, 0xD3, 0x20, 0xA5, 0xF2, 0xC0, 0x95, 0xC9, 0x08, 0x57, 0x17, 0x8D, 0x46, 0xE2, 0x24, 0x7E,
    0x27, 0xBC, 0xFB, 0x5D, 0x2D, 0x91, 0x07, 0x4C, 0x52, 0x7B, 0xA8, 0xED, 0xA9, 0x72, 0x6D, 0xE2,
    0x23, 0xB4, 0xFD, 0x03, 0x31, 0xC4, 0xF3, 0x2B, 0x69, 0x76, 0x96, 0x9C, 0x93, 0xAC, 0xF2, 0xD5,
    0xF4, 0xFC, 0x4E, 0x89, 0x6B, 0xCE, 0x74, 0x89, 0x79, 0xC0, 0x2C, 0x6F, 0x60, 0xAC, 0x00, 0x37,
    0xCB, 0xE3, 0x36, 0x9D, 0xD8, 0x31, 0xAB, 0xB6, 0x9B, 0xCE, 0x03, 0xCD, 0xE9, 0x6E, 0x45, 0xE2,
    0xF7, 0xF2, 0x2A, 0xB2, 0xDD, 0x90, 0x52, 0xAF, 0x05, 0xC0, 0xE9, 0x3D, 0xAF, 0xDA, 0x7E, 0x94,
    0xD9, 0x45, 0xC0, 0xA3, 0x65, 0xB4, 0x69, 0x66, 0x31, 0xB5, 0x78, 0x6A, 0x93, 0x6F, 0xAD, 0x7E,
    0x6E, 0xD3, 0xFB, 0x76, 0x57, 0xD9, 0x52, 0xD9, 0x69, 0x58, 0x11, 0xA0, 0xEC, 0x1B, 0xC8, 0x02,
    0xB9, 0xB5, 0x7B, 0x00, 0xE1, 0x36, 0x50, 0xBC, 0x44, 0xB1, 0x01, 0x1E, 0x45, 0xAE, 0xC8, 0x87,
    0x80, 0xBD, 0x91, 0x5B, 0xEE, 0x5E, 0x70, 0xE5, 0x5B, 0x4D, 0x12, 0x6C, 0xFA, 0x72, 0xCB, 0xE9,
    0x64, 0x4D, 0xAE, 0x9A, 0x33, 0xE3, 0x4E, 0x95, 0x3F, 0x4D, 0xFC, 0x59, 0xE2, 0x0F, 0x95, 0x9F,
    0x18, 0x31, 0x8D, 0x5A, 0x63, 0x11, 0x3C, 0x61, 0xAB, 0xC7, 0x7E, 0x02, 0x1D, 0xF6, 0x34, 0x6A,
    0xD8, 0x6F, 0x8D, 0xB0, 0xB5, 0x03, 0x77, 0x5B, 0xA3, 0x08, 0xD5, 0x38, 0xB5, 0xB5, 0x76, 0xB5,
    0xB2, 0x63, 0x6D, 0x8B, 0x3F, 0x54, 0xD9, 0x06, 0x07, 0xF3, 0xA6, 0x36, 0xEE, 0x24, 0xF1, 0x5D,
    0xE2, 0x9F, 0x18, 0x37, 0xE5, 0xEE, 0x6B, 0x98, 0x25, 0x89, 0x71, 0x94, 0xDA, 0x4E, 0xDB, 0x56,
    0xB9, 0x4E, 0xB9, 0x27, 0x8A, 0x9F, 0x5C, 0xFA, 0x3A, 0x2E, 0xCA, 0x48, 0xC8, 0xAB, 0xE4, 0x29,
    0xA6, 0x1D, 0x26, 0x15, 0xC4, 0xE2, 0x72, 0xF0, 0x3E, 0x98, 0x0E, 0xE2, 0x63, 0xEF, 0x0E, 0x48,
    0x8E, 0xF1, 0xC8, 0xA7, 0x1B, 0x84, 0x63, 0xD0, 0x93, 0x79, 0x4D, 0x37, 0x15, 0x31, 0x90, 0xE0,
    0x8B, 0x0E, 0x74, 0x71, 0xF4, 0xAF, 0xBF, 0x00, 0x16, 0x0D, 0x6E, 0x51, 0x3B, 0x73, 0x4A, 0xE5,
    0x79, 0xE5, 0xF3, 0xE2, 0x18, 0xC4, 0x17, 0xDD, 0x7C, 0x7D, 0xA3, 0x40, 0xEF, 0xA5, 0x2D, 0xE3,
    0x86, 0x2E, 0x2B, 0x13, 0xE9, 0xF8, 0x56, 0xE4, 0xE3, 0xBA, 0x54, 0x47, 0x0B, 0xBD, 0x4C, 0x56,
    0x62, 0x9A, 0x42, 0xF4, 0x91, 0x36, 0xA5, 0x0A, 0x0F, 0x6C, 0x99, 0x85, 0xE7, 0x6E, 0x36, 0xD5,
    0xCF, 0xDC, 0x69, 0xA9, 0xAD, 0x3F, 0xA9, 0xF5, 0xB3, 0x78, 0x91, 0xD7, 0xE7, 0x76, 0x36, 0x31,
    0x2F, 0x84, 0x24, 0x30, 0xC2, 0x36, 0x6B, 0x99, 0x06, 0x59, 0x80, 0x36, 0x5E, 0xCA, 0xE3, 0x22,
    0x34, 0x5C, 0x48, 0x2E, 0x74, 0x54, 0x14, 0xDC, 0x86, 0x56, 0xC7, 0xAF, 0x1C, 0xF0, 0x2F, 0xB2,
    0xEF, 0x5B, 0xAA, 0xF9, 0x8C, 0x2A, 0x29, 0x19, 0x54, 0x43, 0xC6, 0xE5, 0x86, 0x23, 0xD0, 0xB1,
    0xD2, 0x8A, 0x18, 0x7B, 0xC8, 0x2F, 0xA7, 0x50, 0x7E, 0xBA, 0xA9, 0xA6, 0xA1, 0x2D, 0x55, 0xC7,
    0x08, 0x13, 0x48, 0x5A, 0xEA, 0x52, 0x30, 0xC9, 0xAA, 0xC4, 0x98, 0x61, 0x2A, 0xD7, 0x84, 0x8E,
    0xD3, 0x91, 0x12, 0xF3, 0x97, 0x26, 0xAC, 0x32, 0x77, 0x73, 0x12, 0xCD, 0x79, 0x16, 0x2D, 0xDA,
    0xC5, 0xEB, 0x59, 0xC4, 0x10, 0x9F, 0x1F, 0xDF, 0x34, 0x81, 0x0E, 0xD0, 0x15, 0xA4, 0xE7, 0x42,
    0x12, 0x08, 0x54, 0xCC, 0x94, 0x83, 0x09, 0x46, 0x04, 0xA7, 0x66, 0xDE, 0x0E, 0x79, 0xCF, 0xFA,
    0xEF, 0xA4, 0x13, 0xFA, 0x7E, 0x9E, 0x27, 0x94, 0xD1, 0x6F, 0x7A, 0xA0, 0xF1, 0x09, 0x97, 0x31,
    0x11, 0xD9, 0x46, 0xF8, 0x51, 0xC4, 0x3D, 0x60, 0xDE, 0x91, 0xBD, 0xEB, 0x44, 0x18, 0x9C, 0x61,
    0x70, 0x88, 0xC1, 0x04, 0x83, 0xDC, 0x0D, 0x0C, 0xD5, 0xB5, 0x78, 0x45, 0xD6, 0xAE, 0xC0, 0x34,
    0x04, 0xC2, 0xBB, 0x78, 0x81, 0xEF, 0x1E, 0x6F, 0x42, 0xF3, 0x7A, 0x88, 0x9E, 0xFF, 0x30, 0xAF,
    0x18, 0xB5, 0x45, 0x47, 0xC6, 0x0E, 0x39, 0x78, 0xA7, 0x6B, 0x95, 0x59, 0x83, 0x92, 0xDC, 0x95,
    0xE4, 0x6D, 0x42, 0x43, 0x4E, 0x69, 0xD0, 0x71, 0x27, 0xC5, 0x83, 0x83, 0xA9, 0xA1, 0x64, 0x58,
    0x46, 0xDA, 0x38, 0xA7, 0xC0, 0xB5, 0x62, 0xBE, 0x0B, 0xBD, 0x96, 0x0E, 0xF8, 0x5C, 0x00, 0xE7,
    0x93, 0x06, 0xAB, 0xB1, 0x55, 0x8F, 0x4B, 0xA7, 0xF7, 0xCB, 0x93, 0x74, 0x6F, 0x74, 0xEF, 0x67,
    0x7B, 0xA3, 0x3B, 0xB7, 0xF7, 0x46, 0xB7, 0x47, 0x83, 0x7A, 0xF7, 0xEE, 0xA0, 0x4E, 0x4F, 0x06,
    0xB5, 0xF6, 0xBB, 0x33, 0x6D, 0x33, 0x2A, 0x28, 0x0E, 0x1A, 0xAB, 0x9A, 0x70, 0x4C, 0x2B, 0x0E,
    0x97, 0x56, 0xE3, 0x96, 0xAE, 0x54, 0x73, 0x0C, 0x39, 0x32, 0x0E, 0xF3, 0x27, 0x3A, 0xEA, 0x5F,
    0xE8, 0x5E, 0xAF, 0x39, 0xE6, 0x1C, 0x05, 0x47, 0x56, 0xC9, 0x3C, 0x09, 0x1B, 0xD1, 0x69, 0xE6,
    0x8A, 0x66, 0x12, 0xDD, 0x4F, 0xF9, 0x33, 0x24, 0xAD, 0x64, 0x04, 0xCA, 0x16, 0xEF, 0xF2, 0x2E,
    0x78, 0xF9, 0x2E, 0x74, 0x42, 0x2F, 0xF3, 0x0A, 0x71, 0x51, 0x16, 0xCB, 0x25, 0x25, 0x66, 0xEE,
    0x94, 0x6B, 0xB2, 0x14, 0xBB, 0x6F, 0xAA, 0xEB, 0xEC, 0xFB, 0x7F, 0x6E, 0xB4, 0xD8, 0xD6, 0x43,
    0xF5, 0x4A, 0x42, 0xCB, 0x4A, 0x88, 0x6E, 0x37, 0x96, 0xD8, 0x78, 0xB3, 0x71, 0x17, 0xF5, 0x48,
    0x79, 0x1B, 0xDA, 0x81, 0xD1, 0x52, 0x62, 0x19, 0x3F, 0x1D, 0xA8, 0x70, 0x9C, 0x05, 0x5F, 0x54,
    0x1F, 0x8D, 0x23, 0x1F, 0x54, 0x72, 0xC6, 0x44, 0xC7, 0x4A, 0x99, 0x3B, 0x6E, 0x17, 0xDD, 0xEC,
    0xF4, 0x3D, 0x25, 0xD3, 0x6F, 0x6D, 0x68, 0xF5, 0x0D, 0xE1, 0x47, 0x9A, 0xAE, 0x46, 0xFE, 0x7D,
    0x40, 0x7F, 0xE5, 0xD6, 0x63, 0x8C, 0x8B, 0x6A, 0x95, 0x86, 0x2E, 0x61, 0x42, 0x66, 0xD6, 0x96,
    0xD8, 0x1E, 0xD3, 0xC3, 0x0E, 0xA8, 0xFC, 0x8C, 0xD1, 0x95, 0x55, 0x03, 0x4A, 0x33, 0x8E, 0xB9,
    0x40, 0x72, 0x02, 0x4B, 0x56, 0x9F, 0x23, 0x3E, 0x75, 0x7D, 0xCE, 0x90, 0xDC, 0x91, 0xC7, 0x78,
    0x10, 0x51, 0x20, 0x99, 0xE0, 0x10, 0xA7, 0x63, 0x9C, 0xA3, 0x3B, 0xC0, 0x1A, 0x6D, 0x8E, 0x6F,
    0xD0, 0x66, 0xEA, 0xAB, 0xC4, 0x67, 0xFA, 0xC5, 0x7D, 0x97, 0x3E, 0xF8, 0xDD, 0x67, 0xD6, 0x7C,
    0xF2, 0xE0, 0x33, 0xAB, 0xBF, 0x48, 0xFE, 0xDE, 0xE8, 0xBF, 0xD2, 0xE0, 0xEC, 0x07, 0x16, 0x48,
    0x58, 0xA9, 0x24, 0x9A, 0x26, 0x18, 0x73, 0xDB, 0x9C, 0xF7, 0xB4, 0x21, 0x33, 0x8E, 0x49, 0xFF,
    0x5B, 0xDF, 0x6B, 0x95, 0x3D, 0x8B, 0xE8, 0x06, 0x73, 0xA6, 0xAD, 0x7F, 0x33, 0x63, 0xFF, 0x8D,
    0x5D, 0x8D, 0x3D, 0x23, 0xF5, 0x98, 0xED, 0x43, 0x1E, 0x13, 0xC4, 0xF9, 0xF6, 0x4D, 0x5C, 0x3B,
    0xAB, 0xCE, 0xF8, 0x9D, 0xC9, 0xF3, 0xCF, 0x64, 0xF5, 0x35, 0xE7, 0xB3, 0xD9, 0x91, 0x2C, 0x23,
    0x05, 0xF2, 0xBA, 0xB1, 0xAD, 0x71, 0x58, 0x42, 0xC9, 0xC2, 0x92, 0x19, 0xC7, 0x31, 0xCA, 0x5B,
    0xA9, 0x66, 0xAC, 0x35, 0x3D, 0x62, 0x1E, 0xD6, 0x84, 0xD0, 0x84, 0xA6, 0xC5, 0xFF, 0x3E, 0x85,
    0xA6, 0x8E, 0x86, 0x18, 0xC6, 0x6E, 0x80, 0xF3, 0xE9, 0xCD, 0x7D, 0x0C, 0xB3, 0x57, 0xD8, 0x36,
    0x19, 0x3D, 0xC5, 0xFE, 0x25, 0x0A, 0x13, 0x6B, 0xB3, 0x72, 0xC1, 0x06, 0xAB, 0x7F, 0xE0, 0x14,
    0x1A, 0x99, 0xBF, 0x41, 0xF2, 0x0D, 0x34, 0x55, 0xFB, 0x5B, 0x97, 0xA1, 0x1D, 0xE2, 0xF4, 0x26,
    0xEE, 0x4D, 0xC3, 0x9A, 0x70, 0x97, 0xF6, 0xC8, 0xB1, 0xC3, 0x62, 0xC2, 0x24, 0x1E, 0xCB, 0xB3,
    0x72, 0x3B, 0xC1, 0xE5, 0xC1, 0x4D, 0x94, 0x2B, 0x95, 0x1B, 0x2B, 0x57, 0x04, 0x67, 0x42, 0x33,
    0x8A, 0xBC, 0xBC, 0x81, 0x8F, 0x37, 0x14, 0xD5, 0x1E, 0x19, 0x5F, 0xA3, 0x8D, 0xD0, 0xC9, 0x35,
    0x69, 0x6B, 0xE3, 0x59, 0xBC, 0xD9, 0x27, 0xAA, 0x4D, 0xEC, 0x69, 0x12, 0x51, 0x51, 0x77, 0x21,
    0x8D, 0x24, 0x9E, 0x44, 0xF0, 0x3B, 0x8C, 0x0B, 0x78, 0xA9, 0xD8, 0x17, 0x60, 0x36, 0xBE, 0x08,
    0x7E, 0xAC, 0xA4, 0xDE, 0xF7, 0x7D, 0x4F, 0x17, 0x6B, 0xFF, 0x24, 0xF1, 0x79, 0xF0, 0x8C, 0x81,
    0x1D, 0xD6, 0x29, 0xB6, 0xA8, 0x46, 0x3A, 0xA4, 0xBE, 0x74, 0x6E, 0x17, 0x84, 0xB4, 0xAE, 0x3B,
    0xA1, 0x32, 0xAB, 0x62, 0x35, 0xA6, 0x38, 0x35, 0xE6, 0xAB, 0xF9, 0xAA, 0xC6, 0xD5, 0x53, 0x85,
    0xA6, 0x17, 0xEB, 0x2C, 0x16, 0xF7, 0x36, 0x02, 0x9F, 0x8F, 0x4C, 0x14, 0xF1, 0x3F, 0xD2, 0xE6,
    0xDE, 0x30, 0xCC, 0xEF, 0x55, 0xF1, 0x0A, 0x57, 0xC4, 0x9D, 0xC7, 0x9E, 0xA4, 0x36, 0xB6, 0x56,
    0x4E, 0x20, 0xF1, 0x57, 0x41, 0xDA, 0x81, 0xFA, 0xED, 0x91, 0xF8, 0x64, 0x5B, 0xE9, 0xE5, 0xE9,
    0xBA, 0x53, 0xBB, 0xB9, 0xFD, 0xF8, 0xEA, 0x3E, 0xB2, 0x43, 0x1E, 0xEB, 0x65, 0x87, 0xDF, 0x38,
    0xCC, 0x2D, 0x7E, 0xDD, 0xA2, 0xA6, 0x4C, 0x44, 0xA6, 0x8D, 0x74, 0x31, 0xF8, 0xBE, 0xF3, 0x90,
    0x95, 0x2E, 0x47, 0xB1, 0x2E, 0x68, 0x80, 0xB0, 0xAA, 0x53, 0x77, 0x58, 0x6B, 0x3B, 0xE4, 0xD8,
    0xE3, 0x18, 0x5C, 0x37, 0x8A, 0x1F, 0x12, 0x2A, 0xAA, 0xDC, 0x4E, 0x0C, 0xF3, 0x1C, 0x53, 0x1C,
    0x63, 0xBB, 0xEB, 0x24, 0xC7, 0xB5, 0xC4, 0x10, 0xCF, 0xAF, 0x17, 0x2B, 0x78, 0xB1, 0xFC, 0x1B,
    0x2F, 0x40, 0x7B, 0x24, 0x5E, 0x60, 0xE9, 0x23, 0x97, 0x65, 0xA3, 0x0D, 0x69, 0xC9, 0x49, 0xB4,
    0x6A, 0x77, 0x61, 0x64, 0x3E, 0xD3, 0xE6, 0xB4, 0x3C, 0xED, 0x7F, 0xD9, 0x1D, 0x8A, 0xE5, 0x7C,
    0xF9, 0xAE, 0x8C, 0x26, 0x3A, 0x15, 0x7F, 0x53, 0x24, 0x0F, 0x1E, 0x4B, 0x7B, 0x87, 0x47, 0x31,
    0x28, 0x58, 0x37, 0x62, 0x2B, 0x39, 0x8B, 0x64, 0xF3, 0x2B, 0x93, 0x0F, 0x7F, 0x32, 0x5D, 0xA5,
    0xCB, 0xAD, 0x94, 0xDF, 0x85, 0x43, 0x25, 0x1E, 0xD1, 0xBB, 0x38, 0x25, 0x63, 0x9F, 0xC5, 0x7F,
    0xA7, 0x21, 0x95, 0xC3, 0xF2, 0x64, 0xAA, 0xF4, 0x43, 0xE8, 0xCF, 0xE5, 0x8F, 0x84, 0x1D, 0x04,
    0xBD, 0x98, 0x2D, 0x64, 0xC6, 0xE4, 0x3C, 0x60, 0x31, 0x1D, 0x0E, 0x4D, 0x5B, 0x0E, 0xB2, 0x93,
    0x51, 0xB6, 0x3B, 0x3B, 0x4D, 0x6F, 0x8F, 0x5A, 0xF3, 0x78, 0xDF, 0xEB, 0x65, 0xEE, 0x54, 0xC7,
    0x46, 0xAA, 0x65, 0xF3, 0x91, 0x78, 0xAE, 0x91, 0x7E, 0x58, 0xE9, 0x7F, 0xC6, 0xD9, 0xCC, 0x1B,
    0x6C, 0x31, 0x7F, 0x8F, 0xCC, 0x58, 0xC6, 0x54, 0x1D, 0xF5, 0x48, 0x1A, 0x86, 0x18, 0x77, 0xCB,
    0xE2, 0x6E, 0xE6, 0x13, 0xE8, 0x2F, 0xA0, 0xBE, 0x86, 0x34, 0x8E, 0xB1, 0x7F, 0x60, 0x7A, 0x67,
    0x6A, 0x7B, 0x7A, 0xD1, 0x77, 0x48, 0xFF, 0x3E, 0xB9, 0x9A, 0x82, 0xA8, 0x68, 0x02, 0xCE, 0xF5,
    0x4A, 0x7E, 0x6A, 0xFA, 0x53, 0x7E, 0x8D, 0x26, 0xF4, 0x87, 0xAC, 0x32, 0xCD, 0x05, 0x4E, 0x3B,
    0xBD, 0xC2, 0x79, 0x7B, 0xCD, 0xB1, 0x44, 0xE0, 0x5A, 0xE9, 0xC5, 0x59, 0x69, 0xAB, 0x5A, 0xDD,
    0x1A, 0x9B, 0x56, 0x17, 0xB8, 0x9C, 0x14, 0x4B, 0xA4, 0xEE, 0x4E, 0xBE, 0x1C, 0x95, 0xF3, 0xF6,
    0x9E, 0x71, 0xFF, 0x05, 0xAD, 0x58, 0x31, 0x6F, 0x1B, 0x37, 0x14, 0x7E, 0xC7, 0x43, 0xC4, 0x18,
    0x17, 0xFB, 0x3C, 0x74, 0x30, 0x50, 0xDB, 0xF2, 0x90, 0x21, 0x43, 0x64, 0x65, 0xF0, 0x70, 0x05,
    0x4E, 0x3A, 0x22, 0x1D, 0x3A, 0x64, 0xE9, 0x4F, 0xF0, 0xD0, 0xB5, 0xA8, 0x06, 0x23, 0x38, 0xB4,
    0x76, 0x74, 0x6D, 0x87, 0x02, 0xED, 0xE2, 0x3F, 0xD0, 0xAE, 0x1D, 0xB2, 0x08, 0x85, 0x06, 0x0D,
    0x81, 0x45, 0xA4, 0x43, 0x87, 0x0C, 0x25, 0xD2, 0xB1, 0xCB, 0x15, 0x08, 0xD0, 0xA1, 0x28, 0xCA,
    0x00, 0x42, 0xA1, 0x22, 0x92, 0xD9, 0xEF, 0x51, 0xE7, 0x44, 0x8E, 0x9D, 0x58, 0x86, 0x73, 0xF7,
    0x48, 0xF1, 0xC8, 0xF7, 0x1E, 0x1F, 0x1F, 0x1F, 0x3F, 0x92, 0x4A, 0x0F, 0x52, 0xA2, 0x24, 0x49,
    0xAB, 0x87, 0x12, 0x9A, 0x51, 0xE0, 0x8A, 0xC8, 0x15, 0x75, 0x45, 0x2D, 0xA2, 0xF4, 0x84, 0x50,
    0xAE, 0x2B, 0x15, 0x39, 0x8D, 0xD6, 0x97, 0x9C, 0x34, 0xD4, 0xA1, 0x33, 0xD2, 0xA8, 0x48, 0x51,
    0x44, 0x14, 0x7B, 0x1A, 0x3A, 0xA6, 0x98, 0xE6, 0xC8, 0xD9, 0xBA, 0xB3, 0x6B, 0xB4, 0xB5, 0x7D,
    0x34, 0x88, 0x5D, 0x19, 0xDF, 0x2D, 0x57, 0xA8, 0x07, 0x42, 0x01, 0x9F, 0xDB, 0x47, 0x63, 0x34,
    0xED, 0x53, 0xDA, 0xA2, 0x3C, 0x26, 0x1B, 0xDD, 0x2D, 0xC3, 0x9F, 0x75, 0xF0, 0x97, 0xA2, 0x63,
    0xAA, 0xBB, 0x11, 0x68, 0x66, 0xC1, 0x7C, 0xD9, 0x56, 0x0F, 0xE1, 0x39, 0x29, 0x0B, 0x57, 0xC4,
    0x4E, 0xD7, 0x83, 0x62, 0x13, 0x1D, 0x2A, 0x92, 0x63, 0x8A, 0x87, 0x2A, 0x95, 0x3A, 0x11, 0x26,
    0x0D, 0x4C, 0xF3, 0x43, 0x1D, 0x39, 0x45, 0x43, 0xA2, 0xA8, 0xA0, 0x50, 0xBF, 0x27, 0x75, 0xE6,
    0x54, 0x73, 0x4A, 0x7E, 0xE0, 0x9F, 0x3D, 0xA3, 0xD0, 0xC1, 0x64, 0xF3, 0xBE, 0xDE, 0xA6, 0xA0,
    0x4C, 0xEA, 0x65, 0xAF, 0xD3, 0x5F, 0xDD, 0xE9, 0x95, 0x94, 0xF4, 0x0C, 0x12, 0x7E, 0xF9, 0x3B,
    0xA9, 0xDB, 0x1E, 0xB7, 0x33, 0x1F, 0xF3, 0xB3, 0x5C, 0x5C, 0xC2, 0x9C, 0xF5, 0x68, 0x92, 0xAC,
    0xEF, 0xAC, 0x27, 0xEB, 0xF1, 0x24, 0x28, 0x0C, 0xAC, 0x8F, 0xA3, 0x62, 0xBB, 0xCE, 0x03, 0x42,
    0x8E, 0x32, 0x8F, 0xA7, 0x30, 0xCE, 0x95, 0x20, 0xA2, 0xD7, 0xA9, 0x8B, 0xF7, 0x8C, 0x09, 0x5D,
    0x98, 0xD0, 0xC9, 0x77, 0x7A, 0x9D, 0x3C, 0xE9, 0x75, 0xCB, 0xA4, 0xD7, 0x29, 0x93, 0x4E, 0x67,
    0x6F, 0x27, 0xE9, 0xDC, 0x3E, 0x63, 0x42, 0x36, 0xC9, 0x26, 0xB1, 0xCE, 0xEC, 0x1E, 0x9E, 0xCC,
    0xC6, 0x9A, 0xE0, 0x96, 0x13, 0xAA, 0xFA, 0x9C, 0xAB, 0xC1, 0x33, 0xAB, 0xAC, 0x9B, 0xAD, 0x1E,
    0x75, 0xC8, 0x4A, 0x0D, 0x4B, 0x29, 0x1B, 0x37, 0xCD, 0x6A, 0x8F, 0x7A, 0x91, 0xA1, 0x1E, 0xED,
    0xAC, 0x76, 0x32, 0x13, 0x62, 0xE6, 0x52, 0xDA, 0xA2, 0x3C, 0x28, 0xCF, 0xD2, 0x7E, 0x50, 0x3E,
    0x10, 0x65, 0xD7, 0x95, 0x9F, 0xBB, 0xC3, 0x9C, 0xE8, 0x25, 0xD1, 0x70, 0x1A, 0x4D, 0x97, 0xEB,
    0xD3, 0xE5, 0x6C, 0x8E, 0xF0, 0x29, 0xA7, 0xCB, 0xB4, 0xB1, 0x4C, 0xCB, 0x6F, 0xA4, 0x7C, 0x92,
    0xAF, 0xD0, 0x0A, 0x45, 0xEA, 0x01, 0x45, 0xD9, 0x43, 0xE9, 0x9F, 0x31, 0x6D, 0xAC, 0x50, 0x22,
    0x29, 0x09, 0x15, 0x93, 0xE4, 0x4F, 0x54, 0xDE, 0x5A, 0xA7, 0xC6, 0x26, 0xDC, 0xAA, 0xE4, 0xD7,
    0x3A, 0x7C, 0x5A, 0x22, 0x47, 0x19, 0x35, 0xA8, 0x8F, 0x30, 0xB5, 0x94, 0x91, 0x54, 0xF4, 0x90,
    0xE3, 0x4E, 0xD2, 0x6D, 0xCE, 0x12, 0xCE, 0x7A, 0x9C, 0xC1, 0xDD, 0x32, 0xD4, 0xDC, 0xA2, 0x32,
    0x8E, 0xCC, 0x17, 0x44, 0x1B, 0xE2, 0x09, 0x22, 0x2A, 0xBC, 0x47, 0xD4, 0x47, 0x70, 0xC3, 0x41,
    0x11, 0x09, 0x8D, 0x2C, 0x62, 0x2D, 0x19, 0x6B, 0x79, 0x48, 0x1B, 0x2C, 0x9B, 0x72, 0xD6, 0x3F,
    0xD1, 0x02, 0x1E, 0xA8, 0xFA, 0x6A, 0x02, 0x2D, 0x02, 0x91, 0xBF, 0xC9, 0xE1, 0x9F, 0xE2, 0x87,
    0xF6, 0x68, 0x1F, 0x6E, 0x0E, 0x2C, 0x05, 0x06, 0xB6, 0x84, 0x98, 0x25, 0xD5, 0x64, 0x9F, 0xC2,
    0xB9, 0x90, 0xEB, 0xB1, 0x6E, 0x23, 0x0B, 0x94, 0xA0, 0x99, 0x76, 0xA0, 0x79, 0xB5, 0x03, 0xCD,
    0x99, 0xD9, 0x03, 0x37, 0xF1, 0xEC, 0x09, 0xD3, 0x86, 0x5C, 0xF1, 0x13, 0x1B, 0xF1, 0x54, 0xD3,
    0x8A, 0x70, 0x16, 0xC3, 0x80, 0x5C, 0xCE, 0x99, 0x25, 0x71, 0x32, 0x8D, 0x3E, 0xF8, 0x39, 0x84,
    0x84, 0x81, 0xDF, 0xB8, 0xEF, 0xD4, 0xCF, 0xC1, 0xC1, 0x35, 0xCA, 0x1C, 0x45, 0xFF, 0x11, 0xDD,
    0x21, 0x5F, 0xC7, 0x83, 0x20, 0x51, 0x49, 0x70, 0xB9, 0xA9, 0xD0, 0x23, 0xBA, 0xBB, 0x6F, 0x88,
    0x9E, 0x73, 0x08, 0x42, 0xAB, 0x19, 0xC0, 0xD8, 0x14, 0x83, 0x6E, 0x60, 0xB9, 0x1E, 0x23, 0x39,
    0x6A, 0x40, 0x2D, 0x6A, 0xF4, 0x3E, 0x5A, 0xFA, 0x24, 0xC0, 0x08, 0x19, 0x36, 0x93, 0x75, 0x5C,
    0x7F, 0x07, 0xFA, 0x96, 0x88, 0x41, 0x65, 0x26, 0x77, 0x78, 0x78, 0x75, 0x7D, 0x07, 0x18, 0x30,
    0xBC, 0x15, 0xFC, 0x62, 0xAE, 0xAE, 0x8B, 0xC1, 0xC5, 0xDA, 0xAB, 0xEB, 0xE1, 0xF1, 0xDD, 0xD1,
    0xB3, 0x94, 0x15, 0xAF, 0xF4, 0x7C, 0x51, 0xE9, 0xB1, 0xAC, 0xA7, 0xBF, 0x80, 0xEF, 0xBB, 0x00,
    0x3F, 0x2C, 0xDD, 0x11, 0x89, 0x7F, 0x60, 0x4E, 0xF8, 0x2B, 0xB2, 0x88, 0x0D, 0xDB, 0xE0, 0x2C,
    0x05, 0x8E, 0x22, 0xA4, 0x90, 0x95, 0xF8, 0xF4, 0xC8, 0x20, 0x39, 0x8B, 0xD9, 0xF6, 0x4D, 0xCE,
    0x52, 0xA8, 0x9D, 0x0C, 0x38, 0xA3, 0xEE, 0x33, 0xE9, 0x26, 0xB1, 0x59, 0x6B, 0x13, 0xC7, 0xEA,
    0x80, 0x38, 0xAA, 0x47, 0x3E, 0x1F, 0xF8, 0x1A, 0xD4, 0xD7, 0x0F, 0xD7, 0xA4, 0x9B, 0xD2, 0x70,
    0xCC, 0x61, 0x05, 0xE9, 0x23, 0x0A, 0x34, 0x21, 0xA8, 0x39, 0xBE, 0xD6, 0xD8, 0x25, 0x99, 0x2B,
    0x41, 0xE9, 0xDC, 0x06, 0x91, 0x39, 0x40, 0xAA, 0x9E, 0xAF, 0xF1, 0x95, 0x16, 0x44, 0x35, 0x36,
    0x82, 0x65, 0xB7, 0x2E, 0x2F, 0xBB, 0x4B, 0x34, 0xA6, 0xF0, 0x07, 0xAA, 0xD5, 0x2E, 0x2D, 0x1B,
    0x61, 0x19, 0x47, 0x97, 0x96, 0xBA, 0xC3, 0x9B, 0x0D, 0x9B, 0xEC, 0xBD, 0xF7, 0xE6, 0xB7, 0x56,
    0x01, 0x24, 0x8B, 0xBE, 0xED, 0x15, 0x2A, 0x32, 0x1B, 0xBD, 0x9B, 0x37, 0x79, 0xED, 0xBC, 0xED,
    0xF5, 0x5B, 0xD1, 0x05, 0x3C, 0x91, 0x3B, 0xC4, 0x14, 0x4E, 0xD1, 0x73, 0x57, 0xC5, 0x14, 0x01,
    0xCA, 0x42, 0x4C, 0x78, 0x60, 0x87, 0x13, 0xF2, 0x29, 0x66, 0x0C, 0xC1, 0xF7, 0xAC, 0x9E, 0xDB,
    0xC1, 0x07, 0x7E, 0x96, 0xA3, 0x41, 0x07, 0x5B, 0x3B, 0xE0, 0xE2, 0x1B, 0xED, 0xA3, 0x3A, 0x45,
    0x88, 0xB5, 0x91, 0x32, 0xEC, 0xDE, 0x99, 0x89, 0x54, 0xCB, 0x22, 0xE4, 0x72, 0xA4, 0x06, 0x12,
    0x20, 0x35, 0x95, 0x4F, 0x54, 0x2A, 0x7E, 0x47, 0x18, 0xBE, 0x40, 0xEA, 0x22, 0x35, 0x91, 0x62,
    0xC5, 0x72, 0x84, 0xD1, 0xF0, 0x91, 0xE0, 0x14, 0xB4, 0x60, 0x1B, 0x93, 0x1C, 0xBE, 0xA6, 0x59,
    0xB4, 0x7D, 0xE8, 0x8A, 0x72, 0x00, 0x5B, 0x10, 0x57, 0x16, 0xE1, 0xE5, 0x7F, 0xF9, 0x9B, 0xEB,
    0xB9, 0x9D, 0xF9, 0x98, 0x9F, 0xE5, 0x5E, 0x41, 0x0B, 0x96, 0xC7, 0xD2, 0x3B, 0xD0, 0xC7, 0xD3,
    0x57, 0xC7, 0x72, 0xFB, 0x00, 0xCB, 0x6C, 0x77, 0xF7, 0xEA, 0xFA, 0x5A, 0x37, 0x3D, 0xB4, 0xD0,
    0x63, 0x73, 0x75, 0x5D, 0xF3, 0xD0, 0x72, 0x25, 0x9F, 0x61, 0xDF, 0xD2, 0xF5, 0x58, 0xC9, 0x09,
    0x89, 0x11, 0x21, 0x47, 0x39, 0x0D, 0xF5, 0x4C, 0xAD, 0xC6, 0xFA, 0xD7, 0x33, 0xB5, 0x4D, 0xA8,
    0xED, 0x42, 0xED, 0x73, 0xDB, 0x0F, 0xB5, 0x1D, 0xC5, 0xCA, 0xF6, 0x1B, 0x50, 0x3B, 0x08, 0xEC,
    0x41, 0x29, 0xCA, 0x4C, 0xCF, 0xD4, 0x36, 0xA1, 0xF6, 0xD6, 0x10, 0x6A, 0x0F, 0x3D, 0x1A, 0xA4,
    0x15, 0xC4, 0xE7, 0x54, 0x7F, 0x13, 0xED, 0xD3, 0x66, 0x4A, 0xDB, 0x2D, 0x6A, 0x35, 0xD5, 0x24,
    0x72, 0x23, 0x3E, 0x18, 0x86, 0x7E, 0x06, 0x1B, 0xE4, 0xE3, 0xE3, 0x92, 0xB2, 0x6B, 0x1E, 0x79,
    0xFE, 0x2C, 0x82, 0x2F, 0x8B, 0xCB, 0xCA, 0x8A, 0xC7, 0x1A, 0x74, 0xE9, 0x1E, 0x05, 0x82, 0x0D,
    0xB1, 0xCC, 0xF6, 0xCE, 0x0C, 0x26, 0x7A, 0x84, 0x88, 0xC6, 0xB1, 0x8D, 0x9A, 0x0C, 0x98, 0x6A,
    0x00, 0x97, 0x5B, 0x0A, 0x7F, 0xC3, 0xA4, 0xBF, 0x80, 0x7A, 0x9C, 0x1E, 0xD9, 0x44, 0xCF, 0x7F,
    0x4E, 0xAA, 0x40, 0xE4, 0x58, 0x31, 0xD6, 0x88, 0x51, 0x4A, 0xFB, 0x58, 0xFE, 0x9E, 0xF6, 0xF1,
    0xC9, 0x18, 0x74, 0xAC, 0x5E, 0x62, 0x4D, 0x8D, 0x4F, 0xB7, 0xBA, 0x2D, 0x4D, 0x2A, 0x4C, 0x2E,
    0x74, 0x2E, 0x55, 0xBE, 0x4C, 0x79, 0x4A, 0x79, 0x9B, 0xF2, 0xCC, 0xE4, 0xD1, 0x38, 0xA7, 0x47,
    0x39, 0xA5, 0xF9, 0x6A, 0x9A, 0x0F, 0xC7, 0x79, 0xB7, 0x0C, 0x0A, 0xBF, 0x0B, 0x0C, 0x2A, 0x4B,
    0x23, 0xDE, 0x26, 0x0A, 0x98, 0x87, 0xDD, 0xA3, 0xE6, 0x4C, 0xDD, 0x99, 0xB6, 0x60, 0x55, 0x2D,
    0x61, 0x9A, 0x38, 0x91, 0xA3, 0x09, 0xAB, 0x68, 0xDB, 0x63, 0xEE, 0xEE, 0x62, 0xFC, 0x00, 0xB2,
    0x09, 0x6F, 0x2B, 0x42, 0x2C, 0xC4, 0x2F, 0xFE, 0xE0, 0x4B, 0xC2, 0xD2, 0x76, 0xB5, 0x56, 0x2F,
    0xE4, 0x97, 0x1F, 0x29, 0xD0, 0x82, 0xCC, 0x18, 0xA6, 0xF8, 0x96, 0x89, 0xC7, 0xBB, 0x00, 0x7F,
    0x34, 0x8D, 0x70, 0xDC, 0x77, 0x43, 0xDE, 0xF6, 0xC6, 0x08, 0x40, 0x51, 0x86, 0x45, 0xCD, 0x61,
    0x01, 0xD4, 0x39, 0x6B, 0xB3, 0xE3, 0x52, 0x3E, 0x2B, 0xB5, 0x82, 0x71, 0x40, 0x5C, 0x47, 0xF2,
    0xF8, 0xDE, 0x31, 0x09, 0x9E, 0x03, 0x6A, 0x07, 0xDC, 0xCB, 0xE8, 0xE4, 0x7C, 0x8C, 0x32, 0x6A,
    0x9A, 0x8E, 0x67, 0x88, 0x8F, 0x6C, 0x7E, 0xD3, 0x0B, 0x2D, 0xA3, 0x9C, 0x3F, 0xA2, 0x55, 0x9B,
    0x58, 0x6D, 0x0A, 0xD9, 0xA2, 0x25, 0x75, 0x5F, 0x54, 0x27, 0xFB, 0x4A, 0x96, 0x54, 0xD3, 0xA1,
    0x73, 0x45, 0x37, 0xFC, 0x3C, 0xA3, 0xB6, 0x58, 0x8C, 0xFF, 0x63, 0x0A, 0xB0, 0x8A, 0xBF, 0xA7,
    0x6B, 0xD7, 0x16, 0xE2, 0x8F, 0xB1, 0x07, 0xC5, 0x95, 0xF7, 0x2F, 0x64, 0xDE, 0xC5, 0x18, 0x36,
    0x3D, 0x28, 0x6E, 0x9E, 0xFB, 0xD6, 0x90, 0x72, 0x1F, 0x29, 0xF9, 0xB9, 0xAF, 0xC0, 0x5E, 0xD2,
    0xB0, 0x5B, 0x18, 0xB9, 0x2C, 0xCE, 0x7B, 0x73, 0x3C, 0x6C, 0xC8, 0xF9, 0xAD, 0x94, 0x7C, 0x42,
    0xDD, 0x31, 0x2E, 0x8B, 0xF4, 0x23, 0x4E, 0x11, 0xA5, 0x9C, 0xDA, 0xA6, 0xB3, 0x07, 0x02, 0xC8,
    0x06, 0x18, 0xAC, 0x68, 0x00, 0x80, 0xC3, 0x55, 0x04, 0xD6, 0x4E, 0x49, 0x3E, 0xC5, 0xA6, 0x45,
    0x37, 0x1A, 0xD5, 0xE8, 0x70, 0x4D, 0xEB, 0xBA, 0x22, 0x97, 0x3A, 0xE7, 0xA5, 0x62, 0xCE, 0xDE,
    0x46, 0xB0, 0x8E, 0x43, 0xF3, 0xDA, 0xD4, 0x60, 0x69, 0x01, 0xF2, 0x00, 0xA2, 0x50, 0x3E, 0x1A,
    0x31, 0x8A, 0x5A, 0xD4, 0xA0, 0x1E, 0xAD, 0x3C, 0x35, 0x2D, 0x7F, 0xE0, 0x39, 0x5C, 0x8C, 0xFF,
    0xF4, 0x19, 0xE4, 0x42, 0xFE, 0xF0, 0xB4, 0xFD, 0x17, 0xF2, 0xE3, 0x1C, 0x17, 0xC5, 0x8B, 0x32,
    0x63, 0x98, 0xC1, 0xDC, 0x15, 0xE0, 0xE4, 0x56, 0x59, 0x5D, 0x07, 0x66, 0x4D, 0xB5, 0xE9, 0x2E,
    0x2F, 0x12, 0x69, 0x06, 0xB1, 0xB5, 0x29, 0x2E, 0xC7, 0xFD, 0x7F, 0x8D, 0x1D, 0x2A, 0x56, 0x82,
    0x53, 0xCF, 0xFD, 0x29, 0xE3, 0xF4, 0x7C, 0x30, 0x57, 0x8E, 0x3D, 0x4D, 0xFB, 0x82, 0x97, 0x59,
    0xB5, 0x20, 0xAF, 0x9F, 0x0A, 0xE6, 0x8B, 0xF9, 0x0F, 0x7D, 0x30, 0x7F, 0x4A, 0x4B, 0x4B, 0x0B,
    0xF1, 0xCF, 0x07, 0xF3, 0xC5, 0xCA, 0x4F, 0x43, 0x1B, 0x9C, 0x93, 0x06, 0x00, 0x5C, 0xD3, 0xC0,
    0xD5, 0x0E, 0x24, 0x95, 0xFC, 0xCE, 0x03, 0xD9, 0xDF, 0x8C, 0x68, 0xB3, 0xF3, 0x2D, 0xDC, 0x82,
    0xE8, 0x3B, 0xF2, 0xFF, 0x59, 0xCC, 0xDF, 0x57, 0xBB, 0x55, 0x68, 0x21, 0x8A, 0x6C, 0x4E, 0xA0,
    0x91, 0xCF, 0xED, 0x81, 0xC4, 0xE5, 0x56, 0x3F, 0x38, 0x3E, 0xC5, 0x3C, 0x0F, 0x61, 0x97, 0xEA,
    0xF4, 0x7F, 0xA5, 0x58, 0x3B, 0x8F, 0xE3, 0xD6, 0x15, 0xFE, 0x48, 0x66, 0xC5, 0xDD, 0x70, 0x3D,
    0x4C, 0x39, 0x40, 0xD6, 0xE2, 0x14, 0x53, 0xAE, 0x96, 0xCD, 0x16, 0x53, 0x50, 0x12, 0xB1, 0x2E,
    0xD2, 0xFA, 0x27, 0x4C, 0x7A, 0x03, 0x4E, 0x31, 0x30, 0x14, 0x44, 0xB3, 0xBA, 0x46, 0x4A, 0x17,
    0xD6, 0x1F, 0x30, 0xE0, 0xF4, 0x2E, 0xA6, 0x10, 0x12, 0x15, 0x76, 0x44, 0xC4, 0x45, 0x0A, 0x17,
    0xBE, 0xC8, 0x96, 0x03, 0x38, 0x04, 0x62, 0x60, 0x2B, 0xC3, 0x4C, 0x40, 0x20, 0x72, 0xAC, 0xD1,
    0xCD, 0x77, 0x2E, 0xA5, 0x59, 0x8D, 0xE6, 0x21, 0x72, 0x47, 0x3C, 0x87, 0x92, 0x2E, 0xEF, 0x3D,
    0xDF, 0x7D, 0x9C, 0x27, 0x61, 0x0A, 0x40, 0x58, 0x3E, 0x21, 0x39, 0x4E, 0x81, 0x7E, 0x06, 0x7C,
    0xA4, 0x81, 0x7F, 0xE7, 0x40, 0x5E, 0xC0, 0xD5, 0x53, 0x78, 0x59, 0x02, 0x3F, 0xED, 0x20, 0x34,
    0x4B, 0xB2, 0x41, 0x07, 0x41, 0xCA, 0x96, 0x6C, 0xC8, 0x27, 0x13, 0xB8, 0xB9, 0x6F, 0x14, 0xA9,
    0x12, 0x13, 0x48, 0x17, 0xC5, 0x87, 0x1C, 0xD9, 0x32, 0x3A, 0x32, 0xBA, 0xE7, 0xEA, 0xC4, 0xD5,
    0x5D, 0x57, 0xC7, 0x46, 0x4B, 0xB7, 0xCF, 0x3F, 0x07, 0x46, 0x04, 0x88, 0xD5, 0xBD, 0x81, 0xBD,
    0xDF, 0xC0, 0x33, 0xC0, 0x02, 0x75, 0xB1, 0xEF, 0x81, 0x05, 0x7E, 0x13, 0x22, 0xAD, 0x26, 0xEC,
    0xE7, 0xBB, 0xC0, 0xB4, 0xF4, 0xDD, 0xE3, 0x08, 0x0D, 0x87, 0xDD, 0x14, 0xDA, 0xC0, 0x43, 0x3B,
    0xCD, 0xD1, 0xF7, 0xBE, 0x59, 0x84, 0x7A, 0xBF, 0x07, 0x0C, 0x81, 0x29, 0x30, 0x01, 0x4A, 0x7B,
    0x9F, 0xDA, 0x16, 0xB6, 0x47, 0xE3, 0x7D, 0xDF, 0x5C, 0x60, 0x56, 0xE2, 0x31, 0x90, 0x00, 0x3C,
    0x23, 0xBB, 0x5B, 0xEE, 0x12, 0x91, 0x41, 0xCF, 0x91, 0x9E, 0xA5, 0x6D, 0x2E, 0xEC, 0x28, 0xB6,
    0xB0, 0xBD, 0xB5, 0xB4, 0x10, 0x31, 0xF0, 0xE7, 0x0C, 0x4A, 0x35, 0xC6, 0x7A, 0x1F, 0x4E, 0x09,
    0xFF, 0x33, 0x3C, 0x78, 0x50, 0x0F, 0x6B, 0xCF, 0x62, 0xED, 0x35, 0x5F, 0x54, 0xB1, 0x16, 0x87,
    0x7A, 0x40, 0x5C, 0x0B, 0x57, 0x14, 0xBF, 0xCD, 0x06, 0x72, 0x2D, 0x5C, 0x11, 0xD7, 0xC5, 0xD5,
    0xD5, 0xC1, 0x72, 0x5F, 0xA4, 0x70, 0xCE, 0x79, 0xCA, 0xA7, 0xEC, 0x7D, 0x58, 0x4D, 0x30, 0x5E,
    0xA6, 0xE8, 0xD3, 0x4E, 0x12, 0x67, 0xC1, 0xC3, 0xE8, 0x93, 0x43, 0x72, 0xA0, 0xA8, 0x1E, 0x1B,
    0x2C, 0xFF, 0xC3, 0xEA, 0x39, 0xFB, 0x49, 0x7F, 0x19, 0x07, 0xFC, 0x2B, 0x83, 0x63, 0x59, 0xAD,
    0xD9, 0x5F, 0xE6, 0x88, 0x4D, 0x8E, 0x2E, 0xB5, 0x6A, 0xEA, 0xE4, 0x28, 0x56, 0x5C, 0x3A, 0xD5,
    0xFF, 0x1E, 0x39, 0xE2, 0x73, 0xD7, 0x8C, 0x11, 0x90, 0x43, 0xAE, 0x24, 0xC4, 0x28, 0x0D, 0x11,
    0x64, 0x21, 0xBC, 0x3C, 0x84, 0x53, 0xCC, 0x16, 0xB0, 0x4C, 0x65, 0x2C, 0xE4, 0x7F, 0xD5, 0x2E,
    0xCF, 0xD9, 0x8F, 0xFD, 0x65, 0x1C, 0x75, 0x1B, 0xFC, 0x49, 0xA2, 0x40, 0x27, 0x27, 0x2C, 0x51,
    0x4F, 0xDD, 0x9C, 0x18, 0x85, 0x25, 0x02, 0xF2, 0x37, 0xE1, 0x88, 0x46, 0xB0, 0xD0, 0x10, 0x4A,
    0x16, 0xDC, 0x37, 0x39, 0x29, 0xB1, 0xAA, 0x57, 0x51, 0xDF, 0x64, 0xA4, 0xCD, 0x16, 0xDB, 0x58,
    0x90, 0x2E, 0x47, 0xF1, 0xD3, 0xBA, 0xE0, 0xC4, 0x55, 0xD7, 0xCF, 0x26, 0xAE, 0x36, 0x26, 0x27,
    0xAD, 0xB6, 0x17, 0x69, 0x6C, 0x54, 0xCB, 0xA4, 0x41, 0x00, 0xFF, 0x02, 0xEE, 0xBC, 0x31, 0xCA,
    0xDE, 0x1E, 0x02, 0x0E, 0x2C, 0xEB, 0x02, 0xE1, 0xCC, 0x1E, 0xF0, 0x59, 0x63, 0xA0, 0x2D, 0xE5,
    0xDC, 0x09, 0xD4, 0x4C, 0x38, 0x0F, 0x82, 0x6E, 0x84, 0xDE, 0xC0, 0x2D, 0xEE, 0x90, 0x1C, 0x89,
    0x64, 0x85, 0x77, 0xED, 0xC8, 0x58, 0xB5, 0x5A, 0x6B, 0x1D, 0x3E, 0x6E, 0xBC, 0x9C, 0x2D, 0xFD,
    0xAF, 0xB5, 0x75, 0x8F, 0xAC, 0x93, 0xFC, 0x28, 0xC3, 0x78, 0x6C, 0xCD, 0xAD, 0xA4, 0x29, 0xDD,
    0x64, 0x6E, 0xED, 0x29, 0xDA, 0x43, 0xB4, 0x7B, 0x68, 0x47, 0xBA, 0xED, 0xD3, 0x6F, 0xCE, 0x7E,
    0xC2, 0x01, 0x30, 0x87, 0xF7, 0x1D, 0x5C, 0xD7, 0x9A, 0x9B, 0x51, 0x95, 0x63, 0x9C, 0xBA, 0xBA,
    0x74, 0x75, 0x61, 0x89, 0xBF, 0x4F, 0x7D, 0xEB, 0x24, 0xFF, 0xA7, 0xE9, 0x3C, 0x7F, 0xE5, 0x73,
    0xF2, 0x69, 0xFC, 0x13, 0xB5, 0x35, 0xC7, 0x4C, 0x5B, 0xFF, 0xDC, 0x0C, 0xD4, 0xF7, 0x25, 0x0C,
    0x38, 0xF3, 0xB5, 0x3F, 0x69, 0x04, 0x4A, 0xF7, 0x15, 0x5D, 0x3A, 0xB1, 0x26, 0x2B, 0x9D, 0xC8,
    0x4A, 0xE5, 0xFE, 0x16, 0xA0, 0x8D, 0x80, 0xAA, 0x18, 0xF9, 0xD2, 0x76, 0x7D, 0x62, 0x8F, 0xF6,
    0xE4, 0x6D, 0x71, 0x1F, 0x5A, 0xE7, 0xF8, 0x5F, 0x55, 0x45, 0x07, 0xFA, 0xAB, 0x2D, 0xEA, 0x1B,
    0x43, 0xBA, 0xDE, 0x4E, 0x7A, 0x87, 0xB3, 0x56, 0x18, 0x67, 0x02, 0x7A, 0x04, 0x0C, 0x36, 0x68,
    0x74, 0x81, 0x91, 0x51, 0x03, 0x3F, 0x1B, 0xB8, 0x5A, 0xC8, 0xC9, 0xB7, 0x88, 0xCE, 0x49, 0xCF,
    0x8C, 0x59, 0x08, 0xCB, 0xEF, 0x4B, 0x36, 0xA6, 0xE2, 0xCD, 0xB6, 0x2D, 0x66, 0xD8, 0xAC, 0x7C,
    0x18, 0x7F, 0x90, 0x22, 0x43, 0xEB, 0xC8, 0xDB, 0x4E, 0xD1, 0xC6, 0xC4, 0xD2, 0x60, 0x9B, 0x1E,
    0xF7, 0x17, 0xBF, 0x2D, 0x24, 0x5A, 0xDF, 0x75, 0x3D, 0x7B, 0x32, 0x9A, 0xFF, 0xC9, 0xDA, 0xB8,
    0xAF, 0x6E, 0xBA, 0xFA, 0x8B, 0xFE, 0x62, 0x97, 0x8C, 0xD1, 0x7C, 0x34, 0xBF, 0x5D, 0x42, 0x9E,
    0xCF, 0x74, 0x6C, 0xB3, 0x85, 0xBB, 0xAE, 0xE7, 0xCF, 0xFB, 0x05, 0x33, 0x84, 0x5B, 0xA5, 0xDC,
    0x3D, 0xBA, 0xC3, 0xDD, 0x9F, 0x30, 0xE0, 0xB4, 0xB9, 0x31, 0xBC, 0x5D, 0x7E, 0x92, 0x49, 0xF1,
    0xF2, 0x68, 0x78, 0x84, 0xE4, 0xEA, 0x67, 0xF0, 0xE6, 0x93, 0x30, 0xA3, 0xA9, 0xC9, 0x3A, 0xE1,
    0x29, 0x24, 0xFB, 0x41, 0x96, 0xF4, 0x8D, 0x4A, 0xE8, 0x84, 0x07, 0xA1, 0xD0, 0xE5, 0xA7, 0xFA,
    0x7B, 0x07, 0x89, 0xF6, 0xC6, 0xF0, 0x2E, 0xE0, 0x51, 0xC5, 0xDD, 0x94, 0x41, 0x0A, 0x9D, 0x33,
    0x1C, 0xDA, 0xE0, 0x4A, 0x67, 0x78, 0x07, 0xD1, 0x4F, 0x06, 0xEA, 0x38, 0x4A, 0x67, 0x06, 0x31,
    0xC7, 0x2A, 0xB7, 0x08, 0x86, 0x0F, 0xA9, 0xC3, 0x4E, 0x7E, 0xF3, 0xE5, 0xE9, 0x7E, 0xF6, 0x92,
    0x6A, 0x3D, 0x24, 0x97, 0x48, 0xBC, 0x1C, 0x49, 0xA8, 0x90, 0x50, 0xE5, 0x13, 0x71, 0x70, 0xCC,
    0xE1, 0xFA, 0xDC, 0xEB, 0x2E, 0x45, 0x25, 0x0C, 0xEF, 0x49, 0x98, 0xB2, 0x8F, 0xAE, 0xFA, 0xDA,
    0x31, 0x71, 0xB5, 0x22, 0x5A, 0x98, 0x38, 0x13, 0xA7, 0xB8, 0xA6, 0xE9, 0xA2, 0xE3, 0x11, 0xB8,
    0x7B, 0x83, 0x12, 0x7F, 0xD0, 0x18, 0x65, 0xF8, 0x7D, 0x81, 0xC1, 0x10, 0xD2, 0x18, 0xA8, 0x81,
    0x27, 0x27, 0xC9, 0x61, 0x7E, 0x2E, 0x53, 0x1F, 0x78, 0x99, 0x6C, 0x40, 0xF7, 0xA6, 0xCE, 0x62,
    0x2B, 0xB9, 0xEC, 0x45, 0xCA, 0x43, 0x5C, 0xE5, 0x19, 0x49, 0x3D, 0xAA, 0xDC, 0x7F, 0x8B, 0x93,
    0x15, 0x1F, 0x30, 0xB8, 0xF5, 0x1A, 0x52, 0x31, 0xA2, 0x66, 0x42, 0x65, 0x16, 0x05, 0x3C, 0x92,
    0xA6, 0xAD, 0xDD, 0x76, 0x45, 0x08, 0x33, 0xA6, 0xBD, 0x3C, 0x56, 0x49, 0x85, 0x92, 0x01, 0x92,
    0x13, 0x4B, 0xBF, 0xB3, 0x74, 0x27, 0xC0, 0xA0, 0xE0, 0x95, 0xF3, 0xD2, 0xB5, 0x67, 0x1B, 0xC8,
    0x19, 0xCA, 0xFD, 0xBA, 0xB0, 0xAB, 0x22, 0x4E, 0x06, 0x53, 0xF2, 0x86, 0xB0, 0x6D, 0x7D, 0x3A,
    0x17, 0x1D, 0x0C, 0x72, 0x49, 0xFE, 0xAF, 0xB4, 0x1B, 0x43, 0xBA, 0x62, 0x58, 0x45, 0xAC, 0x66,
    0x6F, 0xFE, 0xA5, 0x81, 0x76, 0xE9, 0x46, 0x95, 0xD8, 0xA8, 0xF5, 0x41, 0xD8, 0x5F, 0xEB, 0x49,
    0x90, 0xF6, 0xC8, 0xFD, 0x94, 0xAC, 0x83, 0xB4, 0x5B, 0xB0, 0x64, 0x18, 0x90, 0x3B, 0xE4, 0x90,
    0xEC, 0x7F, 0x93, 0x26, 0xEE, 0x39, 0xCB, 0x88, 0x9F, 0xC9, 0x23, 0x72, 0x4C, 0x0E, 0x53, 0x19,
    0xB7, 0x95, 0xD8, 0xC7, 0xBB, 0x5C, 0xE8, 0xBD, 0xB0, 0xE4, 0x23, 0xF3, 0xFE, 0x0A, 0x36, 0xD8,
    0xEC, 0x04, 0xDB, 0xD4, 0x03, 0x1B, 0x2A, 0xFE, 0x92, 0xD9, 0x54, 0x7F, 0x95, 0x7F, 0xDF, 0x6B,
    0xE1, 0x5B, 0xC9, 0x4C, 0x8D, 0x85, 0x8B, 0x11, 0x9E, 0xAC, 0x52, 0x39, 0xE6, 0xB5, 0x3B, 0xFC,
    0xFF, 0xF6, 0xDC, 0x92, 0x46, 0x1B, 0x65, 0xEB, 0x3B, 0xB2, 0x24, 0xB4, 0x17, 0x35, 0x36, 0xCA,
    0xD1, 0xB2, 0x47, 0xD4, 0xA8, 0x7E, 0x8A, 0xCD, 0x6A, 0x7A, 0x44, 0x0F, 0x20, 0x85, 0xA4, 0x8E,
    0x55, 0xCF, 0x16, 0x91, 0xCC, 0xBA, 0xE9, 0x19, 0x68, 0xB1, 0x85, 0x94, 0x1D, 0xF2, 0x2D, 0xFF,
    0xA5, 0x5D, 0x9E, 0x4B, 0x3F, 0xE9, 0x2F, 0xE3, 0xAE, 0xE5, 0xD3, 0x59, 0xCF, 0xE7, 0x60, 0x8E,
    0x2B, 0x0A, 0x94, 0xA5, 0x0C, 0x2C, 0xD8, 0xC2, 0x76, 0x3E, 0xC5, 0xD9, 0x99, 0x1D, 0x84, 0x48,
    0xDD, 0x1B, 0x58, 0x72, 0xF3, 0xE5, 0x9B, 0x34, 0x6A, 0x37, 0x76, 0x8B, 0xEA, 0xD0, 0x16, 0x8B,
    0xA4, 0xD4, 0x83, 0xF1, 0xBD, 0xF1, 0x71, 0xAC, 0x58, 0x28, 0x79, 0xDF, 0xA4, 0xEE, 0x83, 0x7A,
    0xF8, 0x1F, 0x1A, 0x33, 0xA7, 0xE9, 0x9A, 0x79, 0xC8, 0x4C, 0x81, 0x26, 0x1F, 0x4A, 0x8A, 0x14,
    0x8A, 0x8A, 0x87, 0x92, 0x20, 0x85, 0x86, 0xE3, 0x78, 0x9B, 0x5C, 0xB6, 0xD9, 0xA7, 0xB6, 0x9F,
    0x1D, 0x21, 0x63, 0x17, 0x22, 0x65, 0xD1, 0xBA, 0x70, 0x05, 0xED, 0x53, 0xA3, 0x7A, 0xFE, 0x85,
    0xA7, 0xA7, 0x52, 0x8A, 0x95, 0xB0, 0xA9, 0x31, 0x6F, 0xA5, 0xE4, 0x66, 0x53, 0xC9, 0xF6, 0x7A,
    0xDC, 0xA0, 0x54, 0xFA, 0x11, 0x9F, 0x99, 0xD7, 0xCA, 0x88, 0xF9, 0x74, 0xBC, 0xAA, 0x13, 0x25,
    0x31, 0x77, 0x4B, 0x46, 0x13, 0x3A, 0x46, 0xB9, 0x3B, 0xA5, 0xF5, 0x55, 0xA9, 0xF8, 0x30, 0x46,
    0x51, 0xA7, 0x48, 0x30, 0xB7, 0x8F, 0x9E, 0xE1, 0xD8, 0x29, 0xBC, 0x4C, 0xB2, 0xE4, 0x98, 0x79,
    0xC4, 0x75, 0xF7, 0xDD, 0x4C, 0x98, 0x35, 0x4A, 0x1E, 0x1D, 0x83, 0x4F, 0xB0, 0x8C, 0x96, 0xD7,
    0x9D, 0xB6, 0x38, 0x80, 0xAF, 0xB8, 0x08, 0x9A, 0x9F, 0xF7, 0x99, 0x3D, 0xE4, 0xE3, 0xC6, 0x53,
    0x3E, 0x3C, 0xEC, 0x9C, 0x05, 0x19, 0xA3, 0xD6, 0x2D, 0x53, 0x46, 0xCB, 0xE6, 0xD2, 0xDC, 0x91,
    0x83, 0x2A, 0x35, 0x65, 0x45, 0x99, 0xC7, 0xE9, 0xFB, 0xDD, 0xAA, 0x8E, 0xE1, 0xAE, 0x4B, 0x4D,
    0xCB, 0x3E, 0xDA, 0xC6, 0x56, 0xEA, 0xC2, 0xE4, 0xD0, 0x15, 0xB4, 0x5F, 0xB3, 0x50, 0xDE, 0xB7,
    0xF9, 0xED, 0xDA, 0x1F, 0xFA, 0xB6, 0x4E, 0xEF, 0x3A, 0x76, 0xE0, 0x58, 0x6A, 0x46, 0x7C, 0x68,
    0xAD, 0x93, 0x46, 0xCD, 0x64, 0x60, 0x6E, 0x63, 0xE6, 0x97, 0x70, 0xCF, 0x6D, 0xC1, 0xDE, 0x14,
    0x6B, 0xCC, 0xF2, 0x0B, 0xC1, 0x07, 0x78, 0xF4, 0xA8, 0x16, 0x56, 0x33, 0xE1, 0x27, 0xD2, 0x89,
    0x15, 0x2E, 0xC5, 0xC6, 0x6B, 0xB1, 0xD1, 0x4D, 0x62, 0xE9, 0x3B, 0xB8, 0x5E, 0x06, 0x24, 0x2E,
    0x81, 0x0B, 0xE1, 0x72, 0xAA, 0x44, 0xA0, 0x11, 0x1C, 0xD3, 0xA1, 0x60, 0x28, 0xCB, 0xA9, 0xB9,
    0x6F, 0x33, 0xB3, 0x24, 0xD5, 0x4D, 0x0B, 0x9E, 0x03, 0x4F, 0x45, 0x59, 0x4E, 0xEC, 0xF9, 0x8E,
    0xB6, 0x4E, 0x7D, 0xF8, 0x8B, 0xFE, 0x22, 0x98, 0x7B, 0x19, 0x13, 0x7C, 0xCD, 0x35, 0xC8, 0x6B,
    0x93, 0xD3, 0xD5, 0x1A, 0x9A, 0xC1, 0x14, 0xC8, 0x4F, 0xB4, 0xE4, 0x04, 0x37, 0x23, 0xDC, 0x28,
    0x8C, 0x5B, 0x44, 0xBA, 0x2E, 0x6C, 0x7B, 0xAA, 0xD5, 0xAF, 0x4A, 0x10, 0xCA, 0xB1, 0x67, 0xB4,
    0x17, 0x28, 0x9B, 0x38, 0x45, 0xB7, 0xD1, 0x50, 0xBC, 0xDA, 0xB3, 0x2E, 0xBA, 0x71, 0xBA, 0x08,
    0x4C, 0xE9, 0x18, 0xE5, 0xBF, 0x12, 0x9F, 0xFC, 0xF8, 0x74, 0x9D, 0xF2, 0x56, 0xE1, 0xE0, 0x2A,
    0x0D, 0x5D, 0x29, 0xC3, 0xAA, 0x17, 0x8D, 0x9E, 0xC9, 0x48, 0x4D, 0x51, 0x36, 0x3D, 0xFF, 0x4E,
    0x08, 0xE7, 0x6F, 0x19, 0xE8, 0x81, 0x5E, 0xA2, 0x29, 0xCA, 0xDE, 0x2F, 0xDF, 0xBC, 0x82, 0xA9,
    0x03, 0x24, 0x15, 0xE3, 0xAB, 0x54, 0xA8, 0xD7, 0x0C, 0x88, 0x31, 0xDE, 0x7B, 0x2C, 0xE4, 0x94,
    0xF5, 0x80, 0xF6, 0x0F, 0x70, 0x74, 0x86, 0xFF, 0x68, 0x7C, 0x9C, 0x36, 0x5D, 0x14, 0xC6, 0xCA,
    0x79, 0x95, 0xF9, 0x9F, 0xC2, 0x7D, 0x58, 0x0B, 0xAB, 0xB6, 0xF0, 0x42, 0x84, 0xBF, 0x63, 0x75,
    0x2B, 0x52, 0xBB, 0xC4, 0x66, 0x08, 0x6C, 0xA2, 0x25, 0x15, 0x9D, 0x75, 0x81, 0x5F, 0x8A, 0x39,
    0x9F, 0xCB, 0xED, 0xC5, 0x6A, 0xBB, 0x87, 0xE2, 0xA9, 0x13, 0x99, 0xA2, 0x94, 0x1C, 0x93, 0x2E,
    0xBB, 0x94, 0xCF, 0x98, 0x6A, 0x14, 0x11, 0x7E, 0x44, 0x11, 0xBA, 0xFF, 0xA4, 0x31, 0x79, 0x7F,
    0x7F, 0xA1, 0x83, 0xF7, 0xFE, 0xF8, 0x75, 0xE6, 0x7F, 0xF2, 0xDE, 0xD7, 0x99, 0xF7, 0xAD, 0xF3,
    0x5A, 0x79, 0xDF, 0x31, 0x5D, 0x71, 0x17, 0x98, 0x89, 0x35, 0x8E, 0x24, 0xE4, 0xF0, 0x54, 0x1C,
    0x49, 0x49, 0x19, 0x37, 0xF7, 0xE8, 0x72, 0xF6, 0xF7, 0x57, 0xA7, 0x99, 0x85, 0xF4, 0xDA, 0x6D,
    0xD6, 0x3E, 0x9D, 0x8E, 0x5F, 0x24, 0xED, 0xF0, 0xEC, 0x28, 0xDC, 0x3B, 0x99, 0x04, 0x4F, 0x8E,
    0x0A, 0xFF, 0x8B, 0xA7, 0xB9, 0x37, 0x8F, 0xB4, 0x5B, 0x86, 0x19, 0x0A, 0x1A, 0x81, 0x6C, 0x15,
    0xC5, 0xE0, 0xB5, 0xC2, 0xEA, 0x75, 0x31, 0x67, 0x13, 0xA2, 0xCB, 0x78, 0x12, 0x8B, 0x85, 0xA5,
    0x53, 0x46, 0x68, 0x26, 0x81, 0xAF, 0xB8, 0x9C, 0x9F, 0xA9, 0xCD, 0xB3, 0x55, 0xFF, 0xCE, 0x2D,
    0x7C, 0x20, 0xAF, 0xE2, 0xBD, 0x6F, 0x57, 0xEF, 0x7E, 0x18, 0xAA, 0x13, 0xA6, 0x6F, 0xAE, 0xEE,
    0x78, 0x59, 0x48, 0xF2, 0x53, 0xFF, 0x13, 0xFB, 0xF4, 0x07, 0xFB, 0xC6, 0xDE, 0xBE, 0xF4, 0xA0,
    0x3B, 0x9B, 0x65, 0xF8, 0x2B, 0xF7, 0xE7, 0x1F, 0xDA, 0xF2, 0xBD, 0xE7, 0xE0, 0xD9, 0x72, 0x73,
    0x1D, 0x82, 0xFA, 0x66, 0x41, 0x92, 0x17, 0x35, 0xF4, 0x90, 0xAC, 0x59, 0xF8, 0xA8, 0x6B, 0xA1,
    0x6D, 0x6A, 0x1B, 0xA8, 0x55, 0xC3, 0xC8, 0x5C, 0x90, 0x24, 0x04, 0x6D, 0xA4, 0xE4, 0xD5, 0x4B,
    0x35, 0xC9, 0x06, 0x7B, 0xDB, 0x02, 0x46, 0x26, 0x23, 0xD1, 0x35, 0xCA, 0x9F, 0xA7, 0xCD, 0x81,
    0x72, 0xEB, 0xC7, 0xF3, 0x95, 0x4A, 0xEC, 0x04, 0x72, 0x3E, 0x56, 0x78, 0x9D, 0x8A, 0xA9, 0xEF,
    0x37, 0xC6, 0x62, 0x88, 0xF3, 0x3F, 0xB0, 0xEF, 0x4D, 0xC7, 0xB5, 0xB0, 0xFC, 0x45, 0xBC, 0xE8,
    0x51, 0x33, 0x6F, 0xAB, 0x2A, 0xFF, 0x0F, 0xBD, 0x58, 0xCF, 0x8F, 0xE3, 0x48, 0x15, 0x7E, 0xB6,
    0x51, 0x9C, 0x5E, 0x43, 0x7B, 0x8E, 0x23, 0x8D, 0x3A, 0x09, 0xD2, 0x1C, 0x40, 0xDA, 0x8C, 0x85,
    0x34, 0x87, 0x41, 0xAA, 0xC4, 0x66, 0x2F, 0x83, 0x84, 0x84, 0xE6, 0xC0, 0x81, 0x63, 0xFF, 0x01,
    0xA0, 0xBD, 0xAC, 0x46, 0x46, 0x64, 0x26, 0x06, 0x4E, 0x9C, 0xC8, 0x3F, 0x00, 0xE2, 0x4F, 0xE8,
    0x43, 0x0E, 0x39, 0xCC, 0x12, 0x6B, 0x2F, 0x7B, 0xE0, 0xB0, 0x16, 0xD7, 0xBD, 0x18, 0x84, 0xC4,
    0x81, 0x03, 0x35, 0xC8, 0x82, 0x0C, 0xA4, 0x53, 0x7C, 0xDF, 0x73, 0xBA, 0xB7, 0xBB, 0x67, 0xFA,
    0x47, 0xBA, 0x47, 0x74, 0x5E, 0x3D, 0x77, 0x6C, 0xD7, 0x7B, 0x55, 0xAF, 0x5E, 0x7D, 0xEF, 0xAB,
    0x88, 0x88, 0x15, 0xB6, 0x69, 0x6D, 0x43, 0xE7, 0xCA, 0xB8, 0x4A, 0x8A, 0xB1, 0x84, 0xE5, 0x44,
    0xFC, 0x7A, 0x21, 0x9E, 0x9D, 0xE3, 0x59, 0x83, 0xC6, 0x2B, 0xBF, 0xF3, 0x3E, 0x9F, 0xF3, 0xBD,
    0xD0, 0x6D, 0x04, 0xFD, 0xD0, 0xFD, 0x43, 0x11, 0xD3, 0x39, 0x36, 0x7D, 0xD7, 0x8C, 0x43, 0x74,
    0x43, 0x0F, 0x6B, 0xA5, 0xB1, 0xEC, 0x62, 0x71, 0xA7, 0xEF, 0xCA, 0xCE, 0x31, 0x5E, 0x93, 0x39,
    0x5D, 0xE5, 0xD2, 0xAF, 0xD0, 0xE4, 0xAA, 0x36, 0x91, 0x9E, 0x18, 0x79, 0x24, 0x23, 0x7C, 0x92,
    0x6C, 0x2D, 0x91, 0xB3, 0xE2, 0xB9, 0x02, 0xDD, 0x63, 0x48, 0xEE, 0x6F, 0x72, 0x7F, 0x95, 0xFB,
    0xD5, 0x59, 0x99, 0xF8, 0xD5, 0xD8, 0xAF, 0x12, 0x57, 0x85, 0xFA, 0x9E, 0xDC, 0xBF, 0x4F, 0x2D,
    0xFB, 0xB9, 0x5E, 0x82, 0x5A, 0x2F, 0x5E, 0x21, 0xC9, 0x26, 0x0B, 0x30, 0xD1, 0xD4, 0x59, 0x5E,
    0x8C, 0xB7, 0x86, 0xC1, 0xC2, 0x48, 0x2A, 0x92, 0xC0, 0x25, 0xCC, 0x4F, 0x70, 0x89, 0x0A, 0x69,
    0x70, 0x09, 0x0B, 0xBF, 0xD6, 0x4B, 0x58, 0xE8, 0x05, 0x4F, 0xF9, 0x6C, 0x24, 0xFA, 0x66, 0xCE,
    0x4B, 0xCA, 0xF8, 0xC1, 0x4A, 0x50, 0x89, 0xC0, 0x26, 0x62, 0x58, 0xC1, 0x03, 0x2F, 0xF4, 0x37,
    0x9B, 0xE1, 0x8B, 0x3C, 0xAF, 0xF0, 0x44, 0xFA, 0x19, 0x9D, 0xED, 0x69, 0x1F, 0x35, 0x10, 0xB8,
    0x35, 0xAC, 0xFD, 0x8A, 0x1A, 0xF6, 0x57, 0xD4, 0x41, 0x4D, 0x1D, 0x15, 0xF4, 0xD2, 0x0E, 0x67,
    0xA2, 0xEF, 0x37, 0xEA, 0xA2, 0x16, 0x1D, 0xF5, 0x5A, 0xA7, 0x80, 0x71, 0xD7, 0xDD, 0x2E, 0xA6,
    0x54, 0xC7, 0x39, 0x35, 0x67, 0xE8, 0xD5, 0x52, 0xA8, 0x16, 0x09, 0x37, 0xF5, 0xD2, 0x65, 0x89,
    0xA3, 0x1E, 0x61, 0x16, 0x89, 0x2C, 0x70, 0x7F, 0x22, 0xD6, 0xAB, 0x3D, 0x4B, 0x8D, 0x01, 0x37,
    0xE8, 0x9B, 0xF1, 0xFE, 0x23, 0x91, 0xB1, 0x57, 0x4F, 0x44, 0xFA, 0xAE, 0x76, 0xAE, 0xF0, 0xDD,
    0x0C, 0xDA, 0xC0, 0xCA, 0x64, 0x67, 0x95, 0x53, 0x2D, 0x8C, 0x74, 0xBC, 0x26, 0x75, 0x7F, 0x77,
    0x75, 0xEA, 0xFE, 0xE2, 0x32, 0x8E, 0xC9, 0x68, 0xE3, 0xC4, 0x4F, 0xDA, 0xC9, 0xBD, 0xCB, 0x5B,
    0xEA, 0xFE, 0xAC, 0xAD, 0x9D, 0x13, 0x43, 0x3C, 0x2D, 0x45, 0x5E, 0x4A, 0x1E, 0x65, 0x14, 0x91,
    0xAD, 0xB4, 0x5F, 0xDF, 0x92, 0x49, 0x94, 0xA5, 0x51, 0xD6, 0x8F, 0x32, 0x81, 0xC4, 0x48, 0x20,
    0xF1, 0x56, 0x5C, 0xC0, 0x4C, 0xCC, 0x58, 0x75, 0x9A, 0xA9, 0xAE, 0xA8, 0x47, 0x96, 0xDA, 0xE4,
    0xAA, 0x87, 0xAA, 0x63, 0xD5, 0xE1, 0x1F, 0xA9, 0xFD, 0x2F, 0xA9, 0xE5, 0xBF, 0xAA, 0xA7, 0xAA,
    0x93, 0x8F, 0x32, 0x2C, 0x5A, 0xFC, 0xD4, 0x59, 0xD8, 0xFC, 0xDE, 0x52, 0xB3, 0x8E, 0xFF, 0x66,
    0x56, 0xAD, 0xAB, 0x71, 0xB5, 0x4D, 0xD3, 0x96, 0x96, 0x2D, 0x0D, 0x5B, 0xDA, 0xB5, 0x34, 0x6B,
    0x69, 0xD5, 0xD2, 0xA8, 0xA5, 0x4D, 0xA8, 0x84, 0x2A, 0xCE, 0x5A, 0x2B, 0x6A, 0x0F, 0xCD, 0xA7,
    0x4A, 0x99, 0x4F, 0x69, 0xC6, 0x30, 0x6F, 0xDB, 0xE9, 0x5F, 0x72, 0x2C, 0x66, 0x8A, 0xF5, 0xCA,
    0xC3, 0xD2, 0x60, 0x23, 0xB4, 0x0D, 0x01, 0x7C, 0x57, 0x13, 0x0D, 0x98, 0xAC, 0x90, 0xF4, 0xB0,
    0x1A, 0x57, 0xC8, 0x50, 0x41, 0x7E, 0x62, 0xE5, 0x61, 0x7A, 0x6F, 0x6B, 0x30, 0xA6, 0x51, 0x7C,
    0x4F, 0xCB, 0xF6, 0xD9, 0x6B, 0x04, 0xBF, 0xB6, 0xE2, 0x57, 0x0B, 0x09, 0x4A, 0x24, 0x68, 0x36,
    0x94, 0x18, 0x7B, 0x3F, 0x76, 0x4E, 0x86, 0x18, 0xA8, 0x51, 0xBC, 0x08, 0xCA, 0x39, 0xB0, 0xC1,
    0xF7, 0x25, 0xF8, 0x42, 0x04, 0xC9, 0x39, 0xA0, 0xA5, 0x88, 0x6F, 0x15, 0x78, 0x8E, 0xCE, 0x1D,
    0x57, 0xF5, 0x1D, 0xF7, 0xA8, 0xF1, 0xAB, 0xD1, 0xC9, 0x4E, 0x9D, 0xCD, 0x9E, 0x97, 0x49, 0xB6,
    0xA7, 0x4E, 0xAF, 0xFA, 0x0C, 0x06, 0xC3, 0xA3, 0xA8, 0xF4, 0x99, 0xD8, 0xC5, 0xBB, 0x3E, 0x72,
    0x78, 0x28, 0xF2, 0x5D, 0xCE, 0x03, 0xCB, 0xD0, 0xD9, 0xCE, 0x03, 0xD8, 0x44, 0x8C, 0xBA, 0x0D,
    0xA6, 0x75, 0x3A, 0x12, 0xFC, 0x4E, 0xE3, 0x74, 0x48, 0x4B, 0x80, 0x2F, 0x80, 0xD8, 0x59, 0x70,
    0x6B, 0xCE, 0x83, 0x9B, 0xF7, 0x8B, 0x42, 0xFE, 0x56, 0xC8, 0x18, 0xB8, 0x23, 0x1A, 0xE3, 0xFE,
    0x65, 0x02, 0x68, 0x03, 0xB2, 0x01, 0xD8, 0x80, 0x6B, 0x91, 0x6B, 0x80, 0x6A, 0x7B, 0x7B, 0x12,
    0xFE, 0x54, 0x3C, 0x0C, 0xE9, 0x99, 0xF6, 0x3D, 0x8F, 0x6B, 0x6F, 0xA3, 0x9B, 0xE7, 0x4A, 0x08,
    0x41, 0xED, 0xB3, 0x0A, 0xB2, 0xAB, 0x3B, 0xAC, 0x09, 0x84, 0xD0, 0x18, 0x53, 0x6E, 0xE2, 0x51,
    0x7C, 0x4D, 0x0A, 0x2C, 0xF6, 0x8F, 0x6C, 0x9B, 0x98, 0x3B, 0x79, 0x64, 0x4C, 0x90, 0x79, 0x47,
    0x9C, 0xE0, 0x7E, 0x44, 0xB9, 0x91, 0xD3, 0x3F, 0x15, 0xB2, 0x94, 0xE8, 0xC7, 0xB7, 0xF1, 0xD8,
    0x39, 0x90, 0x00, 0x39, 0xF8, 0xFB, 0x5D, 0xDC, 0x1D, 0x6A, 0x7D, 0xC2, 0xCE, 0xFB, 0xFE, 0x6D,
    0x3C, 0x22, 0x42, 0x41, 0xA9, 0x30, 0x35, 0xDB, 0xC1, 0x69, 0xB2, 0x02, 0xA4, 0xCB, 0xBD, 0x88,
    0xFB, 0xC3, 0x11, 0x7B, 0x6B, 0xEB, 0xD7, 0xF3, 0xA0, 0x7A, 0x11, 0x97, 0x89, 0x93, 0x10, 0xE9,
    0xB7, 0xAC, 0xDB, 0xC6, 0x3F, 0xEC, 0x41, 0x6D, 0x77, 0xDC, 0xA3, 0x81, 0x13, 0x08, 0xB7, 0xD2,
    0xD3, 0x22, 0x7A, 0x5A, 0xDC, 0x64, 0x9B, 0x9E, 0x1B, 0x46, 0xBC, 0x6D, 0xEF, 0x6B, 0x18, 0xF2,
    0x89, 0xCA, 0x4D, 0x86, 0x21, 0xE9, 0x5A, 0xB6, 0xAA, 0xDD, 0xE1, 0x0E, 0xBB, 0xC6, 0x41, 0xF9,
    0xFF, 0xE0, 0x7E, 0xF8, 0x82, 0x46, 0x38, 0xA4, 0x03, 0x2A, 0x13, 0xBB, 0x5A, 0x8E, 0xA8, 0x6A,
    0x7C, 0x45, 0xB5, 0xC7, 0x8C, 0xA9, 0x88, 0x27, 0xE0, 0x17, 0x5A, 0xCC, 0x63, 0xB7, 0x5E, 0x50,
    0xA1, 0x71, 0x36, 0xEE, 0x2C, 0xAE, 0x46, 0xC7, 0xD1, 0x0A, 0xB7, 0x96, 0xEC, 0xB7, 0x42, 0xA1,
    0xC4, 0x90, 0x8B, 0x8E, 0x03, 0x69, 0xE8, 0x53, 0x8D, 0x51, 0x54, 0x61, 0x00, 0xCB, 0x31, 0xF2,
    0x56, 0x9E, 0xF0, 0x1E, 0x8A, 0xEE, 0x0F, 0x08, 0x1F, 0x7F, 0x85, 0x9F, 0x63, 0xC0, 0xCE, 0x7D,
    0xE2, 0x81, 0x62, 0xF5, 0x62, 0x4B, 0x7E, 0x1A, 0xF8, 0x9D, 0xFB, 0xAE, 0x5A, 0xA0, 0x91, 0xE3,
    0x8C, 0xD1, 0xFA, 0x55, 0x4F, 0x61, 0x4A, 0x96, 0x6F, 0xC4, 0x77, 0x45, 0x3B, 0xEB, 0x85, 0x5F,
    0x35, 0xE9, 0xDA, 0x42, 0xF4, 0xFF, 0x17, 0xA1, 0x46, 0xE0, 0x3F, 0x15, 0x22, 0x73, 0x2F, 0x04,
    0x79, 0xC9, 0x92, 0x37, 0x64, 0x17, 0x8C, 0x39, 0x90, 0xBB, 0x05, 0xEE, 0x69, 0x03, 0xB7, 0xF0,
    0x3A, 0x56, 0x9F, 0x0B, 0xF5, 0xD8, 0x50, 0xF7, 0x16, 0xD2, 0x83, 0x37, 0x38, 0x83, 0x2F, 0xBA,
    0x5A, 0xBE, 0x01, 0xBE, 0x85, 0xBF, 0x55, 0xCC, 0x51, 0x7C, 0x3B, 0xE7, 0xD7, 0xAF, 0xAC, 0xCA,
    0x65, 0x7E, 0x81, 0xF1, 0xE2, 0x7F, 0x89, 0x5E, 0xAF, 0x64, 0x0B, 0xF3, 0x0C, 0x04, 0x89, 0x0A,
    0x68, 0x0A, 0x68, 0x88, 0x89, 0x0B, 0x16, 0x58, 0x31, 0x18, 0xC2, 0xB8, 0x6E, 0x4B, 0xD7, 0x08,
    0x9E, 0xCC, 0x0B, 0xAE, 0x09, 0x4A, 0x27, 0x0A, 0xB9, 0xBE, 0xAB, 0x7D, 0x12, 0x99, 0x95, 0x32,
    0x2D, 0xE4, 0x1B, 0x6A, 0xE7, 0xC9, 0x69, 0x4D, 0x6F, 0x25, 0x2C, 0xF3, 0x3E, 0x39, 0x45, 0xDE,
    0xC8, 0xCF, 0x2B, 0x56, 0xFF, 0x9F, 0x59, 0xC9, 0x27, 0xC2, 0x9B, 0x51, 0x91, 0xC3, 0xD0, 0xAD,
    0x31, 0x1E, 0x0B, 0x17, 0x14, 0x6D, 0x02, 0x87, 0xF5, 0xF5, 0x00, 0x0F, 0xF4, 0xE2, 0xE6, 0x46,
    0xE6, 0x81, 0xCA, 0x69, 0xBB, 0x53, 0x85, 0x39, 0xEF, 0x1D, 0x79, 0x77, 0x9A, 0x7A, 0x37, 0x1F,
    0x89, 0xFF, 0x51, 0xE6, 0x61, 0x19, 0x3E, 0x15, 0x79, 0xC8, 0x8E, 0xA9, 0x5B, 0xA5, 0xD8, 0x09,
    0x60, 0x77, 0x00, 0x22, 0x84, 0x79, 0xA8, 0x39, 0x00, 0xFA, 0xD9, 0xB1, 0xFA, 0x1F, 0x72, 0xE2,
    0xD5, 0x63, 0x6F, 0x35, 0x75, 0xF6, 0xC1, 0x26, 0xF3, 0xCF, 0xD7, 0x37, 0xF0, 0x44, 0xAC, 0xF3,
    0xB6, 0x63, 0x4F, 0xD1, 0x1A, 0x84, 0x1B, 0x03, 0xC5, 0x5E, 0x64, 0x8A, 0x53, 0xEE, 0x85, 0xE0,
    0x62, 0x25, 0xC8, 0x46, 0xB7, 0x1B, 0xFD, 0x04, 0x9C, 0x44, 0x99, 0xE6, 0xBB, 0x3F, 0x41, 0x95,
    0x96, 0x2F, 0xFF, 0x7F, 0x4C, 0x9B, 0x1C, 0x5B, 0xEF, 0x89, 0xBE, 0x20, 0xF2, 0x3E, 0x39, 0xB6,
    0x1E, 0x1B, 0xDE, 0xAD, 0xEF, 0xCE, 0xB1, 0x05, 0x51, 0x64, 0xD0, 0x45, 0xBA, 0x3B, 0x6F, 0x61,
    0xF9, 0xBA, 0xAE, 0x53, 0xC3, 0x8A, 0xB3, 0xEB, 0x16, 0x36, 0x5B, 0xF4, 0xBB, 0xA8, 0x7A, 0xAA,
    0x52, 0x40, 0x59, 0xAB, 0xBE, 0xBA, 0x77, 0xA2, 0xB2, 0x21, 0xE2, 0x56, 0xBD, 0x32, 0xC0, 0x53,
    0x44, 0x53, 0x96, 0xD5, 0x03, 0x97, 0x21, 0x62, 0x08, 0x9D, 0xE1, 0x01, 0x60, 0x64, 0x64, 0xA8,
    0xDA, 0xE8, 0xD7, 0xC6, 0x04, 0xD6, 0xF4, 0xCB, 0xD1, 0x46, 0xD2, 0x86, 0x60, 0x68, 0xCE, 0x88,
    0x66, 0x1E, 0xC9, 0x68, 0x4F, 0x4E, 0x29, 0x1B, 0x79, 0x2F, 0xC9, 0x33, 0xB9, 0x33, 0xA9, 0x33,
    0x99, 0x33, 0x89, 0x33, 0x79, 0x33, 0x69, 0x33, 0x59, 0x33, 0x49, 0x33, 0x39, 0x33, 0x29, 0x33,
    0x19, 0x33, 0x07, 0xC5, 0x7E, 0x7E, 0xC6, 0x50, 0x32, 0x49, 0x06, 0x5B, 0x56, 0x0C, 0x52, 0x4C,
    0x00, 0x69, 0x0B, 0xAF, 0x57, 0x5F, 0x10, 0xF1, 0x32, 0x26, 0xA4, 0xC8, 0xB7, 0xA5, 0xA5, 0xBF,
    0xDF, 0x41, 0xEF, 0x6F, 0x16, 0xED, 0xFF, 0x69, 0x71, 0xAB, 0x9A, 0xC6, 0x35, 0xC1, 0x7E, 0xAC,
    0xB8, 0x76, 0xDE, 0xAF, 0x29, 0x0A, 0xFD, 0x37, 0xA9, 0x6C, 0xED, 0xA8, 0x99, 0xC2, 0x9C, 0x05,
    0x19, 0xD7, 0x7B, 0xAF, 0x71, 0x2D, 0x37, 0x35, 0x27, 0x7E, 0xA4, 0xB8, 0x63, 0xA1, 0x93, 0xB2,
    0x1D, 0x6C, 0x7C, 0xE6, 0xEC, 0x30, 0xAD, 0xCB, 0xAF, 0x7E, 0x47, 0x48, 0x10, 0x98, 0x29, 0x80,
    0xEC, 0xB5, 0x9D, 0x07, 0xA5, 0x6D, 0x70, 0xB0, 0x99, 0x0F, 0x01, 0x66, 0x0B, 0xCF, 0xBE, 0xA8,
    0xFD, 0x3A, 0x2D, 0x5B, 0x44, 0x4C, 0x10, 0xCC, 0x6F, 0x91, 0x5C, 0x20, 0x78, 0x23, 0x4D, 0xF9,
    0x59, 0x0B, 0x84, 0x87, 0x8C, 0x53, 0x58, 0x2D, 0x62, 0x6B, 0x8D, 0xB5, 0x76, 0xFE, 0xAF, 0xCA,
    0x2E, 0x33, 0x02, 0x21, 0x70, 0xE8, 0xF9, 0xB1, 0x00, 0xC3, 0x24, 0xF8, 0x1C, 0xBE, 0xFF, 0x89,
    0x78, 0x0F, 0x8A, 0x3B, 0x13, 0x92, 0xFB, 0x03, 0x39, 0x40, 0x22, 0xFD, 0x50, 0x0D, 0xDF, 0x64,
    0xCD, 0xE8, 0x67, 0x09, 0x1F, 0x75, 0x7D, 0x67, 0xDF, 0x80, 0x73, 0xF2, 0xA1, 0xA7, 0x27, 0x2B,
    0x72, 0x9D, 0xEF, 0xEE, 0x43, 0xEE, 0xC6, 0xF0, 0x37, 0x28, 0x02, 0x2D, 0xF6, 0x23, 0x26, 0xF5,
    0xD9, 0xDD, 0x95, 0x12, 0x78, 0x4B, 0x73, 0x7E, 0xCB, 0x61, 0xA3, 0x42, 0x06, 0x87, 0x62, 0xE6,
    0x12, 0x0F, 0xA5, 0xD3, 0x3D, 0x2D, 0x38, 0xC5, 0x28, 0x2C, 0xE7, 0xA7, 0x1C, 0x54, 0xB3, 0x76,
    0x2C, 0x80, 0x36, 0xE4, 0x41, 0x86, 0x43, 0x73, 0xB0, 0x91, 0x30, 0xDA, 0xD9, 0x91, 0xBF, 0x92,
    0xF0, 0x58, 0x3E, 0xF8, 0xE0, 0x6C, 0x65, 0xBB, 0xCA, 0xD1, 0xE0, 0x99, 0x99, 0xF7, 0x8C, 0x8E,
    0xCA, 0x5E, 0xF5, 0x19, 0xCC, 0x72, 0x7B, 0x60, 0xF6, 0xBA, 0x97, 0x15, 0xA0, 0x24, 0x5B, 0x56,
    0x5C, 0x93, 0xAB, 0x8F, 0x94, 0x51, 0x95, 0xD8, 0xC7, 0x8F, 0xE5, 0xD2, 0x23, 0x25, 0x23, 0x1B,
    0x7C, 0x8E, 0xB4, 0x7A, 0xCD, 0xF4, 0x9A, 0xDD, 0xF9, 0x48, 0xF9, 0x70, 0x20, 0x26, 0x97, 0xF8,
    0x40, 0xFC, 0xBD, 0x9B, 0xD5, 0x79, 0x1E, 0x65, 0xF9, 0xF3, 0xDA, 0xD1, 0xD1, 0x9D, 0x7D, 0xB7,
    0x4B, 0x18, 0x45, 0x37, 0xE5, 0x18, 0x17, 0xC6, 0x8A, 0x62, 0xC8, 0x55, 0xF7, 0x1B, 0x05, 0x75,
    0x85, 0x76, 0xFE, 0xBC, 0x83, 0x54, 0x00, 0x2A, 0x17, 0xE0, 0x73, 0xC6, 0xB3, 0x86, 0xD5, 0x15,
    0x8F, 0x1E, 0x0D, 0x66, 0x27, 0xAB, 0x18, 0x6D, 0xFA, 0x9B, 0x9E, 0x5C, 0xFC, 0x60, 0x2C, 0xE1,
    0xC9, 0x58, 0x76, 0x32, 0xCC, 0x05, 0x7B, 0xF2, 0x44, 0xBB, 0xAD, 0xA6, 0xAB, 0x5C, 0x2E, 0x7E,
    0x90, 0x10, 0x51, 0x4F, 0x11, 0xE1, 0x97, 0xD9, 0xAE, 0xC7, 0xB7, 0x76, 0x4F, 0xEC, 0x7F, 0xB8,
    0xDD, 0x13, 0xD7, 0x9F, 0x16, 0x5F, 0x02, 0x93, 0x0B, 0xEF, 0xB3, 0x72, 0xE7, 0x73, 0xA2, 0xEE,
    0x89, 0xFD, 0xFD, 0xED, 0x4A, 0x5C, 0xEB, 0x08, 0x3C, 0x01, 0xE8, 0x9E, 0x64, 0xCF, 0x94, 0x0A,
    0x81, 0x62, 0x48, 0x5C, 0xA3, 0xD6, 0x23, 0x3B, 0x2A, 0x52, 0x3D, 0xA2, 0xE5, 0xFC, 0xA1, 0xCF,
    0x98, 0x3D, 0x50, 0x16, 0x84, 0xD1, 0xF8, 0x0D, 0x01, 0x05, 0x31, 0xEE, 0x3B, 0x40, 0xB6, 0xF6,
    0x9A, 0xD1, 0xA9, 0x7C, 0x2C, 0xA2, 0xBF, 0x85, 0xE1, 0xC8, 0x89, 0x83, 0x27, 0x8B, 0x4C, 0xC5,
    0x9F, 0x80, 0x40, 0xC1, 0x96, 0x6E, 0x03, 0x91, 0x0B, 0xBB, 0xF8, 0x32, 0x69, 0x7F, 0xBD, 0x5B,
    0xD1, 0xFF, 0x27, 0x1A, 0xF9, 0xE9, 0x85, 0xF5, 0x98, 0x7C, 0x2D, 0x5D, 0xA3, 0xA4, 0x00, 0xDB,
    0xFA, 0x45, 0x8F, 0xBE, 0xA6, 0xD8, 0xDC, 0x38, 0xE4, 0x06, 0x24, 0x21, 0x14, 0x54, 0x8D, 0x7E,
    0x86, 0x21, 0x85, 0x9C, 0x48, 0xA9, 0xBF, 0x70, 0xA9, 0x90, 0xBC, 0xD6, 0xF2, 0x71, 0x39, 0xDD,
    0x30, 0x6B, 0x21, 0xCB, 0xB5, 0xDC, 0x1B, 0x2B, 0x45, 0xE8, 0x91, 0x12, 0x45, 0x56, 0xA2, 0xB5,
    0x4E, 0x24, 0x56, 0xE9, 0x8B, 0xF7, 0xA9, 0x2C, 0x1B, 0xF9, 0x03, 0xA6, 0x5E, 0x14, 0xF2, 0xEF,
    0x82, 0xBC, 0xAF, 0xDB, 0x0E, 0x30, 0xBE, 0x20, 0x20, 0x34, 0x90, 0xB7, 0xEF, 0x43, 0xAE, 0x38,
    0x81, 0x4C, 0xAF, 0xA3, 0x11, 0xFF, 0x03, 0x01, 0x79, 0x00, 0x86, 0xFF, 0x3C, 0x00, 0x1F, 0x00,
    0x07, 0x40, 0x00, 0x40, 0x0F, 0x00, 0x2D, 0x00, 0x74, 0x00, 0x50, 0x00, 0x03, 0xD0, 0x0F, 0xF0,
    0x3C, 0x3C, 0x10, 0x04, 0x04, 0x00, 0x3F, 0x4D, 0xA2, 0xFC, 0x40, 0x10, 0x00, 0x00, 0x3F, 0xFC,
    0x15, 0x54, 0x10, 0x04, 0x34, 0x1C, 0x1F, 0xF4, 0x01, 0x40, 0x00, 0x3C, 0x3C, 0x00, 0x00, 0xF0,
    0xF0, 0xA0, 0xA0, 0x00, 0x00, 0x1F, 0x80, 0x30, 0xC0, 0x30, 0xD0, 0x3F, 0xC0, 0x05, 0x00, 0x0F,
    0x1E, 0x2D, 0x3C, 0x34, 0xB0, 0x00, 0x40, 0x74, 0x1D, 0x1D, 0xB4, 0x0B, 0xE0, 0x01, 0x40, 0x2F,
    0x40, 0x7F, 0xD0, 0xE0, 0xE0, 0x0D, 0x1C, 0x3C, 0x3C, 0xB8, 0x00, 0x18, 0x2C, 0x34, 0x20, 0x0A,
    0x00, 0x0F, 0x40, 0x02, 0xC0, 0x02, 0xC0, 0x3F, 0x40, 0x00, 0x28, 0x70, 0xB0, 0xBA, 0x19, 0x15,
    0x50, 0x7F, 0xF8, 0x00, 0x00, 0xAD, 0x5A, 0xCD, 0x92, 0xE3, 0xD4, 0x15, 0x3E, 0x92, 0xAA, 0x5A,
    0x54, 0x94, 0x8C, 0x58, 0xB0, 0x98, 0xCA, 0x30, 0x2D, 0x16, 0xB3, 0x60, 0x41, 0xDB, 0x59, 0xB0,
    0xE8, 0x4A, 0x64, 0x5B, 0x81, 0x05, 0x0B, 0x16, 0xE4, 0x11, 0x78, 0x03, 0xA6, 0x52, 0x4E, 0x22,
    0xC0, 0x33, 0x56, 0x60, 0x99, 0x05, 0xFD, 0x08, 0x79, 0x80, 0x2C, 0x9A, 0x94, 0x53, 0xE5, 0x0A,
    0x3D, 0x23, 0x31, 0xBD, 0x60, 0xC1, 0x62, 0x14, 0xB2, 0xC8, 0x22, 0x15, 0x10, 0x81, 0x14, 0x8B,
    0x54, 0xC2, 0x05, 0x54, 0x85, 0xA7, 0xE2, 0xF6, 0xCD, 0xF7, 0xDD, 0x2B, 0xBB, 0xED, 0xFE, 0x73,
    0x7B, 0x7A, 0xDC, 0xE7, 0xDC, 0x96, 0xA5, 0xAB, 0xFB, 0x73, 0xFE, 0xCF, 0xB9, 0x76, 0x0A, 0x71,
    0x94, 0x48, 0x2A, 0x72, 0x5D, 0xF0, 0xE9, 0xE9, 0x0A, 0x10, 0x8B, 0x2C, 0xA0, 0xA7, 0x0B, 0xC0,
    0xF2, 0x1D, 0x73, 0x53, 0x01, 0x82, 0x40, 0x00, 0x9B, 0xBE, 0x95, 0xEB, 0x99, 0x10, 0x39, 0xE7,
    0x02, 0x87, 0xB3, 0x44, 0x86, 0xBA, 0x92, 0xD4, 0xAD, 0xF1, 0x7D, 0x0C, 0x8C, 0x1B, 0x1C, 0x48,
    0xEA, 0x4C, 0x24, 0x8D, 0x14, 0x30, 0x93, 0x1F, 0x9A, 0x81, 0xB0, 0xE0, 0xCC, 0xCE, 0x5B, 0x02,
    0x4E, 0xCC, 0x72, 0x1E, 0x48, 0xFE, 0xA5, 0xAF, 0x8F, 0xA2, 0xBD, 0xEB, 0x1D, 0xC1, 0xA0, 0x98,
    0x03, 0xAB, 0x28, 0xB4, 0x2E, 0x46, 0xE6, 0x1A, 0x77, 0xBA, 0x22, 0x51, 0x79, 0x1D, 0x7D, 0x24,
    0xAF, 0x5D, 0xBD, 0x17, 0xEA, 0xAA, 0x9D, 0xFC, 0xA2, 0x63, 0xDE, 0x6D, 0x8B, 0x84, 0x95, 0xB8,
    0x9A, 0x3D, 0x0C, 0xBD, 0xF0, 0xD2, 0xE8, 0x96, 0x5B, 0x63, 0xD7, 0x37, 0x66, 0x49, 0x7C, 0xFA,
    0x23, 0xE2, 0x15, 0x17, 0xFD, 0xC9, 0xC5, 0xE0, 0x67, 0x12, 0x64, 0xAF, 0x47, 0x49, 0xAE, 0xA5,
    0x5D, 0x1B, 0x6A, 0xCA, 0xBC, 0x1D, 0x78, 0x6C, 0xD3, 0x95, 0x56, 0x7F, 0x69, 0x5A, 0xD0, 0x74,
    0xE4, 0x15, 0xED, 0x4C, 0x6A, 0xAF, 0xF0, 0x0B, 0x51, 0x9C, 0xC8, 0x31, 0xAD, 0x57, 0xF2, 0x4E,
    0x58, 0xF0, 0x69, 0x2E, 0xEC, 0x39, 0xC6, 0x6E, 0xBE, 0x14, 0xFB, 0x89, 0x65, 0xFB, 0xEC, 0xA6,
    0xA7, 0xB5, 0xCE, 0xD8, 0xD4, 0xF8, 0xEA, 0x1C, 0xF0, 0x5E, 0x8B, 0xCD, 0xF6, 0xA2, 0xE9, 0x36,
    0x0F, 0x22, 0x76, 0x09, 0x75, 0x76, 0x0E, 0x73, 0x81, 0xBA, 0x04, 0x73, 0xC1, 0x44, 0x99, 0xE3,
    0xE8, 0x14, 0x6E, 0xA1, 0x6F, 0x24, 0x96, 0x59, 0xCF, 0xCD, 0x97, 0x36, 0x00, 0xD6, 0x12, 0x7B,
    0x95, 0xC4, 0x61, 0x26, 0x31, 0x98, 0x14, 0x83, 0x5D, 0xDD, 0x0A, 0xAB, 0x2B, 0x45, 0x3A, 0xA0,
    0x4E, 0x7C, 0x07, 0x18, 0x26, 0xE8, 0x53, 0xDA, 0xBE, 0xE6, 0x1D, 0xB0, 0xEC, 0xF5, 0x66, 0x7E,
    0xEC, 0xC4, 0x8C, 0x6D, 0xC6, 0x0B, 0x12, 0xAC, 0x16, 0xD8, 0x03, 0xE6, 0x49, 0xEC, 0xFC, 0x3B,
    0x89, 0xBD, 0x8F, 0x93, 0x38, 0xC4, 0xFD, 0x1D, 0xE0, 0x00, 0xA8, 0x82, 0xA4, 0x5B, 0x06, 0x49,
    0x2F, 0x03, 0xA2, 0x7F, 0xC7, 0xBC, 0x13, 0x24, 0xEE, 0x5F, 0x30, 0x21, 0x79, 0x30, 0xB4, 0x63,
    0x0D, 0x24, 0x94, 0x0E, 0x49, 0x22, 0x3B, 0xB8, 0x42, 0x8F, 0x2C, 0x05, 0xEF, 0x46, 0xE2, 0x56,
    0x10, 0x90, 0x6F, 0xB0, 0xC0, 0x0F, 0xD0, 0xB7, 0x07, 0x41, 0x8D, 0x12, 0xBB, 0x06, 0xC8, 0x58,
    0x8F, 0xDC, 0xDC, 0xE3, 0x3A, 0xC2, 0xCB, 0x00, 0x68, 0x0F, 0xC0, 0xF8, 0xC7, 0x10, 0x62, 0xA0,
    0x36, 0x06, 0xEC, 0x61, 0xF0, 0x5F, 0x97, 0x76, 0x22, 0x4C, 0xE8, 0x96, 0x63, 0x4C, 0x1E, 0x8B,
    0x9F, 0x60, 0x31, 0x60, 0x40, 0x68, 0x5E, 0xE3, 0xC2, 0xFD, 0x62, 0xD0, 0x2C, 0xCB, 0xEA, 0xDF,
    0xB1, 0x3A, 0xCE, 0x12, 0x6A, 0xAD, 0x33, 0x01, 0xC1, 0x62, 0x89, 0x0D, 0x0C, 0x62, 0x77, 0x42,
    0x6D, 0xC6, 0x23, 0x3E, 0x55, 0xB1, 0x0B, 0xBE, 0xA6, 0x04, 0x47, 0x19, 0x6D, 0x53, 0xB1, 0x33,
    0x8D, 0xA5, 0x13, 0xCB, 0x0E, 0x5B, 0x67, 0xDA, 0xD3, 0xB5, 0xE9, 0xB9, 0x89, 0x22, 0x0E, 0x41,
    0x44, 0x22, 0xC5, 0x77, 0x19, 0x47, 0x0D, 0x2A, 0x8B, 0x6E, 0x65, 0x75, 0x25, 0xCC, 0xBC, 0x22,
    0xD7, 0x7A, 0x4A, 0x84, 0xDE, 0xC5, 0xCB, 0xB8, 0x91, 0xE5, 0xE9, 0x4A, 0xDF, 0x55, 0x61, 0xD2,
    0xF7, 0xA1, 0x0B, 0xFD, 0x30, 0x71, 0x55, 0x1F, 0xD2, 0x34, 0xE9, 0x1F, 0x40, 0x8C, 0x7E, 0x05,
    0x96, 0x45, 0x1F, 0x80, 0x9C, 0x81, 0x26, 0xC3, 0x3E, 0x00, 0x51, 0x07, 0xFD, 0x1A, 0xAA, 0xDE,
    0xEF, 0x80, 0x78, 0xFD, 0x50, 0xCC, 0x6B, 0x2D, 0x0C, 0x80, 0xC9, 0xFA, 0xA2, 0xA0, 0xF5, 0x6D,
    0x5D, 0x3D, 0x03, 0x81, 0x86, 0xC0, 0x41, 0x9C, 0xFD, 0xCA, 0xD3, 0x89, 0x07, 0x19, 0x87, 0xFD,
    0x22, 0x9F, 0x31, 0xE7, 0xE0, 0x96, 0x03, 0x52, 0xB2, 0xE7, 0x55, 0x84, 0xCE, 0x29, 0xB1, 0x14,
    0x8C, 0x8B, 0x57, 0xAF, 0x2C, 0xC0, 0x57, 0x52, 0x26, 0x5A, 0x1F, 0xE2, 0xC0, 0x3B, 0x9B, 0x71,
    0xB5, 0x65, 0x9A, 0xB1, 0x37, 0xB0, 0x36, 0x11, 0x18, 0x07, 0x4B, 0x53, 0x50, 0x2A, 0x5B, 0x18,
    0x12, 0x23, 0x1C, 0x74, 0x33, 0x99, 0x76, 0x0A, 0xF7, 0x0F, 0x71, 0xE9, 0xBD, 0x10, 0xEF, 0x07,
    0x37, 0x77, 0x5F, 0xFC, 0xD1, 0xCD, 0xDD, 0xE7, 0x9F, 0xBD, 0xB9, 0xFB, 0xEC, 0xEE, 0x76, 0x7A,
    0xED, 0x27, 0xDB, 0x69, 0xB0, 0xBF, 0x9D, 0x7A, 0xD5, 0xB5, 0x3E, 0x78, 0x0E, 0xE6, 0x1A, 0x3C,
    0x4F, 0x27, 0xCE, 0x54, 0x17, 0x19, 0x56, 0xE2, 0x53, 0xF8, 0xCB, 0x76, 0xD6, 0x35, 0x82, 0xEF,
    0x56, 0x63, 0x30, 0x11, 0x03, 0x29, 0xB2, 0x89, 0xFF, 0xF9, 0x9D, 0xF7, 0xF9, 0x9C, 0xFD, 0xD8,
    0x9F, 0xEF, 0x5D, 0x30, 0xEC, 0x69, 0x68, 0x9F, 0x54, 0x9D, 0x41, 0x6C, 0x98, 0xDD, 0x23, 0xB3,
    0x4F, 0xCB, 0x3B, 0x1C, 0xCF, 0x34, 0x2C, 0xAF, 0x77, 0xE7, 0x8E, 0x67, 0x64, 0xA4, 0x66, 0xC5,
    0xF1, 0xEC, 0x35, 0x8E, 0x07, 0xC6, 0x93, 0xF6, 0xF3, 0x72, 0xAA, 0x74, 0x15, 0x0B, 0x44, 0x37,
    0x63, 0x30, 0x9F, 0x41, 0xE8, 0xE1, 0xEB, 0xDE, 0xFD, 0x70, 0xD2, 0xF1, 0x8A, 0xCE, 0x18, 0xBC,
    0x03, 0x2F, 0x43, 0x22, 0xAF, 0x79, 0xAF, 0xFD, 0xEE, 0x83, 0x09, 0xFB, 0xB0, 0xEF, 0xFC, 0xBD,
    0x0E, 0x66, 0x8C, 0xB0, 0xF4, 0x20, 0x83, 0x79, 0x29, 0x95, 0x38, 0xDF, 0x62, 0xBE, 0xBC, 0xB0,
    0x82, 0xDA, 0xE6, 0xAE, 0x31, 0xEF, 0xF7, 0xA5, 0x78, 0x9F, 0x43, 0x3B, 0x20, 0x06, 0x5C, 0x69,
    0x0B, 0x6F, 0x70, 0x95, 0xB1, 0x59, 0xED, 0x66, 0x08, 0xE6, 0x54, 0x44, 0x8C, 0xBC, 0x82, 0x4A,
    0x46, 0x0B, 0xA8, 0x65, 0x34, 0x92, 0xD1, 0x58, 0x46, 0x77, 0x64, 0xD4, 0xD6, 0xB5, 0xAF, 0x2D,
    0x95, 0x8F, 0x21, 0x46, 0xAB, 0xAE, 0xD2, 0xD0, 0x19, 0xDA, 0xE6, 0x89, 0x0C, 0x35, 0x33, 0x8D,
    0x34, 0x3E, 0x6A, 0xB9, 0xC9, 0xC1, 0x41, 0xA2, 0x2C, 0xA3, 0x7E, 0x04, 0x84, 0x0E, 0x2A, 0x5F,
    0xE1, 0x7B, 0x0D, 0x1C, 0x35, 0x58, 0x9B, 0x7B, 0x7C, 0x96, 0x3F, 0x32, 0xB2, 0x71, 0x12, 0x7B,
    0x33, 0x63, 0x2C, 0xE3, 0x78, 0xAB, 0xC6, 0xF7, 0xB1, 0x11, 0x59, 0x8B, 0xB8, 0x86, 0x91, 0xA7,
    0xF9, 0x6E, 0xCF, 0x6C, 0xDF, 0x65, 0xC3, 0x69, 0x05, 0xDD, 0x3D, 0xC3, 0x47, 0x40, 0x07, 0x6E,
    0xCC, 0xE8, 0xD7, 0x6F, 0x6D, 0x59, 0x9B, 0x87, 0x50, 0xA9, 0x85, 0xD0, 0xC2, 0x83, 0xE7, 0xE1,
    0x26, 0x5A, 0xE6, 0xCE, 0xC1, 0x2D, 0xBF, 0x46, 0x9F, 0x1B, 0x14, 0xE9, 0x80, 0x4B, 0x43, 0xD0,
    0x85, 0xF7, 0x7D, 0x45, 0x03, 0x53, 0xC7, 0x01, 0x0C, 0x4A, 0x1C, 0x24, 0x5C, 0x5B, 0x22, 0x9D,
    0x1E, 0xDE, 0xEC, 0xD0, 0xFA, 0x74, 0xCC, 0xBD, 0xD8, 0xE7, 0x53, 0xF4, 0x9B, 0x40, 0xBB, 0xF0,
    0x06, 0x9D, 0x06, 0x46, 0x39, 0x02, 0x65, 0x8E, 0xA0, 0xB6, 0xE1, 0x5E, 0xAB, 0x25, 0xAD, 0x1D,
    0x61, 0x1B, 0x65, 0xAD, 0x40, 0xCF, 0x1C, 0x80, 0x6A, 0xC1, 0xE0, 0x04, 0x59, 0x2B, 0x34, 0xF7,
    0x63, 0x69, 0x05, 0x74, 0x86, 0x19, 0x64, 0x10, 0x3E, 0x72, 0x4B, 0x97, 0x91, 0x2E, 0xBB, 0x6E,
    0x19, 0xBB, 0x65, 0xC7, 0x2D, 0xDB, 0xBA, 0xF4, 0xF1, 0xE8, 0xC7, 0x95, 0xAB, 0xAB, 0xF0, 0x5F,
    0x5C, 0x31, 0xB6, 0xFC, 0x26, 0x37, 0x55, 0xDC, 0xF3, 0x60, 0x2D, 0x00, 0xB5, 0x11, 0xA8, 0x7A,
    0x20, 0xAA, 0xEB, 0x55, 0x91, 0x2E, 0xDC, 0x19, 0x68, 0xC2, 0x0E, 0xB0, 0x7B, 0x80, 0xA1, 0xB6,
    0xD7, 0x55, 0xEA, 0x54, 0x68, 0x71, 0xCD, 0xA7, 0x47, 0xC3, 0xA3, 0x54, 0x4E, 0xFE, 0x39, 0x7A,
    0x6A, 0x11, 0x7E, 0xD2, 0x25, 0x62, 0x2F, 0xF4, 0xD8, 0x5E, 0x66, 0x6D, 0x73, 0x68, 0x88, 0xA3,
    0x0D, 0xEE, 0x4B, 0xB0, 0xC0, 0xAD, 0x23, 0x44, 0x57, 0x59, 0xC7, 0x2F, 0x46, 0x6E, 0x09, 0xF9,
    0x07, 0x28, 0x63, 0x38, 0xBA, 0x02, 0x17, 0x94, 0x6D, 0xE9, 0x04, 0x1A, 0x3A, 0x08, 0xBD, 0x42,
    0xF9, 0x87, 0x87, 0xA5, 0xF3, 0xC5, 0xC7, 0x89, 0x7C, 0xF0, 0x29, 0x18, 0x37, 0x15, 0xF9, 0xEE,
    0xA1, 0x78, 0x87, 0x87, 0x45, 0xF0, 0xF2, 0x87, 0x24, 0x4A, 0x0A, 0xCB, 0xDD, 0x89, 0x1E, 0x09,
    0x5E, 0x7A, 0x26, 0x60, 0x88, 0xE9, 0xCD, 0x10, 0x09, 0x26, 0x24, 0x8C, 0x57, 0x3C, 0xED, 0xC3,
    0x6B, 0x66, 0xED, 0x23, 0x04, 0xDB, 0x2A, 0xF5, 0x54, 0x1A, 0xAA, 0x74, 0x47, 0xA5, 0xBB, 0x2A,
    0x55, 0xEA, 0xAD, 0x42, 0xBD, 0x9D, 0xA9, 0xA1, 0xA8, 0x3B, 0xA2, 0x10, 0xB9, 0x05, 0x41, 0xE2,
    0x6B, 0x41, 0x48, 0x6E, 0x3F, 0x6B, 0xFB, 0x93, 0x4E, 0xA1, 0xA4, 0x1D, 0x49, 0x6B, 0x79, 0xBB,
    0x94, 0x61, 0x21, 0x6F, 0x22, 0xFA, 0x43, 0x54, 0x1F, 0x49, 0xEA, 0x17, 0xA9, 0x5B, 0x81, 0x26,
    0x84, 0x32, 0x76, 0xC8, 0x95, 0x18, 0x64, 0x01, 0x55, 0x82, 0x22, 0x86, 0x8F, 0xBB, 0x4F, 0x27,
    0x1F, 0xD3, 0xD2, 0xF4, 0x60, 0xC2, 0x7A, 0x30, 0x2D, 0x3F, 0xCD, 0x7E, 0x93, 0xEC, 0x16, 0x5F,
    0x65, 0x69, 0x75, 0x98, 0xF5, 0x7F, 0xF9, 0x6E, 0xD6, 0xFF, 0xD9, 0xCB, 0x45, 0xBF, 0x0D, 0x9B,
    0xB7, 0x4D, 0xBB, 0x87, 0xA9, 0x9C, 0x6A, 0x01, 0xC8, 0x27, 0x00, 0xCB, 0x77, 0x00, 0x86, 0x9A,
    0x45, 0xD7, 0x87, 0x5F, 0x80, 0x4B, 0x50, 0xD0, 0x9C, 0x9A, 0x3E, 0x41, 0xE1, 0x0E, 0xEE, 0xE3,
    0x29, 0x84, 0x15, 0x90, 0xBA, 0xE7, 0x42, 0x9B, 0x7D, 0xB2, 0xD4, 0xAF, 0xB8, 0x75, 0x6E, 0xB1,
    0x36, 0xAD, 0xBA, 0xE3, 0x93, 0xFD, 0x77, 0x67, 0x0C, 0x39, 0x17, 0x00, 0x71, 0x89, 0xB4, 0x74,
    0x1D, 0x32, 0xCC, 0x04, 0x0A, 0xD2, 0x30, 0xCF, 0xE1, 0xFD, 0x2D, 0x06, 0xCB, 0x25, 0xA0, 0x79,
    0x70, 0x16, 0x60, 0x6D, 0xB1, 0x03, 0x0D, 0x2C, 0x77, 0x60, 0x90, 0x01, 0x7E, 0xE2, 0xFF, 0x4E,
    0xBC, 0x87, 0xE2, 0xFE, 0x47, 0x64, 0xDA, 0x78, 0x13, 0x64, 0x24, 0xB0, 0xBC, 0xF7, 0xC1, 0x0E,
    0xA6, 0x63, 0xE1, 0x2A, 0x3A, 0xB0, 0x82, 0x88, 0x06, 0x93, 0xDE, 0x6B, 0x51, 0x71, 0x10, 0xC2,
    0x35, 0x84, 0xD8, 0x76, 0x83, 0x63, 0x7C, 0xEF, 0xBD, 0x76, 0xA3, 0xE0, 0x73, 0x47, 0x4F, 0x4E,
    0xBD, 0x8B, 0x99, 0x41, 0xD8, 0xE0, 0xB5, 0xC4, 0xFB, 0xAF, 0x38, 0x98, 0x6D, 0x22, 0xEE, 0x91,
    0xF8, 0xEF, 0x49, 0xE8, 0x17, 0x50, 0x1F, 0xEE, 0xFB, 0x7C, 0x3A, 0x0D, 0xF5, 0x14, 0xB0, 0xB0,
    0x25, 0xDC, 0xC4, 0x1C, 0xBA, 0x2E, 0x88, 0x5D, 0xF9, 0x30, 0xE6, 0xCE, 0x31, 0xA4, 0x7E, 0x96,
    0xAE, 0xC3, 0xA1, 0xD6, 0x13, 0x22, 0xAF, 0xE5, 0xB2, 0x0D, 0x5E, 0xD0, 0xB6, 0x69, 0x36, 0x36,
    0x6F, 0x40, 0xB3, 0xDC, 0x66, 0x5C, 0x1A, 0xE1, 0xDB, 0xD4, 0x2B, 0xBA, 0x96, 0xC4, 0x30, 0x20,
    0xF8, 0x0A, 0x9B, 0x90, 0x42, 0x49, 0x97, 0x71, 0x78, 0x04, 0xD4, 0xEF, 0x14, 0xA9, 0xFF, 0x00,
    0x3A, 0xFF, 0xC0, 0xFC, 0xE7, 0xF7, 0xF6, 0x11, 0x9F, 0x37, 0x2C, 0x1F, 0x36, 0xF2, 0x51, 0x34,
    0x94, 0xF0, 0xD1, 0x85, 0x9A, 0x85, 0x44, 0x8E, 0xF6, 0x2D, 0xC8, 0x98, 0x1A, 0xEA, 0x92, 0xC1,
    0x22, 0x4C, 0x1B, 0x54, 0x2F, 0x42, 0x8A, 0x25, 0x6D, 0xE4, 0xB8, 0xCE, 0x2C, 0x49, 0x03, 0xC8,
    0x5E, 0xF4, 0x73, 0x05, 0x7D, 0x19, 0x0F, 0xA7, 0x12, 0x13, 0x11, 0x7E, 0xC7, 0xE9, 0x8E, 0x8C,
    0xCD, 0x7D, 0x3E, 0x47, 0x3F, 0x1A, 0x2C, 0xAD, 0xDA, 0xA2, 0x76, 0x44, 0xB5, 0x44, 0xE1, 0xDA,
    0xD3, 0xCA, 0xCF, 0xC8, 0xD3, 0x1D, 0xFA, 0x17, 0xE5, 0x5A, 0x47, 0xAD, 0x9A, 0x4C, 0x6A, 0xAD,
    0x11, 0x09, 0x11, 0xE2, 0x86, 0x8D, 0x4E, 0xAF, 0xED, 0x0C, 0xEB, 0x8E, 0x60, 0x05, 0xB0, 0x6D,
    0x2C, 0x7D, 0xA4, 0x13, 0xB0, 0x73, 0xDB, 0x51, 0xDB, 0x32, 0x32, 0xD0, 0xDF, 0x96, 0x74, 0x19,
    0x04, 0x21, 0x33, 0xC4, 0x3F, 0x54, 0x88, 0xCC, 0xE4, 0x79, 0x6C, 0xB4, 0x72, 0x32, 0x39, 0xC7,
    0x4C, 0x5A, 0x8D, 0xE9, 0x38, 0xF4, 0xD7, 0x90, 0x48, 0xC0, 0x7C, 0x72, 0x2E, 0x0A, 0x93, 0xFB,
    0xF3, 0x0E, 0xCC, 0xCB, 0xF7, 0xC4, 0x87, 0x3B, 0x78, 0x03, 0x64, 0x4D, 0x00, 0x0D, 0x1D, 0x4D,
    0xDE, 0xB9, 0xFA, 0xE1, 0xB6, 0xFC, 0xEC, 0xAC, 0x3F, 0xAC, 0xA5, 0xB2, 0xDB, 0xE6, 0xD5, 0x59,
    0x7F, 0x5E, 0x39, 0x2C, 0xEE, 0x1A, 0xD3, 0xDD, 0x34, 0x4C, 0x74, 0x4C, 0xE3, 0x96, 0xB0, 0xF6,
    0x2E, 0xF3, 0x0D, 0x98, 0x2C, 0xBF, 0x84, 0xD1, 0x82, 0x79, 0x48, 0x70, 0x75, 0x9F, 0xA1, 0x72,
    0x5F, 0x8C, 0x3D, 0xAD, 0xE4, 0x64, 0x03, 0x59, 0xAC, 0xD9, 0xCC, 0xF8, 0x35, 0x62, 0x13, 0xCE,
    0xAF, 0x78, 0x0F, 0x51, 0xA0, 0xAC, 0xA3, 0x70, 0x7A, 0x92, 0xC2, 0x4F, 0xAD, 0x14, 0x46, 0xD6,
    0x1A, 0x5D, 0x37, 0xC3, 0xE2, 0x4D, 0x4C, 0x74, 0xEB, 0x52, 0x56, 0x3C, 0x78, 0x05, 0xD9, 0x8D,
    0x38, 0x47, 0x8D, 0x84, 0x6C, 0x64, 0x94, 0x2E, 0xB4, 0x11, 0x84, 0x15, 0x8B, 0x47, 0xCC, 0x41,
    0x1F, 0xE2, 0xA6, 0x81, 0x8F, 0xBB, 0x5A, 0x45, 0x41, 0xA8, 0x91, 0xEB, 0xE2, 0x02, 0xFD, 0x5E,
    0xE4, 0x0B, 0x7B, 0x11, 0xF2, 0x05, 0xB8, 0x51, 0xC8, 0xC0, 0x9F, 0x21, 0x70, 0xB9, 0x7E, 0x49,
    0xCD, 0x02, 0x0D, 0xBF, 0x70, 0x1F, 0xE8, 0x22, 0x5F, 0xF0, 0x90, 0x2F, 0x04, 0x2B, 0xF9, 0x82,
    0x75, 0x24, 0xB1, 0x5F, 0xE5, 0x99, 0xD2, 0x4A, 0x4D, 0x86, 0x75, 0x1D, 0x19, 0x47, 0xE2, 0x35,
    0x8E, 0x04, 0x44, 0xB8, 0x87, 0xB0, 0x08, 0x64, 0xEB, 0xD0, 0xC7, 0xB6, 0x28, 0xA2, 0x21, 0x4D,
    0x4F, 0x48, 0xFD, 0x61, 0x10, 0x6C, 0xDC, 0x3F, 0xF8, 0x00, 0x2E, 0x38, 0x8A, 0xDB, 0x64, 0xC8,
    0x6E, 0x62, 0x76, 0x93, 0xDD, 0x9B, 0x34, 0xDF, 0x14, 0x44, 0xC6, 0x72, 0x37, 0x16, 0x0D, 0x8A,
    0x83, 0xDC, 0x91, 0x97, 0x21, 0xD5, 0x0B, 0xDE, 0x13, 0xEF, 0x53, 0x71, 0xA7, 0xC6, 0x11, 0x23,
    0x4F, 0x7D, 0x32, 0x59, 0x22, 0x72, 0xFD, 0xA0, 0x21, 0x39, 0xE5, 0xD4, 0x44, 0xFA, 0xC9, 0x86,
    0x0E, 0x7F, 0x26, 0xB6, 0x7C, 0x44, 0xAD, 0xBF, 0x3D, 0x77, 0x25, 0xF9, 0xD4, 0xE2, 0xC2, 0xB5,
    0xE8, 0x3D, 0xE0, 0x94, 0x19, 0x9B, 0xA1, 0x09, 0xF3, 0xEB, 0x06, 0xED, 0x3D, 0x3C, 0x0B, 0xD0,
    0x07, 0xEF, 0xE4, 0x53, 0x43, 0x33, 0xBE, 0x93, 0xC1, 0xCC, 0x85, 0x4E, 0x1D, 0xCA, 0x88, 0xAD,
    0x56, 0x81, 0x4E, 0x4E, 0x26, 0x62, 0x2F, 0x0E, 0xE2, 0x96, 0x29, 0x60, 0x68, 0xEC, 0x37, 0x63,
    0x30, 0x21, 0xD9, 0x22, 0x98, 0x3D, 0xC3, 0x73, 0x3F, 0xA7, 0xD2, 0x58, 0xDD, 0x89, 0x8C, 0xE7,
    0xD6, 0x09, 0xD5, 0xC6, 0xC9, 0xAC, 0x19, 0xA7, 0x7E, 0x18, 0xD8, 0xAC, 0xB6, 0x71, 0x8D, 0x7F,
    0xC3, 0xD9, 0x70, 0x76, 0xDA, 0xB2, 0x85, 0x7A, 0x42, 0x10, 0x59, 0x40, 0x7E, 0x44, 0x58, 0xBE,
    0x73, 0x0C, 0xDC, 0x6D, 0x76, 0xDC, 0x73, 0x99, 0x10, 0x06, 0x4E, 0x2F, 0xAB, 0xDB, 0xC4, 0xEA,
    0xE0, 0xE2, 0xC1, 0x3C, 0x56, 0xEF, 0xD8, 0x0B, 0x8A, 0x90, 0xAB, 0x64, 0x58, 0xCA, 0x5D, 0x31,
    0x21, 0xEB, 0x59, 0xBE, 0x6A, 0x1E, 0x22, 0x71, 0xDB, 0x08, 0x10, 0xF3, 0x04, 0xF2, 0x7B, 0xE9,
    0x92, 0x49, 0xDB, 0x96, 0x4C, 0x26, 0xC7, 0x25, 0x93, 0x64, 0x51, 0x32, 0x99, 0xB2, 0x64, 0x32,
    0xA5, 0xF0, 0xBC, 0x70, 0xA2, 0x61, 0xE8, 0x2A, 0x8C, 0x5D, 0x85, 0xC1, 0xAB, 0x98, 0xE8, 0xD5,
    0x84, 0xAF, 0x26, 0x7E, 0x95, 0xEF, 0xE0, 0x2F, 0xBD, 0xC3, 0x87, 0x85, 0x04, 0x2F, 0x1F, 0x2A,
    0x24, 0x17, 0x85, 0x66, 0xF9, 0xA1, 0x27, 0x4D, 0xA0, 0x33, 0x6F, 0x36, 0x2A, 0xC6, 0xD0, 0x15,
    0xBD, 0x40, 0x71, 0x5E, 0x1B, 0x0A, 0x33, 0xBF, 0x44, 0x4C, 0xA9, 0x96, 0x8A, 0x90, 0xA5, 0xAD,
    0x9B, 0x30, 0x51, 0x00, 0x09, 0xBA, 0xCA, 0x2A, 0xEA, 0xA2, 0x6E, 0x82, 0x34, 0x1B, 0xC6, 0x1F,
    0x51, 0x13, 0xEB, 0x26, 0x39, 0x04, 0xAF, 0x9D, 0xD1, 0xED, 0x2C, 0xE3, 0xB2, 0x65, 0x7E, 0xCB,
    0x58, 0xE6, 0xB7, 0x60, 0x99, 0xEF, 0x49, 0xDA, 0x86, 0xEF, 0xAF, 0x59, 0xFE, 0x3E, 0x4E, 0x57,
    0x9B, 0x5C, 0x99, 0x39, 0x73, 0xC7, 0x2E, 0xE0, 0x9F, 0x95, 0xC4, 0x5F, 0x15, 0x12, 0x6B, 0x66,
    0x66, 0x94, 0x01, 0x4C, 0xF8, 0x05, 0x26, 0x44, 0x8E, 0x1D, 0x57, 0x07, 0xE8, 0xD3, 0x62, 0xAE,
    0x6C, 0x8A, 0x7E, 0x29, 0xFD, 0xA0, 0x89, 0xBE, 0xFF, 0x9E, 0xA4, 0xC8, 0x49, 0xA6, 0x92, 0x7E,
    0x2D, 0xE9, 0xDF, 0x4C, 0x84, 0x8C, 0x58, 0x42, 0x3A, 0x56, 0xDF, 0xBA, 0xC8, 0x32, 0xC7, 0x92,
    0x7F, 0x0B, 0xD7, 0x0C, 0x4A, 0x84, 0x2C, 0x74, 0x63, 0x67, 0x21, 0x43, 0xC1, 0xBB, 0x40, 0xEC,
    0x36, 0xF4, 0x2A, 0xC8, 0xDB, 0x44, 0xD8, 0xD7, 0xBE, 0xE3, 0x17, 0xA1, 0xD4, 0xF9, 0x27, 0x55,
    0x18, 0x64, 0x61, 0x8B, 0xFD, 0x43, 0xF8, 0x76, 0x44, 0xE9, 0x78, 0xE6, 0x95, 0x88, 0x40, 0x42,
    0x19, 0x20, 0x75, 0xAD, 0x73, 0xE5, 0x56, 0xF0, 0x1C, 0xB0, 0xDA, 0x18, 0x15, 0x36, 0x54, 0xBE,
    0x01, 0xBD, 0xFE, 0x07, 0x7A, 0x51, 0x5E, 0xBE, 0x07, 0x71, 0x15, 0x66, 0x31, 0xCF, 0x30, 0x8B,
    0xC2, 0x2C, 0xD6, 0xB2, 0x0F, 0x72, 0x08, 0x4D, 0xCE, 0xC2, 0xD1, 0x83, 0x4A, 0xBC, 0x8F, 0xC0,
    0x92, 0xAF, 0x21, 0x05, 0x60, 0x87, 0xF7, 0x19, 0x42, 0xA7, 0x43, 0xDC, 0x2B, 0x26, 0x40, 0x0A,
    0xD9, 0x85, 0xD5, 0x02, 0x83, 0xE7, 0x3C, 0x57, 0xC4, 0x13, 0xC9, 0xB5, 0xBA, 0x30, 0x77, 0x98,
    0xA6, 0xCE, 0x52, 0x2C, 0x0B, 0xF5, 0x6C, 0x70, 0x93, 0x59, 0x0D, 0xC2, 0xC7, 0x27, 0x16, 0x2B,
    0x13, 0x0D, 0xF0, 0xD4, 0xC3, 0x9C, 0x7C, 0x38, 0xA7, 0xB1, 0x87, 0x00, 0xC0, 0x36, 0x31, 0x4B,
    0xBF, 0xA7, 0x1A, 0xC8, 0x2F, 0x1B, 0xEC, 0xA6, 0xC5, 0xAA, 0xEC, 0x8E, 0xA9, 0xCB, 0xB2, 0x30,
    0xBF, 0x23, 0x11, 0x9B, 0x70, 0x71, 0xD5, 0xA2, 0xA6, 0x74, 0x18, 0xE4, 0x50, 0xAF, 0x7A, 0xDC,
    0x6F, 0x2F, 0xA3, 0xEB, 0x35, 0x85, 0x79, 0xBA, 0xE8, 0x45, 0x03, 0xBF, 0x8B, 0x06, 0x91, 0x8B,
    0x5B, 0xB5, 0x79, 0x2F, 0x64, 0x13, 0x24, 0xC7, 0xCD, 0x3C, 0x80, 0x66, 0x91, 0xC7, 0xE3, 0x70,
    0x60, 0x9D, 0xBC, 0x51, 0x43, 0x83, 0x26, 0x8C, 0xEF, 0x18, 0xA9, 0x51, 0xFC, 0x93, 0x31, 0x54,
    0x70, 0x14, 0xBE, 0xA3, 0x60, 0xB0, 0xD5, 0x08, 0x12, 0x33, 0x06, 0x0E, 0x70, 0xDD, 0x43, 0xD2,
    0x11, 0x7E, 0x16, 0x15, 0xA6, 0x50, 0x30, 0x84, 0xC0, 0xBB, 0x74, 0x7B, 0x0C, 0x2D, 0x7A, 0xB8,
    0xD8, 0xAA, 0xE0, 0xD5, 0xA2, 0x29, 0x47, 0x19, 0x47, 0xA5, 0x1A, 0xD6, 0x6A, 0x04, 0x1F, 0x13,
    0x8F, 0xF7, 0x77, 0xBB, 0xEF, 0xD7, 0x08, 0x82, 0x5C, 0xA8, 0x30, 0xF4, 0x2C, 0x80, 0xD3, 0xDB,
    0xDF, 0xA4, 0xB2, 0x36, 0xA1, 0x5B, 0xC2, 0xBA, 0xEF, 0x5F, 0x94, 0x93, 0xB5, 0x4D, 0x4E, 0x46,
    0xC5, 0x37, 0x67, 0x62, 0xD0, 0xFD, 0xCB, 0xD6, 0xE3, 0x60, 0x07, 0x7A, 0x2B, 0xD1, 0xC7, 0x45,
    0x89, 0xDD, 0x91, 0x81, 0x79, 0x49, 0xFF, 0xA0, 0xA9, 0x8D, 0xB5, 0x8D, 0xEE, 0x8E, 0xA1, 0x5E,
    0x4A, 0xBC, 0xBF, 0x96, 0x56, 0x57, 0x72, 0xB1, 0x04, 0xDD, 0x39, 0x1B, 0xC7, 0x26, 0xD8, 0xB7,
    0x81, 0x58, 0x04, 0x85, 0x98, 0x47, 0x06, 0xD0, 0x17, 0x72, 0x1A, 0xDB, 0xDB, 0x3F, 0x86, 0xF3,
    0x26, 0x72, 0xBE, 0xE7, 0x44, 0x89, 0x99, 0x28, 0x00, 0xFB, 0x89, 0x67, 0x4E, 0xB4, 0x88, 0xF8,
    0x32, 0x06, 0x05, 0x98, 0xE8, 0x1F, 0x9C, 0xA5, 0xAD, 0x0B, 0xC0, 0xF2, 0x44, 0xEB, 0x6B, 0x83,
    0x85, 0xB1, 0x00, 0xB6, 0x36, 0x78, 0x60, 0x4C, 0x4B, 0x4B, 0xA2, 0x0A, 0xF6, 0xAE, 0xB2, 0xA1,
    0xC7, 0x31, 0x22, 0xEA, 0xC1, 0xC6, 0x82, 0xF7, 0xE6, 0x29, 0xE8, 0x94, 0xFC, 0xF3, 0xDF, 0x4B,
    0x4C, 0x0A, 0x3A, 0x4D, 0xE5, 0x58, 0x2B, 0x73, 0x3D, 0xD9, 0x16, 0xD3, 0x60, 0xB5, 0x8F, 0xD5,
    0xE4, 0x1A, 0x1C, 0x33, 0x8D, 0x71, 0xFF, 0xAB, 0x4D, 0xAE, 0x91, 0x31, 0x02, 0x69, 0x76, 0xCE,
    0x45, 0xCD, 0xC4, 0x8E, 0xEF, 0x3B, 0x0B, 0x3C, 0x8E, 0x55, 0x2D, 0xD6, 0x40, 0xFE, 0x8D, 0x81,
    0x77, 0x80, 0x6D, 0x50, 0xDB, 0x54, 0x2A, 0x8D, 0xC9, 0x9F, 0x23, 0xD9, 0x41, 0x0C, 0x96, 0x51,
    0x2E, 0x4C, 0xA2, 0xA7, 0xB2, 0x64, 0xA2, 0xE0, 0x54, 0x96, 0x61, 0x74, 0x3B, 0x1D, 0xDF, 0x4E,
    0xEF, 0xDE, 0x1E, 0xB7, 0xF5, 0xC4, 0x87, 0x9E, 0xDE, 0x4E, 0x1B, 0x30, 0x81, 0xC0, 0xF1, 0xB0,
    0xEF, 0x57, 0x9D, 0x3F, 0x56, 0x6D, 0x3B, 0xEC, 0xFB, 0x06, 0xCC, 0xE0, 0xA7, 0x8E, 0x53, 0x32,
    0x73, 0x12, 0x34, 0x99, 0x87, 0x19, 0x2B, 0xB0, 0x2B, 0x2B, 0x25, 0x90, 0x93, 0xF9, 0xB0, 0x73,
    0xB2, 0x24, 0x23, 0x4E, 0x9E, 0x59, 0xC1, 0x43, 0xC4, 0x7B, 0x40, 0xBD, 0x6D, 0xC9, 0x3E, 0x0B,
    0xC6, 0x23, 0xC5, 0x60, 0x10, 0x89, 0x7B, 0x72, 0x83, 0x8D, 0xB1, 0xD2, 0x14, 0x69, 0xA3, 0xAD,
    0xD6, 0x9C, 0xC1, 0xC3, 0x5E, 0xE7, 0xBB, 0x53, 0x73, 0xBE, 0x8B, 0xAB, 0x09, 0x2D, 0x9A, 0xEC,
    0x4F, 0xC2, 0xE4, 0x4F, 0x95, 0x07, 0x0B, 0xA7, 0x8B, 0x08, 0x48, 0x0B, 0xC3, 0x63, 0x5B, 0x39,
    0x72, 0xC4, 0x66, 0xE1, 0xD0, 0xF2, 0x27, 0x38, 0xAD, 0xD1, 0x92, 0x13, 0xCD, 0x26, 0x4B, 0xA1,
    0x88, 0x35, 0x78, 0xF2, 0x20, 0x39, 0x78, 0x05, 0xAB, 0xF4, 0x58, 0xBB, 0x58, 0x64, 0x5F, 0x4F,
    0xF0, 0x1C, 0x4B, 0x76, 0x11, 0x88, 0x21, 0x67, 0x36, 0x8A, 0xD7, 0x7C, 0x36, 0xA9, 0x27, 0x9A,
    0xB0, 0xBB, 0x46, 0x60, 0x84, 0xB8, 0x08, 0x61, 0x51, 0x3C, 0x66, 0x50, 0x84, 0xD0, 0x84, 0x81,
    0xE8, 0xD6, 0x22, 0x10, 0xED, 0xD8, 0x40, 0x94, 0x34, 0x46, 0x80, 0x83, 0xE4, 0x69, 0x68, 0x42,
    0xED, 0x30, 0x69, 0x32, 0x54, 0xDC, 0x78, 0x04, 0x5A, 0x21, 0x02, 0x62, 0x6E, 0x3A, 0x8F, 0x42,
    0x2B, 0xC6, 0x63, 0xE0, 0xD1, 0xBD, 0xC7, 0x3D, 0x7C, 0x9A, 0x8E, 0xAD, 0x7F, 0xEA, 0x1F, 0xA7,
    0x34, 0x4E, 0xB6, 0x5C, 0x86, 0x3D, 0x59, 0x8A, 0x45, 0x02, 0x6F, 0x92, 0xA6, 0xFB, 0xC2, 0x0A,
    0x3D, 0x0F, 0x4E, 0xFC, 0xC4, 0x3A, 0x3B, 0x16, 0xE5, 0x9F, 0x95, 0xCD, 0x0E, 0xA3, 0x08, 0x91,
    0x38, 0x33, 0x04, 0x9B, 0x6B, 0xCB, 0x92, 0x62, 0xC3, 0xEE, 0x76, 0x01, 0x59, 0xBC, 0x5A, 0x4C,
    0x43, 0xA3, 0xC3, 0xC4, 0x2D, 0xC8, 0x78, 0xE8, 0xBD, 0x6E, 0x62, 0xEB, 0x86, 0x62, 0x63, 0x73,
    0x7E, 0x3F, 0x82, 0x9D, 0x58, 0x85, 0x81, 0xA4, 0x5D, 0x99, 0xDB, 0x8C, 0x85, 0x4A, 0xFB, 0x13,
    0x03, 0xD9, 0x02, 0x2E, 0x32, 0x4B, 0xA1, 0x85, 0x26, 0x6D, 0x31, 0x25, 0x76, 0x9E, 0x05, 0x0A,
    0x0F, 0x03, 0x85, 0xA7, 0x81, 0xC2, 0xE3, 0x40, 0xE1, 0x79, 0xA0, 0xF0, 0x40, 0x50, 0x78, 0x22,
    0x28, 0x3C, 0x12, 0x14, 0x9E, 0x09, 0x0A, 0x0F, 0x05, 0x85, 0xA7, 0x82, 0xC2, 0x63, 0x41, 0xAE,
    0x33, 0xAC, 0x4C, 0x33, 0xB7, 0xCC, 0xE6, 0x37, 0x10, 0x26, 0x2A, 0xF9, 0x81, 0xAC, 0x29, 0x15,
    0x67, 0x4B, 0xA5, 0xE2, 0x49, 0xF3, 0xE3, 0x80, 0xB9, 0x60, 0x14, 0x27, 0x15, 0xAF, 0x82, 0x2B,
    0xCB, 0x2B, 0x31, 0x31, 0xFC, 0xBC, 0x68, 0xF8, 0x98, 0x07, 0xEF, 0xFE, 0x2B, 0xD9, 0x72, 0xF5,
    0x64, 0xFD, 0x89, 0x04, 0xAB, 0x01, 0xA6, 0x22, 0x70, 0xD5, 0x79, 0x13, 0xC0, 0x65, 0x27, 0x85,
    0x06, 0xD6, 0x2C, 0xB3, 0xD4, 0xE2, 0x7E, 0x4D, 0xBA, 0x3E, 0xE4, 0x5B, 0x9C, 0xFD, 0x26, 0x9B,
    0x38, 0x04, 0x4B, 0xF7, 0xD9, 0x54, 0x21, 0x0D, 0x12, 0x2C, 0x92, 0xCF, 0xC6, 0x94, 0x34, 0xB6,
    0x4D, 0xB1, 0x98, 0x69, 0xFB, 0x98, 0x4D, 0x70, 0x04, 0xE3, 0x17, 0xEA, 0x9C, 0x7D, 0x60, 0xFE,
    0xB0, 0x12, 0x2F, 0xDB, 0xD2, 0xD6, 0x00, 0xEA, 0xA2, 0x4B, 0x13, 0x18, 0x93, 0xF0, 0x1D, 0x67,
    0xC2, 0x3A, 0x38, 0x86, 0xF1, 0x67, 0xAF, 0x62, 0x7D, 0x01, 0x57, 0xE9, 0x4E, 0x36, 0xFE, 0x49,
    0xD1, 0xB5, 0xF0, 0xF8, 0xC5, 0xCB, 0xD4, 0x2F, 0x03, 0x58, 0x75, 0x84, 0xCD, 0x72, 0xDD, 0x44,
    0xC3, 0xAD, 0x79, 0x51, 0x82, 0x2E, 0x36, 0xE3, 0x4F, 0x5E, 0x88, 0x23, 0xD0, 0x72, 0x6C, 0x34,
    0xAB, 0x65, 0xFC, 0x43, 0x08, 0xBA, 0x38, 0xA0, 0x12, 0x8C, 0x25, 0xD2, 0xAE, 0xA7, 0x91, 0xD6,
    0x20, 0x1B, 0x74, 0x2A, 0x3B, 0x3E, 0x26, 0x1A, 0x04, 0x58, 0x5E, 0x82, 0x7D, 0x7B, 0x87, 0x85,
    0x41, 0x43, 0xF4, 0x2B, 0x4C, 0xB4, 0xBD, 0x4D, 0xB0, 0x9F, 0xB5, 0x93, 0x8A, 0xE1, 0xF3, 0x82,
    0xD9, 0x4F, 0xD2, 0x43, 0xCC, 0x8F, 0x10, 0x1F, 0xC3, 0x3B, 0x04, 0xAF, 0x26, 0x00, 0xBC, 0xB4,
    0x51, 0x86, 0xBE, 0x5C, 0x8A, 0x5E, 0x9B, 0xA4, 0xF7, 0x34, 0xDE, 0xE2, 0xF2, 0x69, 0x07, 0x40,
    0x58, 0x13, 0xAA, 0x0A, 0x72, 0x84, 0x2D, 0x35, 0x4F, 0x02, 0x0E, 0x5E, 0x74, 0x26, 0x43, 0xDD,
    0xFC, 0x64, 0xA3, 0xCD, 0xB2, 0xBB, 0xE9, 0xB9, 0xDD, 0x54, 0x4C, 0x61, 0xA0, 0x39, 0xE6, 0x3C,
    0x3A, 0x7F, 0xDA, 0x87, 0xE0, 0x15, 0x18, 0xD9, 0xA1, 0x09, 0xD3, 0xD5, 0x95, 0x7F, 0x75, 0x11,
    0x58, 0x79, 0xBB, 0xDC, 0x69, 0x99, 0xF3, 0x39, 0x26, 0xFD, 0xFC, 0x09, 0x4C, 0x3A, 0xA7, 0xFC,
    0x65, 0x26, 0x5D, 0x31, 0x37, 0x57, 0xF8, 0x09, 0x05, 0x8C, 0x45, 0xB0, 0x72, 0x86, 0x70, 0xD1,
    0x39, 0xDB, 0x62, 0xA2, 0xAC, 0x9D, 0x75, 0x4C, 0xED, 0xD5, 0xA5, 0x5D, 0x57, 0x08, 0xBF, 0x15,
    0xCF, 0xD7, 0x2F, 0x9A, 0xC8, 0x0E, 0xDE, 0xF1, 0xF0, 0x82, 0x32, 0xDD, 0x6B, 0x75, 0x62, 0xF0,
    0xB3, 0x76, 0xF4, 0x18, 0x13, 0x9D, 0x3A, 0x15, 0xB9, 0x68, 0xD2, 0xC5, 0xCF, 0x21, 0x37, 0x3A,
    0x16, 0xDF, 0xD9, 0x21, 0x34, 0x6A, 0xBE, 0xEE, 0x88, 0xC8, 0xA5, 0xCA, 0x98, 0xF4, 0xE4, 0x6A,
    0x3F, 0x3F, 0x5B, 0x96, 0xC9, 0x8D, 0x6A, 0xF9, 0xEE, 0x27, 0xA5, 0xC1, 0xAB, 0x2E, 0x60, 0xD9,
    0x33, 0x6D, 0x76, 0xC2, 0xF9, 0xD4, 0x2D, 0xFB, 0xD3, 0x2F, 0x4E, 0xF0, 0xDB, 0xEC, 0x6A, 0x3F,
    0x81, 0x79, 0x6E, 0x4F, 0xBE, 0x29, 0xBD, 0x8F, 0x32, 0xF7, 0xA5, 0x8D, 0xD7, 0xE1, 0xBF, 0x9A,
    0xF8, 0x46, 0xC1, 0x36, 0xFA, 0xFD, 0xC9, 0x42, 0x44, 0x44, 0x64, 0xED, 0x81, 0xE8, 0x25, 0x0B,
    0xCF, 0xD8, 0x5C, 0x2F, 0x5B, 0x8E, 0xC6, 0xCE, 0x38, 0x58, 0x1B, 0x2E, 0xEA, 0xEC, 0xCB, 0xE6,
    0xFC, 0x2A, 0xBF, 0x13, 0x59, 0xD1, 0x30, 0x13, 0x4A, 0x5D, 0xFE, 0xA8, 0xF4, 0xFF, 0x9D, 0x56,
    0x4D, 0x6C, 0xD4, 0x46, 0x14, 0x7E, 0xB6, 0x93, 0xB5, 0xBA, 0x16, 0xF1, 0x1E, 0x82, 0x84, 0x22,
    0xB2, 0xE6, 0xC0, 0xA1, 0x45, 0x9B, 0xF8, 0x02, 0xAA, 0x01, 0x7B, 0x3D, 0x29, 0x12, 0xED, 0x71,
    0x2B, 0x55, 0xE2, 0x90, 0x43, 0xA8, 0xC4, 0x85, 0x5E, 0xA0, 0xEA, 0x4A, 0x75, 0x21, 0xEC, 0x0E,
    0xC9, 0xA1, 0x87, 0x5E, 0x72, 0xE3, 0x58, 0x40, 0x54, 0xE2, 0x47, 0x6A, 0x0D, 0xB5, 0x44, 0xAA,
    0x42, 0x77, 0x50, 0x0E, 0x1C, 0x50, 0xA5, 0x91, 0x90, 0xCA, 0x01, 0xA9, 0x9A, 0xD2, 0x4A, 0x1C,
    0xAA, 0x2A, 0x23, 0xD8, 0x56, 0x69, 0xB3, 0x59, 0xF7, 0x8D, 0xBD, 0x4E, 0x97, 0x7F, 0x54, 0xCF,
    0x37, 0x2F, 0xE3, 0xCD, 0x9B, 0x99, 0xE7, 0xF7, 0xBE, 0xF7, 0x66, 0xB4, 0x0B, 0xE0, 0xA4, 0x74,
    0xDE, 0xE0, 0x09, 0x88, 0x16, 0x48, 0x9B, 0x48, 0x1F, 0x64, 0x04, 0xB2, 0x39, 0x84, 0x71, 0x8D,
    0x74, 0x0C, 0x6A, 0x19, 0xD4, 0x36, 0xE8, 0x94, 0x41, 0x7D, 0x83, 0x46, 0x06, 0x6D, 0x66, 0x88,
    0x4C, 0x5A, 0x9F, 0x23, 0xF6, 0x06, 0xE0, 0x53, 0x81, 0x46, 0x20, 0xA4, 0x23, 0xA4, 0xCE, 0xA5,
    0x49, 0xA5, 0x0D, 0xB2, 0x0A, 0x72, 0x32, 0x43, 0x15, 0x84, 0x7D, 0x86, 0x1B, 0x29, 0x41, 0x35,
    0xED, 0x12, 0xD8, 0x29, 0x0B, 0x74, 0x91, 0x6F, 0x14, 0x55, 0xE4, 0xC9, 0xAE, 0x6C, 0x11, 0x39,
    0x9F, 0xBF, 0x66, 0x28, 0x1D, 0x24, 0x61, 0x2A, 0xBD, 0xE3, 0x38, 0x8E, 0x23, 0x48, 0xA2, 0x4A,
    0x72, 0xB2, 0x9B, 0xB4, 0x48, 0x32, 0x8F, 0xE3, 0x02, 0x15, 0x18, 0x0F, 0x84, 0xEF, 0x08, 0x5F,
    0x67, 0xBE, 0x49, 0x7D, 0x1B, 0xFC, 0xC9, 0x0C, 0x55, 0xF0, 0x1D, 0x88, 0xAA, 0x3F, 0x75, 0xB7,
    0x77, 0x38, 0x6E, 0xD7, 0x38, 0x02, 0x71, 0x4A, 0x9A, 0x26, 0xF7, 0x35, 0xB5, 0x23, 0x1A, 0x33,
    0x06, 0xCA, 0x36, 0x6B, 0x46, 0x18, 0x8B, 0xCC, 0x58, 0x25, 0xFA, 0x06, 0x94, 0x2E, 0x40, 0x98,
    0x92, 0x1D, 0x26, 0x03, 0x1D, 0xA7, 0x88, 0x09, 0x22, 0x1D, 0x26, 0x0D, 0x26, 0x8C, 0x5B, 0xC2,
    0x58, 0x41, 0x1D, 0x6A, 0x0C, 0x74, 0xE8, 0x0E, 0x93, 0x83, 0x26, 0x00, 0xE4, 0xCE, 0x21, 0x6B,
    0x7D, 0x5D, 0xD6, 0x67, 0xA5, 0xDD, 0x8B, 0x71, 0xBB, 0xCC, 0x57, 0xCC, 0x32, 0xA9, 0xED, 0xC2,
    0x94, 0x45, 0x5E, 0xE1, 0xAB, 0x5F, 0x84, 0x7E, 0x9F, 0x99, 0x0B, 0x22, 0xF7, 0x55, 0x0E, 0x1C,
    0xA3, 0xAF, 0xF4, 0xDC, 0x57, 0x17, 0x60, 0x14, 0xDC, 0x94, 0x58, 0x30, 0x6F, 0x32, 0x0B, 0x12,
    0x9D, 0x5B, 0xD0, 0xD2, 0x50, 0x58, 0xA7, 0x51, 0xF8, 0x6A, 0xE4, 0x29, 0x11, 0x69, 0x42, 0x09,
    0x9C, 0x1B, 0x68, 0x7F, 0x1C, 0x03, 0x77, 0xE6, 0x4E, 0x0F, 0xB2, 0xA7, 0x58, 0xC0, 0x56, 0x0B,
    0xD8, 0x6A, 0x01, 0x1B, 0x5A, 0x4A, 0x58, 0x0B, 0x28, 0x7C, 0x35, 0xF2, 0x94, 0x88, 0xB4, 0x4C,
    0x08, 0x17, 0x02, 0xE8, 0xA7, 0xE0, 0x12, 0xF7, 0x0B, 0x35, 0xDD, 0xC6, 0xBE, 0x34, 0x8D, 0x22,
    0x55, 0xEB, 0x4D, 0x2C, 0x01, 0x1C, 0x05, 0x33, 0x15, 0x0E, 0x74, 0xA7, 0xD0, 0xCB, 0xD4, 0xC7,
    0x20, 0xDA, 0x44, 0xB9, 0x3E, 0x07, 0xBA, 0xFE, 0x26, 0xF8, 0x80, 0x86, 0x7D, 0xE7, 0x9B, 0x69,
    0xCF, 0x86, 0x1B, 0x6A, 0x91, 0xD7, 0x9B, 0xA2, 0x9F, 0xF6, 0xED, 0xF5, 0xDE, 0xE4, 0xD4, 0x8D,
    0xDC, 0xF0, 0xD2, 0x85, 0x28, 0x4C, 0xC5, 0xE1, 0x3C, 0x24, 0x1A, 0x86, 0x44, 0xB8, 0x18, 0x0F,
    0x15, 0x12, 0xBE, 0x19, 0x12, 0x7C, 0xCA, 0x23, 0x22, 0x5C, 0x15, 0xDE, 0xB7, 0x42, 0xF9, 0x74,
    0x66, 0x29, 0x58, 0xED, 0x39, 0x6B, 0xB8, 0xC5, 0x94, 0x49, 0xA7, 0x6C, 0x78, 0x0E, 0x90, 0x58,
    0x1A, 0x71, 0x53, 0x81, 0x2C, 0x3E, 0x2E, 0x31, 0x2A, 0x80, 0x22, 0x7E, 0x8E, 0xC8, 0xFE, 0xE1,
    0xC1, 0x1A, 0x86, 0xAC, 0xD1, 0x9F, 0x23, 0x96, 0xFC, 0xB5, 0xFF, 0xFF, 0x1C, 0xEA, 0xA0, 0x43,
    0xFF, 0xFE, 0x1E, 0x1D, 0xDA, 0xBE, 0x37, 0x58, 0xA0, 0xA0, 0x3F, 0x12, 0x27, 0x81, 0x38, 0x2E,
    0x90, 0x28, 0xA6, 0xC7, 0xF5, 0x46, 0x6C, 0x49, 0xC5, 0xA3, 0xD2, 0x41, 0xEA, 0xA6, 0xD2, 0xDF,
    0x9D, 0x34, 0x21, 0x8A, 0x87, 0x80, 0xAF, 0x3E, 0x44, 0xD3, 0x8D, 0xC8, 0xEA, 0x46, 0xB9, 0x39,
    0x45, 0xFA, 0x4A, 0x4C, 0x5F, 0x8B, 0xAA, 0xF4, 0xF5, 0x0A, 0x62, 0x06, 0x20, 0x5D, 0x22, 0x95,
    0x6B, 0x8E, 0xC2, 0xA7, 0x29, 0x6B, 0xEB, 0x62, 0x38, 0xC9, 0x9E, 0x42, 0xE9, 0x2B, 0x45, 0xF0,
    0x44, 0x23, 0x09, 0x40, 0x9B, 0x80, 0xB5, 0x01, 0x95, 0x63, 0x48, 0x5B, 0xD6, 0xD4, 0x79, 0x53,
    0x67, 0xA7, 0x66, 0x99, 0xDB, 0x1F, 0x30, 0xF7, 0x45, 0x2B, 0x60, 0x1E, 0x84, 0x45, 0x1E, 0xBC,
    0x4C, 0x0D, 0x69, 0x36, 0xCB, 0xAC, 0x8C, 0xE0, 0x98, 0x9F, 0x98, 0x4C, 0x39, 0x2A, 0x2F, 0xB6,
    0x6D, 0x78, 0x4A, 0x19, 0xC6, 0x43, 0xE2, 0x79, 0x90, 0xA1, 0xE2, 0x79, 0xF3, 0x9E, 0xB7, 0xE1,
    0xED, 0xBB, 0xE3, 0xED, 0x5F, 0x5C, 0x0E, 0xB5, 0xB5, 0x00, 0xD6, 0x3C, 0x40, 0xCF, 0xEC, 0x04,
    0xF0, 0x72, 0x94, 0xC1, 0x7B, 0xA5, 0xFE, 0xB8, 0x06, 0xC8, 0x49, 0x8D, 0xFB, 0xF6, 0x02, 0xAF,
    0x39, 0x2B, 0x6C, 0x72, 0x7A, 0x85, 0x55, 0xBD, 0xBB, 0x74, 0x6C, 0xF7, 0x43, 0x6A, 0x1F, 0xBF,
    0x4E, 0xAC, 0xF8, 0x24, 0x58, 0x3C, 0x04, 0x93, 0xB9, 0x60, 0xB0, 0xAA, 0xB2, 0x1B, 0x73, 0x01,
    0x90, 0x75, 0x1A, 0x57, 0x7D, 0x7C, 0x14, 0x8B, 0x90, 0xAD, 0xFA, 0x01, 0x56, 0x73, 0x16, 0x29,
    0xCE, 0xA7, 0x93, 0x7B, 0xEF, 0x92, 0xB1, 0xE6, 0x43, 0x32, 0x16, 0x5F, 0x07, 0x5B, 0x14, 0xF3,
    0xEB, 0xD8, 0xA7, 0x5F, 0x33, 0x27, 0x60, 0x1C, 0x1A, 0x5E, 0x16, 0xCE, 0xA7, 0xE0, 0x67, 0xA1,
    0xDD, 0x7F, 0x46, 0xEC, 0x49, 0xA9, 0xE2, 0x0A, 0x6D, 0x84, 0x02, 0xF9, 0x24, 0xB0, 0x86, 0xA3,
    0x74, 0x98, 0x98, 0xA6, 0xC5, 0xAB, 0x26, 0xEA, 0xB3, 0xCC, 0x2E, 0x0A, 0x2F, 0x72, 0x25, 0xC0,
    0x2F, 0x05, 0xA8, 0x63, 0x6E, 0xFF, 0x06, 0x5A, 0x0A, 0x60, 0x65, 0x19, 0xA6, 0xF3, 0xBD, 0x45,
    0x80, 0x5F, 0x8F, 0x52, 0xC3, 0x18, 0xD4, 0xCF, 0x9D, 0x2A, 0x59, 0x15, 0x4A, 0x29, 0x0B, 0x7F,
    0x67, 0xCB, 0x3A, 0x93, 0x19, 0x6E, 0xBE, 0xC3, 0xDC, 0x07, 0xEC, 0xF5, 0x2B, 0xC1, 0x10, 0x54,
    0xC9, 0x09, 0xB1, 0xF4, 0x38, 0x68, 0x27, 0x45, 0xCF, 0xFF, 0x07, 0x93, 0x82, 0x4D, 0xDE, 0x6A,
    0x81, 0xBB, 0x06, 0x45, 0x5E, 0xF9, 0x76, 0x2A, 0x5F, 0x7E, 0xAC, 0x64, 0xA4, 0x8C, 0x07, 0x38,
    0x1C, 0x47, 0x49, 0x12, 0xB5, 0xFB, 0xD1, 0x28, 0x66, 0x52, 0x8C, 0xB3, 0xDC, 0x43, 0xC2, 0xCA,
    0xFC, 0x99, 0x7D, 0x91, 0x0C, 0x53, 0xFE, 0xCA, 0x2F, 0xC2, 0x6A, 0xEF, 0x99, 0xCC, 0x73, 0xC0,
    0x9B, 0x87, 0xBD, 0x7D, 0x08, 0xEF, 0xB3, 0x30, 0x3B, 0x65, 0x86, 0x83, 0x35, 0xE0, 0x09, 0xF6,
    0x2B, 0x6C, 0x1C, 0x3D, 0xEE, 0xA3, 0xED, 0xFE, 0xA8, 0xC1, 0x6A, 0x78, 0x9A, 0xD6, 0xDC, 0x77,
    0xE9, 0xE4, 0xFE, 0xCF, 0xC9, 0x96, 0x3D, 0x77, 0x60, 0x2C, 0xBE, 0x0F, 0x63, 0x62, 0x15, 0x6C,
    0xDE, 0xC2, 0xA0, 0x04, 0xA8, 0x15, 0x28, 0xC7, 0xB6, 0x53, 0x68, 0x58, 0xD9, 0x27, 0x6B, 0xFC,
    0xA3, 0x19, 0xD1, 0x39, 0x2D, 0x62, 0x0D, 0xC1, 0x31, 0x33, 0xEB, 0x73, 0xD4, 0x1E, 0x94, 0x25,
    0x65, 0x70, 0x3B, 0xE5, 0x8D, 0xDC, 0x4B, 0x2F, 0xD6, 0x2C, 0xCD, 0x90, 0x70, 0x85, 0x45, 0x06,
    0x4B, 0x10, 0x26, 0x0B, 0x1C, 0xE6, 0xA4, 0x4C, 0x3B, 0xC0, 0x9E, 0xF0, 0x2D, 0xA6, 0x4D, 0xFD,
    0xAC, 0x23, 0xF3, 0x6C, 0xF7, 0x20, 0x94, 0xE5, 0xB3, 0x2A, 0xCE, 0xFF, 0x5C, 0x76, 0xFB, 0x13,
    0x24, 0x95, 0x64, 0x19, 0xBF, 0xE1, 0xA9, 0x36, 0x8A, 0xBA, 0x27, 0xD1, 0x77, 0xE7, 0x70, 0x76,
    0x88, 0x7F, 0x47, 0x06, 0x4C, 0xC2, 0x5A, 0x87, 0x2F, 0x68, 0x55, 0xB6, 0xEE, 0xCB, 0xFB, 0xAE,
    0xCB, 0xB4, 0x93, 0xE2, 0x88, 0xA0, 0xC3, 0x77, 0x5D, 0x61, 0x6A, 0x5C, 0x22, 0x30, 0xC9, 0x77,
    0xDD, 0xE0, 0x1D, 0x8C, 0x4B, 0x85, 0xC0, 0xC7, 0x6C, 0xD7, 0xBA, 0xFA, 0xFD, 0xC8, 0x7C, 0xAD,
    0x36, 0xF2, 0xE6, 0xB6, 0x60, 0xFB, 0x64, 0xCD, 0xEE, 0x69, 0x4B, 0xDB, 0x5A, 0x41, 0x96, 0x8F,
    0x67, 0xA1, 0xDD, 0x27, 0x27, 0x52, 0xDE, 0x3C, 0x27, 0x9A, 0x67, 0x45, 0xF3, 0x3C, 0x3F, 0xB1,
    0x4E, 0xF1, 0x97, 0xE6, 0x79, 0x7C, 0x95, 0x39, 0x3E, 0x7B, 0x28, 0xDA, 0x29, 0xDD, 0x2A, 0x94,
    0xB2, 0x2A, 0x3E, 0xB2, 0x78, 0xBA, 0x2D, 0x68, 0x8C, 0x0C, 0x9D, 0xC2, 0xCF, 0xA0, 0xEB, 0x90,
    0x96, 0xCD, 0x33, 0x5F, 0x77, 0x36, 0xA6, 0x3F, 0xC0, 0x82, 0x9F, 0x35, 0x9B, 0x58, 0xF0, 0x54,
    0x5B, 0x32, 0xD0, 0x75, 0x5B, 0xA1, 0xC3, 0xDE, 0x17, 0x20, 0x34, 0x6E, 0xE0, 0x31, 0x31, 0xF6,
    0x4C, 0xC3, 0x79, 0xD9, 0x62, 0x61, 0x6F, 0x6B, 0x57, 0xE3, 0x3A, 0x53, 0xCD, 0x18, 0xFC, 0x1D,
    0x6A, 0xBF, 0x01, 0xB2, 0xFF, 0x45, 0x4E, 0xDF, 0x6C, 0x50, 0x56, 0xF7, 0x25, 0xEE, 0xC5, 0xA2,
    0x89, 0x00, 0xE1, 0x81, 0x08, 0xA9, 0x28, 0x13, 0x91, 0x51, 0xEF, 0xB9, 0x80, 0xF2, 0xE5, 0xFA,
    0xE5, 0xE3, 0xB0, 0xEF, 0x8E, 0x73, 0x0A, 0xE0, 0x70, 0x8C, 0xCF, 0x38, 0xFC, 0x80, 0xE7, 0xBD,
    0x7B, 0xB1, 0xB3, 0x36, 0xD2, 0x80, 0x76, 0x17, 0xAE, 0x7A, 0x90, 0xD4, 0xA1, 0xD6, 0x86, 0x37,
    0xD0, 0xDC, 0x0E, 0xAB, 0x92, 0x2D, 0x98, 0x8D, 0x6D, 0x1E, 0x23, 0x27, 0x46, 0x31, 0xD6, 0xE7,
    0x58, 0x48, 0x47, 0x40, 0xA7, 0x16, 0x6D, 0x41, 0x5C, 0x54, 0x17, 0x86, 0x49, 0x9D, 0x74, 0xE5,
    0xB5, 0x5E, 0x8C, 0xB8, 0xDA, 0x93, 0x51, 0x43, 0xD6, 0x0F, 0x0D, 0xEA, 0xB6, 0x7E, 0x11, 0x15,
    0xF0, 0x42, 0xC4, 0x12, 0x8D, 0x4B, 0x4D, 0x48, 0x50, 0xF4, 0x8C, 0x0C, 0x5E, 0x9F, 0xA5, 0x56,
    0xCE, 0x4D, 0x55, 0x45, 0x60, 0x19, 0x0B, 0x8E, 0xA1, 0x92, 0x2C, 0xD1, 0x59, 0x68, 0x30, 0x4C,
    0x14, 0x6D, 0x8E, 0xE4, 0x87, 0x3D, 0x6C, 0xD6, 0x9C, 0x0F, 0x97, 0x1E, 0xA5, 0xDD, 0xC7, 0x3F,
    0x46, 0x8F, 0x59, 0xF4, 0x48, 0x44, 0x32, 0xC1, 0x93, 0xB1, 0x19, 0x41, 0xB7, 0x7E, 0x48, 0xE6,
    0x19, 0x5C, 0x9E, 0xC0, 0xA5, 0x58, 0xF3, 0x01, 0x8F, 0xF1, 0x2E, 0x9A, 0x01, 0x07, 0x78, 0x56,
    0x07, 0x3A, 0x77, 0x16, 0xF8, 0x60, 0xAD, 0x8C, 0xEC, 0xFA, 0x37, 0x14, 0xCB, 0x1E, 0xBA, 0x10,
    0x4F, 0xBD, 0x18, 0x6F, 0xBF, 0xD3, 0xAA, 0x14, 0x24, 0x3E, 0xD4, 0xBF, 0x26, 0x16, 0x12, 0x90,
    0x80, 0x79, 0x8D, 0x95, 0xDE, 0x66, 0x66, 0xAA, 0xD4, 0xE6, 0x33, 0x35, 0x69, 0xD3, 0x81, 0x5A,
    0xAD, 0x50, 0x03, 0xE5, 0x82, 0xDD, 0x58, 0xB2, 0x2E, 0xA9, 0xBB, 0x41, 0xD5, 0x60, 0x23, 0x5A,
    0x7E, 0x4F, 0x14, 0x4A, 0xEA, 0xBC, 0x8A, 0x87, 0x57, 0x91, 0xA9, 0x6A, 0x67, 0x95, 0x0F, 0xB4,
    0x3C, 0x61, 0xD0, 0x30, 0x5D, 0xA4, 0xC9, 0xDD, 0x15, 0x1A, 0x1B, 0x2B, 0xF8, 0xD9, 0x79, 0x8F,
    0x8D, 0xDB, 0x34, 0x31, 0x6E, 0x93, 0xC0, 0x58, 0x05, 0x67, 0x71, 0x6D, 0x73, 0x96, 0x9E, 0xD9,
    0x7B, 0x65, 0xC8, 0x5E, 0xA0, 0x52, 0x17, 0x31, 0x16, 0x7A, 0x21, 0xC2, 0xBF, 0x84, 0x13, 0xD2,
    0xA2, 0x16, 0xE2, 0xE6, 0xBC, 0x3C, 0xCB, 0x42, 0x24, 0xBF, 0x84, 0xB8, 0x99, 0x9D, 0x18, 0x35,
    0x88, 0xC7, 0x20, 0xC1, 0x1B, 0xA2, 0x49, 0x9C, 0x45, 0x96, 0xD7, 0x82, 0x06, 0x16, 0x03, 0x89,
    0xD5, 0x40, 0x26, 0xAA, 0x9B, 0xB7, 0x64, 0xE0, 0xDC, 0x93, 0x4E, 0xDA, 0x97, 0x58, 0x12, 0x24,
    0xEE, 0xF6, 0x64, 0x57, 0xF5, 0x18, 0x23, 0xD9, 0x56, 0xF7, 0xDF, 0xC7, 0xEF, 0x11, 0xF9, 0xF8,
    0x67, 0x29, 0xCD, 0xF5, 0x3F, 0x97, 0xAB, 0x9F, 0x7C, 0x19, 0xAE, 0x55, 0xA0, 0x84, 0x29, 0xF8,
    0x2F, 0x6D, 0x8C, 0xB1, 0x0D, 0xC2, 0x30, 0x14, 0x44, 0x9F, 0xED, 0xC2, 0xA2, 0xF2, 0x12, 0xB4,
    0x0E, 0x0B, 0x18, 0xE4, 0xD1, 0xE8, 0x69, 0x18, 0x26, 0x45, 0x8A, 0x28, 0xF6, 0x06, 0x58, 0x62,
    0x01, 0x2F, 0x80, 0xE4, 0x9E, 0x14, 0xF9, 0x98, 0x94, 0x39, 0xDD, 0xAB, 0xEE, 0xE9, 0x78, 0x02,
    0xA3, 0xE0, 0x85, 0x13, 0x3D, 0x33, 0x8E, 0x2B, 0x03, 0x17, 0x02, 0x2E, 0x4E, 0xD8, 0xDC, 0x30,
    0xEF, 0x02, 0xDF, 0x0C, 0x49, 0x84, 0xDB, 0xEE, 0x1F, 0xA0, 0xEE, 0xE8, 0xDA, 0x1F, 0xCF, 0xFF,
    0x33, 0x26, 0x5A, 0x50, 0x35, 0xE8, 0xE2, 0x4D, 0x76, 0x52, 0x1B, 0xED, 0x03, 0xF3, 0x42, 0x7F,
    0x60, 0xFD, 0xCD, 0x22, 0xAB, 0x46, 0xCA, 0x2C, 0xB0, 0x01, 0x7D, 0x50, 0x3B, 0x6E, 0xC3, 0x30,
    0x14, 0xA3, 0x23, 0x14, 0x1A, 0x0C, 0x58, 0x53, 0xC7, 0x38, 0xAB, 0x07, 0x29, 0xE9, 0xA0, 0xC1,
    0x28, 0x1E, 0x60, 0x6F, 0x5D, 0x73, 0x98, 0x0C, 0x19, 0x7D, 0x94, 0x1E, 0x21, 0x83, 0xF6, 0xE8,
    0x08, 0xEA, 0x0D, 0x7C, 0x04, 0x0F, 0x1E, 0x13, 0xB8, 0xB4, 0xD1, 0xA0, 0x85, 0x8B, 0xF6, 0x89,
    0x22, 0x88, 0x27, 0xBE, 0x0F, 0x84, 0xE3, 0x2A, 0x80, 0x97, 0x68, 0x60, 0xF0, 0x1A, 0x9F, 0xF0,
    0xD7, 0x79, 0x3E, 0x36, 0x03, 0xD0, 0x4C, 0xF7, 0x05, 0x8C, 0xE1, 0x37, 0x5B, 0x39, 0x87, 0x50,
    0x96, 0x4E, 0xFC, 0x42, 0xB6, 0x92, 0x9A, 0x89, 0x31, 0x0C, 0xA5, 0x2B, 0x9D, 0x13, 0xA9, 0xBD,
    0xFF, 0x52, 0xE2, 0x3D, 0xD8, 0xEE, 0x07, 0x9A, 0x29, 0x12, 0xAB, 0xE4, 0x37, 0xDE, 0x1F, 0xF8,
    0xB7, 0x6A, 0xDD, 0xE4, 0x51, 0x75, 0x68, 0xAF, 0x71, 0x4A, 0xD7, 0x78, 0x68, 0xC3, 0x26, 0xE5,
    0xED, 0x4D, 0x0D, 0x26, 0x2E, 0x6A, 0x97, 0x54, 0x04, 0x4E, 0x97, 0x1C, 0xF4, 0xD7, 0x05, 0xB9,
    0xAF, 0x65, 0xD1, 0x67, 0xCC, 0x79, 0xF6, 0xC0, 0xEE, 0xA3, 0x27, 0x63, 0x36, 0x02, 0xFA, 0x6D,
    0xD4, 0x23, 0x4C, 0xB1, 0xDD, 0x5A, 0x38, 0x6B, 0xA4, 0x80, 0xD8, 0x9C, 0x85, 0x97, 0x45, 0xF7,
    0x73, 0x5E, 0x45, 0x4D, 0x4F, 0xD6, 0x29, 0xFE, 0xE9, 0x1E, 0xC2, 0x6B, 0x58, 0x9C, 0x75, 0x15,
    0x1C, 0x95, 0xEE, 0x54, 0xD2, 0x9D, 0xA1, 0xAE, 0xD8, 0x2E, 0x70, 0x20, 0x36, 0x11, 0xAA, 0xE3,
    0x13, 0x4A, 0xD0, 0x8E, 0xD3, 0xBC, 0x7A, 0x96, 0xE6, 0x81, 0x5C, 0x8B, 0x3B, 0x59, 0xA0, 0x06,
    0x3E, 0x01, 0xB5, 0x8E, 0xA1, 0x11, 0xC3, 0x30, 0x10, 0x04, 0x2F, 0x36, 0x30, 0xF8, 0x99, 0xD8,
    0x05, 0x78, 0x46, 0x29, 0x40, 0x13, 0x91, 0x07, 0x0F, 0x34, 0x91, 0x4B, 0x7A, 0x20, 0x9E, 0xF4,
    0x13, 0x22, 0x90, 0x02, 0x52, 0xC2, 0x97, 0xA0, 0x12, 0x04, 0x0C, 0x0C, 0x02, 0x62, 0xD3, 0xF0,
    0x1C, 0x3A, 0x70, 0xB3, 0xB7, 0x64, 0x31, 0xB3, 0xA8, 0x57, 0xCF, 0x12, 0x33, 0x19, 0x5A, 0xDF,
    0xA8, 0xCC, 0xCA, 0x7A, 0xFF, 0x40, 0xA1, 0xE3, 0x3A, 0x63, 0x46, 0x30, 0xBC, 0x20, 0x53, 0x0E,
    0x76, 0x5A, 0xC7, 0xC5, 0x23, 0x55, 0x16, 0xF6, 0x51, 0xA8, 0xA6, 0x63, 0x55, 0xBB, 0x77, 0xFF,
    0x18, 0x40, 0x38, 0x83, 0xAA, 0xB0, 0x48, 0x68, 0xD7, 0x35, 0xEF, 0xC5, 0xD5, 0xD1, 0x24, 0xAB,
    0x48, 0x74, 0x1B, 0x72, 0x57, 0x6F, 0x0B, 0xFD, 0xFC, 0x51, 0x7A, 0x0E, 0x47, 0x9C, 0x5D, 0xCA,
    0x4E, 0x6A, 0xC3, 0xDB, 0x21, 0x22, 0x6D, 0xC1, 0xA6, 0x82, 0xB2, 0xFB, 0x14, 0xF0, 0xA4, 0xE9,
    0xEF, 0x5E, 0x5F, 0x4D, 0x8E, 0xCB, 0x0D, 0xC2, 0x30, 0x10, 0x44, 0x9F, 0x1D, 0x44, 0x84, 0x72,
    0x70, 0x01, 0x91, 0x68, 0x81, 0x06, 0x12, 0x39, 0xA5, 0xD0, 0x09, 0x29, 0x81, 0x72, 0xB8, 0x6D,
    0x4A, 0x48, 0x09, 0x2E, 0x21, 0x07, 0x1F, 0x82, 0x64, 0xB2, 0xAC, 0xC5, 0x05, 0xE9, 0x69, 0x35,
    0x9A, 0xD9, 0x1F, 0xFD, 0x8E, 0x14, 0x97, 0x4F, 0xCD, 0x42, 0xD4, 0x64, 0xB4, 0xB3, 0x89, 0xC5,
    0x30, 0xA7, 0x59, 0xB1, 0x08, 0xF9, 0xD0, 0xBF, 0xA3, 0x16, 0x83, 0x81, 0xCA, 0x98, 0x88, 0xC9,
    0x1F, 0x84, 0xC2, 0xE5, 0x5F, 0xFF, 0xD2, 0x81, 0xF3, 0x31, 0x75, 0xBA, 0x3A, 0xBF, 0x41, 0xA5,
    0x0E, 0xDE, 0x26, 0xBF, 0xDB, 0xE6, 0x12, 0xE0, 0x0A, 0x56, 0xC3, 0x7C, 0x6F, 0x35, 0x3B, 0x49,
    0xA2, 0xD9, 0xA8, 0x6E, 0x87, 0xE8, 0x26, 0x9A, 0x6A, 0xFC, 0xB0, 0xBF, 0x90, 0x27, 0x63, 0xED,
    0xC4, 0x27, 0x78, 0xD9, 0x5D, 0xBE, 0x8D, 0x91, 0xBD, 0x4E, 0xC3, 0x30, 0x14, 0x85, 0xBF, 0x34,
    0x88, 0x0E, 0x46, 0xCD, 0xC2, 0x56, 0x41, 0x57, 0x06, 0x7E, 0x96, 0x0E, 0x95, 0x30, 0x6A, 0x78,
    0x17, 0x36, 0x06, 0x96, 0x0E, 0x19, 0x10, 0xC9, 0x23, 0xF4, 0x51, 0x10, 0x62, 0x60, 0x40, 0x4A,
    0xD4, 0x27, 0x88, 0xC4, 0x0B, 0x78, 0x63, 0xCD, 0x90, 0xA1, 0x12, 0x25, 0xE6, 0x38, 0x2D, 0x88,
    0x05, 0x09, 0xF9, 0xD8, 0xBA, 0x3E, 0x3E, 0xF7, 0xDE, 0x63, 0xDB, 0x74, 0x24, 0xBE, 0xDA, 0xDB,
    0x6F, 0xE0, 0x19, 0x6C, 0x54, 0xDE, 0x0F, 0xFD, 0x66, 0x52, 0xBC, 0x9E, 0x63, 0xED, 0x0E, 0x99,
    0xA5, 0xBD, 0x88, 0x1B, 0xC9, 0x06, 0x1D, 0x4C, 0x80, 0x79, 0x0A, 0x97, 0x15, 0x3C, 0xD5, 0xE0,
    0x1C, 0x51, 0xDD, 0x10, 0x57, 0x19, 0xC3, 0xC2, 0x62, 0x38, 0x23, 0xE1, 0x58, 0x23, 0xE1, 0x14,
    0x93, 0x5A, 0xB1, 0xB9, 0xF7, 0x55, 0xE9, 0x7D, 0x3D, 0xF7, 0x5E, 0xB0, 0x24, 0xFF, 0x47, 0xE9,
    0xDB, 0xDC, 0xB7, 0x57, 0xA8, 0x1A, 0xA6, 0x20, 0x56, 0x43, 0x39, 0xCD, 0x40, 0xD4, 0x0B, 0x51,
    0xE8, 0x4B, 0x92, 0xAA, 0x1B, 0x16, 0x24, 0x16, 0xBC, 0x77, 0x42, 0x7F, 0x1D, 0xC7, 0xA0, 0x22,
    0x2E, 0x42, 0xF2, 0x56, 0xB1, 0x08, 0xE9, 0x51, 0x1D, 0xB2, 0x0C, 0x8C, 0x90, 0x45, 0x66, 0xAA,
    0xB7, 0xC9, 0xFA, 0x0E, 0x81, 0xE1, 0x88, 0x9E, 0x0E, 0x72, 0xA6, 0x9A, 0x8F, 0x84, 0xA4, 0xB1,
    0x8A, 0x95, 0xD7, 0x35, 0xB7, 0x2B, 0x55, 0x7C, 0x2B, 0x88, 0xDE, 0xF5, 0x06, 0x1F, 0x3A, 0xCA,
    0xE9, 0xCD, 0x70, 0xA8, 0x0A, 0xAB, 0x76, 0xEE, 0x3F, 0x17, 0x76, 0x24, 0x28, 0xD0, 0x96, 0x87,
    0xA8, 0x8B, 0x5D, 0x5C, 0xFD, 0x35, 0x86, 0x55, 0x52, 0x78, 0xD6, 0x98, 0xFA, 0x64, 0xB2, 0x9E,
    0xD9, 0xBC, 0x99, 0x0E, 0xEB, 0xDF, 0x31, 0x03, 0xB6, 0x46, 0x77, 0x97, 0xFA, 0xF6, 0xBF, 0xDD,
    0x26, 0xBD, 0xE1, 0x03, 0x35, 0x8F, 0x96, 0xDC, 0x39, 0xD3, 0xE1, 0x97, 0x6C, 0x08, 0xAB, 0xE9,
    0x52, 0x31, 0x41, 0xCA, 0x4E, 0x7C, 0xA3, 0xF7, 0x29, 0x18, 0xEB, 0x07, 0x73, 0x47, 0xEC, 0xB4,
    0x2A, 0x2E, 0x97, 0x88, 0xFF, 0xD1, 0x7C, 0x01, 0x8D, 0x50, 0x41, 0x0A, 0x80, 0x30, 0x0C, 0xCB,
    0x6D, 0x07, 0x1F, 0xE1, 0x07, 0x84, 0x5D, 0x3D, 0x74, 0x9B, 0xCF, 0xDA, 0x41, 0xD0, 0x87, 0x57,
    0x30, 0xED, 0x14, 0xBD, 0x38, 0x84, 0x26, 0x90, 0x95, 0x24, 0x65, 0x41, 0xC3, 0x11, 0x75, 0x3C,
    0x12, 0x32, 0x56, 0x08, 0x2A, 0xB1, 0x69, 0x51, 0x43, 0xBD, 0x74, 0x0F, 0x41, 0x25, 0xAA, 0x24,
    0xD0, 0x4C, 0x4D, 0xAB, 0x70, 0xB8, 0xF8, 0x9A, 0xA0, 0x33, 0x68, 0x40, 0xA2, 0xF7, 0xE9, 0x6B,
    0xE8, 0x77, 0x95, 0xA5, 0x62, 0x60, 0x9F, 0x37, 0x8E, 0xD6, 0x99, 0xE1, 0x11, 0xBE, 0xF7, 0xA3,
    0xC5, 0xC9, 0xE4, 0x6F, 0xB2, 0xBC, 0x09, 0x1E, 0x08, 0x4B, 0x6C, 0x57, 0xB5, 0xCE, 0xF6, 0x13,
    0x37, 0xD7, 0xD7, 0x7B, 0x8F, 0x93, 0x73, 0xDC, 0x8D, 0x87, 0xE5, 0x04,
};

static const EpdGlyph ubuntu_10_regularGlyphs[] = {
    { 0, 0, 0, 0, 0, 0, 0 }, // U+0000
    { 0, 0, 0, 0, 0, 0, 0 }, // U+0008
    { 0, 0, 77, 0, 0, 0, 0 }, // U+0009
    { 0, 0, 77, 0, 0, 0, 0 }, // U+000D
    { 0, 0, 0, 0, 0, 0, 0 }, // U+001D
    { 0, 0, 77, 0, 0, 0, 0 }, // U+0020
    { 4, 15, 92, 1, 15, 15, 0 }, // !
    { 7, 5, 139, 1, 16, 9, 15 }, // "
    { 12, 15, 222, 1, 15, 45, 24 }, // #
    { 10, 19, 188, 1, 16, 48, 69 }, // $
    { 16, 15, 286, 1, 15, 60, 117 }, // %
    { 14, 15, 222, 0, 15, 53, 177 }, // &
    { 3, 5, 80, 1, 16, 4, 230 }, // '
    { 6, 20, 108, 1, 16, 30, 234 }, // (
    { 6, 20, 108, 0, 16, 30, 264 }, // )
    { 10, 8, 160, 0, 15, 20, 294 }, // *
    { 10, 10, 188, 1, 11, 25, 314 }, // +
    { 4, 5, 82, 0, 2, 5, 339 }, // ,
    { 6, 2, 100, 0, 7, 3, 344 }, // -
    { 3, 3, 82, 1, 3, 3, 347 }, // .
    { 10, 20, 128, -1, 16, 50, 350 }, // /
    { 10, 15, 188, 1, 15, 38, 400 }, // 0
    { 7, 15, 188, 1, 15, 27, 438 }, // 1
    { 10, 15, 188, 1, 15, 38, 465 }, // 2
    { 10, 15, 188, 1, 15, 38, 503 }, // 3
    { 11, 15, 188, 0, 15, 42, 541 }, // 4
    { 10, 15, 188, 1, 15, 38, 583 }, // 5
    { 10, 15, 188, 1, 15, 38, 621 }, // 6
    { 10, 15, 188, 1, 15, 38, 659 }, // 7
    { 10, 15, 188, 1, 15, 38, 697 }, // 8
    { 10, 15, 188, 1, 15, 38, 735 }, // 9
    { 3, 11, 82, 1, 11, 9, 773 }, // :
    { 4, 14, 82, 0, 11, 14, 782 }, // ;
    { 10, 9, 188, 1, 11, 23, 796 }, // <
    { 10, 7, 188, 1, 10, 18, 819 }, // =
    { 10, 9, 188, 1, 11, 23, 837 }, // >
    { 8, 15, 135, 0, 15, 30, 860 }, // ?
    { 18, 20, 317, 1, 16, 90, 890 }, // @
    { 14, 15, 221, 0, 15, 53, 980 }, // A
    { 12, 15, 214, 1, 15, 45, 1033 }, // B
    { 12, 15, 207, 1, 15, 45, 1078 }, // C
    { 13, 15, 238, 1, 15, 49, 1123 }, // D
    { 11, 15, 190, 1, 15, 42, 1172 }, // E
    { 10, 15, 179, 1, 15, 38, 1214 }, // F
    { 12, 15, 224, 1, 15, 45, 1252 }, // G
    { 12, 15, 235, 1, 15, 45, 1297 }, // H
    { 3, 15, 90, 1, 15, 12, 1342 }, // I
    { 9, 15, 167, 0, 15, 34, 1354 }, // J
    { 13, 15, 210, 1, 15, 49, 1388 }, // K
    { 10, 15, 173, 1, 15, 38, 1437 }, // L
    { 16, 15, 290, 1, 15, 60, 1475 }, // M
    { 13, 15, 243, 1, 15, 49, 1535 }, // N
    { 15, 15, 259, 1, 15, 57, 1584 }, // O
    { 12, 15, 203, 1, 15, 45, 1641 }, // P
    { 15, 19, 259, 1, 15, 72, 1686 }, // Q
    { 12, 15, 210, 1, 15, 45, 1758 }, // R
    { 11, 15, 177, 0, 15, 42, 1803 }, // S
    { 12, 15, 188, 0, 15, 45, 1845 }, // T
    { 12, 15, 229, 1, 15, 45, 1890 }, // U
    { 14, 15, 219, 0, 15, 53, 1935 }, // V
    { 19, 15, 310, 0, 15, 72, 1988 }, // W
    { 13, 15, 210, 0, 15, 49, 2060 }, // X
    { 13, 15, 199, 0, 15, 49, 2109 }, // Y
    { 12, 15, 191, 0, 15, 45, 2158 }, // Z
    { 5, 20, 110, 2, 16, 25, 2203 }, // [
    { 10, 20, 128, -1, 16, 50, 2228 }, // <backslash>
    { 5, 20, 110, 0, 16, 25, 2278 }, // ]
    { 11, 8, 188, 0, 15, 22, 2303 }, // ^
    { 12, 2, 164, -1, -2, 6, 2325 }, // _
    { 5, 4, 125, 1, 16, 5, 2331 }, // `
    { 10, 11, 174, 0, 11, 28, 2336 }, // a
    { 11, 16, 196, 1, 16, 44, 2364 }, // b
    { 9, 11, 155, 1, 11, 25, 2408 }, // c
    { 10, 16, 196, 1, 16, 40, 2433 }, // d
    { 10, 11, 186, 1, 11, 28, 2473 }, // e
    { 8, 16, 129, 1, 16, 32, 2501 }, // f
    { 10, 15, 193, 1, 11, 38, 2533 }, // g
    { 10, 16, 190, 1, 16, 40, 2571 }, // h
    { 3, 16, 84, 1, 16, 12, 2611 }, // i
    { 6, 20, 84, -2, 16, 30, 2623 }, // j
    { 10, 16, 174, 1, 16, 40, 2653 }, // k
    { 5, 16, 91, 1, 16, 20, 2693 }, // l
    { 16, 11, 287, 1, 11, 44, 2713 }, // m
    { 10, 11, 191, 1, 11, 28, 2757 }, // n
    { 11, 11, 197, 1, 11, 31, 2785 }, // o
    { 11, 15, 196, 1, 11, 42, 2816 }, // p
    { 10, 15, 196, 1, 11, 38, 2858 }, // q
    { 7, 11, 129, 1, 11, 20, 2896 }, // r
    { 9, 11, 149, 0, 11, 25, 2916 }, // s
    { 8, 14, 134, 1, 14, 28, 2941 }, // t
    { 10, 11, 191, 1, 11, 28, 2969 }, // u
    { 11, 11, 167, 0, 11, 31, 2997 }, // v
    { 16, 11, 259, 0, 11, 44, 3028 }, // w
    { 11, 11, 170, 0, 11, 31, 3072 }, // x
    { 11, 15, 166, 0, 11, 42, 3103 }, // y
    { 10, 11, 157, 0, 11, 28, 3145 }, // z
    { 7, 20, 111, 0, 16, 35, 3173 }, // {
    { 2, 20, 93, 2, 16, 10, 3208 }, // |
    { 7, 20, 111, 0, 16, 35, 3218 }, // }
    { 11, 4, 188, 0, 8, 11, 3253 }, // ~
    { 0, 0, 77, 0, 0, 0, 0 }, // U+00A0
    { 4, 15, 92, 1, 11, 15, 0 }, // U+00A1
    { 10, 17, 188, 1, 14, 43, 15 }, // U+00A2
    { 10, 15, 188, 1, 15, 38, 58 }, // U+00A3
    { 11, 10, 188, 0, 12, 28, 96 }, // U+00A4
    { 12, 15, 188, 0, 15, 45, 124 }, // U+00A5
    { 2, 20, 93, 2, 16, 10, 169 }, // U+00A6
    { 10, 18, 164, 0, 16, 45, 179 }, // U+00A7
    { 8, 2, 125, 0, 15, 4, 224 }, // U+00A8
    { 15, 15, 271, 1, 15, 57, 228 }, // U+00A9
    { 8, 8, 130, 0, 15, 16, 285 }, // U+00AA
    { 10, 9, 166, 0, 10, 23, 301 }, // U+00AB
    { 10, 8, 188, 1, 9, 20, 324 }, // U+00AC
    { 6, 2, 100, 0, 7, 3, 344 }, // U+00AD
    { 15, 15, 271, 1, 15, 57, 347 }, // U+00AE
    { 7, 2, 125, 0, 15, 4, 404 }, // U+00AF
    { 7, 6, 111, 0, 16, 11, 408 }, // U+00B0
    { 10, 13, 188, 1, 13, 33, 419 }, // U+00B1
    { 7, 8, 120, 0, 15, 14, 452 }, // U+00B2
    { 7, 8, 120, 0, 15, 14, 466 }, // U+00B3
    { 5, 4, 125, 2, 16, 5, 480 }, // U+00B4
    { 10, 15, 193, 1, 11, 38, 485 }, // U+00B5
    { 12, 19, 215, 0, 15, 57, 523 }, // U+00B6
    { 3, 3, 82, 1, 8, 3, 580 }, // U+00B7
    { 5, 4, 125, 1, 0, 5, 583 }, // U+00B8
    { 4, 8, 120, 1, 15, 8, 588 }, // U+00B9
    { 9, 8, 149, 0, 15, 18, 596 }, // U+00BA
    { 10, 9, 166, 0, 10, 23, 614 }, // U+00BB
    { 17, 15, 291, 1, 15, 64, 637 }, // U+00BC
    { 17, 15, 291, 1, 15, 64, 701 }, // U+00BD
    { 18, 15, 291, 0, 15, 68, 765 }, // U+00BE
    { 9, 15, 135, 0, 11, 34, 833 }, // U+00BF
    { 14, 20, 221, 0, 20, 70, 867 }, // U+00C0
    { 14, 20, 221, 0, 20, 70, 937 }, // U+00C1
    { 14, 20, 221, 0, 20, 70, 1007 }, // U+00C2
    { 14, 19, 221, 0, 19, 67, 1077 }, // U+00C3
    { 14, 18, 221, 0, 18, 63, 1144 }, // U+00C4
    { 14, 18, 221, 0, 18, 63, 1207 }, // U+00C5
    { 19, 15, 312, 0, 15, 72, 1270 }, // U+00C6
    { 12, 18, 207, 1, 15, 54, 1342 }, // U+00C7
    { 11, 20, 190, 1, 20, 55, 1396 }, // U+00C8
    { 11, 20, 190, 1, 20, 55, 1451 }, // U+00C9
    { 11, 20, 190, 1, 20, 55, 1506 }, // U+00CA
    { 11, 18, 190, 1, 18, 50, 1561 }, // U+00CB
    { 5, 20, 90, 0, 20, 25, 1611 }, // U+00CC
    { 5, 20, 90, 1, 20, 25, 1636 }, // U+00CD
    { 7, 20, 90, -1, 20, 35, 1661 }, // U+00CE
    { 8, 18, 90, -1, 18, 36, 1696 }, // U+00CF
    { 15, 15, 242, 0, 15, 57, 1732 }, // U+00D0
    { 13, 19, 243, 1, 19, 62, 1789 }, // U+00D1
    { 15, 20, 259, 1, 20, 75, 1851 }, // U+00D2
    { 15, 20, 259, 1, 20, 75, 1926 }, // U+00D3
    { 15, 20, 259, 1, 20, 75, 2001 }, // U+00D4
    { 15, 19, 259, 1, 19, 72, 2076 }, // U+00D5
    { 15, 18, 259, 1, 18, 68, 2148 }, // U+00D6
    { 10, 9, 188, 1, 11, 23, 2216 }, // U+00D7
    { 15, 15, 259, 1, 15, 57, 2239 }, // U+00D8
    { 12, 20, 229, 1, 20, 60, 2296 }, // U+00D9
    { 12, 20, 229, 1, 20, 60, 2356 }, // U+00DA
    { 12, 20, 229, 1, 20, 60, 2416 }, // U+00DB
    { 12, 18, 229, 1, 18, 54, 2476 }, // U+00DC
    { 13, 20, 199, 0, 20, 65, 2530 }, // U+00DD
    { 12, 15, 203, 1, 15, 45, 2595 }, // U+00DE
    { 12, 16, 208, 1, 16, 48, 2640 }, // U+00DF
    { 10, 16, 174, 0, 16, 40, 2688 }, // U+00E0
    { 10, 16, 174, 0, 16, 40, 2728 }, // U+00E1
    { 10, 16, 174, 0, 16, 40, 2768 }, // U+00E2
    { 10, 16, 174, 0, 16, 40, 2808 }, // U+00E3
    { 10, 15, 174, 0, 15, 38, 2848 }, // U+00E4
    { 10, 16, 174, 0, 16, 40, 2886 }, // U+00E5
    { 17, 11, 286, 0, 11, 47, 2926 }, // U+00E6
    { 9, 15, 155, 1, 11, 34, 2973 }, // U+00E7
    { 10, 16, 186, 1, 16, 40, 3007 }, // U+00E8
    { 10, 16, 186, 1, 16, 40, 3047 }, // U+00E9
    { 10, 16, 186, 1, 16, 40, 3087 }, // U+00EA
    { 10, 15, 186, 1, 15, 38, 3127 }, // U+00EB
    { 5, 16, 84, 0, 16, 20, 3165 }, // U+00EC
    { 5, 16, 84, 1, 16, 20, 3185 }, // U+00ED
    { 7, 16, 84, -1, 16, 28, 3205 }, // U+00EE
    { 7, 15, 84, -1, 15, 27, 3233 }, // U+00EF
    { 11, 16, 196, 1, 16, 44, 3260 }, // U+00F0
    { 10, 16, 191, 1, 16, 40, 3304 }, // U+00F1
    { 11, 16, 197, 1, 16, 44, 3344 }, // U+00F2
    { 11, 16, 197, 1, 16, 44, 3388 }, // U+00F3
    { 11, 16, 197, 1, 16, 44, 3432 }, // U+00F4
    { 11, 16, 197, 1, 16, 44, 3476 }, // U+00F5
    { 11, 15, 197, 1, 15, 42, 3520 }, // U+00F6
    { 10, 12, 188, 1, 12, 30, 3562 }, // U+00F7
    { 11, 11, 197, 1, 11, 31, 3592 }, // U+00F8
    { 10, 16, 191, 1, 16, 40, 3623 }, // U+00F9
    { 10, 16, 191, 1, 16, 40, 3663 }, // U+00FA
    { 10, 16, 191, 1, 16, 40, 3703 }, // U+00FB
    { 10, 15, 191, 1, 15, 38, 3743 }, // U+00FC
    { 11, 20, 166, 0, 16, 55, 3781 }, // U+00FD
    { 11, 20, 196, 1, 16, 55, 3836 }, // U+00FE
    { 11, 19, 166, 0, 15, 53, 3891 }, // U+00FF
    { 14, 18, 221, 0, 18, 63, 0 }, // U+0100
    { 10, 15, 174, 0, 15, 38, 63 }, // U+0101
    { 14, 19, 221, 0, 19, 67, 101 }, // U+0102
    { 10, 16, 174, 0, 16, 40, 168 }, // U+0103
    { 14, 19, 221, 0, 15, 67, 208 }, // U+0104
    { 10, 14, 174, 0, 11, 35, 275 }, // U+0105
    { 12, 20, 207, 1, 20, 60, 310 }, // U+0106
    { 9, 16, 155, 1, 16, 36, 370 }, // U+0107
    { 12, 20, 207, 1, 20, 60, 406 }, // U+0108
    { 9, 16, 155, 1, 16, 36, 466 }, // U+0109
    { 12, 19, 207, 1, 19, 57, 502 }, // U+010A
    { 9, 16, 155, 1, 16, 36, 559 }, // U+010B
    { 12, 20, 207, 1, 20, 60, 595 }, // U+010C
    { 9, 16, 155, 1, 16, 36, 655 }, // U+010D
    { 13, 20, 238, 1, 20, 65, 691 }, // U+010E
    { 14, 16, 207, 1, 16, 56, 756 }, // U+010F
    { 15, 15, 242, 0, 15, 57, 812 }, // U+0110
    { 12, 16, 196, 1, 16, 48, 869 }, // U+0111
    { 11, 18, 190, 1, 18, 50, 917 }, // U+0112
    { 10, 15, 186, 1, 15, 38, 967 }, // U+0113
    { 11, 19, 190, 1, 19, 53, 1005 }, // U+0114
    { 10, 16, 186, 1, 16, 40, 1058 }, // U+0115
    { 11, 19, 190, 1, 19, 53, 1098 }, // U+0116
    { 10, 16, 186, 1, 16, 40, 1151 }, // U+0117
    { 11, 19, 190, 1, 15, 53, 1191 }, // U+0118
    { 10, 14, 186, 1, 11, 35, 1244 }, // U+0119
    { 11, 20, 190, 1, 20, 55, 1279 }, // U+011A
    { 10, 17, 186, 1, 17, 43, 1334 }, // U+011B
    { 12, 20, 224, 1, 20, 60, 1377 }, // U+011C
    { 10, 20, 193, 1, 16, 50, 1437 }, // U+011D
    { 12, 19, 224, 1, 19, 57, 1487 }, // U+011E
    { 10, 20, 193, 1, 16, 50, 1544 }, // U+011F
    { 12, 19, 224, 1, 19, 57, 1594 }, // U+0120
    { 10, 20, 193, 1, 16, 50, 1651 }, // U+0121
    { 12, 19, 224, 1, 15, 57, 1701 }, // U+0122
    { 10, 21, 193, 1, 17, 53, 1758 }, // U+0123
    { 12, 20, 235, 1, 20, 60, 1811 }, // U+0124
    { 10, 20, 190, 1, 20, 50, 1871 }, // U+0125
    { 15, 15, 244, 0, 15, 57, 1921 }, // U+0126
    { 11, 16, 190, 0, 16, 44, 1978 }, // U+0127
    { 8, 19, 90, -1, 19, 38, 2022 }, // U+0128
    { 8, 16, 84, -1, 16, 32, 2060 }, // U+0129
    { 7, 18, 90, -1, 18, 32, 2092 }, // U+012A
    { 7, 15, 84, -1, 15, 27, 2124 }, // U+012B
    { 6, 19, 90, 0, 19, 29, 2151 }, // U+012C
    { 7, 16, 84, -1, 16, 28, 2180 }, // U+012D
    { 5, 19, 90, 0, 15, 24, 2208 }, // U+012E
    { 4, 20, 84, 0, 16, 20, 2232 }, // U+012F
    { 4, 19, 90, 1, 19, 19, 2252 }, // U+0130
    { 3, 11, 84, 1, 11, 9, 2271 }, // U+0131
    { 14, 15, 256, 1, 15, 53, 2280 }, // U+0132
    { 9, 20, 170, 1, 16, 45, 2333 }, // U+0133
    { 11, 20, 167, 0, 20, 55, 2378 }, // U+0134
    { 8, 20, 84, -2, 16, 40, 2433 }, // U+0135
    { 13, 19, 210, 1, 15, 62, 2473 }, // U+0136
    { 10, 20, 174, 1, 16, 50, 2535 }, // U+0137
    { 10, 11, 179, 1, 11, 28, 2585 }, // U+0138
    { 10, 20, 173, 1, 20, 50, 2613 }, // U+0139
    { 5, 20, 91, 1, 20, 25, 2663 }, // U+013A
    { 10, 19, 173, 1, 15, 48, 2688 }, // U+013B
    { 6, 20, 91, 0, 16, 30, 2736 }, // U+013C
    { 10, 15, 173, 1, 15, 38, 2766 }, // U+013D
    { 6, 16, 95, 1, 16, 24, 2804 }, // U+013E
    { 10, 15, 173, 1, 15, 38, 2828 }, // U+013F
    { 7, 16, 123, 1, 16, 28, 2866 }, // U+0140
    { 12, 15, 179, -1, 15, 45, 2894 }, // U+0141
    { 7, 16, 96, 0, 16, 28, 2939 }, // U+0142
    { 13, 20, 243, 1, 20, 65, 2967 }, // U+0143
    { 10, 16, 191, 1, 16, 40, 3032 }, // U+0144
    { 13, 19, 243, 1, 15, 62, 3072 }, // U+0145
    { 10, 15, 191, 1, 11, 38, 3134 }, // U+0146
    { 13, 20, 243, 1, 20, 65, 3172 }, // U+0147
    { 10, 16, 191, 1, 16, 40, 3237 }, // U+0148
    { 11, 16, 191, 0, 16, 44, 3277 }, // U+0149
    { 13, 19, 243, 1, 15, 62, 3321 }, // U+014A
    { 10, 15, 191, 1, 11, 38, 3383 }, // U+014B
    { 15, 18, 259, 1, 18, 68, 3421 }, // U+014C
    { 11, 15, 197, 1, 15, 42, 3489 }, // U+014D
    { 15, 19, 259, 1, 19, 72, 3531 }, // U+014E
    { 11, 16, 197, 1, 16, 44, 3603 }, // U+014F
    { 15, 20, 259, 1, 20, 75, 3647 }, // U+0150
    { 11, 16, 197, 1, 16, 44, 3722 }, // U+0151
    { 20, 15, 331, 1, 15, 75, 3766 }, // U+0152
    { 18, 11, 316, 1, 11, 50, 3841 }, // U+0153
    { 12, 20, 210, 1, 20, 60, 3891 }, // U+0154
    { 7, 16, 129, 1, 16, 28, 3951 }, // U+0155
    { 12, 19, 210, 1, 15, 57, 3979 }, // U+0156
    { 8, 15, 129, 0, 11, 30, 4036 }, // U+0157
    { 12, 20, 210, 1, 20, 60, 4066 }, // U+0158
    { 7, 16, 129, 1, 16, 28, 4126 }, // U+0159
    { 11, 20, 177, 0, 20, 55, 4154 }, // U+015A
    { 9, 16, 149, 0, 16, 36, 4209 }, // U+015B
    { 11, 20, 177, 0, 20, 55, 4245 }, // U+015C
    { 9, 16, 149, 0, 16, 36, 4300 }, // U+015D
    { 11, 18, 177, 0, 15, 50, 4336 }, // U+015E
    { 9, 14, 149, 0, 11, 32, 4386 }, // U+015F
    { 11, 20, 177, 0, 20, 55, 4418 }, // U+0160
    { 9, 16, 149, 0, 16, 36, 4473 }, // U+0161
    { 12, 18, 188, 0, 15, 54, 4509 }, // U+0162
    { 8, 17, 134, 1, 14, 34, 4563 }, // U+0163
    { 12, 20, 188, 0, 20, 60, 4597 }, // U+0164
    { 8, 16, 134, 1, 16, 32, 4657 }, // U+0165
    { 12, 15, 188, 0, 15, 45, 4689 }, // U+0166
    { 8, 14, 134, 1, 14, 28, 4734 }, // U+0167
    { 12, 19, 229, 1, 19, 57, 4762 }, // U+0168
    { 10, 16, 191, 1, 16, 40, 4819 }, // U+0169
    { 12, 18, 229, 1, 18, 54, 4859 }, // U+016A
    { 10, 15, 191, 1, 15, 38, 4913 }, // U+016B
    { 12, 19, 229, 1, 19, 57, 4951 }, // U+016C
    { 10, 16, 191, 1, 16, 40, 5008 }, // U+016D
    { 12, 19, 229, 1, 19, 57, 5048 }, // U+016E
    { 10, 16, 191, 1, 16, 40, 5105 }, // U+016F
    { 12, 20, 229, 1, 20, 60, 5145 }, // U+0170
    { 10, 16, 191, 1, 16, 40, 5205 }, // U+0171
    { 12, 18, 229, 1, 15, 54, 5245 }, // U+0172
    { 10, 14, 191, 1, 11, 35, 5299 }, // U+0173
    { 19, 20, 310, 0, 20, 95, 5334 }, // U+0174
    { 16, 16, 259, 0, 16, 64, 5429 }, // U+0175
    { 13, 20, 199, 0, 20, 65, 5493 }, // U+0176
    { 11, 20, 166, 0, 16, 55, 5558 }, // U+0177
    { 13, 18, 199, 0, 18, 59, 5613 }, // U+0178
    { 12, 20, 191, 0, 20, 60, 5672 }, // U+0179
    { 10, 16, 157, 0, 16, 40, 5732 }, // U+017A
    { 12, 19, 191, 0, 19, 57, 5772 }, // U+017B
    { 10, 16, 157, 0, 16, 40, 5829 }, // U+017C
    { 12, 20, 191, 0, 20, 60, 5869 }, // U+017D
    { 10, 16, 157, 0, 16, 40, 5929 }, // U+017E
    { 8, 16, 91, 1, 16, 32, 5969 }, // U+017F
    { 15, 17, 259, 1, 17, 64, 0 }, // U+01A0
    { 12, 13, 197, 1, 13, 39, 64 }, // U+01A1
    { 15, 17, 237, 1, 17, 64, 103 }, // U+01AF
    { 12, 13, 199, 1, 13, 39, 167 }, // U+01B0
    { 26, 19, 430, 1, 19, 124, 206 }, // U+01C4
    { 24, 16, 396, 1, 16, 96, 330 }, // U+01C5
    { 21, 16, 355, 1, 16, 84, 426 }, // U+01C6
    { 19, 15, 339, 1, 15, 72, 510 }, // U+01C7
    { 14, 20, 259, 1, 16, 70, 582 }, // U+01C8
    { 9, 20, 177, 1, 16, 45, 652 }, // U+01C9
    { 24, 15, 409, 1, 15, 90, 697 }, // U+01CA
    { 19, 20, 328, 1, 16, 95, 787 }, // U+01CB
    { 16, 20, 277, 1, 16, 80, 882 }, // U+01CC
    { 14, 20, 221, 0, 20, 70, 962 }, // U+01CD
    { 10, 16, 174, 0, 16, 40, 1032 }, // U+01CE
    { 6, 20, 90, 0, 20, 30, 1072 }, // U+01CF
    { 7, 16, 84, -1, 16, 28, 1102 }, // U+01D0
    { 15, 20, 259, 1, 20, 75, 1130 }, // U+01D1
    { 11, 16, 197, 1, 16, 44, 1205 }, // U+01D2
    { 12, 20, 229, 1, 20, 60, 1249 }, // U+01D3
    { 10, 16, 191, 1, 16, 40, 1309 }, // U+01D4
    { 12, 21, 229, 1, 21, 63, 1349 }, // U+01D5
    { 10, 17, 191, 1, 17, 43, 1412 }, // U+01D6
    { 12, 21, 229, 1, 21, 63, 1455 }, // U+01D7
    { 10, 18, 191, 1, 18, 45, 1518 }, // U+01D8
    { 12, 20, 229, 1, 20, 60, 1563 }, // U+01D9
    { 10, 17, 191, 1, 17, 43, 1623 }, // U+01DA
    { 12, 21, 229, 1, 21, 63, 1666 }, // U+01DB
    { 10, 18, 191, 1, 18, 45, 1729 }, // U+01DC
    { 10, 11, 186, 1, 11, 28, 1774 }, // U+01DD
    { 14, 21, 221, 0, 21, 74, 1802 }, // U+01DE
    { 10, 17, 174, 0, 17, 43, 1876 }, // U+01DF
    { 14, 21, 221, 0, 21, 74, 1919 }, // U+01E0
    { 10, 17, 174, 0, 17, 43, 1993 }, // U+01E1
    { 19, 18, 312, 0, 18, 86, 2036 }, // U+01E2
    { 17, 15, 286, 0, 15, 64, 2122 }, // U+01E3
    { 14, 15, 234, 1, 15, 53, 2186 }, // U+01E4
    { 12, 15, 197, 1, 11, 45, 2239 }, // U+01E5
    { 12, 20, 224, 1, 20, 60, 2284 }, // U+01E6
    { 10, 20, 193, 1, 16, 50, 2344 }, // U+01E7
    { 13, 20, 210, 1, 20, 65, 2394 }, // U+01E8
    { 10, 20, 174, 1, 20, 50, 2459 }, // U+01E9
    { 15, 18, 259, 1, 15, 68, 2509 }, // U+01EA
    { 11, 14, 197, 1, 11, 39, 2577 }, // U+01EB
    { 15, 21, 259, 1, 18, 79, 2616 }, // U+01EC
    { 11, 18, 197, 1, 15, 50, 2695 }, // U+01ED
    { 11, 20, 189, 0, 20, 55, 2745 }, // U+01EE
    { 11, 20, 157, -1, 16, 55, 2800 }, // U+01EF
    { 8, 20, 84, -2, 16, 40, 2855 }, // U+01F0
    { 26, 15, 430, 1, 15, 98, 2895 }, // U+01F1
    { 24, 15, 396, 1, 15, 90, 2993 }, // U+01F2
    { 21, 16, 355, 1, 16, 84, 3083 }, // U+01F3
    { 12, 20, 224, 1, 20, 60, 3167 }, // U+01F4
    { 10, 20, 193, 1, 16, 50, 3227 }, // U+01F5
    { 20, 15, 352, 1, 15, 75, 3277 }, // U+01F6
    { 12, 19, 214, 1, 15, 57, 3352 }, // U+01F7
    { 13, 20, 243, 1, 20, 65, 3409 }, // U+01F8
    { 10, 16, 191, 1, 16, 40, 3474 }, // U+01F9
    { 14, 21, 221, 0, 21, 74, 3514 }, // U+01FA
    { 10, 19, 174, 0, 19, 48, 3588 }, // U+01FB
    { 19, 20, 312, 0, 20, 95, 3636 }, // U+01FC
    { 17, 16, 286, 0, 16, 68, 3731 }, // U+01FD
    { 15, 20, 259, 1, 20, 75, 3799 }, // U+01FE
    { 11, 16, 197, 1, 16, 44, 3874 }, // U+01FF
    { 14, 20, 221, 0, 20, 70, 3918 }, // U+0200
    { 10, 16, 174, 0, 16, 40, 3988 }, // U+0201
    { 14, 19, 221, 0, 19, 67, 4028 }, // U+0202
    { 10, 16, 174, 0, 16, 40, 4095 }, // U+0203
    { 11, 20, 190, 1, 20, 55, 4135 }, // U+0204
    { 10, 16, 186, 1, 16, 40, 4190 }, // U+0205
    { 11, 19, 190, 1, 19, 53, 4230 }, // U+0206
    { 10, 16, 186, 1, 16, 40, 4283 }, // U+0207
    { 8, 20, 90, -2, 20, 40, 4323 }, // U+0208
    { 8, 16, 84, -2, 16, 32, 4363 }, // U+0209
    { 6, 19, 90, 0, 19, 29, 4395 }, // U+020A
    { 7, 16, 84, -1, 16, 28, 4424 }, // U+020B
    { 15, 20, 259, 1, 20, 75, 4452 }, // U+020C
    { 11, 16, 197, 1, 16, 44, 4527 }, // U+020D
    { 15, 19, 259, 1, 19, 72, 4571 }, // U+020E
    { 11, 16, 197, 1, 16, 44, 4643 }, // U+020F
    { 12, 20, 210, 1, 20, 60, 4687 }, // U+0210
    { 8, 16, 129, 0, 16, 32, 4747 }, // U+0211
    { 12, 19, 210, 1, 19, 57, 4779 }, // U+0212
    { 7, 16, 129, 1, 16, 28, 4836 }, // U+0213
    { 12, 20, 229, 1, 20, 60, 4864 }, // U+0214
    { 10, 16, 191, 1, 16, 40, 4924 }, // U+0215
    { 12, 19, 229, 1, 19, 57, 4964 }, // U+0216
    { 10, 16, 191, 1, 16, 40, 5021 }, // U+0217
    { 11, 19, 177, 0, 15, 53, 5061 }, // U+0218
    { 9, 15, 149, 0, 11, 34, 5114 }, // U+0219
    { 12, 19, 188, 0, 15, 57, 5148 }, // U+021A
    { 8, 18, 134, 1, 14, 36, 5205 }, // U+021B
    { 11, 19, 178, 0, 15, 53, 5241 }, // U+021C
    { 9, 15, 145, 0, 11, 34, 5294 }, // U+021D
    { 12, 20, 235, 1, 20, 60, 5328 }, // U+021E
    { 10, 20, 190, 1, 20, 50, 5388 }, // U+021F
    { 5, 4, 0, -11, 16, 5, 0 }, // U+0300
    { 5, 4, 0, -7, 16, 5, 5 }, // U+0301
    { 8, 4, 0, -4, 16, 8, 10 }, // U+0302
    { 8, 4, 0, -10, 16, 8, 18 }, // U+0303
    { 8, 3, 0, -4, 15, 6, 26 }, // U+0304
    { 8, 4, 0, -4, 16, 8, 32 }, // U+0306
    { 4, 3, 0, -2, 16, 3, 40 }, // U+0307
    { 6, 3, 0, -3, 16, 5, 43 }, // U+0308
    { 6, 6, 0, -3, 18, 9, 48 }, // U+030A
    { 8, 4, 0, -3, 16, 8, 57 }, // U+030B
    { 8, 4, 0, -4, 16, 8, 65 }, // U+030C
    { 6, 3, 125, 1, 16, 5, 73 }, // U+0311
    { 4, 6, 0, -2, 15, 6, 78 }, // U+0312
    { 4, 4, 0, -2, -1, 4, 84 }, // U+0326
    { 6, 5, 0, -3, 0, 8, 88 }, // U+0327
    { 4, 6, 0, -2, 1, 6, 96 }, // U+0328
    { 7, 3, 0, -9, -1, 6, 102 }, // U+0331
    { 11, 20, 190, 1, 20, 55, 0 }, // U+0400
    { 11, 18, 190, 1, 18, 50, 55 }, // U+0401
    { 15, 15, 250, 0, 15, 57, 105 }, // U+0402
    { 10, 20, 170, 1, 20, 50, 162 }, // U+0403
    { 12, 15, 207, 1, 15, 45, 212 }, // U+0404
    { 11, 15, 177, 0, 15, 42, 257 }, // U+0405
    { 3, 15, 90, 1, 15, 12, 299 }, // U+0406
    { 8, 18, 90, -1, 18, 36, 311 }, // U+0407
    { 9, 15, 167, 0, 15, 34, 347 }, // U+0408
    { 22, 16, 348, 0, 15, 88, 381 }, // U+0409
    { 20, 15, 342, 1, 15, 75, 469 }, // U+040A
    { 15, 15, 250, 0, 15, 57, 544 }, // U+040B
    { 13, 20, 210, 1, 20, 65, 601 }, // U+040C
    { 13, 20, 243, 1, 20, 65, 666 }, // U+040D
    { 13, 19, 196, 0, 19, 62, 731 }, // U+040E
    { 12, 19, 233, 1, 15, 57, 793 }, // U+040F
    { 14, 15, 221, 0, 15, 53, 850 }, // U+0410
    { 12, 15, 206, 1, 15, 45, 903 }, // U+0411
    { 12, 15, 214, 1, 15, 45, 948 }, // U+0412
    { 10, 15, 170, 1, 15, 38, 993 }, // U+0413
    { 15, 19, 241, 0, 15, 72, 1031 }, // U+0414
    { 11, 15, 190, 1, 15, 42, 1103 }, // U+0415
    { 19, 15, 302, 0, 15, 72, 1145 }, // U+0416
    { 11, 15, 191, 0, 15, 42, 1217 }, // U+0417
    { 13, 15, 243, 1, 15, 49, 1259 }, // U+0418
    { 13, 19, 243, 1, 19, 62, 1308 }, // U+0419
    { 13, 15, 210, 1, 15, 49, 1370 }, // U+041A
    { 14, 15, 236, 0, 15, 53, 1419 }, // U+041B
    { 16, 15, 290, 1, 15, 60, 1472 }, // U+041C
    { 12, 15, 235, 1, 15, 45, 1532 }, // U+041D
    { 15, 15, 259, 1, 15, 57, 1577 }, // U+041E
    { 12, 15, 233, 1, 15, 45, 1634 }, // U+041F
    { 12, 15, 203, 1, 15, 45, 1679 }, // U+0420
    { 12, 15, 207, 1, 15, 45, 1724 }, // U+0421
    { 12, 15, 188, 0, 15, 45, 1769 }, // U+0422
    { 13, 15, 196, 0, 15, 49, 1814 }, // U+0423
    { 16, 16, 288, 1, 16, 64, 1863 }, // U+0424
    { 13, 15, 210, 0, 15, 49, 1927 }, // U+0425
    { 14, 19, 239, 1, 15, 67, 1976 }, // U+0426
    { 11, 15, 210, 1, 15, 42, 2043 }, // U+0427
    { 18, 15, 328, 1, 15, 68, 2085 }, // U+0428
    { 20, 19, 334, 1, 15, 95, 2153 }, // U+0429
    { 15, 15, 242, 0, 15, 57, 2248 }, // U+042A
    { 16, 15, 285, 1, 15, 60, 2305 }, // U+042B
    { 12, 15, 205, 1, 15, 45, 2365 }, // U+042C
    { 12, 15, 207, 0, 15, 45, 2410 }, // U+042D
    { 20, 15, 343, 1, 15, 75, 2455 }, // U+042E
    { 12, 15, 212, 0, 15, 45, 2530 }, // U+042F
    { 10, 11, 174, 0, 11, 28, 2575 }, // U+0430
    { 11, 16, 198, 1, 16, 44, 2603 }, // U+0431
    { 10, 11, 183, 1, 11, 28, 2647 }, // U+0432
    { 8, 11, 139, 1, 11, 22, 2675 }, // U+0433
    { 13, 14, 201, 0, 11, 46, 2697 }, // U+0434
    { 10, 11, 186, 1, 11, 28, 2743 }, // U+0435
    { 16, 11, 254, 0, 11, 44, 2771 }, // U+0436
    { 10, 11, 163, 0, 11, 28, 2815 }, // U+0437
    { 10, 11, 199, 1, 11, 28, 2843 }, // U+0438
    { 10, 16, 199, 1, 16, 40, 2871 }, // U+0439
    { 10, 11, 179, 1, 11, 28, 2911 }, // U+043A
    { 11, 11, 199, 0, 11, 31, 2939 }, // U+043B
    { 13, 11, 244, 1, 11, 36, 2970 }, // U+043C
    { 10, 11, 195, 1, 11, 28, 3006 }, // U+043D
    { 11, 11, 197, 1, 11, 31, 3034 }, // U+043E
    { 10, 11, 193, 1, 11, 28, 3065 }, // U+043F
    { 11, 15, 196, 1, 11, 42, 3093 }, // U+0440
    { 9, 11, 155, 1, 11, 25, 3135 }, // U+0441
    { 10, 11, 154, 0, 11, 28, 3160 }, // U+0442
    { 11, 15, 166, 0, 11, 42, 3188 }, // U+0443
    { 15, 20, 255, 1, 16, 75, 3230 }, // U+0444
    { 11, 11, 170, 0, 11, 31, 3305 }, // U+0445
    { 11, 14, 195, 1, 11, 39, 3336 }, // U+0446
    { 10, 11, 178, 0, 11, 28, 3375 }, // U+0447
    { 15, 11, 274, 1, 11, 42, 3403 }, // U+0448
    { 17, 14, 278, 1, 11, 60, 3445 }, // U+0449
    { 12, 11, 199, 0, 11, 33, 3505 }, // U+044A
    { 14, 11, 253, 1, 11, 39, 3538 }, // U+044B
    { 10, 11, 176, 1, 11, 28, 3577 }, // U+044C
    { 10, 11, 166, 0, 11, 28, 3605 }, // U+044D
    { 15, 11, 270, 1, 11, 42, 3633 }, // U+044E
    { 10, 11, 183, 0, 11, 28, 3675 }, // U+044F
    { 10, 16, 186, 1, 16, 40, 3703 }, // U+0450
    { 10, 15, 186, 1, 15, 38, 3743 }, // U+0451
    { 11, 20, 190, 0, 16, 55, 3781 }, // U+0452
    { 8, 16, 139, 1, 16, 32, 3836 }, // U+0453
    { 9, 11, 166, 1, 11, 25, 3868 }, // U+0454
    { 9, 11, 149, 0, 11, 25, 3893 }, // U+0455
    { 3, 16, 84, 1, 16, 12, 3918 }, // U+0456
    { 7, 15, 84, -1, 15, 27, 3930 }, // U+0457
    { 6, 20, 84, -2, 16, 30, 3957 }, // U+0458
    { 18, 11, 288, 0, 11, 50, 3987 }, // U+0459
    { 17, 11, 284, 1, 11, 47, 4037 }, // U+045A
    { 11, 16, 190, 0, 16, 44, 4084 }, // U+045B
    { 10, 16, 179, 1, 16, 40, 4128 }, // U+045C
    { 10, 16, 199, 1, 16, 40, 4168 }, // U+045D
    { 11, 20, 166, 0, 16, 55, 4208 }, // U+045E
    { 10, 14, 192, 1, 11, 35, 4263 }, // U+045F
    { 15, 16, 242, 0, 16, 60, 4298 }, // U+0462
    { 12, 16, 199, 0, 16, 48, 4358 }, // U+0463
    { 15, 15, 259, 1, 15, 57, 4406 }, // U+0472
    { 11, 11, 197, 1, 11, 31, 4463 }, // U+0473
    { 17, 15, 251, 0, 15, 64, 4494 }, // U+0474
    { 12, 11, 188, 0, 11, 33, 4558 }, // U+0475
    { 15, 23, 248, 1, 19, 87, 4591 }, // U+048A
    { 12, 20, 203, 1, 16, 60, 4678 }, // U+048B
    { 13, 16, 210, 0, 16, 52, 4738 }, // U+048C
    { 11, 11, 175, 0, 11, 31, 4790 }, // U+048D
    { 12, 15, 203, 1, 15, 45, 4821 }, // U+048E
    { 11, 15, 196, 1, 11, 42, 4866 }, // U+048F
    { 10, 18, 170, 1, 18, 45, 4908 }, // U+0490
    { 8, 14, 143, 1, 14, 28, 4953 }, // U+0491
    { 11, 15, 174, 0, 15, 42, 4981 }, // U+0492
    { 9, 11, 142, 0, 11, 25, 5023 }, // U+0493
    { 12, 19, 208, 1, 15, 57, 5048 }, // U+0494
    { 10, 15, 181, 1, 11, 38, 5105 }, // U+0495
    { 20, 19, 307, 0, 15, 95, 5143 }, // U+0496
    { 17, 14, 258, 0, 11, 60, 5238 }, // U+0497
    { 11, 18, 191, 0, 15, 50, 5298 }, // U+0498
    { 10, 14, 163, 0, 11, 35, 5348 }, // U+0499
    { 13, 19, 219, 1, 15, 62, 5383 }, // U+049A
    { 11, 15, 182, 1, 11, 42, 5445 }, // U+049B
    { 14, 15, 236, 1, 15, 53, 5487 }, // U+049C
    { 12, 11, 206, 1, 11, 33, 5540 }, // U+049D
    { 14, 15, 214, 0, 15, 53, 5573 }, // U+049E
    { 12, 11, 185, 0, 11, 33, 5626 }, // U+049F
    { 16, 15, 246, 0, 15, 60, 5659 }, // U+04A0
    { 13, 11, 202, 0, 11, 36, 5719 }, // U+04A1
    { 14, 19, 241, 1, 15, 67, 5755 }, // U+04A2
    { 12, 14, 199, 1, 11, 42, 5822 }, // U+04A3
    { 16, 15, 272, 1, 15, 60, 5864 }, // U+04A4
    { 13, 11, 219, 1, 11, 36, 5924 }, // U+04A5
    { 20, 19, 344, 1, 15, 95, 5960 }, // U+04A6
    { 17, 15, 287, 1, 11, 64, 6055 }, // U+04A7
    { 15, 19, 262, 1, 15, 72, 6119 }, // U+04A8
    { 11, 14, 203, 1, 11, 39, 6191 }, // U+04A9
    { 12, 18, 207, 1, 15, 54, 6230 }, // U+04AA
    { 9, 15, 155, 1, 11, 34, 6284 }, // U+04AB
    { 12, 19, 188, 0, 15, 57, 6318 }, // U+04AC
    { 10, 14, 154, 0, 11, 35, 6375 }, // U+04AD
    { 13, 15, 199, 0, 15, 49, 6410 }, // U+04AE
    { 11, 15, 167, 0, 11, 42, 6459 }, // U+04AF
    { 13, 15, 199, 0, 15, 49, 6501 }, // U+04B0
    { 11, 15, 167, 0, 11, 42, 6550 }, // U+04B1
    { 14, 19, 218, 0, 15, 67, 6592 }, // U+04B2
    { 11, 14, 175, 0, 11, 39, 6659 }, // U+04B3
    { 18, 19, 282, 0, 15, 86, 6698 }, // U+04B4
    { 14, 14, 220, 0, 11, 49, 6784 }, // U+04B5
    { 13, 19, 217, 1, 15, 62, 6833 }, // U+04B6
    { 11, 14, 181, 0, 11, 39, 6895 }, // U+04B7
    { 11, 15, 213, 1, 15, 42, 6934 }, // U+04B8
    { 10, 11, 178, 0, 11, 28, 6976 }, // U+04B9
    { 12, 15, 213, 1, 15, 45, 7004 }, // U+04BA
    { 10, 16, 190, 1, 16, 40, 7049 }, // U+04BB
    { 17, 15, 278, 0, 15, 64, 7089 }, // U+04BC
    { 13, 11, 223, 0, 11, 36, 7153 }, // U+04BD
    { 17, 19, 278, 0, 15, 81, 7189 }, // U+04BE
    { 13, 14, 223, 0, 11, 46, 7270 }, // U+04BF
    { 3, 15, 90, 1, 15, 12, 7316 }, // U+04C0
    { 19, 19, 302, 0, 19, 91, 7328 }, // U+04C1
    { 16, 16, 254, 0, 16, 64, 7419 }, // U+04C2
    { 12, 19, 210, 1, 15, 57, 7483 }, // U+04C3
    { 10, 15, 181, 1, 11, 38, 7540 }, // U+04C4
    { 15, 19, 241, 0, 15, 72, 7578 }, // U+04C5
    { 13, 15, 203, 0, 11, 49, 7650 }, // U+04C6
    { 12, 19, 235, 1, 15, 57, 7699 }, // U+04C7
    { 10, 15, 195, 1, 11, 38, 7756 }, // U+04C8
    { 14, 19, 241, 1, 15, 67, 7794 }, // U+04C9
    { 12, 15, 199, 1, 11, 45, 7861 }, // U+04CA
    { 11, 19, 213, 1, 15, 53, 7906 }, // U+04CB
    { 10, 14, 178, 0, 11, 35, 7959 }, // U+04CC
    { 18, 19, 300, 1, 15, 86, 7994 }, // U+04CD
    { 15, 15, 250, 1, 11, 57, 8080 }, // U+04CE
    { 3, 15, 90, 1, 15, 12, 8137 }, // U+04CF
    { 14, 19, 221, 0, 19, 67, 8149 }, // U+04D0
    { 10, 16, 174, 0, 16, 40, 8216 }, // U+04D1
    { 14, 18, 221, 0, 18, 63, 8256 }, // U+04D2
    { 10, 15, 174, 0, 15, 38, 8319 }, // U+04D3
    { 19, 15, 312, 0, 15, 72, 8357 }, // U+04D4
    { 17, 11, 286, 0, 11, 47, 8429 }, // U+04D5
    { 11, 19, 190, 1, 19, 53, 8476 }, // U+04D6
    { 10, 16, 186, 1, 16, 40, 8529 }, // U+04D7
    { 13, 15, 235, 1, 15, 49, 8569 }, // U+04D8
    { 10, 11, 186, 1, 11, 28, 8618 }, // U+04D9
    { 13, 18, 235, 1, 18, 59, 8646 }, // U+04DA
    { 10, 15, 186, 1, 15, 38, 8705 }, // U+04DB
    { 19, 18, 302, 0, 18, 86, 8743 }, // U+04DC
    { 16, 15, 254, 0, 15, 60, 8829 }, // U+04DD
    { 11, 18, 191, 0, 18, 50, 8889 }, // U+04DE
    { 10, 15, 163, 0, 15, 38, 8939 }, // U+04DF
    { 11, 15, 189, 0, 15, 42, 8977 }, // U+04E0
    { 11, 15, 157, -1, 11, 42, 9019 }, // U+04E1
    { 13, 18, 243, 1, 18, 59, 9061 }, // U+04E2
    { 10, 15, 199, 1, 15, 38, 9120 }, // U+04E3
    { 13, 18, 243, 1, 18, 59, 9158 }, // U+04E4
    { 10, 15, 199, 1, 15, 38, 9217 }, // U+04E5
    { 15, 18, 259, 1, 18, 68, 9255 }, // U+04E6
    { 11, 15, 197, 1, 15, 42, 9323 }, // U+04E7
    { 15, 15, 259, 1, 15, 57, 9365 }, // U+04E8
    { 11, 11, 197, 1, 11, 31, 9422 }, // U+04E9
    { 15, 18, 259, 1, 18, 68, 9453 }, // U+04EA
    { 11, 15, 197, 1, 15, 42, 9521 }, // U+04EB
    { 12, 18, 207, 0, 18, 54, 9563 }, // U+04EC
    { 10, 15, 166, 0, 15, 38, 9617 }, // U+04ED
    { 13, 18, 196, 0, 18, 59, 9655 }, // U+04EE
    { 11, 19, 166, 0, 15, 53, 9714 }, // U+04EF
    { 13, 18, 196, 0, 18, 59, 9767 }, // U+04F0
    { 11, 19, 166, 0, 15, 53, 9826 }, // U+04F1
    { 13, 19, 196, 0, 19, 62, 9879 }, // U+04F2
    { 11, 20, 166, 0, 16, 55, 9941 }, // U+04F3
    { 11, 18, 210, 1, 18, 50, 9996 }, // U+04F4
    { 10, 15, 178, 0, 15, 38, 10046 }, // U+04F5
    { 10, 19, 170, 1, 15, 48, 10084 }, // U+04F6
    { 8, 14, 139, 1, 11, 28, 10132 }, // U+04F7
    { 16, 18, 285, 1, 18, 72, 10160 }, // U+04F8
    { 14, 15, 253, 1, 15, 53, 10232 }, // U+04F9
    { 10, 12, 200, 1, 12, 30, 0 }, // U+0E01
    { 9, 13, 182, 1, 12, 30, 30 }, // U+0E02
    { 10, 13, 183, 0, 12, 33, 60 }, // U+0E03
    { 11, 12, 205, 1, 12, 33, 93 }, // U+0E04
    { 11, 12, 207, 1, 12, 33, 126 }, // U+0E05
    { 11, 13, 199, 0, 12, 36, 159 }, // U+0E06
    { 11, 12, 179, 0, 12, 33, 195 }, // U+0E07
    { 10, 12, 177, 0, 12, 30, 228 }, // U+0E08
    { 10, 13, 201, 1, 12, 33, 258 }, // U+0E09
    { 9, 13, 183, 1, 12, 30, 291 }, // U+0E0A
    { 11, 13, 185, 0, 12, 36, 321 }, // U+0E0B
    { 17, 13, 302, 1, 12, 56, 357 }, // U+0E0C
    { 17, 16, 303, 1, 12, 68, 413 }, // U+0E0D
    { 11, 17, 201, 0, 12, 47, 481 }, // U+0E0E
    { 11, 17, 201, 0, 12, 47, 528 }, // U+0E0F
    { 11, 18, 182, 0, 13, 50, 575 }, // U+0E10
    { 12, 12, 209, 0, 12, 36, 625 }, // U+0E11
    { 17, 13, 301, 1, 12, 56, 661 }, // U+0E12
    { 17, 13, 303, 1, 12, 56, 717 }, // U+0E13
    { 11, 13, 205, 1, 12, 36, 773 }, // U+0E14
    { 11, 13, 212, 1, 12, 36, 809 }, // U+0E15
    { 10, 13, 201, 1, 12, 33, 845 }, // U+0E16
    { 10, 12, 203, 1, 12, 30, 878 }, // U+0E17
    { 10, 13, 181, 1, 12, 33, 908 }, // U+0E18
    { 10, 13, 204, 1, 12, 33, 941 }, // U+0E19
    { 10, 13, 201, 1, 12, 33, 974 }, // U+0E1A
    { 10, 17, 202, 1, 16, 43, 1007 }, // U+0E1B
    { 11, 12, 216, 1, 12, 33, 1050 }, // U+0E1C
    { 11, 16, 217, 1, 16, 44, 1083 }, // U+0E1D
    { 14, 12, 232, 0, 12, 42, 1127 }, // U+0E1E
    { 14, 16, 227, 0, 16, 56, 1169 }, // U+0E1F
    { 11, 13, 201, 0, 12, 36, 1225 }, // U+0E20
    { 11, 13, 205, 1, 12, 36, 1261 }, // U+0E21
    { 10, 13, 198, 1, 12, 33, 1297 }, // U+0E22
    { 10, 13, 163, 0, 12, 33, 1330 }, // U+0E23
    { 10, 17, 201, 1, 12, 43, 1363 }, // U+0E24
    { 10, 13, 190, 1, 12, 33, 1406 }, // U+0E25
    { 11, 17, 201, 0, 12, 47, 1439 }, // U+0E26
    { 9, 13, 164, 0, 12, 30, 1486 }, // U+0E27
    { 11, 13, 209, 1, 13, 36, 1516 }, // U+0E28
    { 12, 13, 213, 1, 12, 39, 1552 }, // U+0E29
    { 11, 14, 191, 1, 13, 39, 1591 }, // U+0E2A
    { 10, 12, 196, 1, 12, 30, 1630 }, // U+0E2B
    { 14, 15, 223, 0, 15, 53, 1660 }, // U+0E2C
    { 10, 13, 191, 1, 12, 33, 1713 }, // U+0E2D
    { 11, 14, 187, 1, 13, 39, 1746 }, // U+0E2E
    { 9, 12, 173, 0, 12, 27, 1785 }, // U+0E2F
    { 7, 10, 113, 0, 11, 18, 1812 }, // U+0E30
    { 8, 4, 0, -7, 17, 8, 1830 }, // U+0E31
    { 7, 12, 135, 0, 12, 21, 1838 }, // U+0E32
    { 13, 17, 135, -6, 17, 56, 1859 }, // U+0E33
    { 10, 2, 0, -11, 15, 5, 1915 }, // U+0E34
    { 10, 4, 0, -11, 17, 10, 1920 }, // U+0E35
    { 10, 4, 0, -11, 17, 10, 1930 }, // U+0E36
    { 10, 4, 0, -11, 17, 10, 1940 }, // U+0E37
    { 4, 5, 0, -5, -1, 5, 1950 }, // U+0E38
    { 8, 5, 0, -9, -1, 10, 1955 }, // U+0E39
    { 4, 4, 0, -5, -1, 4, 1965 }, // U+0E3A
    { 11, 18, 195, 1, 16, 50, 1969 }, // U+0E3F
    { 4, 13, 98, 2, 12, 13, 2019 }, // U+0E40
    { 10, 13, 189, 2, 12, 33, 2032 }, // U+0E41
    { 8, 19, 103, 0, 18, 38, 2065 }, // U+0E42
    { 6, 19, 96, 0, 18, 29, 2103 }, // U+0E43
    { 8, 19, 101, -1, 18, 38, 2132 }, // U+0E44
    { 7, 17, 135, 0, 12, 30, 2170 }, // U+0E45
    { 10, 17, 198, 1, 12, 43, 2200 }, // U+0E46
    { 8, 6, 0, -10, 18, 12, 2243 }, // U+0E47
    { 3, 5, 0, -4, 18, 4, 2255 }, // U+0E48
    { 7, 5, 0, -8, 18, 9, 2259 }, // U+0E49
    { 9, 5, 0, -9, 18, 12, 2268 }, // U+0E4A
    { 6, 5, 0, -7, 18, 8, 2280 }, // U+0E4B
    { 6, 4, 0, -6, 16, 6, 2288 }, // U+0E4C
    { 5, 5, 0, -6, 17, 7, 2294 }, // U+0E4D
    { 6, 5, 0, -6, 17, 8, 2301 }, // U+0E4E
    { 11, 11, 198, 1, 10, 31, 2309 }, // U+0E4F
    { 10, 11, 190, 1, 10, 28, 2340 }, // U+0E50
    { 10, 11, 182, 1, 10, 28, 2368 }, // U+0E51
    { 11, 14, 204, 1, 13, 39, 2396 }, // U+0E52
    { 10, 11, 186, 1, 10, 28, 2435 }, // U+0E53
    { 10, 13, 180, 1, 13, 33, 2463 }, // U+0E54
    { 10, 13, 180, 1, 13, 33, 2496 }, // U+0E55
    { 10, 14, 173, 0, 13, 35, 2529 }, // U+0E56
    { 13, 14, 240, 1, 13, 46, 2564 }, // U+0E57
    { 10, 14, 188, 1, 13, 35, 2610 }, // U+0E58
    { 10, 14, 168, 1, 13, 35, 2645 }, // U+0E59
    { 14, 13, 256, 0, 12, 46, 2680 }, // U+0E5A
    { 16, 8, 291, 1, 9, 32, 2726 }, // U+0E5B
    { 13, 20, 199, 0, 20, 65, 0 }, // U+1EF2
    { 11, 21, 166, 0, 17, 58, 65 }, // U+1EF3
    { 0, 0, 0, 0, 0, 0, 0 }, // U+200B
    { 2, 17, 0, -1, 14, 9, 0 }, // U+200C
    { 6, 18, 0, -3, 15, 27, 9 }, // U+200D
    { 6, 3, 107, 0, 7, 5, 36 }, // U+2010
    { 12, 2, 165, -1, 7, 6, 41 }, // U+2013
    { 22, 2, 332, -1, 7, 11, 47 }, // U+2014
    { 22, 2, 332, -1, 7, 11, 58 }, // U+2015
    { 4, 5, 78, 1, 16, 5, 69 }, // U+2018
    { 4, 5, 78, 0, 16, 5, 74 }, // U+2019
    { 4, 5, 78, 0, 2, 5, 79 }, // U+201A
    { 8, 5, 139, 1, 16, 10, 84 }, // U+201C
    { 8, 5, 139, 0, 16, 10, 94 }, // U+201D
    { 8, 5, 139, 0, 2, 10, 104 }, // U+201E
    { 10, 18, 159, 0, 15, 45, 114 }, // U+2020
    { 10, 18, 159, 0, 15, 45, 159 }, // U+2021
    { 6, 5, 120, 1, 10, 8, 204 }, // U+2022
    { 17, 3, 332, 2, 3, 13, 212 }, // U+2026
    { 24, 15, 409, 1, 15, 90, 225 }, // U+2030
    { 6, 9, 97, 0, 10, 14, 315 }, // U+2039
    { 6, 9, 97, 0, 10, 14, 329 }, // U+203A
    { 11, 15, 49, -4, 15, 42, 343 }, // U+2044
    { 7, 8, 120, 0, 15, 14, 0 }, // U+2070
    { 8, 8, 120, 0, 15, 16, 14 }, // U+2074
    { 7, 8, 120, 0, 15, 14, 30 }, // U+2075
    { 7, 8, 120, 0, 15, 14, 44 }, // U+2076
    { 7, 8, 120, 0, 15, 14, 58 }, // U+2077
    { 7, 8, 120, 0, 15, 14, 72 }, // U+2078
    { 7, 8, 120, 0, 15, 14, 86 }, // U+2079
    { 7, 8, 120, 0, 8, 14, 100 }, // U+2080
    { 4, 8, 120, 1, 8, 8, 114 }, // U+2081
    { 7, 8, 120, 0, 8, 14, 122 }, // U+2082
    { 7, 8, 120, 0, 8, 14, 136 }, // U+2083
    { 8, 8, 120, 0, 8, 16, 150 }, // U+2084
    { 7, 8, 120, 0, 8, 14, 166 }, // U+2085
    { 7, 8, 120, 0, 8, 14, 180 }, // U+2086
    { 7, 8, 120, 0, 8, 14, 194 }, // U+2087
    { 7, 8, 120, 0, 8, 14, 208 }, // U+2088
    { 7, 8, 120, 0, 8, 14, 222 }, // U+2089
    { 12, 14, 188, 0, 14, 42, 0 }, // U+20AC
    { 12, 15, 188, 0, 15, 45, 42 }, // U+20AE
    { 12, 15, 188, 0, 15, 45, 87 }, // U+20B4
    { 11, 15, 188, 1, 15, 42, 132 }, // U+20B9
    { 12, 16, 195, 0, 16, 48, 0 }, // U+2202
    { 14, 15, 217, 0, 15, 53, 48 }, // U+2206
    { 12, 17, 232, 1, 15, 51, 101 }, // U+220F
    { 11, 17, 172, 0, 15, 47, 152 }, // U+2211
    { 10, 2, 188, 1, 7, 5, 199 }, // U+2212
    { 11, 15, 49, -4, 15, 42, 204 }, // U+2215
    { 3, 3, 82, 1, 8, 3, 246 }, // U+2219
    { 13, 17, 188, 0, 16, 56, 249 }, // U+221A
    { 12, 6, 196, 0, 9, 18, 305 }, // U+221E
    { 8, 20, 123, 0, 16, 40, 323 }, // U+222B
    { 11, 8, 188, 0, 10, 22, 363 }, // U+2248
    { 10, 13, 188, 1, 13, 33, 385 }, // U+2260
    { 10, 12, 188, 1, 12, 30, 418 }, // U+2264
    { 10, 12, 188, 1, 12, 30, 448 }, // U+2265
    { 16, 16, 259, 1, 16, 64, 0 }, // U+FB00
    { 12, 16, 214, 1, 16, 48, 64 }, // U+FB01
    { 13, 16, 221, 1, 16, 52, 112 }, // U+FB02
    { 20, 16, 344, 1, 16, 80, 164 }, // U+FB03
    { 21, 16, 351, 1, 16, 84, 244 }, // U+FB04
};

static const EpdUnicodeInterval ubuntu_10_regularIntervals[] = {
    { 0x0, 0x0, 0x0 },
    { 0x8, 0x9, 0x1 },
    { 0xD, 0xD, 0x3 },
    { 0x1D, 0x1D, 0x4 },
    { 0x20, 0x7E, 0x5 },
    { 0xA0, 0xFF, 0x64 },
    { 0x100, 0x17F, 0xC4 },
    { 0x1A0, 0x1A1, 0x144 },
    { 0x1AF, 0x1B0, 0x146 },
    { 0x1C4, 0x21F, 0x148 },
    { 0x300, 0x304, 0x1A4 },
    { 0x306, 0x308, 0x1A9 },
    { 0x30A, 0x30C, 0x1AC },
    { 0x311, 0x312, 0x1AF },
    { 0x326, 0x328, 0x1B1 },
    { 0x331, 0x331, 0x1B4 },
    { 0x400, 0x45F, 0x1B5 },
    { 0x462, 0x463, 0x215 },
    { 0x472, 0x475, 0x217 },
    { 0x48A, 0x4F9, 0x21B },
    { 0xE01, 0xE3A, 0x28B },
    { 0xE3F, 0xE5B, 0x2C5 },
    { 0x1EF2, 0x1EF3, 0x2E2 },
    { 0x200B, 0x200D, 0x2E4 },
    { 0x2010, 0x2010, 0x2E7 },
    { 0x2013, 0x2015, 0x2E8 },
    { 0x2018, 0x201A, 0x2EB },
    { 0x201C, 0x201E, 0x2EE },
    { 0x2020, 0x2022, 0x2F1 },
    { 0x2026, 0x2026, 0x2F4 },
    { 0x2030, 0x2030, 0x2F5 },
    { 0x2039, 0x203A, 0x2F6 },
    { 0x2044, 0x2044, 0x2F8 },
    { 0x2070, 0x2070, 0x2F9 },
    { 0x2074, 0x2079, 0x2FA },
    { 0x2080, 0x2089, 0x300 },
    { 0x20AC, 0x20AC, 0x30A },
    { 0x20AE, 0x20AE, 0x30B },
    { 0x20B4, 0x20B4, 0x30C },
    { 0x20B9, 0x20B9, 0x30D },
    { 0x2202, 0x2202, 0x30E },
    { 0x2206, 0x2206, 0x30F },
    { 0x220F, 0x220F, 0x310 },
    { 0x2211, 0x2212, 0x311 },
    { 0x2215, 0x2215, 0x313 },
    { 0x2219, 0x221A, 0x314 },
    { 0x221E, 0x221E, 0x316 },
    { 0x222B, 0x222B, 0x317 },
    { 0x2248, 0x2248, 0x318 },
    { 0x2260, 0x2260, 0x319 },
    { 0x2264, 0x2265, 0x31A },
    { 0xFB00, 0xFB04, 0x31C },
};

static const EpdFontGroup ubuntu_10_regularGroups[] = {
    { 0, 1876, 3709, 100, 0 },
    { 1876, 1646, 4457, 96, 100 },
    { 3522, 1989, 6708, 128, 196 },
    { 5511, 1984, 5954, 96, 324 },
    { 7495, 126, 121, 17, 420 },
    { 7621, 3785, 11380, 214, 437 },
    { 11406, 1651, 3151, 87, 651 },
    { 13057, 105, 143, 2, 738 },
    { 13162, 232, 438, 21, 740 },
    { 13394, 145, 264, 17, 761 },
    { 13539, 131, 177, 4, 778 },
    { 13670, 306, 525, 14, 782 },
    { 13976, 116, 352, 5, 796 },
};

static const EpdKernClassEntry ubuntu_10_regularKernLeftClasses[] = {
    { 0x0022, 1 }, // "
    { 0x0027, 1 }, // '
    { 0x0028, 2 }, // (
    { 0x0029, 3 }, // )
    { 0x002A, 4 }, // *
    { 0x002C, 5 }, // ,
    { 0x002D, 6 }, // -
    { 0x002E, 5 }, // .
    { 0x002F, 7 }, // /
    { 0x003A, 8 }, // :
    { 0x003B, 8 }, // ;
    { 0x0040, 9 }, // @
    { 0x0041, 10 }, // A
    { 0x0042, 11 }, // B
    { 0x0043, 12 }, // C
    { 0x0044, 13 }, // D
    { 0x0045, 14 }, // E
    { 0x0046, 15 }, // F
    { 0x0047, 16 }, // G
    { 0x004A, 17 }, // J
    { 0x004B, 18 }, // K
    { 0x004C, 19 }, // L
    { 0x004D, 20 }, // M
    { 0x004F, 21 }, // O
    { 0x0050, 22 }, // P
    { 0x0051, 23 }, // Q
    { 0x0052, 24 }, // R
    { 0x0054, 25 }, // T
    { 0x0055, 26 }, // U
    { 0x0056, 27 }, // V
    { 0x0057, 28 }, // W
    { 0x0058, 29 }, // X
    { 0x0059, 30 }, // Y
    { 0x005A, 31 }, // Z
    { 0x005B, 32 }, // [
    { 0x005D, 33 }, // ]
    { 0x0061, 34 }, // a
    { 0x0062, 35 }, // b
    { 0x0063, 36 }, // c
    { 0x0066, 37 }, // f
    { 0x0068, 38 }, // h
    { 0x006A, 39 }, // j
    { 0x006B, 40 }, // k
    { 0x006D, 41 }, // m
    { 0x006E, 41 }, // n
    { 0x006F, 42 }, // o
    { 0x0070, 43 }, // p
    { 0x0071, 44 }, // q
    { 0x0072, 45 }, // r
    { 0x0074, 46 }, // t
    { 0x0076, 47 }, // v
    { 0x0077, 48 }, // w
    { 0x0078, 49 }, // x
    { 0x007A, 50 }, // z
    { 0x007B, 51 }, // {
    { 0x007D, 52 }, // }
    { 0x00A1, 53 }, // U+00A1
    { 0x00AB, 54 }, // U+00AB
    { 0x00BB, 55 }, // U+00BB
    { 0x00BF, 56 }, // U+00BF
    { 0x00C0, 10 }, // U+00C0
    { 0x00C1, 10 }, // U+00C1
    { 0x00C2, 10 }, // U+00C2
    { 0x00C3, 10 }, // U+00C3
    { 0x00C4, 10 }, // U+00C4
    { 0x00C5, 10 }, // U+00C5
    { 0x00C6, 14 }, // U+00C6
    { 0x00C7, 12 }, // U+00C7
    { 0x00C8, 14 }, // U+00C8
    { 0x00C9, 14 }, // U+00C9
    { 0x00CA, 14 }, // U+00CA
    { 0x00CB, 14 }, // U+00CB
    { 0x00D0, 13 }, // U+00D0
    { 0x00D2, 21 }, // U+00D2
    { 0x00D3, 21 }, // U+00D3
    { 0x00D4, 21 }, // U+00D4
    { 0x00D5, 21 }, // U+00D5
    { 0x00D6, 21 }, // U+00D6
    { 0x00D8, 21 }, // U+00D8
    { 0x00D9, 26 }, // U+00D9
    { 0x00DA, 26 }, // U+00DA
    { 0x00DB, 26 }, // U+00DB
    { 0x00DC, 26 }, // U+00DC
    { 0x00DD, 30 }, // U+00DD
    { 0x00DE, 57 }, // U+00DE
    { 0x00DF, 58 }, // U+00DF
    { 0x00E0, 34 }, // U+00E0
    { 0x00E1, 34 }, // U+00E1
    { 0x00E2, 34 }, // U+00E2
    { 0x00E3, 34 }, // U+00E3
    { 0x00E4, 34 }, // U+00E4
    { 0x00E5, 34 }, // U+00E5
    { 0x00E7, 36 }, // U+00E7
    { 0x00F0, 59 }, // U+00F0
    { 0x00F1, 41 }, // U+00F1
    { 0x00F2, 42 }, // U+00F2
    { 0x00F3, 42 }, // U+00F3
    { 0x00F4, 42 }, // U+00F4
    { 0x00F5, 42 }, // U+00F5
    { 0x00F6, 42 }, // U+00F6
    { 0x00F8, 42 }, // U+00F8
    { 0x00FE, 60 }, // U+00FE
    { 0x0100, 10 }, // U+0100
    { 0x0101, 34 }, // U+0101
    { 0x0102, 10 }, // U+0102
    { 0x0103, 34 }, // U+0103
    { 0x0104, 10 }, // U+0104
    { 0x0105, 34 }, // U+0105
    { 0x0106, 12 }, // U+0106
    { 0x0107, 36 }, // U+0107
    { 0x0108, 12 }, // U+0108
    { 0x0109, 36 }, // U+0109
    { 0x010A, 12 }, // U+010A
    { 0x010B, 36 }, // U+010B
    { 0x010C, 12 }, // U+010C
    { 0x010D, 36 }, // U+010D
    { 0x010E, 13 }, // U+010E
    { 0x010F, 61 }, // U+010F
    { 0x0110, 13 }, // U+0110
    { 0x0112, 14 }, // U+0112
    { 0x0114, 14 }, // U+0114
    { 0x0116, 14 }, // U+0116
    { 0x0118, 14 }, // U+0118
    { 0x011A, 14 }, // U+011A
    { 0x011C, 16 }, // U+011C
    { 0x011E, 16 }, // U+011E
    { 0x0120, 16 }, // U+0120
    { 0x0122, 16 }, // U+0122
    { 0x0125, 38 }, // U+0125
    { 0x0127, 38 }, // U+0127
    { 0x0132, 17 }, // U+0132
    { 0x0133, 39 }, // U+0133
    { 0x0134, 17 }, // U+0134
    { 0x0135, 39 }, // U+0135
    { 0x0136, 18 }, // U+0136
    { 0x0137, 40 }, // U+0137
    { 0x0138, 40 }, // U+0138
    { 0x0139, 19 }, // U+0139
    { 0x013B, 19 }, // U+013B
    { 0x013D, 19 }, // U+013D
    { 0x013E, 61 }, // U+013E
    { 0x013F, 19 }, // U+013F
    { 0x0141, 19 }, // U+0141
    { 0x0144, 41 }, // U+0144
    { 0x0146, 41 }, // U+0146
    { 0x0148, 41 }, // U+0148
    { 0x0149, 41 }, // U+0149
    { 0x014A, 62 }, // U+014A
    { 0x014B, 63 }, // U+014B
    { 0x014C, 21 }, // U+014C
    { 0x014D, 42 }, // U+014D
    { 0x014E, 21 }, // U+014E
    { 0x014F, 42 }, // U+014F
    { 0x0150, 21 }, // U+0150
    { 0x0151, 42 }, // U+0151
    { 0x0152, 14 }, // U+0152
    { 0x0154, 24 }, // U+0154
    { 0x0155, 45 }, // U+0155
    { 0x0156, 24 }, // U+0156
    { 0x0157, 45 }, // U+0157
    { 0x0158, 24 }, // U+0158
    { 0x0159, 45 }, // U+0159
    { 0x0162, 25 }, // U+0162
    { 0x0163, 46 }, // U+0163
    { 0x0164, 25 }, // U+0164
    { 0x0165, 46 }, // U+0165
    { 0x0166, 25 }, // U+0166
    { 0x0167, 46 }, // U+0167
    { 0x0168, 26 }, // U+0168
    { 0x016A, 26 }, // U+016A
    { 0x016C, 26 }, // U+016C
    { 0x016E, 26 }, // U+016E
    { 0x0170, 26 }, // U+0170
    { 0x0172, 26 }, // U+0172
    { 0x0174, 28 }, // U+0174
    { 0x0175, 48 }, // U+0175
    { 0x0176, 30 }, // U+0176
    { 0x0178, 30 }, // U+0178
    { 0x0179, 31 }, // U+0179
    { 0x017A, 50 }, // U+017A
    { 0x017B, 31 }, // U+017B
    { 0x017C, 50 }, // U+017C
    { 0x017D, 31 }, // U+017D
    { 0x017E, 50 }, // U+017E
    { 0x017F, 37 }, // U+017F
    { 0x01C4, 31 }, // U+01C4
    { 0x01C5, 50 }, // U+01C5
    { 0x01C6, 50 }, // U+01C6
    { 0x01C7, 17 }, // U+01C7
    { 0x01C8, 39 }, // U+01C8
    { 0x01C9, 39 }, // U+01C9
    { 0x01CA, 17 }, // U+01CA
    { 0x01CB, 39 }, // U+01CB
    { 0x01CC, 39 }, // U+01CC
    { 0x01CD, 10 }, // U+01CD
    { 0x01CE, 34 }, // U+01CE
    { 0x01D1, 21 }, // U+01D1
    { 0x01D2, 42 }, // U+01D2
    { 0x01D3, 26 }, // U+01D3
    { 0x01D5, 26 }, // U+01D5
    { 0x01D7, 26 }, // U+01D7
    { 0x01D9, 26 }, // U+01D9
    { 0x01DB, 26 }, // U+01DB
    { 0x01DD, 42 }, // U+01DD
    { 0x01DE, 10 }, // U+01DE
    { 0x01DF, 34 }, // U+01DF
    { 0x01E0, 10 }, // U+01E0
    { 0x01E1, 34 }, // U+01E1
    { 0x01E2, 14 }, // U+01E2
    { 0x01E4, 16 }, // U+01E4
    { 0x01E6, 16 }, // U+01E6
    { 0x01E8, 18 }, // U+01E8
    { 0x01E9, 40 }, // U+01E9
    { 0x01EA, 21 }, // U+01EA
    { 0x01EB, 42 }, // U+01EB
    { 0x01EC, 21 }, // U+01EC
    { 0x01ED, 42 }, // U+01ED
    { 0x01EE, 64 }, // U+01EE
    { 0x01F0, 39 }, // U+01F0
    { 0x01F1, 31 }, // U+01F1
    { 0x01F2, 50 }, // U+01F2
    { 0x01F3, 50 }, // U+01F3
    { 0x01F4, 16 }, // U+01F4
    { 0x01F7, 65 }, // U+01F7
    { 0x01F9, 41 }, // U+01F9
    { 0x01FA, 10 }, // U+01FA
    { 0x01FB, 34 }, // U+01FB
    { 0x01FC, 14 }, // U+01FC
    { 0x01FE, 21 }, // U+01FE
    { 0x01FF, 42 }, // U+01FF
    { 0x0200, 10 }, // U+0200
    { 0x0201, 34 }, // U+0201
    { 0x0202, 10 }, // U+0202
    { 0x0203, 34 }, // U+0203
    { 0x0204, 14 }, // U+0204
    { 0x0206, 14 }, // U+0206
    { 0x020C, 21 }, // U+020C
    { 0x020D, 42 }, // U+020D
    { 0x020E, 21 }, // U+020E
    { 0x020F, 42 }, // U+020F
    { 0x0210, 24 }, // U+0210
    { 0x0211, 45 }, // U+0211
    { 0x0212, 24 }, // U+0212
    { 0x0213, 45 }, // U+0213
    { 0x0214, 26 }, // U+0214
    { 0x0216, 26 }, // U+0216
    { 0x021A, 25 }, // U+021A
    { 0x021B, 46 }, // U+021B
    { 0x021C, 66 }, // U+021C
    { 0x021F, 38 }, // U+021F
    { 0x0400, 67 }, // U+0400
    { 0x0401, 67 }, // U+0401
    { 0x0402, 68 }, // U+0402
    { 0x0403, 69 }, // U+0403
    { 0x0404, 70 }, // U+0404
    { 0x0405, 71 }, // U+0405
    { 0x040B, 72 }, // U+040B
    { 0x040C, 73 }, // U+040C
    { 0x040E, 74 }, // U+040E
    { 0x0410, 75 }, // U+0410
    { 0x0411, 68 }, // U+0411
    { 0x0412, 76 }, // U+0412
    { 0x0413, 69 }, // U+0413
    { 0x0414, 77 }, // U+0414
    { 0x0415, 67 }, // U+0415
    { 0x0417, 78 }, // U+0417
    { 0x041A, 73 }, // U+041A
    { 0x041C, 79 }, // U+041C
    { 0x041E, 80 }, // U+041E
    { 0x0420, 81 }, // U+0420
    { 0x0421, 70 }, // U+0421
    { 0x0422, 82 }, // U+0422
    { 0x0423, 74 }, // U+0423
    { 0x0424, 83 }, // U+0424
    { 0x0425, 84 }, // U+0425
    { 0x0426, 85 }, // U+0426
    { 0x0429, 85 }, // U+0429
    { 0x042D, 86 }, // U+042D
    { 0x042E, 80 }, // U+042E
    { 0x0430, 87 }, // U+0430
    { 0x0431, 88 }, // U+0431
    { 0x0432, 89 }, // U+0432
    { 0x0433, 90 }, // U+0433
    { 0x0434, 91 }, // U+0434
    { 0x0435, 92 }, // U+0435
    { 0x0436, 93 }, // U+0436
    { 0x0437, 94 }, // U+0437
    { 0x043A, 95 }, // U+043A
    { 0x043E, 96 }, // U+043E
    { 0x0440, 97 }, // U+0440
    { 0x0441, 98 }, // U+0441
    { 0x0442, 99 }, // U+0442
    { 0x0443, 100 }, // U+0443
    { 0x0444, 101 }, // U+0444
    { 0x0445, 102 }, // U+0445
    { 0x0446, 103 }, // U+0446
    { 0x0449, 103 }, // U+0449
    { 0x044A, 104 }, // U+044A
    { 0x044C, 104 }, // U+044C
    { 0x044D, 105 }, // U+044D
    { 0x044E, 106 }, // U+044E
    { 0x0450, 92 }, // U+0450
    { 0x0451, 92 }, // U+0451
    { 0x0452, 107 }, // U+0452
    { 0x0453, 90 }, // U+0453
    { 0x0454, 108 }, // U+0454
    { 0x0455, 109 }, // U+0455
    { 0x0459, 104 }, // U+0459
    { 0x045A, 104 }, // U+045A
    { 0x045B, 110 }, // U+045B
    { 0x045C, 95 }, // U+045C
    { 0x045E, 100 }, // U+045E
    { 0x0462, 68 }, // U+0462
    { 0x0463, 111 }, // U+0463
    { 0x0472, 80 }, // U+0472
    { 0x0473, 96 }, // U+0473
    { 0x0474, 112 }, // U+0474
    { 0x0475, 113 }, // U+0475
    { 0x048A, 85 }, // U+048A
    { 0x048B, 103 }, // U+048B
    { 0x048D, 104 }, // U+048D
    { 0x048F, 97 }, // U+048F
    { 0x0490, 69 }, // U+0490
    { 0x0491, 90 }, // U+0491
    { 0x0492, 69 }, // U+0492
    { 0x0493, 90 }, // U+0493
    { 0x0494, 68 }, // U+0494
    { 0x0495, 114 }, // U+0495
    { 0x0497, 93 }, // U+0497
    { 0x0498, 78 }, // U+0498
    { 0x0499, 94 }, // U+0499
    { 0x049A, 73 }, // U+049A
    { 0x049B, 95 }, // U+049B
    { 0x049C, 73 }, // U+049C
    { 0x049D, 95 }, // U+049D
    { 0x049E, 73 }, // U+049E
    { 0x049F, 95 }, // U+049F
    { 0x04A0, 73 }, // U+04A0
    { 0x04A1, 95 }, // U+04A1
    { 0x04A2, 85 }, // U+04A2
    { 0x04A3, 103 }, // U+04A3
    { 0x04A4, 82 }, // U+04A4
    { 0x04A5, 90 }, // U+04A5
    { 0x04A7, 115 }, // U+04A7
    { 0x04A8, 116 }, // U+04A8
    { 0x04A9, 117 }, // U+04A9
    { 0x04AA, 70 }, // U+04AA
    { 0x04AB, 98 }, // U+04AB
    { 0x04AC, 82 }, // U+04AC
    { 0x04AD, 99 }, // U+04AD
    { 0x04AE, 118 }, // U+04AE
    { 0x04AF, 119 }, // U+04AF
    { 0x04B0, 118 }, // U+04B0
    { 0x04B1, 119 }, // U+04B1
    { 0x04B2, 84 }, // U+04B2
    { 0x04B3, 102 }, // U+04B3
    { 0x04B4, 85 }, // U+04B4
    { 0x04B5, 103 }, // U+04B5
    { 0x04B6, 85 }, // U+04B6
    { 0x04B7, 103 }, // U+04B7
    { 0x04BA, 120 }, // U+04BA
    { 0x04BB, 121 }, // U+04BB
    { 0x04BC, 122 }, // U+04BC
    { 0x04BD, 123 }, // U+04BD
    { 0x04BE, 122 }, // U+04BE
    { 0x04BF, 123 }, // U+04BF
    { 0x04C2, 93 }, // U+04C2
    { 0x04C4, 124 }, // U+04C4
    { 0x04C6, 103 }, // U+04C6
    { 0x04C8, 125 }, // U+04C8
    { 0x04C9, 85 }, // U+04C9
    { 0x04CA, 103 }, // U+04CA
    { 0x04CD, 85 }, // U+04CD
    { 0x04CE, 103 }, // U+04CE
    { 0x04D0, 75 }, // U+04D0
    { 0x04D1, 87 }, // U+04D1
    { 0x04D2, 75 }, // U+04D2
    { 0x04D3, 87 }, // U+04D3
    { 0x04D5, 126 }, // U+04D5
    { 0x04D6, 67 }, // U+04D6
    { 0x04D7, 92 }, // U+04D7
    { 0x04D8, 127 }, // U+04D8
    { 0x04D9, 128 }, // U+04D9
    { 0x04DA, 127 }, // U+04DA
    { 0x04DB, 128 }, // U+04DB
    { 0x04DD, 93 }, // U+04DD
    { 0x04DE, 78 }, // U+04DE
    { 0x04DF, 94 }, // U+04DF
    { 0x04E0, 129 }, // U+04E0
    { 0x04E1, 130 }, // U+04E1
    { 0x04E6, 80 }, // U+04E6
    { 0x04E7, 96 }, // U+04E7
    { 0x04E8, 80 }, // U+04E8
    { 0x04E9, 96 }, // U+04E9
    { 0x04EA, 80 }, // U+04EA
    { 0x04EB, 96 }, // U+04EB
    { 0x04EC, 86 }, // U+04EC
    { 0x04ED, 94 }, // U+04ED
    { 0x04EE, 74 }, // U+04EE
    { 0x04EF, 100 }, // U+04EF
    { 0x04F0, 74 }, // U+04F0
    { 0x04F1, 100 }, // U+04F1
    { 0x04F2, 74 }, // U+04F2
    { 0x04F3, 100 }, // U+04F3
    { 0x04F6, 69 }, // U+04F6
    { 0x04F7, 90 }, // U+04F7
    { 0x0E40, 131 }, // U+0E40
    { 0x0E41, 131 }, // U+0E41
    { 0x0E42, 131 }, // U+0E42
    { 0x0E43, 131 }, // U+0E43
    { 0x0E44, 131 }, // U+0E44
    { 0x0E50, 132 }, // U+0E50
    { 0x0E51, 132 }, // U+0E51
    { 0x0E54, 133 }, // U+0E54
    { 0x0E55, 133 }, // U+0E55
    { 0x0E59, 134 }, // U+0E59
    { 0x1EF2, 30 }, // U+1EF2
    { 0x2013, 6 }, // U+2013
    { 0x2014, 6 }, // U+2014
    { 0x2018, 135 }, // U+2018
    { 0x201A, 136 }, // U+201A
    { 0x201C, 135 }, // U+201C
    { 0x201E, 136 }, // U+201E
    { 0x2026, 5 }, // U+2026
    { 0x2039, 54 }, // U+2039
    { 0x203A, 55 }, // U+203A
    { 0xFB00, 37 }, // U+FB00
};

static const EpdKernClassEntry ubuntu_10_regularKernRightClasses[] = {
    { 0x0021, 1 }, // !
    { 0x0022, 2 }, // "
    { 0x0027, 2 }, // '
    { 0x0028, 3 }, // (
    { 0x0029, 4 }, // )
    { 0x002A, 5 }, // *
    { 0x002C, 6 }, // ,
    { 0x002D, 7 }, // -
    { 0x002E, 6 }, // .
    { 0x002F, 8 }, // /
    { 0x003A, 9 }, // :
    { 0x003B, 9 }, // ;
    { 0x003F, 10 }, // ?
    { 0x0040, 11 }, // @
    { 0x0041, 12 }, // A
    { 0x0043, 13 }, // C
    { 0x0047, 14 }, // G
    { 0x004A, 15 }, // J
    { 0x004D, 16 }, // M
    { 0x004F, 17 }, // O
    { 0x0051, 18 }, // Q
    { 0x0053, 19 }, // S
    { 0x0054, 20 }, // T
    { 0x0055, 21 }, // U
    { 0x0056, 22 }, // V
    { 0x0057, 23 }, // W
    { 0x0058, 24 }, // X
    { 0x0059, 25 }, // Y
    { 0x005A, 26 }, // Z
    { 0x005B, 27 }, // [
    { 0x005C, 28 }, // <backslash>
    { 0x005D, 29 }, // ]
    { 0x0061, 30 }, // a
    { 0x0062, 31 }, // b
    { 0x0063, 32 }, // c
    { 0x0064, 33 }, // d
    { 0x0065, 34 }, // e
    { 0x0066, 35 }, // f
    { 0x0067, 36 }, // g
    { 0x0068, 31 }, // h
    { 0x0069, 37 }, // i
    { 0x006A, 38 }, // j
    { 0x006B, 31 }, // k
    { 0x006C, 39 }, // l
    { 0x006D, 40 }, // m
    { 0x006E, 40 }, // n
    { 0x006F, 41 }, // o
    { 0x0070, 40 }, // p
    { 0x0071, 42 }, // q
    { 0x0072, 40 }, // r
    { 0x0073, 43 }, // s
    { 0x0074, 44 }, // t
    { 0x0075, 45 }, // u
    { 0x0076, 46 }, // v
    { 0x0077, 47 }, // w
    { 0x0078, 48 }, // x
    { 0x0079, 49 }, // y
    { 0x007A, 50 }, // z
    { 0x007B, 51 }, // {
    { 0x007D, 52 }, // }
    { 0x00AB, 53 }, // U+00AB
    { 0x00BB, 54 }, // U+00BB
    { 0x00C0, 12 }, // U+00C0
    { 0x00C1, 12 }, // U+00C1
    { 0x00C2, 12 }, // U+00C2
    { 0x00C3, 12 }, // U+00C3
    { 0x00C4, 12 }, // U+00C4
    { 0x00C5, 12 }, // U+00C5
    { 0x00C6, 55 }, // U+00C6
    { 0x00C7, 13 }, // U+00C7
    { 0x00D2, 17 }, // U+00D2
    { 0x00D3, 17 }, // U+00D3
    { 0x00D4, 17 }, // U+00D4
    { 0x00D5, 17 }, // U+00D5
    { 0x00D6, 17 }, // U+00D6
    { 0x00D8, 17 }, // U+00D8
    { 0x00D9, 21 }, // U+00D9
    { 0x00DA, 21 }, // U+00DA
    { 0x00DB, 21 }, // U+00DB
    { 0x00DC, 21 }, // U+00DC
    { 0x00DD, 25 }, // U+00DD
    { 0x00DF, 56 }, // U+00DF
    { 0x00E0, 30 }, // U+00E0
    { 0x00E1, 30 }, // U+00E1
    { 0x00E2, 30 }, // U+00E2
    { 0x00E3, 30 }, // U+00E3
    { 0x00E4, 30 }, // U+00E4
    { 0x00E5, 30 }, // U+00E5
    { 0x00E6, 30 }, // U+00E6
    { 0x00E7, 32 }, // U+00E7
    { 0x00E8, 34 }, // U+00E8
    { 0x00E9, 34 }, // U+00E9
    { 0x00EA, 34 }, // U+00EA
    { 0x00EB, 34 }, // U+00EB
    { 0x00EC, 57 }, // U+00EC
    { 0x00ED, 37 }, // U+00ED
    { 0x00EE, 58 }, // U+00EE
    { 0x00EF, 59 }, // U+00EF
    { 0x00F0, 60 }, // U+00F0
    { 0x00F1, 40 }, // U+00F1
    { 0x00F2, 41 }, // U+00F2
    { 0x00F3, 41 }, // U+00F3
    { 0x00F4, 41 }, // U+00F4
    { 0x00F5, 41 }, // U+00F5
    { 0x00F6, 41 }, // U+00F6
    { 0x00F8, 41 }, // U+00F8
    { 0x00F9, 45 }, // U+00F9
    { 0x00FA, 45 }, // U+00FA
    { 0x00FB, 45 }, // U+00FB
    { 0x00FC, 45 }, // U+00FC
    { 0x00FD, 49 }, // U+00FD
    { 0x00FE, 56 }, // U+00FE
    { 0x00FF, 49 }, // U+00FF
    { 0x0100, 12 }, // U+0100
    { 0x0101, 30 }, // U+0101
    { 0x0102, 12 }, // U+0102
    { 0x0103, 30 }, // U+0103
    { 0x0104, 12 }, // U+0104
    { 0x0105, 30 }, // U+0105
    { 0x0106, 13 }, // U+0106
    { 0x0107, 32 }, // U+0107
    { 0x0108, 13 }, // U+0108
    { 0x0109, 32 }, // U+0109
    { 0x010A, 13 }, // U+010A
    { 0x010B, 32 }, // U+010B
    { 0x010C, 13 }, // U+010C
    { 0x010D, 32 }, // U+010D
    { 0x010F, 33 }, // U+010F
    { 0x0111, 33 }, // U+0111
    { 0x0113, 34 }, // U+0113
    { 0x0115, 34 }, // U+0115
    { 0x0117, 34 }, // U+0117
    { 0x0119, 34 }, // U+0119
    { 0x011B, 34 }, // U+011B
    { 0x011C, 14 }, // U+011C
    { 0x011D, 36 }, // U+011D
    { 0x011E, 14 }, // U+011E
    { 0x011F, 36 }, // U+011F
    { 0x0120, 14 }, // U+0120
    { 0x0121, 36 }, // U+0121
    { 0x0122, 14 }, // U+0122
    { 0x0123, 36 }, // U+0123
    { 0x0125, 31 }, // U+0125
    { 0x0127, 31 }, // U+0127
    { 0x0129, 61 }, // U+0129
    { 0x012B, 62 }, // U+012B
    { 0x012D, 63 }, // U+012D
    { 0x012F, 37 }, // U+012F
    { 0x0131, 37 }, // U+0131
    { 0x0133, 37 }, // U+0133
    { 0x0134, 15 }, // U+0134
    { 0x0135, 38 }, // U+0135
    { 0x0137, 31 }, // U+0137
    { 0x013A, 39 }, // U+013A
    { 0x013C, 39 }, // U+013C
    { 0x013E, 39 }, // U+013E
    { 0x0140, 39 }, // U+0140
    { 0x0142, 39 }, // U+0142
    { 0x0144, 40 }, // U+0144
    { 0x0146, 40 }, // U+0146
    { 0x0148, 40 }, // U+0148
    { 0x0149, 40 }, // U+0149
    { 0x014A, 64 }, // U+014A
    { 0x014B, 65 }, // U+014B
    { 0x014C, 17 }, // U+014C
    { 0x014D, 41 }, // U+014D
    { 0x014E, 17 }, // U+014E
    { 0x014F, 41 }, // U+014F
    { 0x0150, 17 }, // U+0150
    { 0x0151, 41 }, // U+0151
    { 0x0152, 17 }, // U+0152
    { 0x0153, 41 }, // U+0153
    { 0x0155, 40 }, // U+0155
    { 0x0157, 40 }, // U+0157
    { 0x0159, 40 }, // U+0159
    { 0x015A, 19 }, // U+015A
    { 0x015B, 43 }, // U+015B
    { 0x015C, 19 }, // U+015C
    { 0x015D, 43 }, // U+015D
    { 0x015E, 19 }, // U+015E
    { 0x015F, 43 }, // U+015F
    { 0x0160, 19 }, // U+0160
    { 0x0161, 43 }, // U+0161
    { 0x0162, 20 }, // U+0162
    { 0x0163, 44 }, // U+0163
    { 0x0164, 20 }, // U+0164
    { 0x0165, 44 }, // U+0165
    { 0x0166, 20 }, // U+0166
    { 0x0167, 44 }, // U+0167
    { 0x0168, 21 }, // U+0168
    { 0x0169, 45 }, // U+0169
    { 0x016A, 21 }, // U+016A
    { 0x016B, 45 }, // U+016B
    { 0x016C, 21 }, // U+016C
    { 0x016D, 45 }, // U+016D
    { 0x016E, 21 }, // U+016E
    { 0x016F, 45 }, // U+016F
    { 0x0170, 21 }, // U+0170
    { 0x0171, 45 }, // U+0171
    { 0x0172, 21 }, // U+0172
    { 0x0173, 45 }, // U+0173
    { 0x0174, 23 }, // U+0174
    { 0x0175, 47 }, // U+0175
    { 0x0176, 25 }, // U+0176
    { 0x0177, 49 }, // U+0177
    { 0x0178, 25 }, // U+0178
    { 0x0179, 26 }, // U+0179
    { 0x017A, 50 }, // U+017A
    { 0x017B, 26 }, // U+017B
    { 0x017C, 50 }, // U+017C
    { 0x017D, 26 }, // U+017D
    { 0x017E, 50 }, // U+017E
    { 0x017F, 35 }, // U+017F
    { 0x01A0, 17 }, // U+01A0
    { 0x01A1, 41 }, // U+01A1
    { 0x01AF, 21 }, // U+01AF
    { 0x01B0, 45 }, // U+01B0
    { 0x01C6, 33 }, // U+01C6
    { 0x01C9, 39 }, // U+01C9
    { 0x01CC, 40 }, // U+01CC
    { 0x01CD, 12 }, // U+01CD
    { 0x01CE, 30 }, // U+01CE
    { 0x01D0, 37 }, // U+01D0
    { 0x01D1, 17 }, // U+01D1
    { 0x01D2, 41 }, // U+01D2
    { 0x01D3, 21 }, // U+01D3
    { 0x01D4, 45 }, // U+01D4
    { 0x01D5, 21 }, // U+01D5
    { 0x01D6, 45 }, // U+01D6
    { 0x01D7, 21 }, // U+01D7
    { 0x01D8, 45 }, // U+01D8
    { 0x01D9, 21 }, // U+01D9
    { 0x01DA, 45 }, // U+01DA
    { 0x01DB, 21 }, // U+01DB
    { 0x01DC, 45 }, // U+01DC
    { 0x01DD, 66 }, // U+01DD
    { 0x01DE, 12 }, // U+01DE
    { 0x01DF, 30 }, // U+01DF
    { 0x01E0, 12 }, // U+01E0
    { 0x01E1, 30 }, // U+01E1
    { 0x01E2, 55 }, // U+01E2
    { 0x01E3, 30 }, // U+01E3
    { 0x01E4, 14 }, // U+01E4
    { 0x01E5, 36 }, // U+01E5
    { 0x01E6, 14 }, // U+01E6
    { 0x01E7, 36 }, // U+01E7
    { 0x01E9, 31 }, // U+01E9
    { 0x01EA, 17 }, // U+01EA
    { 0x01EB, 41 }, // U+01EB
    { 0x01EC, 17 }, // U+01EC
    { 0x01ED, 41 }, // U+01ED
    { 0x01EE, 67 }, // U+01EE
    { 0x01EF, 68 }, // U+01EF
    { 0x01F0, 38 }, // U+01F0
    { 0x01F3, 33 }, // U+01F3
    { 0x01F4, 14 }, // U+01F4
    { 0x01F5, 36 }, // U+01F5
    { 0x01F7, 56 }, // U+01F7
    { 0x01F9, 40 }, // U+01F9
    { 0x01FA, 12 }, // U+01FA
    { 0x01FB, 30 }, // U+01FB
    { 0x01FC, 55 }, // U+01FC
    { 0x01FD, 30 }, // U+01FD
    { 0x01FE, 17 }, // U+01FE
    { 0x01FF, 41 }, // U+01FF
    { 0x0200, 12 }, // U+0200
    { 0x0201, 30 }, // U+0201
    { 0x0202, 12 }, // U+0202
    { 0x0203, 30 }, // U+0203
    { 0x0205, 34 }, // U+0205
    { 0x0207, 34 }, // U+0207
    { 0x0209, 37 }, // U+0209
    { 0x020B, 37 }, // U+020B
    { 0x020C, 17 }, // U+020C
    { 0x020D, 41 }, // U+020D
    { 0x020E, 17 }, // U+020E
    { 0x020F, 41 }, // U+020F
    { 0x0211, 40 }, // U+0211
    { 0x0213, 40 }, // U+0213
    { 0x0214, 21 }, // U+0214
    { 0x0215, 45 }, // U+0215
    { 0x0216, 21 }, // U+0216
    { 0x0217, 45 }, // U+0217
    { 0x0218, 19 }, // U+0218
    { 0x0219, 43 }, // U+0219
    { 0x021A, 20 }, // U+021A
    { 0x021B, 44 }, // U+021B
    { 0x021C, 69 }, // U+021C
    { 0x021D, 70 }, // U+021D
    { 0x021F, 31 }, // U+021F
    { 0x0402, 71 }, // U+0402
    { 0x0404, 72 }, // U+0404
    { 0x0405, 73 }, // U+0405
    { 0x0408, 74 }, // U+0408
    { 0x0409, 75 }, // U+0409
    { 0x040B, 71 }, // U+040B
    { 0x040E, 76 }, // U+040E
    { 0x0410, 77 }, // U+0410
    { 0x0414, 78 }, // U+0414
    { 0x0416, 79 }, // U+0416
    { 0x0417, 80 }, // U+0417
    { 0x041B, 75 }, // U+041B
    { 0x041C, 81 }, // U+041C
    { 0x041E, 82 }, // U+041E
    { 0x0421, 72 }, // U+0421
    { 0x0422, 71 }, // U+0422
    { 0x0423, 76 }, // U+0423
    { 0x0424, 83 }, // U+0424
    { 0x0425, 84 }, // U+0425
    { 0x0427, 85 }, // U+0427
    { 0x042A, 71 }, // U+042A
    { 0x042D, 86 }, // U+042D
    { 0x042F, 87 }, // U+042F
    { 0x0430, 88 }, // U+0430
    { 0x0431, 89 }, // U+0431
    { 0x0432, 90 }, // U+0432
    { 0x0433, 91 }, // U+0433
    { 0x0434, 92 }, // U+0434
    { 0x0435, 93 }, // U+0435
    { 0x0436, 94 }, // U+0436
    { 0x0437, 95 }, // U+0437
    { 0x0438, 91 }, // U+0438
    { 0x0439, 91 }, // U+0439
    { 0x043A, 91 }, // U+043A
    { 0x043B, 96 }, // U+043B
    { 0x043C, 97 }, // U+043C
    { 0x043D, 91 }, // U+043D
    { 0x043E, 98 }, // U+043E
    { 0x043F, 91 }, // U+043F
    { 0x0440, 99 }, // U+0440
    { 0x0441, 100 }, // U+0441
    { 0x0442, 101 }, // U+0442
    { 0x0443, 102 }, // U+0443
    { 0x0444, 103 }, // U+0444
    { 0x0445, 104 }, // U+0445
    { 0x0446, 91 }, // U+0446
    { 0x0447, 105 }, // U+0447
    { 0x0448, 91 }, // U+0448
    { 0x0449, 106 }, // U+0449
    { 0x044A, 107 }, // U+044A
    { 0x044B, 91 }, // U+044B
    { 0x044C, 91 }, // U+044C
    { 0x044D, 108 }, // U+044D
    { 0x044E, 90 }, // U+044E
    { 0x044F, 109 }, // U+044F
    { 0x0450, 93 }, // U+0450
    { 0x0451, 93 }, // U+0451
    { 0x0452, 110 }, // U+0452
    { 0x0453, 91 }, // U+0453
    { 0x0454, 111 }, // U+0454
    { 0x0455, 112 }, // U+0455
    { 0x0456, 113 }, // U+0456
    { 0x0457, 114 }, // U+0457
    { 0x0458, 115 }, // U+0458
    { 0x0459, 96 }, // U+0459
    { 0x045A, 91 }, // U+045A
    { 0x045B, 116 }, // U+045B
    { 0x045C, 91 }, // U+045C
    { 0x045D, 91 }, // U+045D
    { 0x045E, 102 }, // U+045E
    { 0x045F, 106 }, // U+045F
    { 0x0462, 71 }, // U+0462
    { 0x0463, 117 }, // U+0463
    { 0x0472, 82 }, // U+0472
    { 0x0473, 98 }, // U+0473
    { 0x0474, 76 }, // U+0474
    { 0x0475, 102 }, // U+0475
    { 0x048B, 91 }, // U+048B
    { 0x048D, 118 }, // U+048D
    { 0x048F, 99 }, // U+048F
    { 0x0491, 91 }, // U+0491
    { 0x0493, 91 }, // U+0493
    { 0x0495, 91 }, // U+0495
    { 0x0496, 79 }, // U+0496
    { 0x0497, 94 }, // U+0497
    { 0x0498, 80 }, // U+0498
    { 0x0499, 95 }, // U+0499
    { 0x049B, 91 }, // U+049B
    { 0x049D, 91 }, // U+049D
    { 0x049F, 91 }, // U+049F
    { 0x04A1, 91 }, // U+04A1
    { 0x04A3, 91 }, // U+04A3
    { 0x04A5, 91 }, // U+04A5
    { 0x04A7, 91 }, // U+04A7
    { 0x04A8, 119 }, // U+04A8
    { 0x04A9, 120 }, // U+04A9
    { 0x04AA, 72 }, // U+04AA
    { 0x04AB, 100 }, // U+04AB
    { 0x04AC, 71 }, // U+04AC
    { 0x04AD, 101 }, // U+04AD
    { 0x04AE, 121 }, // U+04AE
    { 0x04AF, 122 }, // U+04AF
    { 0x04B0, 121 }, // U+04B0
    { 0x04B1, 122 }, // U+04B1
    { 0x04B2, 84 }, // U+04B2
    { 0x04B3, 104 }, // U+04B3
    { 0x04B4, 71 }, // U+04B4
    { 0x04B5, 101 }, // U+04B5
    { 0x04B6, 85 }, // U+04B6
    { 0x04B7, 105 }, // U+04B7
    { 0x04B8, 85 }, // U+04B8
    { 0x04B9, 105 }, // U+04B9
    { 0x04BB, 123 }, // U+04BB
    { 0x04BC, 124 }, // U+04BC
    { 0x04BD, 125 }, // U+04BD
    { 0x04BE, 124 }, // U+04BE
    { 0x04BF, 125 }, // U+04BF
    { 0x04C1, 79 }, // U+04C1
    { 0x04C2, 94 }, // U+04C2
    { 0x04C4, 91 }, // U+04C4
    { 0x04C5, 75 }, // U+04C5
    { 0x04C6, 96 }, // U+04C6
    { 0x04C8, 91 }, // U+04C8
    { 0x04CA, 91 }, // U+04CA
    { 0x04CB, 85 }, // U+04CB
    { 0x04CC, 105 }, // U+04CC
    { 0x04CE, 97 }, // U+04CE
    { 0x04D0, 77 }, // U+04D0
    { 0x04D1, 88 }, // U+04D1
    { 0x04D2, 77 }, // U+04D2
    { 0x04D3, 88 }, // U+04D3
    { 0x04D5, 126 }, // U+04D5
    { 0x04D7, 93 }, // U+04D7
    { 0x04D8, 127 }, // U+04D8
    { 0x04D9, 128 }, // U+04D9
    { 0x04DA, 127 }, // U+04DA
    { 0x04DB, 128 }, // U+04DB
    { 0x04DC, 79 }, // U+04DC
    { 0x04DD, 94 }, // U+04DD
    { 0x04DE, 80 }, // U+04DE
    { 0x04DF, 129 }, // U+04DF
    { 0x04E0, 130 }, // U+04E0
    { 0x04E1, 131 }, // U+04E1
    { 0x04E3, 91 }, // U+04E3
    { 0x04E5, 91 }, // U+04E5
    { 0x04E6, 82 }, // U+04E6
    { 0x04E7, 98 }, // U+04E7
    { 0x04E8, 82 }, // U+04E8
    { 0x04E9, 98 }, // U+04E9
    { 0x04EA, 82 }, // U+04EA
    { 0x04EB, 98 }, // U+04EB
    { 0x04EC, 86 }, // U+04EC
    { 0x04ED, 132 }, // U+04ED
    { 0x04EE, 76 }, // U+04EE
    { 0x04EF, 102 }, // U+04EF
    { 0x04F0, 76 }, // U+04F0
    { 0x04F1, 102 }, // U+04F1
    { 0x04F2, 76 }, // U+04F2
    { 0x04F3, 102 }, // U+04F3
    { 0x04F4, 85 }, // U+04F4
    { 0x04F5, 105 }, // U+04F5
    { 0x04F7, 91 }, // U+04F7
    { 0x04F9, 91 }, // U+04F9
    { 0x0E02, 133 }, // U+0E02
    { 0x0E03, 133 }, // U+0E03
    { 0x0E04, 134 }, // U+0E04
    { 0x0E05, 134 }, // U+0E05
    { 0x0E06, 134 }, // U+0E06
    { 0x0E07, 135 }, // U+0E07
    { 0x0E08, 136 }, // U+0E08
    { 0x0E09, 133 }, // U+0E09
    { 0x0E0A, 133 }, // U+0E0A
    { 0x0E0B, 133 }, // U+0E0B
    { 0x0E0C, 137 }, // U+0E0C
    { 0x0E0D, 137 }, // U+0E0D
    { 0x0E10, 136 }, // U+0E10
    { 0x0E11, 134 }, // U+0E11
    { 0x0E12, 134 }, // U+0E12
    { 0x0E13, 137 }, // U+0E13
    { 0x0E14, 134 }, // U+0E14
    { 0x0E15, 134 }, // U+0E15
    { 0x0E16, 137 }, // U+0E16
    { 0x0E18, 138 }, // U+0E18
    { 0x0E19, 139 }, // U+0E19
    { 0x0E1A, 133 }, // U+0E1A
    { 0x0E1B, 133 }, // U+0E1B
    { 0x0E1E, 140 }, // U+0E1E
    { 0x0E1F, 140 }, // U+0E1F
    { 0x0E22, 136 }, // U+0E22
    { 0x0E23, 134 }, // U+0E23
    { 0x0E24, 137 }, // U+0E24
    { 0x0E25, 134 }, // U+0E25
    { 0x0E27, 134 }, // U+0E27
    { 0x0E28, 134 }, // U+0E28
    { 0x0E29, 133 }, // U+0E29
    { 0x0E2A, 134 }, // U+0E2A
    { 0x0E2C, 140 }, // U+0E2C
    { 0x0E2D, 134 }, // U+0E2D
    { 0x0E2E, 134 }, // U+0E2E
    { 0x0E50, 141 }, // U+0E50
    { 0x0E51, 141 }, // U+0E51
    { 0x0E54, 142 }, // U+0E54
    { 0x0E55, 142 }, // U+0E55
    { 0x0E56, 143 }, // U+0E56
    { 0x0E58, 144 }, // U+0E58
    { 0x1EF2, 25 }, // U+1EF2
    { 0x1EF3, 49 }, // U+1EF3
    { 0x2013, 7 }, // U+2013
    { 0x2014, 7 }, // U+2014
    { 0x2018, 145 }, // U+2018
    { 0x2019, 146 }, // U+2019
    { 0x201A, 147 }, // U+201A
    { 0x201C, 145 }, // U+201C
    { 0x201D, 146 }, // U+201D
    { 0x201E, 147 }, // U+201E
    { 0x2026, 6 }, // U+2026
    { 0x2039, 53 }, // U+2039
    { 0x203A, 54 }, // U+203A
    { 0xFB00, 35 }, // U+FB00
    { 0xFB01, 35 }, // U+FB01
    { 0xFB02, 35 }, // U+FB02
    { 0xFB03, 35 }, // U+FB03
    { 0xFB04, 35 }, // U+FB04
};

static const int8_t ubuntu_10_regularKernMatrix[] = {
       0,    0,    0,    0,    0,    0,    0,    0,    0,    0,    0,  -26,   -8,   -8,  -41,    0,   -8,   -8,    0,    0,    0,    4,    3,    0,    0,   -4,    0,    0,    0,    0,    0,    0,    0,    0,    0,    0,    0,    0,    0,    0,    0,    0,    0,    0,    0,    0,    0,    0,    0,    0,    0,    0,    0,    0,  -45,    0,    0,    0,    0,    0,    0,    0,    0,    0,    0,    0,    0,    0,    0,    0,    0,   -8,    0,  -38,  -24,    0,  -26,  -23,    0,    0,    0,   -8,   -8,    0,    0,    0,    0,    0,    0,    0,    0,    0,    0,    0,    0,    0,    0,    0,    0,    0,    0,    0,    0,    0,    0,    0,    0,    0,    0,    0,    0,    0,    0,    0,    0,    0,    0,    0,   -9,    0,    0,    0,    0,    0,    0,    0,  -11,    0,    0,   -4,    0,    0,    0,    0,    0,    0,    0,    0,    0,    0,    0,    0,    0,    0,    0,    0,    0,
       0,    0,    0,   27,    0,    0,    0,    0,    0,    0,    0,    0,  -10,  -10,    0,    0,  -10,  -10,   -6,    4,   -3,    5,    0,    0,    6,    0,    0,    0,    0,    0,    0,    0,    0,    0,    0,    0,    0,    0,    0,    0,    0,    0,    0,    0,    0,    0,    0,    0,    0,    0,    0,    0,    0,    0,    0,    0,    0,    0,    0,    0,    0,    0,    0,    0,    0,    0,    0,    0,    0,    0,    4,  -10,   -4,    0,    0,    0,    0,    9,    0,    0,    0,  -10,  -10,    0,    0,    0,    0,    0,    0,    0,    0,    0,    0,    0,    0,    0,    0,    0,    0,    0,    0,    0,    0,    0,    0,    0,    0,    0,    0,    0,    0,    0,    0,    0,    0,    0,    0,    0,  -15,    0,    6,    0,    0,   -4,    0,    0,   -7,    0,    0,    0,    0,    0,    0,    0,    0,    0,    0,    0,    0,    0,    0,    0,    0,    0,    0,    0,    0,
       0,    0,    0,    0,    0,    0,    0,    0,    0,    0,    0,   -7,   -4,   -4,   -4,    0,   -4,   -4,   -4,   -9,    0,  -11,   -6,   -9,  -14,   -7,    0,    0,    0,    0,    0,    0,    0,    0,    0,    0,    0,    0,    0,    0,    0,    0,    0,    0,    0,    0,    0,    0,    0,    0,    0,    0,    0,    0,   -7,    0,    0,    0,    0,    0,    0,    0,    0,    0,    0,    0,    0,    0,    0,    0,   -9,   -4,   -5,    0,    0,   -9,   -7,    0,   -7,   -6,    0,   -4,   -4,   -9,   -6,   -6,   -6,    0,    0,    0,    0,    0,    0,    0,    0,    0,    0,    0,    0,    0,    0,    0,    0,    0,    0,    0,    0,    0,    0,    0,    0,    0,    0,    0,    0,    0,    0,    0,   -5,    0,  -14,    0,    0,    0,    0,    0,   -4,    0,    0,   -6,    0,    0,    0,    0,    0,    0,    0,    0,    0,    0,    0,    0,    0,    0,    0,    0,    0,
       0,    0,    0,    0,    0,    0,    0,    0,    0,    0,    0,  -21,   -3,   -3,  -41,    0,    0,    0,    0,    0,    0,    0,    0,   -8,    0,    0,    0,    0,    0,    0,    0,    0,    0,    0,    0,    0,    0,    0,    0,    0,    0,    0,    0,    0,    0,    0,    0,    0,    0,    0,    0,    0,    0,    0,  -32,    0,    0,    0,    0,    0,    0,    0,    0,    0,    0,    0,    0,    0,    0,    0,    0,   -3,    0,  -37,  -25,    0,  -21,  -24,  -10,   -5,    0,    0,    0,   -8,    0,    0,    0,    0,    0,    0,    0,    0,    0,    0,    0,    0,    0,    0,    0,    0,    0,    0,    0,    0,    0,    0,    0,    0,    0,    0,    0,    0,    0,    0,    0,    0,    0,    0,    0,    0,    0,    0,    0,    0,    0,    0,   -6,    0,    0,   -6,    0,    0,    0,    0,    0,    0,    0,    0,    0,    0,    0,    0,    0,    0,    0,    0,    0,
       0,    0,    0,    0,    0,    0,    0,    0,    0,    0,    0,    8,  -10,  -10,    9,    0,  -11,  -11,    5,  -23,   -8,  -26,  -13,    3,  -27,    6,    0,    0,    0,    0,    0,    0,    0,    0,    0,    0,    0,    0,    0,    0,    0,    0,    0,    0,    0,    0,    0,    0,    0,    0,    0,    0,    0,    0,    6,    0,    0,    0,    0,    0,    0,    0,    0,    0,    0,    0,    0,    0,    0,    0,  -23,  -10,    0,    0,    0,    0,    8,    6,    0,    0,    0,  -11,  -11,    3,  -39,    0,    0,    0,    0,    0,    0,    0,    0,    0,    0,    0,    0,    0,    0,    0,    0,    0,    0,    0,    0,    0,    0,    0,    0,    0,    0,    0,    0,    0,    0,    0,    0,    0,  -14,    0,  -27,    0,    0,  -34,    0,    0,  -10,    0,    0,    0,    0,    0,    0,    0,    0,    0,    0,    0,    0,    0,    0,    0,    0,    0,    0,    0,    0,
       0,    0,    0,    0,    0,    0,    0,    0,    0,    0,    0,    0,    0,    0,   -9,    0,    0,    0,    0,  -17,    0,   -4,    0,  -10,  -17,   -5,    0,    0,    0,    0,    0,    0,    0,    0,    0,    0,    0,    0,    0,    0,    0,    0,    0,    0,    0,    0,    0,    0,    0,    0,    0,    0,    0,    0,   -5,    0,    0,    0,    0,    0,    0,    0,    0,    0,    0,    0,    0,    0,    0,    0,  -17,    5,   -4,   -7,  -11,  -14,    0,   -7,  -13,   -5,    0,    5,    0,  -10,    0,   -6,    0,    0,    0,    0,    0,    0,    0,    0,    0,    0,    0,    0,    0,    0,    0,    0,    0,    0,    0,    0,    0,    0,    0,    0,    0,    0,    0,    0,    0,    0,    0,    0,    5,    0,  -17,    0,    0,    0,    0,    0,    5,    0,    0,   -8,    0,    0,    0,    0,    0,    0,    0,    0,    0,    0,    0,    0,    0,    0,    0,    0,    0,
       0,    0,    0,    0,    0,    0,    0,    0,    0,    0,    0,  -17,   -9,   -9,  -24,    0,   -9,   -9,    0,   10,    0,   11,    7,    7,   11,    3,    0,    0,    0,    0,    0,    0,    0,    0,    0,    0,    0,    0,    0,    0,    0,    0,    0,    0,    0,    0,    0,    0,    0,    0,    0,    0,    0,    0,  -26,    0,    0,    0,    0,    0,    0,    0,    0,    0,    0,    0,    0,    0,    0,    0,   10,   -9,    0,  -21,  -20,    9,  -17,  -20,    6,    0,    0,   -9,   -9,    7,    0,    6,    0,    0,    0,    0,    0,    0,    0,    0,    0,    0,    0,    0,    0,    0,    0,    0,    0,    0,    0,    0,    0,    0,    0,    0,    0,    0,    0,    0,    0,    0,    0,    0,   -7,    0,   11,    0,    0,    0,    0,    0,    0,    0,    0,    0,    0,    0,    0,    0,    0,    0,    0,    0,    0,    0,    0,    0,    0,    0,    0,    0,    0,
       0,    0,    0,    0,    0,    0,    0,    0,    0,    0,    0,    0,   -4,   -4,    0,    0,   -4,   -4,    0,  -28,   -4,   -7,   -4,    0,  -13,    0,    0,    0,    0,    0,    0,    0,    0,    0,    0,    0,    0,    0,    0,    0,    0,    0,    0,    0,    0,    0,    0,    0,    0,    0,    0,    0,    0,    0,    0,    0,    0,    0,    0,    0,    0,    0,    0,    0,    0,    0,    0,    0,    0,    0,  -28,   -4,    0,    0,    0,    0,    0,    0,    0,    0,    0,   -4,   -4,    0,    0,    0,    0,    0,    0,    0,    0,    0,    0,    0,    0,    0,    0,    0,    0,    0,    0,    0,    0,    0,    0,    0,    0,    0,    0,    0,    0,    0,    0,    0,    0,    0,    0,    0,    0,    0,  -13,    0,    0,    0,    0,    0,   -7,    0,    0,    0,    0,    0,    0,    0,    0,    0,    0,    0,    0,    0,    0,    0,    0,    0,    0,    0,    0,
       0,    0,    0,    0,    0,    0,    0,    0,    0,    0,    0,   -9,   -3,   -3,   -9,    0,   -3,   -3,   -6,  -15,   -4,  -12,   -8,  -13,  -18,  -11,    0,    0,    0,    0,    0,    0,    0,    0,    0,    0,    0,    0,    0,    0,    0,    0,    0,    0,    0,    0,    0,    0,    0,    0,    0,    0,    0,    0,  -13,    0,    0,    0,    0,    0,    0,    0,    0,    0,    0,    0,    0,    0,    0,    0,  -15,   -3,   -5,   -7,   -8,  -13,   -9,   -7,  -15,  -10,    0,   -3,   -3,  -13,   -4,   -9,   -5,    0,    0,    0,    0,    0,    0,    0,    0,    0,    0,    0,    0,    0,    0,    0,    0,    0,    0,    0,    0,    0,    0,    0,    0,    0,    0,    0,    0,    0,    0,    0,    0,    0,  -18,    0,    0,    0,    0,    0,    0,    0,    0,   -9,    0,    0,    0,    0,    0,    0,    0,    0,    0,    0,    0,    0,    0,    0,    0,    0,    0,
       0,  -26,   -6,    0,  -21,    9,    0,    6,    0,    0,   -5,   11,   -6,   -6,   10,    0,   -6,   -6,    5,  -21,   -3,  -21,   -6,    8,  -26,    6,    0,    0,   -9,    0,    0,   -4,   -4,   -4,    0,   -5,    0,    0,    0,    0,   -4,   -4,    4,    0,   -5,   -7,   -6,    9,   -5,    5,   -7,   -3,   -6,    0,   11,    0,    0,    0,    0,   -4,    0,    0,    0,    0,    0,    0,    0,    0,  -17,    0,    0,    0,    0,    0,    0,    0,    0,    0,    0,    0,    0,    0,    0,    0,    0,    0,    0,    0,    0,    0,    0,    0,    0,    0,    0,    0,    0,    0,    0,    0,    0,    0,    0,    0,    0,    0,    0,    0,    0,    0,    0,    0,    0,    0,    0,    0,    0,    0,    0,    0,    0,    0,    0,    0,    0,    0,    0,    0,    0,    0,    0,    0,    0,    0,    0,    0,    0,    0,    0,    0,    0,    0,    0,    0,  -24,  -23,    8,
       0,   -4,   -4,   -8,   -4,   -3,    0,   -7,   -4,   -7,    0,    0,    0,    0,    0,    0,    0,    0,    0,    0,    0,   -6,   -4,   -7,   -8,    0,    0,    0,  -11,    0,    0,    0,    0,    0,    0,    0,    0,    0,    0,    0,    0,    0,    0,    0,    0,    0,    0,    0,    0,   -4,    0,   -7,    0,    0,   -4,    0,    0,    0,    0,    0,    0,    0,    0,    0,    0,    0,    0,    0,   -5,    0,    0,    0,    0,    0,    0,    0,    0,    0,    0,    0,    0,    0,    0,    0,    0,    0,    0,    0,    0,    0,    0,    0,    0,    0,    0,    0,    0,    0,    0,    0,    0,    0,    0,    0,    0,    0,    0,    0,    0,    0,    0,    0,    0,    0,    0,    0,    0,    0,    0,    0,    0,    0,    0,    0,    0,    0,    0,    0,    0,    0,    0,    0,    0,    0,    0,    0,    0,    0,    0,    0,    0,    0,    0,    0,    0,    0,    0,
       0,    0,   -8,    0,    0,    7,  -10,    0,    0,    5,   -6,    7,   -7,   -7,    8,    0,   -7,   -7,    3,    6,    0,    6,    0,    4,    6,    3,   -3,    0,    0,    0,    0,   -5,   -5,   -5,    0,   -5,    0,    0,    0,    0,   -5,   -5,    0,    0,   -7,   -5,   -6,    5,   -5,    0,   -9,    0,  -15,    0,    7,    0,    0,    0,    0,   -5,    0,    0,    0,    0,    0,    0,    0,    0,    0,    0,    0,    0,    0,    0,    0,    0,    0,    0,    0,    0,    0,    0,    0,    0,    0,    0,    0,    0,    0,    0,    0,    0,    0,    0,    0,    0,    0,    0,    0,    0,    0,    0,    0,    0,    0,    0,    0,    0,    0,    0,    0,    0,    0,    0,    0,    0,    0,    0,    0,    0,    0,    0,    0,    0,    0,    0,    0,    0,    0,    0,    0,    0,    0,    0,    0,    0,    0,    0,    0,    0,    0,    0,    0,    0,    0,    4,    6,
      -5,   -9,   -4,  -11,    0,  -11,    0,  -14,    0,  -13,   -4,   -6,    0,    0,   -8,    0,    0,    0,   -4,   -9,    0,   -6,   -6,   -8,  -14,   -5,   -4,    0,  -14,   -5,    0,    0,    0,    0,    0,    0,    0,    0,    0,    0,    0,    0,    0,    0,    0,    0,    0,    0,    0,    0,    0,  -10,    0,    0,  -14,    0,    0,    0,    0,    0,    0,    0,    0,    0,    0,    0,  -10,    0,  -10,    0,    0,    0,    0,    0,    0,    0,    0,    0,    0,    0,    0,    0,    0,    0,    0,    0,    0,    0,    0,    0,    0,    0,    0,    0,    0,    0,    0,    0,    0,    0,    0,    0,    0,    0,    0,    0,    0,    0,    0,    0,    0,    0,    0,    0,    0,    0,    0,    0,    0,    0,    0,    0,    0,    0,    0,    0,    0,    0,    0,    0,    0,    0,    0,    0,    0,    0,    0,    0,    0,    0,    0,    0,    0,    0,   -7,   -4,  -11,
       0,   -5,   -7,    0,   -4,    4,    0,    0,    0,    0,   -5,    6,   -9,   -9,    6,    0,   -9,   -9,    0,    0,   -7,    0,    0,    0,    0,    0,   -6,    0,  -14,    0,    0,   -5,   -6,   -5,    0,   -8,    0,    0,    0,    0,   -6,   -5,    0,   -5,   -6,   -8,   -8,    3,   -8,    0,   -6,   -7,   -8,    0,    6,    0,    0,    0,    0,   -5,    0,    0,    0,    0,    0,    0,    0,    0,    0,    0,    0,    0,    0,    0,    0,    0,    0,    0,    0,    0,    0,    0,    0,    0,    0,    0,    0,    0,    0,    0,    0,    0,    0,    0,    0,    0,    0,    0,    0,    0,    0,    0,    0,    0,    0,    0,    0,    0,    0,    0,    0,    0,    0,    0,    0,    0,    0,    0,    0,    0,    0,    0,    0,    0,    0,    0,    0,    0,    0,    0,    0,    0,    0,    0,    0,    0,    0,    0,    0,    0,    0,    0,    0,    0,   -4,    0,    0,
      -3,    0,   -8,    0,    0,  -22,    0,  -20,   -6,    4,   -6,  -15,   -4,   -4,  -27,    0,   -4,   -4,    0,    5,    0,    6,    0,    0,    7,    0,   -5,    0,  -14,  -17,    0,   -5,   -5,   -5,    0,   -5,    0,    0,    0,   -9,   -5,   -5,    0,    0,   -8,    0,    0,  -12,    0,   -9,    0,    0,    0,   -7,  -25,    0,    0,    0,    0,   -5,    0,    0,    0,    0,   -8,   -6,    0,    0,    0,    0,    0,    0,    0,    0,    0,    0,    0,    0,    0,    0,    0,    0,    0,    0,    0,    0,    0,    0,    0,    0,    0,    0,    0,    0,    0,    0,    0,    0,    0,    0,    0,    0,    0,    0,    0,    0,    0,    0,    0,    0,    0,    0,    0,    0,    0,    0,    0,    0,    0,    0,    0,    0,    0,    0,    0,    0,    0,    0,    0,    0,    0,    0,    0,    0,    0,    0,    0,    0,    0,    0,    0,    0,    0,    0,    0,    0,  -34,
       0,    0,    0,   -3,   -8,    0,    0,    0,    0,    0,    0,    0,    0,    0,    0,    0,    0,    0,    0,    0,    0,    0,    0,    0,    0,    0,    0,    0,   -3,    0,    0,    0,    0,    0,    0,    0,    0,    0,    0,    0,    0,    0,    0,    0,    0,   -6,    0,    0,   -6,    0,    0,   -3,    0,    0,    0,    0,    0,    0,    0,    0,    0,    0,    0,    0,    0,    0,    0,    0,    0,    0,    0,    0,    0,    0,    0,    0,    0,    0,    0,    0,    0,    0,    0,    0,    0,    0,    0,    0,    0,    0,    0,    0,    0,    0,    0,    0,    0,    0,    0,    0,    0,    0,    0,    0,    0,    0,    0,    0,    0,    0,    0,    0,    0,    0,    0,    0,    0,    0,    0,    0,    0,    0,    0,    0,    0,    0,    0,    0,    0,    0,    0,    0,    0,    0,    0,    0,    0,    0,    0,    0,    0,    0,    0,    0,    0,    0,    0,
       0,    0,    0,   -3,    0,   -3,    0,  -12,    0,    0,    0,   -3,    0,    0,   -5,    0,    0,    0,    0,    0,    0,    0,    0,    0,    0,   -6,    0,    0,  -11,    0,    0,    0,    0,    0,    0,    0,    0,    0,    0,    0,    0,    0,    0,    0,    0,    0,    0,    0,    0,   -6,    0,   -6,    0,    0,   -8,    0,    0,    0,    0,    0,    0,    0,    0,    0,    0,    0,   -5,    0,    0,    0,    0,    0,    0,    0,    0,    0,    0,    0,    0,    0,    0,    0,    0,    0,    0,    0,    0,    0,    0,    0,    0,    0,    0,    0,    0,    0,    0,    0,    0,    0,    0,    0,    0,    0,    0,    0,    0,    0,    0,    0,    0,    0,    0,    0,    0,    0,    0,    0,    0,    0,    0,    0,    0,    0,    0,    0,    0,    0,    0,    0,    0,    0,    0,    0,    0,    0,    0,    0,    0,    0,    0,    0,    0,    0,    0,    0,   -4,
       0,    0,   -6,    0,  -11,    5,  -16,    6,    0,    4,   -6,   11,  -12,  -12,    9,    0,  -12,  -12,    0,    6,    0,    7,    3,    9,    7,    7,    0,    0,   -9,    0,    0,   -7,   -7,   -7,    0,   -7,    0,    0,    0,    0,   -7,   -7,    5,    0,   -4,   -5,  -16,    9,   -3,    5,   -6,    0,  -20,    0,   12,    0,    0,    0,    7,   -8,    4,    4,    0,    0,    0,   -4,    0,    0,    0,    0,    0,    0,    0,    0,    0,    0,    0,    0,    0,    0,    0,    0,    0,    0,    0,    0,    0,    0,    0,    0,    0,    0,    0,    0,    0,    0,    0,    0,    0,    0,    0,    0,    0,    0,    0,    0,    0,    0,    0,    0,    0,    0,    0,    0,    0,    0,    0,    0,    0,    0,    0,    0,    0,    0,    0,    0,    0,    0,    0,    0,    0,    0,    0,    0,    0,    0,    0,    0,    0,    0,    0,    0,    0,    0,    0,    0,    5,
       0,  -42,   -3,    0,  -46,    8,  -23,    4,    0,    0,    0,    9,  -15,  -15,    9,    0,  -15,  -15,    5,  -38,   -6,  -33,  -15,    7,  -38,    5,    0,    0,  -11,    0,    0,   -4,   -4,   -4,    0,   -4,    0,    0,    0,    0,   -4,   -4,    0,    0,    0,  -13,  -12,    7,   -7,    3,   -8,   -5,  -13,    4,   10,    0,    0,    0,    0,    0,    0,    0,    0,    0,    0,    0,    0,    0,  -28,    0,    0,    0,    0,    0,    0,    0,    0,    0,    0,    0,    0,    0,    0,    0,    0,    0,    0,    0,    0,    0,    0,    0,    0,    0,    0,    0,    0,    0,    0,    0,    0,    0,    0,    0,    0,    0,    0,    0,    0,    0,    0,    0,    0,    0,    0,    0,    0,    0,    0,    0,    0,    0,    0,    0,    0,    0,    0,    0,    0,    0,    0,    0,    0,    0,    0,    0,    0,    0,    0,    0,    0,    0,    0,    0,  -40,  -39,    5,
       0,    0,    0,    0,    0,    0,    0,    0,    0,    0,    0,    0,    0,    0,    0,    0,    0,    0,    0,    0,    0,   -2,    0,    0,   -3,    0,    0,    0,    0,    0,    0,    0,    0,    0,    0,    0,    0,    0,    0,    0,    0,    0,    0,    0,    0,    0,    0,    0,    0,    0,    0,    0,    0,    0,    0,    0,    0,    0,    0,    0,    0,    0,    0,    0,    0,    0,    0,    0,    0,    0,    0,    0,    0,    0,    0,    0,    0,    0,    0,    0,    0,    0,    0,    0,    0,    0,    0,    0,    0,    0,    0,    0,    0,    0,    0,    0,    0,    0,    0,    0,    0,    0,    0,    0,    0,    0,    0,    0,    0,    0,    0,    0,    0,    0,    0,    0,    0,    0,    0,    0,    0,    0,    0,    0,    0,    0,    0,    0,    0,    0,    0,    0,    0,    0,    0,    0,    0,    0,    0,    0,    0,    0,    0,    0,    0,    0,    0,
      -5,   -8,   -4,   -9,    0,  -11,    0,  -14,    0,  -11,   -4,   -6,    0,    0,   -8,    0,    0,    0,   -3,   -9,    0,   -6,   -5,   -8,  -14,   -5,   -3,    0,  -14,   -4,    0,    0,    0,    0,    0,    0,    0,    0,    0,    0,    0,    0,    0,    0,    0,    0,    0,    0,    0,    0,    0,  -10,    0,    0,  -13,    0,    0,    0,    0,    0,    0,    0,    0,    0,    0,    0,   -9,    0,   -9,    0,    0,    0,    0,    0,    0,    0,    0,    0,    0,    0,    0,    0,    0,    0,    0,    0,    0,    0,    0,    0,    0,    0,    0,    0,    0,    0,    0,    0,    0,    0,    0,    0,    0,    0,    0,    0,    0,    0,    0,    0,    0,    0,    0,    0,    0,    0,    0,    0,    0,    0,    0,    0,    0,    0,    0,    0,    0,    0,    0,    0,    0,    0,    0,    0,    0,    0,    0,    0,    0,    0,    0,    0,    0,    0,   -5,   -3,  -10,
      -4,    0,   -4,   -8,    0,  -30,    0,  -21,    0,    0,    0,  -17,    0,    0,  -32,    0,    0,    0,    0,    0,    0,    0,    0,   -6,    0,    0,   -5,    0,  -14,   -6,    0,   -7,   -7,  -11,    0,   -7,    0,    0,    0,    0,   -7,   -4,    0,    0,    0,    3,    3,    0,    3,    0,    0,   -8,   -6,    0,  -28,    0,    0,    0,    0,   -5,    0,    0,    0,    0,    0,    0,    0,    0,    0,    0,    0,    0,    0,    0,    0,    0,    0,    0,    0,    0,    0,    0,    0,    0,    0,    0,    0,    0,    0,    0,    0,    0,    0,    0,    0,    0,    0,    0,    0,    0,    0,    0,    0,    0,    0,    0,    0,    0,    0,    0,    0,    0,    0,    0,    0,    0,    0,    0,    0,    0,    0,    0,    0,    0,    0,    0,    0,    0,    0,    0,    0,    0,    0,    0,    0,    0,    0,    0,    0,    0,    0,    0,    0,    0,    0,    3,  -38,
      -5,   -8,   -4,    0,    0,  -11,    0,    0,    0,  -11,   -4,   -6,    0,    0,   -8,    0,    0,    0,   -3,   -9,    0,   -6,   -5,   -8,  -14,   -5,   -3,    0,    0,   -5,    0,    0,    0,    0,    0,    0,    0,    5,    0,    0,    0,    0,    0,    0,    0,    0,    0,    0,    0,    0,    0,    0,    0,    0,  -13,    0,    0,    0,    0,    0,    0,    0,    0,    0,    0,    0,   -9,    0,    0,    0,    0,    0,    0,    0,    0,    0,    0,    0,    0,    0,    0,    0,    0,    0,    0,    0,    0,    0,    0,    0,    0,    0,    0,    0,    0,    0,    0,    0,    0,    0,    0,    0,    0,    0,    0,    0,    0,    0,    0,    0,    0,    0,    0,    0,    0,    0,    0,    0,    0,    0,    0,    0,    0,    0,    0,    0,    0,    0,    0,    0,    0,    0,    0,    0,    0,    0,    0,    0,    0,    0,    0,    0,    0,    0,   -5,   -3,   -7,
       0,    0,   -4,    0,    0,    5,    0,    4,    0,   -4,   -5,    9,   -4,   -4,    7,    0,   -4,   -4,    0,    0,    0,   -3,    0,    6,   -6,    5,    0,    0,  -11,    0,    0,    0,    0,    0,    0,    0,    0,    0,    0,    0,    0,    0,    0,    0,    0,    0,    0,    7,    0,    3,   -6,   -5,   -7,    0,   10,    0,    0,    0,    0,   -5,    0,    0,    0,    0,    0,    0,    0,    0,    0,    0,    0,    0,    0,    0,    0,    0,    0,    0,    0,    0,    0,    0,    0,    0,    0,    0,    0,    0,    0,    0,    0,    0,    0,    0,    0,    0,    0,    0,    0,    0,    0,    0,    0,    0,    0,    0,    0,    0,    0,    0,    0,    0,    0,    0,    0,    0,    0,    0,    0,    0,    0,    0,    0,    0,    0,    0,    0,    0,    0,    0,    0,    0,    0,    0,    0,    0,    0,    0,    0,    0,    0,    0,    0,    0,    0,    0,    5,
       0,    0,   -9,    4,    0,  -25,  -16,  -29,  -28,    7,  -17,  -21,   -9,   -9,  -30,    0,   -9,   -9,    0,    8,    0,    9,    6,    5,   10,    0,    0,    0,  -11,  -15,    0,  -18,  -18,  -18,    0,  -18,    0,    0,    0,  -13,  -18,  -18,  -15,    0,  -11,   -7,  -27,   -6,   -7,  -10,   -8,    0,  -28,  -25,  -24,    0,    0,    7,   10,  -26,   17,    7,    4,    0,  -24,  -22,    0,    0,    0,    0,    0,    0,    0,    0,    0,    0,    0,    0,    0,    0,    0,    0,    0,    0,    0,    0,    0,    0,    0,    0,    0,    0,    0,    0,    0,    0,    0,    0,    0,    0,    0,    0,    0,    0,    0,    0,    0,    0,    0,    0,    0,    0,    0,    0,    0,    0,    0,    0,    0,    0,    0,    0,    0,    0,    0,    0,    0,    0,    0,    0,    0,    0,    0,    0,    0,    0,    0,    0,    0,    0,    0,    0,    0,    0,    0,    0,  -22,
       0,    0,   -3,    0,    0,   -3,    0,  -14,   -3,    0,    0,   -3,    0,    0,   -5,    0,    0,    0,    0,    0,    0,    0,    0,    0,    0,   -5,    0,    0,  -12,   -5,    0,    0,    0,    0,    0,    0,    0,    0,    0,    0,    0,    0,    0,    0,    0,    0,    0,    0,    0,   -6,   -3,   -7,    0,    0,  -11,    0,    0,    0,    0,    0,    0,    0,    0,    0,    0,    0,   -5,    0,    0,    0,    0,    0,    0,    0,    0,    0,    0,    0,    0,    0,    0,    0,    0,    0,    0,    0,    0,    0,    0,    0,    0,    0,    0,    0,    0,    0,    0,    0,    0,    0,    0,    0,    0,    0,    0,    0,    0,    0,    0,    0,    0,    0,    0,    0,    0,    0,    0,    0,    0,    0,    0,    0,    0,    0,    0,    0,    0,    0,    0,    0,    0,    0,    0,    0,    0,    0,    0,    0,    0,    0,    0,    0,    0,    0,    0,    0,   -7,
       0,    5,  -11,    5,    0,  -25,   -3,  -22,   -7,    8,  -13,  -21,   -6,   -6,  -32,   -2,   -6,   -6,    0,    9,    0,   10,    7,    6,   11,    0,    0,    0,   -9,   -8,    0,  -15,  -15,  -15,    0,  -15,    0,    0,    0,  -10,  -15,  -15,   -5,    0,   -8,    0,    0,    0,    0,   -1,   -8,    0,  -14,   -4,  -27,    0,    4,    0,   11,  -17,   14,   10,    4,    0,   -9,   -8,    0,    0,    0,    0,    0,    0,    0,    0,    0,    0,    0,    0,    0,    0,    0,    0,    0,    0,    0,    0,    0,    0,    0,    0,    0,    0,    0,    0,    0,    0,    0,    0,    0,    0,    0,    0,    0,    0,    0,    0,    0,    0,    0,    0,    0,    0,    0,    0,    0,    0,    0,    0,    0,    0,    0,    0,    0,    0,    0,    0,    0,    0,    0,    0,    0,    0,    0,    0,    0,    0,    0,    0,    0,    0,    0,    0,    0,    0,    6,    8,  -25,
       0,    4,   -5,    0,    0,  -12,    0,  -16,   -4,    5,   -6,   -6,   -5,   -5,  -20,    0,   -5,   -5,    0,    6,    0,    7,    4,    3,    8,    0,    0,    0,  -12,  -10,    0,   -7,   -7,   -7,    0,   -9,    0,    0,    0,   -7,   -7,   -7,   -6,    0,   -6,    0,    0,    0,    0,    0,   -6,    0,   -7,    0,  -16,    0,    0,    0,    6,   -9,    4,    0,    0,    0,   -5,    0,    0,    0,    0,    0,    0,    0,    0,    0,    0,    0,    0,    0,    0,    0,    0,    0,    0,    0,    0,    0,    0,    0,    0,    0,    0,    0,    0,    0,    0,    0,    0,    0,    0,    0,    0,    0,    0,    0,    0,    0,    0,    0,    0,    0,    0,    0,    0,    0,    0,    0,    0,    0,    0,    0,    0,    0,    0,    0,    0,    0,    0,    0,    0,    0,    0,    0,    0,    0,    0,    0,    0,    0,    0,    0,    0,    0,    0,    0,    6,    8,  -13,
       0,    0,   -8,    0,   -9,    4,   -9,    3,    0,    0,   -9,    9,   -8,   -8,    7,    0,   -8,   -8,    0,    4,    0,    6,    0,    6,    6,    4,    0,    0,  -11,    0,    0,   -6,   -6,   -6,    0,   -6,    0,    0,    0,    0,   -6,   -6,    0,    0,   -3,   -4,  -12,    6,   -2,    0,   -9,    0,  -16,    0,    9,    0,    0,    0,    0,  -10,    0,    0,    0,    0,    0,   -6,    0,    0,    0,    0,    0,    0,    0,    0,    0,    0,    0,    0,    0,    0,    0,    0,    0,    0,    0,    0,    0,    0,    0,    0,    0,    0,    0,    0,    0,    0,    0,    0,    0,    0,    0,    0,    0,    0,    0,    0,    0,    0,    0,    0,    0,    0,    0,    0,    0,    0,    0,    0,    0,    0,    0,    0,    0,    0,    0,    0,    0,    0,    0,    0,    0,    0,    0,    0,    0,    0,    0,    0,    0,    0,    0,    0,    0,    0,    0,    0,    3,
       0,    0,  -14,    6,    0,  -22,  -16,  -27,  -13,    8,  -19,  -26,  -14,  -14,  -38,   -3,  -14,  -14,    0,   10,    0,   11,    8,    7,   12,    4,    0,    0,   -9,  -14,    0,  -16,  -16,  -16,    0,  -16,    0,    0,    0,  -13,  -16,  -16,   -7,    0,  -11,    0,    0,   -5,    0,   -9,   -7,    0,  -25,  -11,  -27,    0,    0,    0,   14,  -26,   13,   11,    0,    0,  -14,  -13,    0,    0,    0,    0,    0,    0,    0,    0,    0,    0,    0,    0,    0,    0,    0,    0,    0,    0,    0,    0,    0,    0,    0,    0,    0,    0,    0,    0,    0,    0,    0,    0,    0,    0,    0,    0,    0,    0,    0,    0,    0,    0,    0,    0,    0,    0,    0,    0,    0,    0,    0,    0,    0,    0,    0,    0,    0,    0,    0,    0,    0,    0,    0,    0,    0,    0,    0,    0,    0,    0,    0,    0,    0,    0,    0,    0,    0,    0,    4,    6,  -26,
       0,    0,   -7,    0,    0,    4,  -20,    0,    0,    0,   -5,    6,  -12,  -12,    6,    0,  -12,  -12,    0,    0,   -5,    3,    0,    0,    4,    0,   -6,    0,  -14,    0,    0,   -5,   -6,   -5,    0,   -8,    0,    0,    0,    0,   -6,   -5,    0,   -4,   -6,   -8,   -8,    3,   -8,    0,  -12,   -5,  -17,    0,    6,    0,    0,    0,    3,   -5,    4,    0,    0,    0,    0,    0,    0,    0,    0,    0,    0,    0,    0,    0,    0,    0,    0,    0,    0,    0,    0,    0,    0,    0,    0,    0,    0,    0,    0,    0,    0,    0,    0,    0,    0,    0,    0,    0,    0,    0,    0,    0,    0,    0,    0,    0,    0,    0,    0,    0,    0,    0,    0,    0,    0,    0,    0,    0,    0,    0,    0,    0,    0,    0,    0,    0,    0,    0,    0,    0,    0,    0,    0,    0,    0,    0,    0,    0,    0,    0,    0,    0,    0,    0,    0,    0,    0,
       0,    0,    0,    0,    0,    0,    0,    0,    0,    0,    0,   -9,  -14,  -14,   -9,    0,  -14,  -14,   -9,  -11,  -13,  -10,  -12,  -12,   -9,  -14,    0,    0,   27,    0,    0,    0,    0,    0,    0,    0,    0,    0,    0,    0,    0,    0,    0,    0,    0,    0,    0,    0,    0,    0,    0,    0,    0,    0,   -9,    0,    0,    0,    0,    0,    0,    0,    0,    0,    0,    0,    0,    0,    0,    0,  -11,  -14,   -6,   -7,   -8,  -10,   -9,    9,  -10,    0,    0,  -14,  -14,  -12,  -16,    0,  -12,    0,    0,    0,    0,    0,    0,    0,    0,    0,    0,    0,    0,    0,    0,    0,    0,    0,    0,    0,    0,    0,    0,    0,    0,    0,    0,    0,    0,    0,    0,    0,  -16,    0,   -9,    0,    0,   -9,    0,    0,   -5,    0,    0,  -10,    0,    0,    0,    0,    0,    0,    0,    0,    0,    0,    0,    0,    0,    0,    0,    0,    0,
       0,    0,    0,    0,    0,    0,    0,    0,    0,    0,    0,    0,   -3,   -3,    0,    0,   -3,   -3,    0,    0,    0,    0,   -3,   -3,    0,   -5,    0,    0,    0,    0,    0,    0,    0,    0,    0,    0,    0,    0,    0,    0,    0,    0,    0,    0,    0,    0,    0,    0,    0,    0,    0,    0,    0,    0,    0,    0,    0,    0,    0,    0,    0,    0,    0,    0,    0,    0,    0,    0,    0,    0,    0,   -3,   -3,    0,    0,    0,    0,    0,    0,    0,    0,   -3,   -3,   -3,   -7,    0,   -4,    0,    0,    0,    0,    0,    0,    0,    0,    0,    0,    0,    0,    0,    0,    0,    0,    0,    0,    0,    0,    0,    0,    0,    0,    0,    0,    0,    0,    0,    0,    0,   -7,    0,    0,    0,    0,    0,    0,    0,   -6,    0,    0,    0,    0,    0,    0,    0,    0,    0,    0,    0,    0,    0,    0,    0,    0,    0,    0,    0,    0,
       0,   -9,    0,   -8,   -7,    0,    0,    0,    0,   -9,    0,    0,    0,    0,    0,    0,    0,    0,    0,    0,    0,    0,    0,    0,    0,    0,    0,    0,  -10,    0,    0,    0,    0,    0,    0,    0,    0,    0,    0,    0,    0,    0,    0,    0,    0,   -5,   -4,    0,   -5,    0,    0,   -7,    0,    0,    0,    0,    0,    0,    0,    0,    0,    0,    0,    0,    0,    0,    0,    0,    0,    0,    0,    0,    0,    0,    0,    0,    0,    0,    0,    0,    0,    0,    0,    0,    0,    0,    0,    0,    0,    0,    0,    0,    0,    0,    0,    0,    0,    0,    0,    0,    0,    0,    0,    0,    0,    0,    0,    0,    0,    0,    0,    0,    0,    0,    0,    0,    0,    0,    0,    0,    0,    0,    0,    0,    0,    0,    0,    0,    0,    0,    0,    0,    0,    0,    0,    0,    0,    0,    0,    0,    0,    0,    0,    0,    0,   -8,    0,
       0,  -12,    0,   -9,    0,    0,    0,   -7,    0,   -9,    0,    0,    0,    0,    0,    0,    0,    0,    0,    0,    0,    0,    0,    0,    0,    0,    0,    0,  -10,    0,    0,    0,    0,    0,    0,    0,    0,    0,    0,    0,    0,    0,    0,    0,    0,   -4,   -4,   -6,   -4,   -7,    0,   -7,    0,    0,    0,    0,    0,    0,    0,    0,    0,    0,    0,    0,    0,    0,    0,    0,    0,    0,    0,    0,    0,    0,    0,    0,    0,    0,    0,    0,    0,    0,    0,    0,    0,    0,    0,    0,    0,    0,    0,    0,    0,    0,    0,    0,    0,    0,    0,    0,    0,    0,    0,    0,    0,    0,    0,    0,    0,    0,    0,    0,    0,    0,    0,    0,    0,    0,    0,    0,    0,    0,    0,    0,    0,    0,    0,    0,    0,    0,    0,    0,    0,    0,    0,    0,    0,    0,    0,    0,    0,    0,    0,    0,  -11,  -11,    0,
       0,    0,    0,    0,    0,    3,  -11,    0,    0,    0,    0,    0,    0,    0,    0,    0,    0,    0,    0,    0,    0,    0,    0,    0,    0,    0,    0,    0,   -9,    0,    0,    0,   -4,    0,    0,   -5,    0,    0,    0,    0,   -4,    0,    0,    0,    0,    4,    3,    5,    4,    0,   -7,    0,  -10,    0,    0,    0,    0,    0,    0,    0,    0,    0,    0,    0,    0,    0,    0,    0,    0,    0,    0,    0,    0,    0,    0,    0,    0,    0,    0,    0,    0,    0,    0,    0,    0,    0,    0,    0,    0,    0,    0,    0,    0,    0,    0,    0,    0,    0,    0,    0,    0,    0,    0,    0,    0,    0,    0,    0,    0,    0,    0,    0,    0,    0,    0,    0,    0,    0,    0,    0,    0,    0,    0,    0,    0,    0,    0,    0,    0,    0,    0,    0,    0,    0,    0,    0,    0,    0,    0,    0,    0,    0,    0,    0,    0,    0,    0,
       0,    0,    0,   13,    4,  -17,  -12,  -14,    0,    8,    0,    0,    0,    0,    0,    0,    0,    0,    0,    0,    0,    0,    0,    0,    0,    0,    0,    0,   13,    0,    0,    0,    0,    0,    0,    0,    0,    0,    0,    0,    0,    0,    0,    0,    0,    6,    6,    5,    6,    0,    0,   13,   -6,    3,    0,    0,   10,    0,   13,   -6,   13,   10,   13,    0,    0,    0,    0,    0,    0,    0,    0,    0,    0,    0,    0,    0,    0,    0,    0,    0,    0,    0,    0,    0,    0,    0,    0,    0,    0,    0,    0,    0,    0,    0,    0,    0,    0,    0,    0,    0,    0,    0,    0,    0,    0,    0,    0,    0,    0,    0,    0,    0,    0,    0,    0,    0,    0,    0,    0,    0,    0,    0,    0,    0,    0,    0,    0,    0,    0,    0,    0,    0,    0,    0,    0,    0,    0,    0,    0,    0,    0,    0,    0,    0,    0,    7,  -18,
       0,  -12,    0,   -8,   -7,    0,    0,    0,    0,   -9,    0,    0,    0,    0,    0,    0,    0,    0,    0,    0,    0,    0,    0,    0,    0,    0,    0,    0,  -10,    0,    0,    0,    0,    0,    0,    0,    0,    0,    0,    0,    0,    0,    0,    0,    0,   -5,   -4,    0,   -6,    0,    0,   -7,    0,    0,    0,    0,    0,    0,    0,    0,    0,    0,    0,    0,    0,    0,    0,    0,    0,    0,    0,    0,    0,    0,    0,    0,    0,    0,    0,    0,    0,    0,    0,    0,    0,    0,    0,    0,    0,    0,    0,    0,    0,    0,    0,    0,    0,    0,    0,    0,    0,    0,    0,    0,    0,    0,    0,    0,    0,    0,    0,    0,    0,    0,    0,    0,    0,    0,    0,    0,    0,    0,    0,    0,    0,    0,    0,    0,    0,    0,    0,    0,    0,    0,    0,    0,    0,    0,    0,    0,    0,    0,    0,    0,  -10,  -10,    0,
       0,    0,    0,    0,    0,    0,    0,    0,    0,    0,    0,    0,    0,    0,    0,    0,    0,    0,    0,    0,    0,    0,    0,    0,    0,    0,    0,    0,    0,    0,    0,    0,    0,    0,    0,    0,    0,    3,    0,    0,    0,    0,    0,    0,    0,    0,    0,    0,    0,    0,    0,    0,    0,    0,    0,    0,    0,    0,    0,    0,    0,    0,    0,    0,    0,    0,    0,    0,    0,    0,    0,    0,    0,    0,    0,    0,    0,    0,    0,    0,    0,    0,    0,    0,    0,    0,    0,    0,    0,    0,    0,    0,    0,    0,    0,    0,    0,    0,    0,    0,    0,    0,    0,    0,    0,    0,    0,    0,    0,    0,    0,    0,    0,    0,    0,    0,    0,    0,    0,    0,    0,    0,    0,    0,    0,    0,    0,    0,    0,    0,    0,    0,    0,    0,    0,    0,    0,    0,    0,    0,    0,    0,    0,    0,    0,    0,    0,
       0,    0,    0,    0,    0,    0,   -9,    4,    0,    0,   -7,    0,    0,    0,    0,    0,    0,    0,    0,    0,    0,    0,    0,    0,    0,    0,    0,    0,   -8,    0,    0,   -9,   -9,   -9,    0,  -10,    0,    0,    0,    0,  -10,   -9,    0,    0,    0,    0,    0,    6,    0,    0,   -6,    0,  -11,    0,    0,    0,    0,    0,    0,   -9,    0,    0,    0,    0,    0,    0,    0,    0,    0,    0,    0,    0,    0,    0,    0,    0,    0,    0,    0,    0,    0,    0,    0,    0,    0,    0,    0,    0,    0,    0,    0,    0,    0,    0,    0,    0,    0,    0,    0,    0,    0,    0,    0,    0,    0,    0,    0,    0,    0,    0,    0,    0,    0,    0,    0,    0,    0,    0,    0,    0,    0,    0,    0,    0,    0,    0,    0,    0,    0,    0,    0,    0,    0,    0,    0,    0,    0,    0,    0,    0,    0,    0,    0,    0,    0,    0,    0,
       0,  -10,    0,   -8,   -7,    0,    0,    0,    0,   -9,    0,    0,    0,    0,    0,    0,    0,    0,    0,    0,    0,    0,    0,    0,    0,    0,    0,    0,  -10,    0,    0,    0,    0,    0,    0,    0,    0,    0,    0,    0,    0,    0,    0,    0,    0,   -5,   -5,    0,   -6,    0,    0,   -7,    0,    0,    0,    0,    0,    0,    0,    0,    0,    0,    0,    0,    0,    0,    0,    0,    0,    0,    0,    0,    0,    0,    0,    0,    0,    0,    0,    0,    0,    0,    0,    0,    0,    0,    0,    0,    0,    0,    0,    0,    0,    0,    0,    0,    0,    0,    0,    0,    0,    0,    0,    0,    0,    0,    0,    0,    0,    0,    0,    0,    0,    0,    0,    0,    0,    0,    0,    0,    0,    0,    0,    0,    0,    0,    0,    0,    0,    0,    0,    0,    0,    0,    0,    0,    0,    0,    0,    0,    0,    0,    0,    0,   -7,   -9,    0,
       0,  -11,    0,   -9,   -7,    0,    0,   -8,    0,  -10,    0,    0,    0,    0,    0,    0,    0,    0,    0,    0,    0,    0,    0,    0,    0,    0,    0,    0,  -10,    0,    0,    0,    0,    0,    0,    0,    0,    0,    0,    0,    0,    0,    0,    0,    0,   -5,   -4,   -6,   -5,   -7,    0,   -7,    0,    0,    0,    0,    0,    0,    0,    0,    0,    0,    0,    0,    0,    0,    0,    0,    0,    0,    0,    0,    0,    0,    0,    0,    0,    0,    0,    0,    0,    0,    0,    0,    0,    0,    0,    0,    0,    0,    0,    0,    0,    0,    0,    0,    0,    0,    0,    0,    0,    0,    0,    0,    0,    0,    0,    0,    0,    0,    0,    0,    0,    0,    0,    0,    0,    0,    0,    0,    0,    0,    0,    0,    0,    0,    0,    0,    0,    0,    0,    0,    0,    0,    0,    0,    0,    0,    0,    0,    0,    0,    0,    0,   -7,   -9,    0,
       0,  -11,    0,   -9,   -7,    0,    0,   -7,    0,   -9,    0,    0,    0,    0,    0,    0,    0,    0,    0,    0,    0,    0,    0,    0,    0,    0,    0,    0,  -10,    0,    0,    0,    0,    0,    0,    0,    0,    0,    0,    0,    0,    0,    0,    0,    0,   -5,   -4,   -6,   -5,   -6,    0,   -7,    0,    0,    0,    0,    0,    0,    0,    0,    0,    0,    0,    0,    0,    0,    0,    0,    0,    0,    0,    0,    0,    0,    0,    0,    0,    0,    0,    0,    0,    0,    0,    0,    0,    0,    0,    0,    0,    0,    0,    0,    0,    0,    0,    0,    0,    0,    0,    0,    0,    0,    0,    0,    0,    0,    0,    0,    0,    0,    0,    0,    0,    0,    0,    0,    0,    0,    0,    0,    0,    0,    0,    0,    0,    0,    0,    0,    0,    0,    0,    0,    0,    0,    0,    0,    0,    0,    0,    0,    0,    0,    0,    0,   -7,   -9,    0,
       0,    0,    0,    0,    0,    0,    0,    0,    0,    0,    0,    0,    0,    0,    0,    0,    0,    0,    0,    0,    0,    0,    0,    0,    0,    0,    0,    0,    0,    0,    0,    0,    0,    0,    0,    0,    0,   10,    0,    0,    0,    0,    0,    0,    0,    0,    0,    0,    0,    0,    0,    0,    0,    0,    0,    0,    0,    0,    0,    0,    0,    0,    0,    0,    0,    0,    0,    0,    0,    0,    0,    0,    0,    0,    0,    0,    0,    0,    0,    0,    0,    0,    0,    0,    0,    0,    0,    0,    0,    0,    0,    0,    0,    0,    0,    0,    0,    0,    0,    0,    0,    0,    0,    0,    0,    0,    0,    0,    0,    0,    0,    0,    0,    0,    0,    0,    0,    0,    0,    0,    0,    0,    0,    0,    0,    0,    0,    0,    0,    0,    0,    0,    0,    0,    0,    0,    0,    0,    0,    0,    0,    0,    0,    0,    0,    0,    0,
       0,    0,    0,    0,    4,  -18,  -11,  -15,    0,  -14,    0,    0,    0,    0,    0,    0,    0,    0,    0,    0,    0,    0,    0,    0,    0,    0,    0,    0,   -8,    0,    0,    0,    0,    0,    0,    0,    0,    0,    0,    0,    0,   -4,    0,    0,    0,    7,    6,    5,    7,    0,    0,    0,   -7,    0,    0,    0,    0,    0,    0,   -6,    0,    0,    0,    0,    0,    0,    0,    0,    0,    0,    0,    0,    0,    0,    0,    0,    0,    0,    0,    0,    0,    0,    0,    0,    0,    0,    0,    0,    0,    0,    0,    0,    0,    0,    0,    0,    0,    0,    0,    0,    0,    0,    0,    0,    0,    0,    0,    0,    0,    0,    0,    0,    0,    0,    0,    0,    0,    0,    0,    0,    0,    0,    0,    0,    0,    0,    0,    0,    0,    0,    0,    0,    0,    0,    0,    0,    0,    0,    0,    0,    0,    0,    0,    0,    0,    5,  -17,
       0,    0,    0,    0,    0,    4,  -13,    0,    0,    0,    0,    0,    0,    0,    0,    0,    0,    0,    0,    0,    0,    0,    0,    0,    0,    0,    0,    0,   -9,    0,    0,   -4,   -5,   -3,    0,   -3,    0,    0,    0,    0,   -5,   -4,    0,    0,    0,    0,    0,    6,    0,    0,   -7,    0,   -9,    0,    0,    0,    0,    0,    0,   -4,    0,    0,    0,    0,    0,    0,    0,    0,    0,    0,    0,    0,    0,    0,    0,    0,    0,    0,    0,    0,    0,    0,    0,    0,    0,    0,    0,    0,    0,    0,    0,    0,    0,    0,    0,    0,    0,    0,    0,    0,    0,    0,    0,    0,    0,    0,    0,    0,    0,    0,    0,    0,    0,    0,    0,    0,    0,    0,    0,    0,    0,    0,    0,    0,    0,    0,    0,    0,    0,    0,    0,    0,    0,    0,    0,    0,    0,    0,    0,    0,    0,    0,    0,    0,    0,    0,    0,
       0,    0,    0,    0,    3,  -12,    0,  -11,    0,  -13,    0,    0,    0,    0,    0,    0,    0,    0,    0,    0,    0,    0,    0,    0,    0,    0,    0,    0,   -9,    0,    0,   -5,   -5,   -5,    0,   -4,    0,    0,    0,    0,   -5,   -5,    0,    0,    0,    6,    6,    5,    6,    0,    0,    0,    0,    0,    0,    0,    0,    0,    0,   -6,    0,    0,    0,    0,    0,    0,    0,    0,    0,    0,    0,    0,    0,    0,    0,    0,    0,    0,    0,    0,    0,    0,    0,    0,    0,    0,    0,    0,    0,    0,    0,    0,    0,    0,    0,    0,    0,    0,    0,    0,    0,    0,    0,    0,    0,    0,    0,    0,    0,    0,    0,    0,    0,    0,    0,    0,    0,    0,    0,    0,    0,    0,    0,    0,    0,    0,    0,    0,    0,    0,    0,    0,    0,    0,    0,    0,    0,    0,    0,    0,    0,    0,    0,    0,    0,    4,  -12,
       0,    0,    0,    0,    3,  -11,    0,   -9,    0,  -12,    0,    0,    0,    0,    0,    0,    0,    0,    0,    0,    0,    0,    0,    0,    0,    0,    0,    0,   -9,    0,    0,   -4,    0,    0,    0,    0,    0,    0,    0,    0,   -4,    0,    0,    0,    0,    6,    6,    5,    6,    0,    0,    0,    0,    0,    0,    0,    0,    0,    0,   -5,    0,    0,    0,    0,    0,    0,    0,    0,    0,    0,    0,    0,    0,    0,    0,    0,    0,    0,    0,    0,    0,    0,    0,    0,    0,    0,    0,    0,    0,    0,    0,    0,    0,    0,    0,    0,    0,    0,    0,    0,    0,    0,    0,    0,    0,    0,    0,    0,    0,    0,    0,    0,    0,    0,    0,    0,    0,    0,    0,    0,    0,    0,    0,    0,    0,    0,    0,    0,    0,    0,    0,    0,    0,    0,    0,    0,    0,    0,    0,    0,    0,    0,    0,    0,    0,    4,  -10,
       0,    0,    0,    0,    0,    0,    0,    0,    0,    0,    0,    0,    0,    0,    0,    0,    0,    0,    0,    0,    0,    0,    0,    0,    0,    0,    0,    0,   -9,    0,    0,   -7,   -7,   -7,    0,   -7,    0,    0,    0,    0,   -7,   -7,    0,    0,    0,    0,    0,    6,    0,    0,   -7,    0,  -10,    0,    0,    0,    0,    0,    0,   -8,    0,    0,    0,    0,    0,    0,    0,    0,    0,    0,    0,    0,    0,    0,    0,    0,    0,    0,    0,    0,    0,    0,    0,    0,    0,    0,    0,    0,    0,    0,    0,    0,    0,    0,    0,    0,    0,    0,    0,    0,    0,    0,    0,    0,    0,    0,    0,    0,    0,    0,    0,    0,    0,    0,    0,    0,    0,    0,    0,    0,    0,    0,    0,    0,    0,    0,    0,    0,    0,    0,    0,    0,    0,    0,    0,    0,    0,    0,    0,    0,    0,    0,    0,    0,    0,    0,    0,
       0,    0,    0,    0,    0,    0,    0,    0,    0,    0,    0,    0,    0,    0,    0,    0,    0,    0,    0,    0,    0,    0,    0,    0,    0,    0,    0,    0,  -11,    0,    0,   -6,   -7,   -6,   -4,   -7,    0,    0,    0,    0,   -7,   -6,    0,   -4,   -4,    0,    0,    0,    0,    0,   -9,   -7,  -11,    0,    0,    0,    0,    0,    0,   -6,    0,    0,    0,    0,    0,    0,    0,    0,    0,    0,    0,    0,    0,    0,    0,    0,    0,    0,    0,    0,    0,    0,    0,    0,    0,    0,    0,    0,    0,    0,    0,    0,    0,    0,    0,    0,    0,    0,    0,    0,    0,    0,    0,    0,    0,    0,    0,    0,    0,    0,    0,    0,    0,    0,    0,    0,    0,    0,    0,    0,    0,    0,    0,    0,    0,    0,    0,    0,    0,    0,    0,    0,    0,    0,    0,    0,    0,    0,    0,    0,    0,    0,    0,    0,    0,    0,    0,
       0,    0,    0,    0,    0,    0,    0,    0,    0,    0,    0,   -4,   -9,  -10,   -4,    0,  -10,  -10,   -7,    0,   -8,    0,    0,    0,    0,   -6,    0,    0,    0,    0,    0,    0,    0,    0,    0,    0,    0,    0,    0,    0,    0,    0,    0,    0,    0,    0,    0,    0,    0,    0,    0,   27,    0,    0,   -4,    0,    0,    0,    0,    0,    0,    0,    0,    0,    0,    0,    0,    0,    0,    0,    0,   -9,   -6,    0,    0,    0,   -4,    9,    0,    0,    0,  -10,  -10,    0,   -4,    0,   -7,    0,    0,    0,    0,    0,    0,    0,    0,    0,    0,    0,    0,    0,    0,    0,    0,    0,    0,    0,    0,    0,    0,    0,    0,    0,    0,    0,    0,    0,    0,    0,  -11,    0,    0,    0,    0,   -3,    0,    0,   -5,    0,    0,   -3,    0,    0,    0,    0,    0,    0,    0,    0,    0,    0,    0,    0,    0,    0,    0,    0,    0,
       0,    0,    0,    0,    0,    0,    0,    0,    0,    0,    0,   -7,    0,    0,   -7,    0,    0,    0,   -6,   -8,   -4,   -8,   -6,  -10,   -8,  -11,    0,    0,    0,    0,    0,    0,    0,    0,    0,    0,    0,    0,    0,    0,    0,    0,    0,    0,    0,    0,    0,    0,    0,    0,    0,    0,    0,    0,   -7,    0,    0,    0,    0,    0,    0,    0,    0,    0,    0,    0,    0,    0,    0,    0,   -8,    0,   -6,   -5,   -6,   -8,   -7,   -6,   -8,   -9,    0,    0,    0,  -10,    0,   -8,   -5,    0,    0,    0,    0,    0,    0,    0,    0,    0,    0,    0,    0,    0,    0,    0,    0,    0,    0,    0,    0,    0,    0,    0,    0,    0,    0,    0,    0,    0,    0,    0,    0,    0,   -8,    0,    0,    0,    0,    0,    0,    0,    0,   -8,    0,    0,    0,    0,    0,    0,    0,    0,    0,    0,    0,    0,    0,    0,    0,    0,    0,
       0,    0,    0,    0,    0,    0,    0,    0,    0,    0,    0,    0,    0,    0,    0,    0,    0,    0,    0,  -28,   -4,  -10,   -7,    0,  -16,   -4,    0,    0,    0,    0,    0,    0,    0,    0,    0,    0,    0,    0,    0,    0,    0,    0,    0,    0,    0,    0,    0,    0,    0,    0,    0,    0,    0,    0,    0,    0,    0,    0,    0,    0,    0,    0,    0,    0,    0,    0,    0,    0,    0,    0,    0,    0,    0,    0,    0,    0,    0,    0,    0,    0,    0,    0,    0,    0,    0,    0,    0,    0,    0,    0,    0,    0,    0,    0,    0,    0,    0,    0,    0,    0,    0,    0,    0,    0,    0,    0,    0,    0,    0,    0,    0,    0,    0,    0,    0,    0,    0,    0,    0,    0,    0,    0,    0,    0,    0,    0,    0,    0,    0,    0,    0,    0,    0,    0,    0,    0,    0,    0,    0,    0,    0,    0,    0,    0,    0,    0,    0,
       0,    0,    0,    0,    0,    0,    0,    0,    0,    0,    0,    0,    0,    0,    0,    0,    0,    0,    0,  -26,    0,   -4,    0,    0,  -11,    0,    0,    0,    0,    0,    0,    0,    0,    0,    0,    0,    0,    0,    0,    0,    0,    0,    0,    0,    0,    0,    0,    0,    0,    0,    0,    0,    0,    0,    0,    0,    0,    0,    0,    0,    0,    0,    0,    0,    0,    0,    0,    0,    0,    0,  -26,    0,    0,    0,    0,    0,    0,    0,    0,    0,    0,    0,    0,    0,    0,    0,    0,    0,    0,    0,    0,    0,    0,    0,    0,    0,    0,    0,    0,    0,    0,    0,    0,    0,    0,    0,    0,    0,    0,    0,    0,    0,    0,    0,    0,    0,    0,    0,    0,    0,  -11,    0,    0,    0,    0,    0,    0,    0,    0,    0,    0,    0,    0,    0,    0,    0,    0,    0,    0,    0,    0,    0,    0,    0,    0,    0,    0,
       0,    0,    0,    0,    0,    0,    0,    0,    0,    0,    0,   -7,    0,    0,  -14,    0,    0,    0,   -7,  -29,    0,  -15,   -7,  -17,  -26,  -14,    0,    0,    0,    0,    0,    0,    0,    0,    0,    0,    0,    0,    0,    0,    0,    0,    0,    0,    0,    0,    0,    0,    0,    0,    0,    0,    0,    0,  -15,    0,    0,    0,    0,    0,    0,    0,    0,    0,    0,    0,    0,    0,    0,    0,  -29,    0,   -8,  -12,  -12,  -18,   -7,  -11,  -19,  -13,    0,    0,    0,  -17,   -5,  -14,   -8,    0,    0,    0,    0,    0,    0,    0,    0,    0,    0,    0,    0,    0,    0,    0,    0,    0,    0,    0,    0,    0,    0,    0,    0,    0,    0,    0,    0,    0,    0,    0,    0,    0,  -26,    0,    0,   -3,    0,    0,    0,    0,    0,  -13,    0,    0,    0,    0,    0,    0,    0,    0,    0,    0,    0,    0,    0,    0,    0,    0,    0,
       0,    0,    0,    0,    0,    0,    0,    0,    0,    0,    0,  -15,  -12,  -12,  -21,    0,  -12,  -12,  -10,  -37,  -15,  -16,  -13,  -23,  -22,  -23,    0,    0,    0,    0,    0,    0,    0,    0,    0,    0,    0,    0,    0,    0,    0,    0,    0,    0,    0,    0,    0,    0,    0,    0,    0,    0,    0,    0,  -24,    0,    0,    0,    0,    0,    0,    0,    0,    0,    0,    0,    0,    0,    0,    0,    0,    0,    0,    0,    0,    0,    0,    0,    0,    0,    0,    0,    0,    0,    0,    0,    0,    0,    0,    0,    0,    0,    0,    0,    0,    0,    0,    0,    0,    0,    0,    0,    0,    0,    0,    0,    0,    0,    0,    0,    0,    0,    0,    0,    0,    0,    0,    0,    0,    0,    0,    0,    0,    0,    0,    0,    0,    0,    0,    0,    0,    0,    0,    0,    0,    0,    0,    0,    0,    0,    0,    0,    0,    0,    0,    0,    0,
      -5,  -11,    0,  -13,    0,  -20,    0,  -14,    0,  -11,    0,   -9,    0,    0,  -19,    0,    0,    0,    0,  -15,    0,   -7,    0,  -14,  -14,  -16,   -5,    0,  -14,   -5,    0,    0,    0,    0,    0,    0,    0,    0,    0,    0,    0,    0,    0,    0,    0,    0,    0,    0,    0,    0,    0,   -9,    0,    0,  -16,    0,    0,    0,    0,    0,    0,    0,    0,    0,    0,    0,  -14,    0,   -8,    0,    0,    0,    0,    0,    0,    0,    0,    0,    0,    0,    0,    0,    0,    0,    0,    0,    0,    0,    0,    0,    0,    0,    0,    0,    0,    0,    0,    0,    0,    0,    0,    0,    0,    0,    0,    0,    0,    0,    0,    0,    0,    0,    0,    0,    0,    0,    0,    0,    0,    0,    0,    0,    0,    0,    0,    0,    0,    0,    0,    0,    0,    0,    0,    0,    0,    0,    0,    0,    0,    0,    0,    0,    0,    0,   -8,   -5,  -19,
       0,  -13,    0,   -9,  -11,    0,    0,    0,    0,   -7,    0,    0,    0,    0,    0,    0,    0,    0,    0,    0,    0,    0,    0,    0,    0,    0,    0,    0,   -7,    0,    0,    0,    0,    0,    0,    0,    0,    0,    0,    0,    0,    0,    0,    0,    0,   -9,   -8,    0,   -9,    0,    0,   -7,    0,    0,    0,    0,    0,    0,    0,    0,    0,    0,    0,    0,    0,    0,    0,  -11,    0,   -7,    0,    0,    0,    0,    0,    0,    0,    0,    0,    0,    0,    0,    0,    0,    0,    0,    0,    0,    0,    0,    0,    0,    0,    0,    0,    0,    0,    0,    0,    0,    0,    0,    0,    0,    0,    0,    0,    0,    0,    0,    0,    0,    0,    0,    0,    0,    0,    0,    0,    0,    0,    0,    0,    0,    0,    0,    0,    0,    0,    0,    0,    0,    0,    0,    0,    0,    0,    0,    0,    0,    0,    0,    0,    0,  -10,  -10,    0,
       0,    0,    0,    0,    0,    0,    0,   -7,    0,    5,    0,    0,    0,    0,    0,    0,    0,    0,    0,    0,    0,    0,    0,    0,    0,    0,    0,    0,    4,    0,    0,    0,    0,    0,    0,    0,    0,    0,    0,    0,    0,    0,    0,    0,    0,    0,    0,    0,    0,    0,    0,    4,    0,    0,    0,    0,    0,    0,    0,    0,    0,    0,    0,    0,    0,    0,    0,    0,    0,    0,    0,    0,    0,    0,    0,    0,    0,    0,    0,    0,    0,    0,    0,    0,    0,    0,    0,    0,    0,    0,    0,    0,    0,    0,    0,    0,    0,    0,    0,    0,    0,    0,    0,    0,    0,    0,    0,    0,    0,    0,    0,    0,    0,    0,    0,    0,    0,    0,    0,    0,    0,    0,    0,    0,    0,    0,    0,    0,    0,    0,    0,    0,    0,    0,    0,    0,    0,    0,    0,    0,    0,    0,    0,    0,    0,    0,    0,
       0,  -13,    0,   -9,   -7,    0,    0,   -7,    0,   -9,    0,    0,    0,    0,    0,    0,    0,    0,    0,    0,    0,    0,    0,    0,    0,    0,    0,    0,  -10,    0,    0,    0,    0,    0,    0,    0,    0,    0,    0,    0,    0,    0,    0,    0,    0,   -5,   -4,   -6,   -5,   -6,    0,   -7,    0,    0,    0,    0,    0,    0,    0,    0,    0,    0,    0,    0,    0,    0,    0,    0,    0,    0,    0,    0,    0,    0,    0,    0,    0,    0,    0,    0,    0,    0,    0,    0,    0,    0,    0,    0,    0,    0,    0,    0,    0,    0,    0,    0,    0,    0,    0,    0,    0,    0,    0,    0,    0,    0,    0,    0,    0,    0,    0,    0,    0,    0,    0,    0,    0,    0,    0,    0,    0,    0,    0,    0,    0,    0,    0,    0,    0,    0,    0,    0,    0,    0,    0,    0,    0,    0,    0,    0,    0,    0,    0,    0,  -12,  -12,    0,
       0,    6,    0,   20,    0,   -4,   -4,    0,   -4,   15,    0,    0,    0,    0,    0,    0,    0,    0,    0,    0,    0,    0,    0,    0,    0,    0,    0,   30,   23,   -4,    5,   -4,   -4,   -4,    0,   -4,    3,    3,    5,   -4,   -4,   -4,   -4,    3,   -4,    0,    0,    0,    0,    0,    0,   23,    0,    0,    0,    0,   23,   31,   37,    0,   37,   37,   29,    0,    0,    0,    0,    0,    0,    0,    0,    0,    0,    0,    0,    0,    0,    0,    0,    0,    0,    0,    0,    0,    0,    0,    0,    0,    0,    0,    0,    0,    0,    0,    0,    0,    0,    0,    0,    0,    0,    0,    0,    0,    0,    0,    0,    0,    0,    0,    0,    0,    0,    0,    0,    0,    0,    0,    0,    0,    0,    0,    0,    0,    0,    0,    0,    0,    0,    0,    0,    0,    0,    0,    0,    0,    0,    0,    0,    0,    0,    0,    0,    0,    0,    7,    0,
       0,    0,    0,    0,    0,    0,    0,    0,    0,    0,    0,    0,    0,    0,    0,    0,    0,    0,    0,    0,    0,    0,    0,    0,    0,    0,    0,    0,    0,    0,    0,    0,    0,    0,    0,    0,    0,    6,    0,    0,    0,    0,    0,    0,    0,    0,    0,    0,    0,   -4,    0,    0,    0,    0,    0,    0,    0,    0,    0,    0,    0,    0,    0,    0,    0,    0,    0,    0,    0,    0,    0,    0,    0,    0,    0,    0,    0,    0,    0,    0,    0,    0,    0,    0,    0,    0,    0,    0,    0,    0,    0,    0,    0,    0,    0,    0,    0,    0,    0,    0,    0,    0,    0,    0,    0,    0,    0,    0,    0,    0,    0,    0,    0,    0,    0,    0,    0,    0,    0,    0,    0,    0,    0,    0,    0,    0,    0,    0,    0,    0,    0,    0,    0,    0,    0,    0,    0,    0,    0,    0,    0,    0,    0,    0,    0,    0,    0,
       0,  -14,    0,    0,   -7,    0,    0,    0,    0,   -8,    0,    0,    0,    0,    0,    0,    0,    0,    0,    0,    0,    0,    0,    0,    0,    0,    0,    0,    0,    0,    0,    0,    0,    0,    0,    0,    0,    0,    0,    0,    0,    0,    0,    0,    0,   -5,   -4,    0,    0,    0,    0,    0,    0,    0,    0,    0,    0,    0,    0,    0,    0,    0,    0,    0,    0,    0,    0,    0,    0,    0,    0,    0,    0,    0,    0,    0,    0,    0,    0,    0,    0,    0,    0,    0,    0,    0,    0,    0,    0,    0,    0,    0,    0,    0,    0,    0,    0,    0,    0,    0,    0,    0,    0,    0,    0,    0,    0,    0,    0,    0,    0,    0,    0,    0,    0,    0,    0,    0,    0,    0,    0,    0,    0,    0,    0,    0,    0,    0,    0,    0,    0,    0,    0,    0,    0,    0,    0,    0,    0,    0,    0,    0,    0,    0,  -11,  -11,    0,
       0,    0,    0,    0,    0,    0,    0,    0,    0,    0,    0,    0,    0,    0,    0,    0,    0,    0,    0,    0,    0,    0,    0,    0,    0,    0,    0,    0,    0,    0,    0,    0,    0,    0,    0,    0,    0,   -5,    0,    0,    0,    0,    0,    0,    0,   -8,   -7,   -5,   -8,    0,    0,    0,    0,    0,    0,    0,    0,    0,    0,    0,    0,    0,    0,    0,    0,    0,    0,  -11,    0,   -8,    0,    0,    0,    0,    0,    0,    0,    0,    0,    0,    0,    0,    0,    0,    0,    0,    0,    0,    0,    0,    0,    0,    0,    0,    0,    0,    0,    0,    0,    0,    0,    0,    0,    0,    0,    0,    0,    0,    0,    0,    0,    0,    0,    0,    0,    0,    0,    0,    0,    0,    0,    0,    0,    0,    0,    0,    0,    0,    0,    0,    0,    0,    0,    0,    0,    0,    0,    0,    0,    0,    0,    0,    0,    0,    0,    0,    0,
       0,    0,    0,    0,    0,    0,    0,    0,    0,    0,    0,  -12,    0,    0,  -21,    0,    0,    0,    0,    0,    0,    0,    0,  -10,   -5,   -5,    0,    0,    0,   -7,   -4,    0,    0,    0,   -4,    0,   -4,   -4,    0,   -4,    0,    0,    0,    0,    0,    0,    0,    0,    0,    0,    0,    0,    0,    0,  -19,   -4,   -4,   -4,   -4,    0,   -4,   -4,   -4,   -4,    0,    0,   -6,    0,    0,    0,    0,    0,    0,    0,    0,    0,    0,    0,    0,    0,    0,    0,    0,    0,    0,    0,    0,    0,    0,    0,    0,    0,    0,    0,    0,    0,    0,    0,    0,    0,    0,    0,    0,    0,    0,    0,    0,    0,    0,    0,    0,    0,    0,    0,    0,    0,    0,    0,    0,    0,    0,    0,    0,    0,    0,    0,    0,    0,    0,    0,    0,    0,    0,    0,    0,    0,    0,    0,    0,    0,    0,    0,    0,    0,    0,    0,    0,
       0,    0,    0,    0,    0,    0,    0,    0,    0,    0,    0,    0,    0,    0,    0,    0,    0,    0,    0,    0,    0,   -5,    0,    0,   -7,    0,    0,    0,    0,    0,    0,    0,    0,    0,    0,    0,    0,    0,    0,    0,    0,    0,    0,    0,    0,    0,    0,    0,    0,    0,    0,    0,    0,    0,    0,    0,    0,    0,    0,    0,    0,    0,    0,   -4,    0,    0,    0,    0,   -5,    0,    0,    0,    0,    0,    0,    0,    0,    0,    0,    0,    0,    0,    0,    0,    0,    0,    0,    0,    0,    0,    0,    0,    0,    0,    0,    0,    0,    0,    0,    0,    0,    0,    0,    0,    0,    0,    0,    0,    0,    0,    0,    0,    0,    0,    0,    0,    0,    0,    0,    0,    0,    0,    0,    0,    0,    0,    0,    0,    0,    0,    0,    0,    0,    0,    0,    0,    0,    0,    0,    0,    0,    0,    0,    0,    0,    0,    0,
       0,   -5,   -7,    0,   -4,    4,    0,    0,    0,    0,   -5,    0,    0,    0,    0,    0,    0,    0,    0,    0,    0,    0,    0,    0,    0,    0,   -6,    0,  -14,    0,    0,    0,    0,    0,    0,    0,    0,    0,    0,    0,    0,    0,    0,    0,    0,    0,    0,    0,    0,    0,   -6,   -7,   -8,    0,    0,    0,    0,    0,    0,    0,    0,    0,    0,    0,    0,    0,    0,    0,    0,    0,    0,   -9,    0,    5,    0,    0,    6,    0,    0,    0,    0,   -9,   -9,    0,    0,    0,    0,    0,   -5,    0,    0,    0,   -5,    0,    0,    0,    0,   -6,    0,   -5,   -5,   -8,   -6,    3,   -6,    0,   -5,    0,    0,    0,    0,    0,    0,    0,    0,    0,   -5,    0,   -8,   -4,    0,   -8,    0,    0,    0,    0,   -6,    0,    0,    0,   -6,    0,    0,    0,    0,    0,    0,    0,    0,    0,    0,    0,    0,    0,   -4,    0,    0,
      -4,  -12,    0,   -6,  -10,   -4,    5,   -5,   -4,   -4,    0,    0,    0,    0,    0,    0,    0,    0,    0,    0,    0,    0,    0,    0,    0,    0,   -6,    0,  -14,    0,    0,    0,    0,    0,    0,    0,    0,    0,    0,    0,    0,    0,    0,    0,    0,    0,    0,    0,    0,    0,    0,   -9,    0,    0,    0,    0,    0,    0,    0,    0,    0,    0,    0,    0,    0,    0,    0,    0,    0,    0,    0,    0,    0,    0,    0,   -4,    0,    0,   -6,    0,    0,    0,    0,   -6,   -7,    0,   -6,    0,    0,    0,    0,    0,    0,   -6,   -3,    0,    0,    0,    0,    0,  -11,   -5,    0,   -5,    0,    0,  -11,    0,    0,    0,    0,    0,    0,    0,    0,    0,  -11,   -3,    0,    0,    0,   -5,    0,   -6,    0,    0,    0,    0,   -3,    0,  -10,   -3,    0,    0,    0,    0,    0,    0,    0,    0,    0,    0,    0,    0,    0,    0,    0,
       0,    0,   -9,    4,    0,  -25,  -16,  -29,  -28,    7,  -17,    0,    0,    0,    0,    0,    0,    0,    0,    0,    0,    0,    0,    0,    0,    0,    0,    0,  -11,    0,    0,    0,    0,    0,    0,    0,    0,    0,    0,    0,    0,    0,    0,    0,    0,    0,    0,    0,    0,    0,   -8,    0,  -28,  -25,    0,    0,    0,    0,    0,    0,    0,    0,    0,    0,    0,    0,    0,    0,    0,    0,    8,   -9,    0,  -37,  -22,    7,  -21,  -21,    0,    0,    0,   -9,   -9,    5,    0,    6,    0,  -32,    0,  -30,  -31,  -38,  -38,  -25,  -27,  -38,  -35,  -38,  -31,  -38,  -21,  -21,  -26,  -22,  -25,  -31,  -21,  -26,  -37,    9,  -38,  -35,    0,   14,    0,    9,    0,  -25,   -7,  -40,    0,  -21,    0,    0,  -31,  -32,    0,  -32,  -44,    0,  -21,  -37,    0,    0,    0,    0,    0,    0,    0,    0,    0,    0,    0,    0,    0,    0,  -22,
       0,    0,   -8,    0,    0,    7,  -10,    0,    0,    5,   -6,    0,    0,    0,    0,    0,    0,    0,    0,    0,    0,    0,    0,    0,    0,    0,   -3,    0,    0,    0,    0,    0,    0,    0,    0,    0,    0,    0,    0,    0,    0,    0,    0,    0,    0,    0,    0,    0,    0,    0,   -9,    0,  -15,    0,    0,    0,    0,    0,    0,    0,    0,    0,    0,    0,    0,    0,    0,    0,    0,    0,    6,   -7,    0,    7,    6,    0,    7,    6,    0,    0,    0,   -7,   -7,    4,    0,    0,    0,    0,   -5,    0,    0,    6,   -5,    5,    0,    6,    0,   -5,    0,   -5,  -11,   -5,   -5,    5,  -16,    0,  -11,    0,    0,    7,    0,    0,    0,    0,    0,    7,    0,    0,  -10,   -3,    6,   -5,    0,    0,  -17,    0,   -4,    0,    0,    0,  -12,    0,    0,    0,    0,    0,    0,    0,    0,    0,    0,    0,    0,    0,    0,    4,    6,
       0,   -4,    0,    0,   -6,    0,    0,    0,    0,    0,    0,    0,    0,    0,    0,    0,    0,    0,    0,    0,    0,    0,    0,    0,    0,    0,    0,    0,    0,    0,    0,    0,    0,    0,    0,    0,    0,    0,    0,    0,    0,    0,    0,    0,    0,    0,    0,    0,    0,    0,    0,    0,    0,    0,    0,    0,    0,    0,    0,    0,    0,    0,    0,    0,    0,    0,    0,    0,    0,    0,    0,    0,    0,    0,    0,    0,    0,    0,    0,    0,    0,    0,    0,    0,    0,    0,    0,    0,    0,    0,    0,    0,    0,    0,    0,    0,    0,    0,    0,    0,  -15,   -5,    0,    0,    0,    0,  -11,    0,    0,    0,    0,    0,    0,    0,    0,    0,   -8,    0,    0,    0,    0,   -5,    0,    0,    0,    0,    0,    0,    0,    0,   -7,    0,    0,    0,    0,    0,    0,    0,    0,    0,    0,    0,    0,    0,    0,    0,    0,
      -5,  -25,   -6,   -7,  -12,    0,    0,    0,    0,  -10,   -4,    0,    0,    0,    0,    0,    0,    0,    0,    0,    0,    0,    0,    0,    0,    0,   -6,    0,  -17,    0,    0,    0,    0,    0,    0,    0,    0,    0,    0,    0,    0,    0,    0,    0,    0,    0,    0,    0,    0,    0,    0,  -12,    0,    0,    0,    0,    0,    0,    0,    0,    0,    0,    0,    0,    0,    0,    0,    0,    0,    0,  -17,   -4,    0,    0,    0,    0,    0,    0,    0,    0,    0,   -4,   -5,    0,  -10,    0,    0,    0,   -4,    0,    0,    0,    0,    0,    0,    0,    0,    0,    0,    0,  -12,   -8,    0,    0,    0,    0,  -12,    0,    0,   -5,    0,    0,   -6,   -6,   -6,   -5,  -12,   -4,   -4,    0,    0,   -7,   -4,   -7,    0,    0,   -3,    0,    0,    0,  -13,    0,    0,    0,    0,    0,    0,    0,    0,    0,    0,    0,    0,    0,    0,    0,    0,
       0,    0,   -6,    0,  -11,    5,  -16,    6,    0,    4,   -6,    0,    0,    0,    0,    0,    0,    0,    0,    0,    0,    0,    0,    0,    0,    0,    0,    0,   -9,    0,    0,    0,    0,    0,    0,    0,    0,    0,    0,    0,    0,    0,    0,    0,    0,    0,    0,    0,    0,    0,   -6,    0,  -20,    0,    0,    0,    0,    0,    0,    0,    0,    0,    0,    0,    0,    0,    0,    0,    0,    0,    6,  -12,    0,    8,    8,    0,   11,    9,    8,    5,    0,  -12,  -12,    9,    0,    7,    6,    0,   -8,    0,    0,    9,   -6,    9,    0,    8,    0,   -6,    0,   -6,  -13,  -16,   -9,    9,  -20,    0,   -8,    6,    6,    7,   -6,    5,    0,    0,    0,    7,   -8,    0,  -14,   -7,    0,  -16,    0,  -13,  -20,    0,   -6,   -5,    0,    6,  -17,    0,    0,    0,    0,    0,    0,    0,    0,    0,    0,    0,    0,    0,    0,    0,    5,
       0,    5,  -11,    5,    0,  -25,   -3,  -22,   -7,    8,  -13,    0,    0,    0,    0,    0,    0,    0,    0,    0,    0,    0,    0,    0,    0,    0,    0,    0,   -9,    0,    0,    0,    0,    0,    0,    0,    0,    0,    0,    0,    0,    0,    0,    0,    0,    0,    0,    0,    0,    0,   -8,    0,  -14,   -4,    0,    0,    0,    0,    0,    0,    0,    0,    0,    0,    0,    0,    0,    0,    0,    0,    9,   -6,    0,  -27,  -21,    8,  -21,  -20,    5,    0,   -2,   -6,   -6,    6,    0,    6,    0,   -9,   -6,   -6,   -6,  -21,  -13,    0,    0,  -21,  -10,  -13,   -6,  -13,    0,    0,  -13,    0,    0,   -6,    0,    0,  -10,   11,  -13,   -6,    0,   14,    0,   11,    0,    0,   -7,  -13,    0,    0,    0,    0,    0,   -9,    0,   -8,    0,    0,    0,    0,    0,    0,    0,    0,    0,    0,    0,    0,    0,    0,    0,    0,    6,    8,  -25,
       0,  -26,   -6,    0,  -21,    9,    0,    6,    0,    0,   -5,    0,    0,    0,    0,    0,    0,    0,    0,    0,    0,    0,    0,    0,    0,    0,    0,    0,   -9,    0,    0,    0,    0,    0,    0,    0,    0,    0,    0,    0,    0,    0,    0,    0,    0,    0,    0,    0,    0,    0,   -7,   -3,   -6,    0,    0,    0,    0,    0,    0,    0,    0,    0,    0,    0,    0,    0,    0,    0,    0,    0,  -21,   -6,    5,    9,    8,    0,   11,    9,    7,    5,    0,   -6,   -6,    8,  -17,    7,    5,    0,   -5,    0,    0,    9,   -4,    9,    0,    8,    0,   -4,    0,   -4,  -13,   -5,   -4,    9,   -9,    0,   -8,    6,    6,    0,    0,    5,    0,    0,    0,    0,   -8,    0,   -8,    0,  -26,   -7,    0,  -12,   -6,    0,   -5,    0,    0,    6,  -12,    0,    0,    0,    0,    0,    0,    0,    0,    0,    0,    0,    0,    0,  -24,  -23,    8,
       0,   -4,   -4,   -8,   -4,   -3,    0,   -7,   -4,   -7,    0,    0,    0,    0,    0,    0,    0,    0,    0,    0,    0,    0,    0,    0,    0,    0,   -4,    0,  -11,    0,    0,    0,    0,    0,    0,    0,    0,    0,    0,    0,    0,    0,    0,    0,    0,    0,    0,    0,    0,    0,    0,   -7,    0,    0,    0,    0,    0,    0,    0,    0,    0,    0,    0,    0,    0,    0,    0,    0,    0,    0,    0,    0,    0,    0,    0,   -4,    0,    0,   -6,    0,    0,    0,   -3,   -7,   -6,    0,   -5,    0,    0,    0,    0,    0,    0,    0,   -4,    0,    0,    0,    0,    0,    0,    0,    0,    0,    0,    0,    0,    0,    0,    0,    0,    0,    0,    0,   -3,    0,    0,    0,    0,    0,   -8,    0,    0,    0,    0,    0,    0,    0,   -4,    0,    0,   -4,    0,    0,    0,    0,    0,    0,    0,    0,    0,    0,    0,    0,    0,    0,    0,
       0,   -4,    0,    9,   -6,    6,    0,   14,    0,    0,    0,    0,    0,    0,    0,    0,    0,    0,    0,    0,    0,    0,    0,    0,    0,    0,    0,    0,    8,    0,    0,    0,    0,    0,    0,    0,    0,    0,    0,    0,    0,    0,    0,    0,    0,    0,    0,    0,    0,    0,   -5,    8,   -5,    0,    0,    0,    0,    0,    0,    0,    0,    0,    0,    0,    0,    0,    0,    0,    0,    0,    0,   -6,    0,    8,    7,    0,    8,    7,    6,    5,    0,   -6,   -9,    6,   -9,    6,    0,    0,    0,    0,    0,    7,    0,    7,    0,    7,    0,    0,    0,    0,    0,   10,    0,    7,   -6,    0,    0,    0,    5,    0,    0,    0,    0,    0,   22,    0,    0,    0,   -8,    0,    0,    0,    0,    0,    0,    0,   -3,    0,    0,    6,   10,    0,    0,    0,    0,    0,    0,    0,    0,    0,    0,    0,    0,    0,    0,    0,    0,
       0,   -4,   -4,   -9,    0,    0,    0,   -5,   -4,   -4,    0,    0,    0,    0,    0,    0,    0,    0,    0,    0,    0,    0,    0,    0,    0,    0,   -4,    0,  -13,    0,    0,    0,    0,    0,    0,    0,    0,    0,    0,    0,    0,    0,    0,    0,    0,    0,    0,    0,    0,    0,    0,   -9,    0,    0,    0,    0,    0,    0,    0,    0,    0,    0,    0,    0,    0,    0,    0,    0,    0,    0,    0,    0,    0,    0,    0,   -3,    0,    0,   -5,    0,    0,    0,   -4,   -5,   -5,    0,   -5,    0,    0,    0,    0,    0,    0,    0,    0,    0,    0,    0,    0,    0,    0,    0,    0,    0,    0,    0,    0,    0,    0,    0,    0,    0,    0,    0,   -3,    0,    0,    0,    0,    0,    0,    0,    0,    0,    0,    0,    0,    0,    0,    0,    0,    0,    0,    0,    0,    0,    0,    0,    0,    0,    0,    0,    0,    0,    0,    0,    0,
       0,   -5,   -5,   -7,   -5,    0,    0,    0,    0,   -4,   -4,    0,    0,    0,    0,    0,    0,    0,    0,    0,    0,    0,    0,    0,    0,    0,   -4,    0,  -11,    0,    0,    0,    0,    0,    0,    0,    0,    0,    0,    0,    0,    0,    0,    0,    0,    0,    0,    0,    0,    0,    0,   -8,    0,    0,    0,    0,    0,    0,    0,    0,    0,    0,    0,    0,    0,    0,    0,    0,    0,    0,    0,    0,    0,    0,    0,   -2,    0,    0,    0,    0,    0,    0,    0,    0,    0,    0,    0,    0,    0,    0,    0,    0,    0,    0,    0,    0,    0,    0,    0,    0,    0,    0,   -3,    0,   -4,    0,    0,    0,    0,    0,    0,    0,    0,    0,    0,    0,    0,    0,    0,    0,   -3,    0,    0,    0,    0,    0,    0,    0,    0,    0,    0,    0,    0,    0,    0,    0,    0,    0,    0,    0,    0,    0,    0,    0,    0,    0,    0,
      -5,   -8,   -4,   -9,    0,  -11,    5,  -14,    0,  -11,   -4,    0,    0,    0,    0,    0,    0,    0,    0,    0,    0,    0,    0,    0,    0,    0,   -3,    0,  -14,    0,    0,    0,    0,    0,    0,    0,    0,    0,    0,    0,    0,    0,    0,    0,    0,    0,    0,    0,    0,    0,    0,  -10,    0,    0,    0,    0,    0,    0,    0,    0,    0,    0,    0,    0,    0,    0,    0,    0,    0,    0,   -9,    0,    0,   -8,   -8,  -12,   -6,   -7,  -16,  -10,    0,    0,    0,   -8,    0,  -10,    0,   -4,    0,    0,    0,   -8,    0,   -3,   -4,   -9,    0,    0,    0,    0,    0,    0,    0,    0,    0,    0,    0,    0,    0,   -4,    0,    0,   -4,   -4,   -5,    0,    0,    0,    0,    0,  -14,    0,    0,    0,    0,    0,    0,    0,   -4,   -9,    0,   -4,    0,    0,    0,    0,    0,    0,    0,    0,    0,    0,    0,    0,   -5,   -3,  -10,
      -4,    0,   -4,   -8,    0,  -30,    0,  -21,    0,    0,    0,    0,    0,    0,    0,    0,    0,    0,    0,    0,    0,    0,    0,    0,    0,    0,   -5,    0,  -14,    0,    0,    0,    0,    0,    0,    0,    0,    0,    0,    0,    0,    0,    0,    0,    0,    0,    0,    0,    0,    0,    0,   -8,   -6,    0,    0,    0,    0,    0,    0,    0,    0,    0,    0,    0,    0,    0,    0,    0,    0,    0,    0,    0,    0,  -31,  -24,    0,  -17,  -23,   -9,   -5,    0,    0,    0,   -6,    0,    0,    0,   -6,    0,    0,    0,  -15,    0,    0,    0,  -16,   -4,    0,    0,    0,    0,    3,    0,    0,    0,    0,    0,    0,    0,    0,    0,    0,    0,    0,    0,    0,    0,    5,    0,    0,    0,    3,    0,    5,    0,   -4,    0,    0,    0,    0,    0,    0,    0,    0,    0,    0,    0,    0,    0,    0,    0,    0,    0,    0,    0,    3,  -38,
       0,    0,   -9,    4,    0,  -25,  -16,  -29,  -28,    7,  -17,    0,    0,    0,    0,    0,    0,    0,    0,    0,    0,    0,    0,    0,    0,    0,    0,    0,  -11,    0,    0,    0,    0,    0,    0,    0,    0,    0,    0,    0,    0,    0,    0,    0,    0,    0,    0,    0,    0,    0,   -8,    0,  -28,  -25,    0,    0,    0,    0,    0,    0,    0,    0,    0,    0,    0,    0,    0,    0,    0,    0,    8,   -9,    0,  -22,  -22,    7,  -21,  -21,    0,    0,    0,   -9,   -9,    5,    0,    6,    0,  -15,    0,  -25,  -25,  -23,  -18,  -23,  -27,  -23,  -25,  -18,  -13,  -18,  -21,   -7,  -18,   -6,  -25,  -25,  -21,  -26,  -25,    9,  -26,  -26,    0,   14,    0,    9,    0,  -23,   -7,  -26,   10,   -7,    0,    0,  -22,  -27,    0,  -27,  -45,    0,  -21,  -38,    0,    0,    0,    0,    0,    0,    0,    0,    0,    0,    0,    0,    0,    0,  -22,
      -5,   -8,   -4,   -9,    0,  -11,    0,  -14,    0,  -11,   -4,    0,    0,    0,    0,    0,    0,    0,    0,    0,    0,    0,    0,    0,    0,    0,   -3,    0,  -14,    0,    0,    0,    0,    0,    0,    0,    0,    0,    0,    0,    0,    0,    0,    0,    0,    0,    0,    0,    0,    0,    0,  -10,    0,    0,    0,    0,    0,    0,    0,    0,    0,    0,    0,    0,    0,    0,    0,    0,    0,    0,   -9,    0,    0,  -18,  -19,  -12,   -6,  -18,  -20,  -15,    0,    0,    0,   -8,    0,  -13,    0,   -6,    0,   -5,   -4,  -13,    0,   -4,   -3,  -14,   -6,    0,   -5,    0,    0,    0,    0,    0,    0,   -4,    0,    0,    0,   -5,    0,    0,   -5,   -5,   -5,   -5,    0,    0,    0,    0,    0,    0,   -5,    0,    0,   -6,    0,    0,   -3,  -19,    0,   -3,    0,    0,    0,    0,    0,    0,    0,    0,    0,    0,    0,    0,   -5,   -3,  -10,
       0,    0,   -8,    0,   -9,    4,   -9,    3,    0,    0,   -9,    0,    0,    0,    0,    0,    0,    0,    0,    0,    0,    0,    0,    0,    0,    0,    0,    0,  -11,    0,    0,    0,    0,    0,    0,    0,    0,    0,    0,    0,    0,    0,    0,    0,    0,    0,    0,    0,    0,    0,   -9,    0,  -16,    0,    0,    0,    0,    0,    0,    0,    0,    0,    0,    0,    0,    0,    0,    0,    0,    0,    4,   -8,    0,    0,    0,    0,    9,    0,    0,    0,    0,   -8,   -8,    6,    0,    0,    0,    0,   -9,    0,    0,    7,   -6,    7,    0,    6,    0,   -6,    0,   -6,  -10,   -2,   -6,    6,  -15,    0,  -10,    0,    0,    6,   -7,    0,    0,    0,    0,    6,   -9,    0,    0,   -8,    6,   -4,    0,    0,  -16,    0,    0,   -6,    0,    0,  -11,    0,    0,    0,    0,    0,    0,    0,    0,    0,    0,    0,    0,    0,    0,    0,    3,
       0,   -4,    0,    9,   -6,    6,    0,   14,    0,    0,    0,    0,    0,    0,    0,    0,    0,    0,    0,    0,    0,    0,    0,    0,    0,    0,    0,    0,    8,    0,    0,    0,    0,    0,    0,    0,    0,    0,    0,    0,    0,    0,    0,    0,    0,    0,    0,    0,    0,    0,   -5,    8,   -5,    0,    0,    0,    0,    0,    0,    0,    0,    0,    0,    0,    0,    0,    0,    0,    0,    0,    0,   -6,    0,    8,    7,    0,    8,    7,    6,    5,    0,   -6,   -9,    6,   -9,    6,    0,    0,    0,    0,    0,    7,    0,    7,    0,    7,    0,    0,    0,    0,    0,   10,    0,    7,   -6,    0,    0,    0,    5,    0,    0,    0,    0,    0,   23,    0,    0,    0,   -8,    0,    0,    0,    0,    0,    0,    0,   -3,    0,    0,    6,   10,    0,    0,    0,    0,    0,    0,    0,    0,    0,    0,    0,    0,    0,    0,    0,    0,
      -5,   -8,   -4,   -9,    0,  -11,    5,  -14,    0,  -11,   -4,    0,    0,    0,    0,    0,    0,    0,    0,    0,    0,    0,    0,    0,    0,    0,   -3,    0,  -14,    0,    0,    0,    0,    0,    0,    0,    0,    0,    0,    0,    0,    0,    0,    0,    0,    0,    0,    0,    0,    0,    0,  -10,    0,    0,    0,    0,    0,    0,    0,    0,    0,    0,    0,    0,    0,    0,    0,    0,    0,    0,   -9,    0,    0,   -7,   -7,  -11,   -6,   -6,  -15,  -10,    0,    0,    0,   -8,    0,   -9,    0,    0,    0,    0,    0,   -8,    0,    0,   -4,   -9,    0,    0,    0,    0,    0,    0,    0,    0,    0,    0,    0,    0,    0,    0,    0,    0,   -4,   -4,   -5,    0,    0,    0,    0,    0,    0,    0,    0,    0,    0,    0,    0,    0,   -4,   -9,    0,   -4,    0,    0,    0,    0,    0,    0,    0,    0,    0,    0,    0,    0,   -5,   -3,  -10,
       0,   -9,    0,   -8,   -7,    0,    0,    0,    0,   -9,    0,    0,    0,    0,    0,    0,    0,    0,    0,    0,    0,    0,    0,    0,    0,    0,    0,    0,  -10,    0,    0,    0,    0,    0,    0,    0,    0,    0,    0,    0,    0,    0,    0,    0,    0,    0,    0,    0,    0,    0,    0,   -7,    0,    0,    0,    0,    0,    0,    0,    0,    0,    0,    0,    0,    0,    0,    0,    0,    0,    0,    0,    0,    0,    0,    0,    0,    0,    0,    0,    0,    0,    0,    0,    0,    0,    0,    0,    0,    0,    0,    0,    0,    0,    0,    0,    0,    0,    0,    0,    0,    0,   -5,    0,    0,    0,    0,    0,    0,    0,    0,    0,    0,    0,    0,    0,    0,    0,    0,    0,    0,    0,   -5,    0,    0,    0,    0,    0,    0,    0,    0,    0,    0,    0,    0,    0,    0,    0,    0,    0,    0,    0,    0,    0,    0,    0,   -8,    0,
      -4,   -8,   -4,    0,   -6,   -6,    6,   -7,   -6,    0,    0,    0,    0,    0,    0,    0,    0,    0,    0,    0,    0,    0,    0,    0,    0,    0,   -6,    0,    0,    0,    0,    0,    0,    0,    0,    0,    0,    0,    0,    0,    0,    0,    0,    0,    0,    0,    0,    0,    0,    0,    0,    0,    0,    0,    0,    0,    0,    0,    0,    0,    0,    0,    0,    0,    0,    0,    0,    0,    0,    0,    0,    0,    0,    0,    0,    0,    0,    0,    0,    0,    0,    0,    0,    0,    0,    0,    0,    0,    0,    0,    0,    0,    0,   -7,   -5,    0,    0,    0,    0,    0,    0,    0,    0,   -4,    0,    0,    0,    0,    0,    0,    0,    0,    0,    0,    0,    0,    0,    0,    0,    0,    0,    0,    0,    0,    0,    0,    0,    0,   -5,    0,    0,   -5,    0,    0,    0,    0,    0,    0,    0,    0,    0,    0,    0,    0,    0,    0,    0,
       0,  -12,    0,   -8,   -5,    0,    0,    0,    0,   -7,    0,    0,    0,    0,    0,    0,    0,    0,    0,    0,    0,    0,    0,    0,    0,    0,    0,    0,   -9,    0,    0,    0,    0,    0,    0,    0,    0,    0,    0,    0,    0,    0,    0,    0,    0,    0,    0,    0,    0,    0,    0,   -6,    0,    0,    0,    0,    0,    0,    0,    0,    0,    0,    0,    0,    0,    0,    0,    0,    0,    0,    0,    0,    0,    0,    0,    0,    0,    0,    0,    0,    0,    0,    0,    0,    0,    0,    0,    0,    0,    0,    0,    0,    0,    0,    0,    0,    0,    0,    0,    0,    0,    0,    0,    0,    0,    0,    0,    0,    0,    0,    0,    0,    0,    0,    0,    0,    0,    0,    0,    0,    0,    0,    0,    0,    0,    0,    0,    0,    0,    0,    0,    0,    0,    0,    0,    0,    0,    0,    0,    0,    0,    0,    0,    0,    0,    0,    0,
       0,    0,    0,   -5,    0,  -26,  -19,  -15,    0,  -17,    0,    0,    0,    0,    0,    0,    0,    0,    0,    0,    0,    0,    0,    0,    0,    0,    0,    0,   -9,    0,    0,    0,    0,    0,    0,    0,    0,    0,    0,    0,    0,    0,    0,    0,    0,    0,    0,    0,    0,    0,   -6,   -4,   -7,    0,    0,    0,    0,    0,    0,    0,    0,    0,    0,    0,    0,    0,    0,    0,    0,    0,    0,    0,    0,    0,    0,    0,    0,    0,    0,    0,    0,    0,    0,    0,    0,    0,    0,    0,    0,    0,    0,  -15,    0,    0,    0,  -12,    0,    0,    0,    0,    7,    7,    0,    6,    0,    0,    7,    0,    0,    0,    0,    0,    0,    0,    0,    0,    0,    8,    0,    0,    0,    7,    0,    0,    7,    0,    0,    0,    0,    0,    7,    0,    0,    0,    0,    0,    0,    0,    0,    0,    0,    0,    0,    0,    0,    0,    0,
       0,  -10,    0,    8,    0,    0,    0,   11,    0,    0,    0,    0,    0,    0,    0,    0,    0,    0,    0,    0,    0,    0,    0,    0,    0,    0,    0,    0,    8,    0,    0,    0,    0,    0,    0,    0,    0,    0,    0,    0,    0,    0,    0,    0,    0,    0,    0,    0,    0,    0,    0,    8,    0,    0,    0,    0,    0,    0,    0,    0,    0,    0,    0,    0,    0,    0,    0,    0,    0,    0,    0,    0,    0,    0,    0,    0,    0,    0,    0,    0,    0,    0,    0,    0,    0,    0,    0,    0,    0,    0,    0,    7,    0,    7,    0,    7,    0,    0,    0,    0,    0,    8,   -4,    7,   -4,    0,    0,    0,    0,    0,    0,    0,    0,    0,    0,    0,    0,    0,    0,    0,    0,    0,    0,    0,    0,    0,    0,    0,    0,    0,   10,    0,    0,    0,    0,    0,    0,    0,    0,    0,    0,    0,    0,    0,    0,    0,    0,
       0,   -9,    0,   -9,   -6,   -4,    5,   -4,   -4,  -10,    0,    0,    0,    0,    0,    0,    0,    0,    0,    0,    0,    0,    0,    0,    0,    0,   -4,    0,  -10,    0,    0,    0,    0,    0,    0,    0,    0,    0,    0,    0,    0,    0,    0,    0,    0,    0,    0,    0,    0,    0,    0,   -7,    0,    0,    0,    0,    0,    0,    0,    0,    0,    0,    0,    0,    0,    0,    0,    0,    0,    0,    0,    0,    0,    0,    0,    0,    0,    0,    0,    0,    0,    0,    0,    0,    0,    0,    0,    0,    0,    0,    0,    0,    0,    0,   -4,    0,    0,    0,    0,    0,    0,   -4,    0,    0,    0,    0,    0,    0,    0,    0,    0,    0,    0,    0,    0,    0,    0,    0,    0,    0,    0,   -4,    0,    0,    0,    0,    0,    0,   -4,    0,    0,   -4,    0,    0,    0,    0,    0,    0,    0,    0,    0,    0,    0,    0,    0,   -8,    0,
       0,   -4,   -6,    0,    0,    0,   -9,    4,    0,    0,   -7,    0,    0,    0,    0,    0,    0,    0,    0,    0,    0,    0,    0,    0,    0,    0,    0,    0,   -8,    0,    0,    0,    0,    0,    0,    0,    0,    0,    0,    0,    0,    0,    0,    0,    0,    0,    0,    0,    0,    0,   -6,    0,  -11,    0,    0,    0,    0,    0,    0,    0,    0,    0,    0,    0,    0,    0,    0,    0,    0,    0,    0,    0,    0,    0,    0,    0,    0,    0,    0,    0,    0,    0,    0,    0,    0,    0,    0,    0,    0,    0,    0,    8,   -9,    8,    0,    7,    0,  -10,    0,   -9,    0,    0,  -10,    6,    0,    0,    0,    0,    5,    0,   -7,    0,    0,    0,    0,    0,    0,    0,    0,   -8,    0,    0,    0,    0,    0,    0,    0,   -4,    0,    0,    0,    0,    0,    0,    0,    0,    0,    0,    0,    0,    0,    0,    0,    0,    0,    0,    0,
       0,  -12,    0,   -8,   -6,    0,    0,    0,    0,   -8,    0,    0,    0,    0,    0,    0,    0,    0,    0,    0,    0,    0,    0,    0,    0,    0,    0,    0,  -11,    0,    0,    0,    0,    0,    0,    0,    0,    0,    0,    0,    0,    0,    0,    0,    0,    0,    0,    0,    0,    0,    0,   -7,    0,    0,    0,    0,    0,    0,    0,    0,    0,    0,    0,    0,    0,    0,    0,    0,    0,    0,    0,    0,    0,    0,    0,    0,    0,    0,    0,    0,    0,    0,    0,    0,    0,    0,    0,    0,    0,    0,    0,    0,    0,    0,    0,    0,    0,    0,    0,    0,    0,    0,    0,    0,    0,    0,    0,    0,    0,    0,    0,    0,    0,    0,    0,    0,    0,    0,    0,    0,    0,    0,    0,    0,    0,    0,    0,    0,    0,    0,    0,    0,    0,    0,    0,    0,    0,    0,    0,    0,    0,    0,    0,    0,    0,    0,    0,
       0,    0,   -5,    0,    0,    0,   -9,    4,    0,    0,   -7,    0,    0,    0,    0,    0,    0,    0,    0,    0,    0,    0,    0,    0,    0,    0,    0,    0,   -8,    0,    0,    0,    0,    0,    0,    0,    0,    0,    0,    0,    0,    0,    0,    0,    0,    0,    0,    0,    0,    0,   -6,    0,  -11,    0,    0,    0,    0,    0,    0,    0,    0,    0,    0,    0,    0,    0,    0,    0,    0,    0,    0,    0,    0,    0,    0,    0,    0,    0,    0,    0,    0,    0,    0,    0,    0,    0,    0,    0,    0,    0,    0,    8,   -9,    8,    0,    7,    0,  -10,    0,   -9,    0,    0,  -10,    6,    0,    0,    0,    0,    5,    0,   -8,    0,    0,    0,    0,    0,    0,    0,    0,   -8,    0,    0,    0,    0,    0,    0,    0,    0,    0,    0,    0,    0,    0,    0,    0,    0,    0,    0,    0,    0,    0,    0,    0,    0,    0,    0,    0,
       0,  -11,    0,   -9,   -7,   -7,    6,   -8,   -6,  -10,    0,    0,    0,    0,    0,    0,    0,    0,    0,    0,    0,    0,    0,    0,    0,    0,    0,    0,  -10,    0,    0,    0,    0,    0,    0,    0,    0,    0,    0,    0,    0,    0,    0,    0,    0,    0,    0,    0,    0,    0,    0,   -7,    0,    0,    0,    0,    0,    0,    0,    0,    0,    0,    0,    0,    0,    0,    0,    0,    0,    0,    0,    0,    0,    0,    0,    0,    0,    0,    0,    0,    0,    0,    0,    0,    0,    0,    0,    0,    0,    0,    0,    0,    0,   -8,   -6,    0,    0,    0,    0,    0,    0,   -5,    0,   -6,    0,    0,    0,   -4,    0,    0,    0,    0,    0,    0,    0,    0,    0,    0,    0,    0,    0,   -5,    0,    0,    0,    0,    0,    0,   -6,    0,    0,   -6,    0,    0,    0,    0,    0,    0,    0,    0,    0,    0,    0,    0,   -7,   -9,    0,
       0,  -11,   -4,   -9,   -7,   -6,    6,   -7,   -6,   -9,    0,    0,    0,    0,    0,    0,    0,    0,    0,    0,    0,    0,    0,    0,    0,    0,   -6,    0,  -10,    0,    0,    0,    0,    0,    0,    0,    0,    0,    0,    0,    0,    0,    0,    0,    0,    0,    0,    0,    0,    0,    0,   -7,    0,    0,    0,    0,    0,    0,    0,    0,    0,    0,    0,    0,    0,    0,    0,    0,    0,    0,    0,    0,    0,    0,    0,    0,    0,    0,    0,    0,    0,    0,    0,    0,    0,    0,    0,    0,    0,    0,    0,    0,    0,   -7,   -5,    0,    0,    0,    0,    0,    0,   -5,    0,   -6,    0,    0,    0,    0,    0,   -4,    0,    0,    0,    0,    0,    0,    0,    0,    0,    0,    0,   -5,    0,    0,    0,    0,    0,    0,   -5,    0,    0,   -5,    0,    0,    0,    0,    0,    0,    0,    0,    0,    0,    0,    0,   -7,   -9,    0,
       0,    0,    0,    0,    0,    3,  -11,    0,    0,    0,    0,    0,    0,    0,    0,    0,    0,    0,    0,    0,    0,    0,    0,    0,    0,    0,    0,    0,   -9,    0,    0,    0,    0,    0,    0,    0,    0,    0,    0,    0,    0,    0,    0,    0,    0,    0,    0,    0,    0,    0,   -7,   -4,  -10,    0,    0,    0,    0,    0,    0,    0,    0,    0,    0,    0,    0,    0,    0,    0,    0,    0,    0,    0,    0,    0,    0,    0,    0,    0,    0,    0,    0,    0,    0,    0,    0,    0,    0,    0,    0,    0,    0,    7,    0,    7,    0,    6,    0,   -4,    0,    0,    5,    4,   -4,    5,    0,    0,    5,    0,    0,    0,    0,    0,    0,    0,    0,    0,    0,    0,    0,    0,    0,    4,    0,    0,    0,    0,    0,    0,    0,    0,    0,    0,    0,    0,    0,    0,    0,    0,    0,    0,    0,    0,    0,    0,    0,    0,    0,
       0,    0,    0,   -4,    0,  -17,  -10,  -15,    0,  -16,    0,    0,    0,    0,    0,    0,    0,    0,    0,    0,    0,    0,    0,    0,    0,    0,    0,    0,   -8,    0,    0,    0,    0,    0,    0,    0,    0,    0,    0,    0,    0,    0,    0,    0,    0,    0,    0,    0,    0,    0,   -6,   -4,   -6,    0,    0,    0,    0,    0,    0,    0,    0,    0,    0,    0,    0,    0,    0,    0,    0,    0,    0,    0,    0,    0,    0,    0,    0,    0,    0,    0,    0,    0,    0,    0,    0,    0,    0,    0,    0,    0,    0,  -12,    0,    0,    0,  -12,    0,    0,    0,    0,    7,    7,    0,    6,    0,    0,    7,    0,    0,    0,    0,    0,    0,    0,    0,    0,    0,    8,    0,    0,    0,    7,    0,    0,    7,    0,    0,    0,    0,    0,    7,    0,    0,    0,    0,    0,    0,    0,    0,    0,    0,    0,    0,    0,    0,    0,    0,
       0,    0,    0,   -5,    0,   -7,    0,  -10,    0,  -11,    0,    0,    0,    0,    0,    0,    0,    0,    0,    0,    0,    0,    0,    0,    0,    0,    0,    0,   -9,    0,    0,    0,    0,    0,    0,    0,    0,    0,    0,    0,    0,    0,    0,    0,    0,    0,    0,    0,    0,    0,    0,   -4,    0,    0,    0,    0,    0,    0,    0,    0,    0,    0,    0,    0,    0,    0,    0,    0,    0,    0,    0,    0,    0,    0,    0,    0,    0,    0,    0,    0,    0,    0,    0,    0,    0,    0,    0,    0,    0,    0,    0,   -8,   -4,    0,    0,   -9,    0,   -4,    0,   -4,    7,    6,   -4,    4,    0,    0,    7,    0,    0,    0,    0,    0,    0,    0,    0,    0,    0,    6,    0,    0,    0,    6,    0,    0,    0,    0,    0,    0,    0,    0,    6,    0,    0,    0,    0,    0,    0,    0,    0,    0,    0,    0,    0,    0,    0,    4,  -10,
      -7,  -11,    0,   -9,   -7,   -8,    6,   -8,   -7,  -10,    0,    0,    0,    0,    0,    0,    0,    0,    0,    0,    0,    0,    0,    0,    0,    0,   -6,    0,  -10,    0,    0,    0,    0,    0,    0,    0,    0,    0,    0,    0,    0,    0,    0,    0,    0,    0,    0,    0,    0,    0,    0,   -7,    0,    0,    0,    0,    0,    0,    0,    0,    0,    0,    0,    0,    0,    0,    0,    0,    0,    0,    0,    0,    0,    0,    0,    0,    0,    0,    0,    0,    0,    0,    0,    0,    0,    0,    0,    0,    0,    0,    0,    0,    0,   -9,   -7,   -4,    0,    0,    0,    0,    0,   -5,    0,   -6,    0,    0,    0,   -5,    0,   -4,    0,    0,    0,    0,    0,    0,    0,    0,    0,    0,    0,    0,    0,    0,    0,    0,    0,    0,   -7,    0,   -4,   -7,    0,    0,    0,    0,    0,    0,    0,    0,    0,    0,    0,    0,   -7,   -9,    0,
       0,    0,   -5,    0,    0,    0,   -5,    0,    0,   -4,   -4,    0,    0,    0,    0,    0,    0,    0,    0,    0,    0,    0,    0,    0,    0,    0,    0,    0,   -9,    0,    0,    0,    0,    0,    0,    0,    0,    0,    0,    0,    0,    0,    0,    0,    0,    0,    0,    0,    0,    0,   -7,   -4,  -10,    0,    0,    0,    0,    0,    0,    0,    0,    0,    0,    0,    0,    0,    0,    0,    0,    0,    0,    0,    0,    0,    0,    0,    0,    0,    0,    0,    0,    0,    0,    0,    0,    0,    0,    0,    0,    0,    0,    7,   -7,    7,    0,    6,    0,   -7,    0,   -7,    0,    0,   -7,    6,    0,    0,    0,    0,    0,    0,   -5,    0,    0,    0,    0,    0,    0,    0,    0,   -5,    0,    0,    0,    0,    0,    0,    0,    0,    0,    0,    0,    0,    0,    0,    0,    0,    0,    0,    0,    0,    0,    0,    0,    0,    0,    0,    0,
       0,  -10,    0,    8,    0,    0,    0,   11,    0,    0,    0,    0,    0,    0,    0,    0,    0,    0,    0,    0,    0,    0,    0,    0,    0,    0,    0,    0,    8,    0,    0,    0,    0,    0,    0,    0,    0,    0,    0,    0,    0,    0,    0,    0,    0,    0,    0,    0,    0,    0,    0,    8,    0,    0,    0,    0,    0,    0,    0,    0,    0,    0,    0,    0,    0,    0,    0,    0,    0,    0,    0,    0,    0,    0,    0,    0,    0,    0,    0,    0,    0,    0,    0,    0,    0,    0,    0,    0,    0,    0,    0,    7,    0,    7,    0,    7,    0,    0,    0,    0,    0,    8,   -4,    7,   -4,    0,    0,    0,    0,    0,    0,    0,    0,    0,   28,    0,    0,    0,    0,    0,    0,    0,    0,    0,    0,    0,    0,    0,    0,    0,   10,    0,    0,    0,    0,    0,    0,    0,    0,    0,    0,    0,    0,    0,    0,    0,    0,
       0,  -27,    0,   -8,  -17,    0,    0,    0,    0,   -6,    0,    0,    0,    0,    0,    0,    0,    0,    0,    0,    0,    0,    0,    0,    0,    0,    0,    0,  -11,    0,    0,    0,    0,    0,    0,    0,    0,    0,    0,    0,    0,    0,    0,    0,    0,    0,    0,    0,    0,    0,    0,   -6,    0,    0,    0,    0,    0,    0,    0,    0,    0,    0,    0,    0,    0,    0,    0,    0,    0,    0,    0,    0,    0,    0,    0,    0,    0,    0,    0,    0,    0,    0,    0,    0,    0,    0,    0,    0,    0,    0,    0,    0,    0,    0,    0,    0,    0,    0,    0,    0,  -16,   -6,    0,    0,    0,    0,  -11,    0,    0,    0,    0,    0,    0,    0,    0,    0,    0,    0,    0,    0,    0,   -6,    0,    0,    0,    0,    0,    0,    0,    0,   -7,    0,    0,    0,    0,    0,    0,    0,    0,    0,    0,    0,    0,    0,    0,    0,    0,
       0,  -11,    0,   -9,   -7,   -6,    6,   -8,   -5,  -10,    0,    0,    0,    0,    0,    0,    0,    0,    0,    0,    0,    0,    0,    0,    0,    0,    0,    0,  -10,    0,    0,    0,    0,    0,    0,    0,    0,    0,    0,    0,    0,    0,    0,    0,    0,    0,    0,    0,    0,    0,    0,   -7,    0,    0,    0,    0,    0,    0,    0,    0,    0,    0,    0,    0,    0,    0,    0,    0,    0,    0,    0,    0,    0,    0,    0,    0,    0,    0,    0,    0,    0,    0,    0,    0,    0,    0,    0,    0,    0,    0,    0,    0,    0,   -7,   -5,    0,    0,    0,    0,    0,    0,   -5,    0,   -6,    0,    0,    0,   -4,    0,    0,    0,    0,    0,    0,    0,    0,    0,    0,    0,    0,    0,    0,    0,    0,    0,    0,    0,    0,   -5,    0,    0,   -5,    0,    0,    0,    0,    0,    0,    0,    0,    0,    0,    0,    0,   -7,   -9,    0,
       0,  -11,    0,   -9,   -7,   -7,    6,   -8,   -6,  -10,    0,    0,    0,    0,    0,    0,    0,    0,    0,    0,    0,    0,    0,    0,    0,    0,    0,    0,  -10,    0,    0,    0,    0,    0,    0,    0,    0,    0,    0,    0,    0,    0,    0,    0,    0,    0,    0,    0,    0,    0,    0,   -7,    0,    0,    0,    0,    0,    0,    0,    0,    0,    0,    0,    0,    0,    0,    0,    0,    0,    0,    0,    0,    0,    0,    0,    0,    0,    0,    0,    0,    0,    0,    0,    0,    0,    0,    0,    0,    0,    0,    0,    0,    0,   -8,   -6,    0,    0,    0,    0,    0,    0,   -5,    0,   -6,    0,    0,    0,   -4,    0,    0,    0,    0,    0,    0,    0,    0,    0,    0,    0,    0,    0,    0,    0,    0,    0,    0,    0,    0,   -6,    0,    0,   -6,    0,    0,    0,    0,    0,    0,    0,    0,    0,    0,    0,    0,   -7,   -9,    0,
       0,  -19,   -6,    0,   -8,    0,    0,    0,    0,  -10,   -4,    0,    0,    0,    0,    0,    0,    0,    0,    0,    0,    0,    0,    0,    0,    0,   -4,    0,    0,    0,    0,    0,    0,    0,    0,    0,    0,    0,    0,    0,    0,    0,    0,    0,    0,    0,    0,    0,    0,    0,    0,    0,    0,    0,    0,    0,    0,    0,    0,    0,    0,    0,    0,    0,    0,    0,    0,    0,    0,    0,    0,    0,    0,    0,    0,    0,    0,    0,    0,    0,    0,    0,    0,    0,    0,    0,    0,    0,   -4,    0,    0,    0,    0,    0,    0,    0,    0,    0,    0,    0,    0,    0,    0,    0,    0,    0,    0,    0,    0,   -6,    0,    0,    0,    0,    0,    0,    0,    0,    0,    0,    0,    0,    0,    0,    0,    0,    0,    0,    0,    0,    0,    0,    0,    0,    0,    0,    0,    0,    0,    0,    0,    0,    0,    0,    0,    0,    0,
       0,   -4,   -6,    0,    0,    0,   -5,    0,    0,   -5,   -4,    0,    0,    0,    0,    0,    0,    0,    0,    0,    0,    0,    0,    0,    0,    0,   -4,    0,  -11,    0,    0,    0,    0,    0,    0,    0,    0,    0,    0,    0,    0,    0,    0,    0,    0,    0,    0,    0,    0,    0,   -8,   -6,  -10,    0,    0,    0,    0,    0,    0,    0,    0,    0,    0,    0,    0,    0,    0,    0,    0,    0,    0,    0,    0,    0,    0,    0,    0,    0,    0,    0,    0,    0,    0,    0,    0,    0,    0,    0,    0,    0,    0,    0,   -4,    0,    0,    0,    0,   -4,    0,   -4,    0,    0,   -5,    0,    0,    0,    0,    0,    0,    0,   -4,    0,    0,    0,    0,    0,    0,    0,    0,   -4,    0,    0,    0,    0,    0,    0,    0,    0,    0,    0,    0,    0,    0,    0,    0,    0,    0,    0,    0,    0,    0,    0,    0,    0,    0,    0,    0,
       0,   -8,    0,   -9,    0,    0,    0,    0,    0,   -6,    0,    0,    0,    0,    0,    0,    0,    0,    0,    0,    0,    0,    0,    0,    0,    0,    0,    0,  -12,    0,    0,    0,    0,    0,    0,    0,    0,    0,    0,    0,    0,    0,    0,    0,    0,    0,    0,    0,    0,    0,   -4,   -7,    0,    0,    0,    0,    0,    0,    0,    0,    0,    0,    0,    0,    0,    0,    0,    0,    0,    0,    0,    0,    0,    0,    0,    0,    0,    0,    0,    0,    0,    0,    0,    0,    0,    0,    0,    0,    0,    0,    0,    0,    0,    0,    0,    0,    0,    0,    0,    0,    0,    0,    0,    0,    0,    0,    0,    0,    0,    0,    0,    0,    0,    0,    0,    0,    0,    0,    0,    0,    0,    0,    0,    0,    0,    0,    0,    0,    0,    0,    0,    0,    0,    0,    0,    0,    0,    0,    0,    0,    0,    0,    0,    0,    0,    0,    0,
       0,  -19,   -6,   -8,   -8,    0,    0,    0,    0,  -10,   -4,    0,    0,    0,    0,    0,    0,    0,    0,    0,    0,    0,    0,    0,    0,    0,   -4,    0,  -14,    0,    0,    0,    0,    0,    0,    0,    0,    0,    0,    0,    0,    0,    0,    0,    0,    0,    0,    0,    0,    0,    0,  -11,    0,    0,    0,    0,    0,    0,    0,    0,    0,    0,    0,    0,    0,    0,    0,    0,    0,    0,    0,    0,    0,    0,    0,    0,    0,    0,    0,    0,    0,    0,    0,    0,    0,    0,    0,    0,   -4,    0,    0,    0,    0,    0,    0,    0,    0,    0,    0,    0,    0,    0,    0,    0,    0,    0,    0,    0,    0,   -4,    0,    0,    0,    0,    0,    0,    0,    0,    0,    0,    0,    0,    0,    0,    0,    0,    0,    0,    0,    0,    0,    0,    0,    0,    0,    0,    0,    0,    0,    0,    0,    0,    0,    0,    0,    0,    0,
       0,  -25,    0,   -8,  -17,    0,    0,    0,    0,   -6,    0,    0,    0,    0,    0,    0,    0,    0,    0,    0,    0,    0,    0,    0,    0,    0,    0,    0,  -11,    0,    0,    0,    0,    0,    0,    0,    0,    0,    0,    0,    0,    0,    0,    0,    0,    0,    0,    0,    0,    0,    0,   -6,    0,    0,    0,    0,    0,    0,    0,    0,    0,    0,    0,    0,    0,    0,    0,    0,    0,    0,    0,    0,    0,    0,    0,    0,    0,    0,    0,    0,    0,    0,    0,    0,    0,    0,    0,    0,    0,    0,    0,    0,    0,    0,    0,    0,    0,    0,    0,    0,  -13,   -6,    0,    0,    0,    0,  -10,    0,    0,    0,    0,    0,    0,    0,    0,    0,    0,    0,    0,    0,    0,   -6,    0,    0,    0,    0,    0,    0,    0,    0,   -7,    0,    0,    0,    0,    0,    0,    0,    0,    0,    0,    0,    0,    0,    0,    0,    0,
       0,    0,   -6,    7,    0,    0,  -22,  -23,  -16,   12,  -13,    0,    0,    0,    0,    0,    0,    0,    0,    0,    0,    0,    0,    0,    0,    0,    0,    0,    8,    0,    0,    0,    0,    0,    0,    0,    0,    0,    0,    0,    0,    0,    0,    0,    0,    0,    0,    0,    0,    0,    0,    8,  -30,  -15,    0,    0,    0,    0,    0,    0,    0,    0,    0,    0,    0,    0,    0,    0,    0,    0,   13,   -6,    0,    0,  -17,   11,  -23,  -17,    7,    6,    0,   -6,  -10,    8,    6,   11,    0,  -18,    0,  -15,  -17,  -35,  -29,  -11,  -13,  -32,  -21,  -29,  -17,  -30,   -6,   -6,  -26,   -8,  -12,  -17,   -6,  -12,  -25,   15,  -29,  -21,    0,    0,    0,   15,    0,  -11,   -7,  -30,    0,   -6,    0,    0,  -17,  -18,    0,  -19,  -13,    6,   -7,  -13,    0,    0,    0,    0,    0,    0,    0,    0,    0,    0,    0,    0,    0,    0,    0,
       0,    0,    0,    0,    7,  -26,   -7,  -15,    0,  -12,    0,    0,    0,    0,    0,    0,    0,    0,    0,    0,    0,    0,    0,    0,    0,    0,    0,    0,   -5,    0,    0,    0,    0,    0,    0,    0,    0,    0,    0,    0,    0,    0,    0,    0,    0,    0,    0,    0,    0,    0,    0,    0,   -5,    6,    0,    0,    0,    0,    0,    0,    0,    0,    0,    0,    0,    0,    0,    0,    0,    0,    0,    0,    0,    0,    0,    0,    0,    0,    0,    0,    0,    0,    0,    0,    0,    0,    0,    0,    0,    0,    0,   -9,    0,    7,    0,   -9,    0,    0,    0,    0,   11,   11,    0,   10,    6,    0,   11,    6,    0,    0,    0,    0,    0,    0,    0,    0,    0,   10,    0,    0,    0,   11,    0,    0,    8,    0,    0,    0,    0,    0,   10,    0,    0,    0,    0,    0,    0,    0,    0,    0,    0,    0,    0,    0,    0,    0,    0,
       0,  -14,   -4,    0,   -6,    0,    0,    0,    0,   -5,    0,    0,    0,    0,    0,    0,    0,    0,    0,    0,    0,    0,    0,    0,    0,    0,    0,    0,    0,    0,    0,    0,    0,    0,    0,    0,    0,    0,    0,    0,    0,    0,    0,    0,    0,    0,    0,    0,    0,    0,    0,    0,    0,    0,    0,    0,    0,    0,    0,    0,    0,    0,    0,    0,    0,    0,    0,    0,    0,    0,    0,    0,    0,    0,    0,    0,    0,    0,    0,    0,    0,    0,    0,    0,    0,    0,    0,    0,    0,    0,    0,    0,    0,    0,    0,    0,    0,    0,    0,    0,    0,    0,    0,    0,   -6,    0,    0,    0,    0,    0,    0,    0,    0,    0,    0,    0,    0,    0,    0,    0,    0,    0,    0,    0,    0,    0,    0,    0,    0,    0,    0,    0,    0,    0,    0,    0,    0,    0,    0,    0,    0,    0,    0,    0,    0,    0,    0,
       0,  -32,    0,    0,  -22,    0,    0,    0,    0,   -4,    0,    0,    0,    0,    0,    0,    0,    0,    0,    0,    0,    0,    0,    0,    0,    0,    0,    0,    0,    0,    0,    0,    0,    0,    0,    0,    0,    0,    0,    0,    0,    0,    0,    0,    0,    0,    0,    0,    0,    0,    0,    0,    0,    0,    0,    0,    0,    0,    0,    0,    0,    0,    0,    0,    0,    0,    0,    0,    0,    0,    0,    0,    0,    0,    0,    0,    0,    0,    0,    0,    0,    0,    0,    0,    0,    0,    0,    0,    0,    0,    0,    0,    0,    0,    0,    5,    0,    0,    0,    0,  -17,    0,    0,    0,   -5,    0,  -11,    0,    0,    0,    0,    0,    0,    0,    0,    0,    0,    0,    0,    0,    0,   -9,    0,    0,   -5,    0,    0,    0,    0,    0,    0,    0,    0,    0,    0,    0,    0,    0,    0,    0,    0,    0,    0,    0,    0,    0,    0,
      -6,  -19,   -4,    0,   -6,  -11,    6,    0,   -5,  -11,    0,    0,    0,    0,    0,    0,    0,    0,    0,    0,    0,    0,    0,    0,    0,    0,   -7,    0,    0,    0,    0,    0,    0,    0,    0,    0,    0,    0,    0,    0,    0,    0,    0,    0,    0,    0,    0,    0,    0,    0,    0,    0,    0,    0,    0,    0,    0,    0,    0,    0,    0,    0,    0,    0,    0,    0,    0,    0,    0,    0,  -21,    0,   -6,   -5,   -6,  -11,   -5,    0,  -13,   -7,    0,    0,    0,  -12,   -4,   -7,   -6,    0,    0,    0,    0,    0,    0,  -10,   -7,   -7,    0,    0,   -3,    0,    0,    0,    0,   -6,    0,   -5,    0,   -6,    0,   -5,    0,    0,   -5,   -5,    9,   -5,    0,    0,    0,    0,    0,    0,   -5,    0,    0,    0,    0,    0,   -7,   -7,    0,   -7,    0,    0,    0,    0,    0,    0,    0,    0,    0,    0,    0,    0,    0,    0,    0,
       0,  -22,    0,    0,  -10,   -4,    0,    0,   -4,  -10,    0,    0,    0,    0,    0,    0,    0,    0,    0,    0,    0,    0,    0,    0,    0,    0,   -5,    0,    0,    0,    0,    0,    0,    0,    0,    0,    0,    0,    0,    0,    0,    0,    0,    0,    0,    0,    0,    0,    0,    0,    0,    0,    0,    0,    0,    0,    0,    0,    0,    0,    0,    0,    0,    0,    0,    0,    0,    0,    0,    0,    0,    0,    0,    0,    0,    0,    0,    0,    0,    0,    0,    0,    0,    0,    0,    0,    0,    0,    0,    0,    0,    0,    0,   -5,    0,    0,    0,    0,    0,    0,  -11,    0,    0,   -5,    0,    0,  -11,    0,    0,    0,    0,    0,    0,    0,    0,    0,    0,    0,    0,    0,    0,   -5,    0,    0,    0,    0,    0,    0,    0,    0,    0,    0,    0,    0,    0,    0,    0,    0,    0,    0,    0,    0,    0,    0,    0,    0,    0,
       0,    0,  -14,    6,    0,  -22,  -16,  -27,  -13,    8,  -19,    0,    0,    0,    0,    0,    0,    0,    0,    0,    0,    0,    0,    0,    0,    0,    0,    0,   -9,    0,    0,    0,    0,    0,    0,    0,    0,    0,    0,    0,    0,    0,    0,    0,    0,    0,    0,    0,    0,    0,   -7,    0,  -25,  -11,    0,    0,    0,    0,    0,    0,    0,    0,    0,    0,    0,    0,    0,    0,    0,    0,   10,  -14,    0,    0,    0,    0,  -26,    0,    0,    0,   -3,  -14,    0,    7,    0,    0,    0,  -14,   -9,  -11,  -12,  -25,  -16,   -6,   -8,  -25,  -16,  -16,  -13,  -16,    0,    0,  -23,   -5,   -7,  -12,    0,   -7,  -18,   11,  -22,  -14,    0,    0,    0,   11,    0,   -4,    0,  -22,   12,    0,    0,    0,   -9,  -14,    0,  -14,   -8,    0,    0,   -8,    0,    0,    0,    0,    0,    0,    0,    0,    0,    0,    0,    0,    4,    6,  -26,
       0,    0,    0,   -4,    3,  -12,    0,  -11,    0,  -13,    0,    0,    0,    0,    0,    0,    0,    0,    0,    0,    0,    0,    0,    0,    0,    0,    0,    0,   -9,    0,    0,    0,    0,    0,    0,    0,    0,    0,    0,    0,    0,    0,    0,    0,    0,    0,    0,    0,    0,    0,    0,   -4,    0,    0,    0,    0,    0,    0,    0,    0,    0,    0,    0,    0,    0,    0,    0,    0,    0,    0,    0,    0,    0,    0,    0,    0,    0,    0,    0,    0,    0,    0,    0,    0,    0,    0,    0,    0,    0,    0,    0,   -9,   -5,    0,    0,  -12,    0,   -5,    0,   -5,    7,    6,    0,    5,    0,    0,    7,    0,    0,    0,    0,    0,    0,    0,    0,    0,    0,    6,    0,    0,    0,    6,    0,    0,    0,    0,    0,    0,    0,    0,    7,    0,    0,    0,    0,    0,    0,    0,    0,    0,    0,    0,    0,    0,    0,    4,  -12,
      -4,  -29,   -5,   -6,   -9,    0,    0,    0,    0,   -9,    0,    0,    0,    0,    0,    0,    0,    0,    0,    0,    0,    0,    0,    0,    0,    0,   -6,    0,  -16,    0,    0,    0,    0,    0,    0,    0,    0,    0,    0,    0,    0,    0,    0,    0,    0,    0,    0,    0,    0,    0,    0,  -11,    0,    0,    0,    0,    0,    0,    0,    0,    0,    0,    0,    0,    0,    0,    0,    0,    0,    0,  -27,    0,    0,    0,    0,    0,    0,    0,    0,    0,    0,    0,    0,    0,   -7,    0,    0,    0,    0,    0,    0,    0,    0,    0,    0,    0,    0,    0,    0,    0,    0,    0,    0,    0,    0,    0,    0,    0,    0,    0,    0,    0,    0,    0,    0,    0,    0,    0,    0,    0,    0,    0,    0,   -4,    0,    0,    0,    0,    0,    0,    0,    0,    0,    0,    0,    0,    0,    0,    0,    0,    0,    0,    0,    0,    0,    0,    0,
       0,  -19,   -6,   -8,   -8,    0,    0,    0,    0,  -10,   -4,    0,    0,    0,    0,    0,    0,    0,    0,    0,    0,    0,    0,    0,    0,    0,   -5,    0,  -15,    0,    0,    0,    0,    0,    0,    0,    0,    0,    0,    0,    0,    0,    0,    0,    0,    0,    0,    0,    0,    0,    0,  -12,    0,    0,    0,    0,    0,    0,    0,    0,    0,    0,    0,    0,    0,    0,    0,    0,    0,    0,    0,    0,    0,    0,    0,    0,    0,    0,    0,    0,    0,    0,    0,    0,    0,    0,    0,    0,   -4,    0,    0,    0,    0,    0,    0,    0,    0,    0,    0,    0,    0,    0,    0,    0,    0,    0,    0,    0,    0,   -4,    0,    0,    0,    0,    0,    0,    0,    0,    0,    0,    0,    0,    0,    0,    0,    0,    0,    0,    0,    0,    0,    0,    0,    0,    0,    0,    0,    0,    0,    0,    0,    0,    0,    0,    0,    0,    0,
       0,   -6,   -4,  -11,    0,   -6,    0,   -7,    0,   -6,    0,    0,    0,    0,    0,    0,    0,    0,    0,    0,    0,    0,    0,    0,    0,    0,   -6,    0,  -15,    0,    0,    0,    0,    0,    0,    0,    0,    0,    0,    0,    0,    0,    0,    0,    0,    0,    0,    0,    0,    0,    0,  -10,    0,    0,    0,    0,    0,    0,    0,    0,    0,    0,    0,    0,    0,    0,    0,    0,    0,    0,    0,    0,    0,    0,    0,   -7,    0,    0,   -4,   -4,    0,    0,    0,   -4,    0,   -3,    0,   -6,    0,    0,    0,    0,    0,    0,    0,    0,   -4,    0,    0,    0,    0,    0,    0,    0,    0,    0,    0,    0,    0,    0,    0,    0,   -5,   -5,   -5,    0,    0,    0,    0,    0,    0,    0,    0,    0,    0,   -6,    0,   -5,    0,   -3,    0,    0,    0,    0,    0,    0,    0,    0,    0,    0,    0,    0,    0,    0,    0,    0,    0,
       0,  -15,    0,  -10,   -6,   -4,    5,   -4,   -4,  -11,    0,    0,    0,    0,    0,    0,    0,    0,    0,    0,    0,    0,    0,    0,    0,    0,   -4,    0,  -13,    0,    0,    0,    0,    0,    0,    0,    0,    0,    0,    0,    0,    0,    0,    0,    0,    0,    0,    0,    0,    0,    0,   -9,    0,    0,    0,    0,    0,    0,    0,    0,    0,    0,    0,    0,    0,    0,    0,    0,    0,    0,    0,    0,    0,    0,    0,    0,    0,    0,    0,    0,    0,    0,    0,    0,    0,    0,    0,    0,    0,    0,    0,    0,    0,    0,   -4,    0,    0,    0,    0,    0,    0,    0,    0,    0,    0,    0,    0,    0,    0,    0,    0,    0,    0,    0,    0,    0,    0,    0,    0,    0,    0,    0,    0,    0,    0,    0,    0,    0,   -4,    0,    0,   -4,    0,    0,    0,    0,    0,    0,    0,    0,    0,    0,    0,    0,    0,    0,    0,
       0,    0,   -4,    0,    0,    0,    0,    0,    0,   -4,    0,    0,    0,    0,    0,    0,    0,    0,    0,    0,    0,    0,    0,    0,    0,    0,    0,    0,    0,    0,    0,    0,    0,    0,    0,    0,    0,    0,    0,    0,    0,    0,    0,    0,    0,    0,    0,    0,    0,    0,   -6,    0,   -5,    0,    0,    0,    0,    0,    0,    0,    0,    0,    0,    0,    0,    0,    0,    0,    0,    0,    0,    0,    0,    0,    0,    0,    0,    0,    0,    0,    0,    0,    0,    0,    0,    0,    0,    0,    0,    0,    0,    0,    0,    0,    0,    0,    0,    0,    0,    0,    0,    0,    0,    0,    0,    0,    0,    0,    0,    0,    0,    0,    0,    0,    0,    0,    0,    0,    0,    0,    0,    0,    0,    0,    0,    0,    0,    0,    0,    0,    0,    0,    0,    0,    0,    0,    0,    0,    0,    0,    0,    0,    0,    0,    0,    0,    0,
       0,   -8,   -4,    0,    0,    0,    0,    0,    0,   -8,    0,    0,    0,    0,    0,    0,    0,    0,    0,    0,    0,    0,    0,    0,    0,    0,    0,    0,    0,    0,    0,    0,    0,    0,    0,    0,    0,    0,    0,    0,    0,    0,    0,    0,    0,    0,    0,    0,    0,    0,    0,    0,    0,    0,    0,    0,    0,    0,    0,    0,    0,    0,    0,    0,    0,    0,    0,    0,    0,    0,    0,    0,    0,    0,    0,    0,    0,    0,    0,    0,    0,    0,    0,    0,    0,    0,    0,    0,    0,    0,    0,    0,    0,    0,    0,    0,    0,    0,    0,    0,    0,    0,   -4,    0,    0,    0,    0,    0,    0,    0,    0,    0,    0,    0,    0,    0,    0,    0,    0,   -4,    0,    0,    0,    0,    0,    0,    0,    0,    0,    0,    0,    0,    0,    0,    0,    0,    0,    0,    0,    0,    0,    0,    0,    0,    0,    0,    0,
       0,  -14,    0,  -10,   -6,   -5,    5,   -4,   -4,  -10,    0,    0,    0,    0,    0,    0,    0,    0,    0,    0,    0,    0,    0,    0,    0,    0,   -4,    0,  -13,    0,    0,    0,    0,    0,    0,    0,    0,    0,    0,    0,    0,    0,    0,    0,    0,    0,    0,    0,    0,    0,    0,   -9,    0,    0,    0,    0,    0,    0,    0,    0,    0,    0,    0,    0,    0,    0,    0,    0,    0,    0,    0,    0,    0,    0,    0,    0,    0,    0,    0,    0,    0,    0,    0,    0,    0,    0,    0,    0,    0,    0,    0,    0,    0,    0,   -4,    0,    0,    0,    0,    0,    0,    0,    0,    0,    0,    0,    0,    0,    0,    0,    0,    0,    0,    0,    0,    0,    0,    0,    0,    0,    0,    0,    0,    0,    0,    0,    0,    0,   -4,    0,    0,   -4,    0,    0,    0,    0,    0,    0,    0,    0,    0,    0,    0,    0,    0,    0,    0,
      -5,   -8,   -4,   -9,    0,  -11,    5,  -14,    0,  -11,   -4,    0,    0,    0,    0,    0,    0,    0,    0,    0,    0,    0,    0,    0,    0,    0,   -3,    0,  -14,    0,    0,    0,    0,    0,    0,    0,    0,    0,    0,    0,    0,    0,    0,    0,    0,    0,    0,    0,    0,    0,    0,  -10,    0,    0,    0,    0,    0,    0,    0,    0,    0,    0,    0,    0,    0,    0,    0,    0,    0,    0,   -9,    0,    0,    0,    0,    0,   -6,    0,    0,    0,    0,    0,    0,   -8,    0,    0,    0,   -4,    0,    0,    0,   -7,    0,    0,   -4,   -8,    0,    0,    0,    0,    0,    0,    0,    0,    0,    0,    0,    0,    0,    0,    0,    0,   -4,   -4,   -4,    0,    0,    0,    0,    0,  -14,    0,    0,    0,    0,    0,    0,    0,   -4,    0,    0,   -4,    0,    0,    0,    0,    0,    0,    0,    0,    0,    0,    0,    0,   -5,   -3,  -10,
       0,  -11,    0,   -9,   -7,   -6,    6,   -8,   -5,  -10,    0,    0,    0,    0,    0,    0,    0,    0,    0,    0,    0,    0,    0,    0,    0,    0,    0,    0,  -10,    0,    0,    0,    0,    0,    0,    0,    0,    0,    0,    0,    0,    0,    0,    0,    0,    0,    0,    0,    0,    0,    0,   -7,    0,    0,    0,    0,    0,    0,    0,    0,    0,    0,    0,    0,    0,    0,    0,    0,    0,    0,    0,    0,    0,    0,    0,    0,    0,    0,    0,    0,    0,    0,    0,    0,    0,    0,    0,    0,    0,    0,    0,    0,    0,   -7,   -6,    0,    0,    0,    0,    0,    0,   -5,    0,   -6,    0,    0,    0,   -4,    0,    0,    0,    0,    0,    0,    0,    0,    0,    0,    0,    0,    0,   -5,    0,    0,    0,    0,    0,    0,   -6,    0,    0,   -6,    0,    0,    0,    0,    0,    0,    0,    0,    0,    0,    0,    0,   -7,   -9,    0,
       0,    0,   -4,    0,   -6,   -4,    0,   -5,   -4,    0,    0,    0,    0,    0,    0,    0,    0,    0,    0,    0,    0,    0,    0,    0,    0,    0,   -5,    0,  -14,    0,    0,    0,    0,    0,    0,    0,    0,    0,    0,    0,    0,    0,    0,    0,    0,    0,    0,    0,    0,    0,    0,   -5,    0,    0,    0,    0,    0,    0,    0,    0,    0,    0,    0,    0,    0,    0,    0,    0,    0,    0,    0,    0,    0,    0,    0,    0,    0,    0,    0,    0,    0,    0,   -4,    0,    0,    0,   -6,    0,    0,    0,    0,    0,    0,   -5,    0,    0,    0,    0,    0,    0,  -11,   -7,    0,   -4,    0,    0,  -11,    0,   -4,    0,    0,    0,   -4,   -4,   -4,    0,   -9,   -4,    0,    0,    0,   -7,    0,   -8,    0,    0,    0,    0,    0,    0,  -10,    0,    0,    0,    0,    0,    0,    0,    0,    0,    0,    0,    0,    0,    0,    0,    0,
       0,   -7,   -6,    0,    0,    0,    0,    0,    0,   -5,   -4,    0,    0,    0,    0,    0,    0,    0,    0,    0,    0,    0,    0,    0,    0,    0,    0,    0,    0,    0,    0,    0,    0,    0,    0,    0,    0,    0,    0,    0,    0,    0,    0,    0,    0,    0,    0,    0,    0,    0,   -7,    0,   -8,    0,    0,    0,    0,    0,    0,    0,    0,    0,    0,    0,    0,    0,    0,    0,    0,    0,    0,    0,    0,    0,    0,    0,    0,    0,    0,    0,    0,    0,    0,    0,    0,    0,    0,    0,    0,    0,    0,    0,    0,    0,    0,    0,    0,   -4,    0,    0,    0,    0,   -4,    0,    0,    0,    0,    0,    0,    0,    0,    0,    0,    0,    0,    0,    0,    0,    0,   -4,    0,    0,    0,    0,    0,    0,    0,    0,    0,    0,    0,    0,    0,    0,    0,    0,    0,    0,    0,    0,    0,    0,    0,    0,    0,    0,    0,
       0,    0,    0,    0,    0,    0,    0,    0,    0,    0,    0,    0,    0,    0,    0,    0,    0,    0,    0,    0,    0,    0,    0,    0,    0,    0,    0,    0,    0,    0,    0,    0,    0,    0,    0,    0,    0,    0,    0,    0,    0,    0,    0,    0,    0,    0,    0,    0,    0,    0,    0,    0,    0,    0,    0,    0,    0,    0,    0,    0,    0,    0,    0,    0,    0,    0,    0,    0,    0,    0,    0,    0,    0,    0,    0,    0,    0,    0,    0,    0,    0,    0,    0,    0,    0,    0,    0,    0,    0,    0,    0,    0,    0,    0,    0,    0,    0,    0,    0,    0,    0,    0,    0,    0,    0,    0,    0,    0,    0,    0,    0,    0,    0,    0,    0,    0,    0,    0,    0,    0,    0,    0,    0,    0,    0,    0,    0,    0,    0,    0,    0,    0,   -4,   -3,  -13,  -10,   -5,   -7,   -2,   -6,    0,    0,    0,    0,    0,    0,    0,
       0,    0,    0,    0,    0,    0,    0,    0,    0,    0,    0,    0,    0,    0,    0,    0,    0,    0,    0,    0,    0,    0,    0,    0,    0,    0,    0,    0,    0,    0,    0,    0,    0,    0,    0,    0,    0,    0,    0,    0,    0,    0,    0,    0,    0,    0,    0,    0,    0,    0,    0,    0,    0,    0,    0,    0,    0,    0,    0,    0,    0,    0,    0,    0,    0,    0,    0,    0,    0,    0,    0,    0,    0,    0,    0,    0,    0,    0,    0,    0,    0,    0,    0,    0,    0,    0,    0,    0,    0,    0,    0,    0,    0,    0,    0,    0,    0,    0,    0,    0,    0,    0,    0,    0,    0,    0,    0,    0,    0,    0,    0,    0,    0,    0,    0,    0,    0,    0,    0,    0,    0,    0,    0,    0,    0,    0,    0,    0,    0,    0,    0,    0,    0,    0,    0,    0,    0,    0,    0,    0,    0,    0,   -7,    0,    0,    0,    0,
       0,    0,    0,    0,    0,    0,    0,    0,    0,    0,    0,    0,    0,    0,    0,    0,    0,    0,    0,    0,    0,    0,    0,    0,    0,    0,    0,    0,    0,    0,    0,    0,    0,    0,    0,    0,    0,    0,    0,    0,    0,    0,    0,    0,    0,    0,    0,    0,    0,    0,    0,    0,    0,    0,    0,    0,    0,    0,    0,    0,    0,    0,    0,    0,    0,    0,    0,    0,    0,    0,    0,    0,    0,    0,    0,    0,    0,    0,    0,    0,    0,    0,    0,    0,    0,    0,    0,    0,    0,    0,    0,    0,    0,    0,    0,    0,    0,    0,    0,    0,    0,    0,    0,    0,    0,    0,    0,    0,    0,    0,    0,    0,    0,    0,    0,    0,    0,    0,    0,    0,    0,    0,    0,    0,    0,    0,    0,    0,    0,    0,    0,    0,    0,    0,    0,    0,    0,    0,    0,    0,   -7,    0,    0,   -3,    0,    0,    0,
       0,    0,    0,    0,    0,    0,    0,    0,    0,    0,    0,    0,    0,    0,    0,    0,    0,    0,    0,    0,    0,    0,    0,    0,    0,    0,    0,    0,    0,    0,    0,    0,    0,    0,    0,    0,    0,    0,    0,    0,    0,    0,    0,    0,    0,    0,    0,    0,    0,    0,    0,    0,    0,    0,    0,    0,    0,    0,    0,    0,    0,    0,    0,    0,    0,    0,    0,    0,    0,    0,    0,    0,    0,    0,    0,    0,    0,    0,    0,    0,    0,    0,    0,    0,    0,    0,    0,    0,    0,    0,    0,    0,    0,    0,    0,    0,    0,    0,    0,    0,    0,    0,    0,    0,    0,    0,    0,    0,    0,    0,    0,    0,    0,    0,    0,    0,    0,    0,    0,    0,    0,    0,    0,    0,    0,    0,    0,    0,    0,    0,    0,    0,    0,    0,    0,    0,    0,    0,    0,    0,   -3,   -3,    3,   -3,    0,    0,    0,
       0,    0,    0,    0,    0,    0,    0,    0,    0,    0,    0,  -25,   -7,   -7,  -38,    0,   -7,   -7,    0,    0,    0,    6,    6,    0,    4,    0,    0,    0,    0,    0,    0,    0,    0,    0,    0,    0,    0,    0,    0,    0,    0,    0,    0,    0,    0,    0,    0,    0,    0,    0,    0,    0,    0,    0,  -44,    0,    0,    0,    0,    0,    0,    0,    0,    0,    0,    0,    0,    0,    0,    0,    0,   -7,    0,    0,    0,    0,  -25,    0,    0,    0,    0,   -7,   -7,    0,    0,    0,    0,    0,    0,    0,    0,    0,    0,    0,    0,    0,    0,    0,    0,    0,    0,    0,    0,    0,    0,    0,    0,    0,    0,    0,    0,    0,    0,    0,    0,    0,    0,    0,    0,    0,    4,    0,    0,    0,    0,    0,    0,    0,    0,    0,    0,    0,    0,    0,    0,    0,    0,    0,    0,    0,    0,    0,    0,    0,    0,    0,    0,
       0,    0,    0,    0,    0,    0,    0,    0,    0,    0,    0,    9,   -8,   -8,    9,    0,   -9,  -10,    5,  -22,   -6,  -25,  -11,    4,  -26,    7,    0,    0,    0,    0,    0,    0,    0,    0,    0,    0,    0,    0,    0,    0,    0,    0,    0,    0,    0,    0,    0,    0,    0,    0,    0,    0,    0,    0,    7,    0,    0,    0,    0,    0,    0,    0,    0,    0,    0,    0,    0,    0,    0,    0,  -22,   -8,    0,    0,    0,    0,    9,    0,    0,    0,    0,   -9,   -9,    4,    0,    0,    0,    0,    0,    0,    0,    0,    0,    0,    0,    0,    0,    0,    0,    0,    0,    0,    0,    0,    0,    0,    0,    0,    0,    0,    0,    0,    0,    0,    0,    0,    0,    0,    0,    0,  -26,    0,    0,    0,    0,    0,    0,    0,    0,    0,    0,    0,    0,    0,    0,    0,    0,    0,    0,    0,    0,    0,    0,    0,    0,    0,    0,
};

static const EpdLigaturePair ubuntu_10_regularLigaturePairs[] = {
    { 0x00660066, 0xFB00 }, // f f -> U+FB00
    { 0x00660069, 0xFB01 }, // f i -> U+FB01
    { 0x0066006C, 0xFB02 }, // f l -> U+FB02
    { 0xFB000069, 0xFB03 }, // U+FB00 i -> U+FB03
    { 0xFB00006C, 0xFB04 }, // U+FB00 l -> U+FB04
};

static const EpdFontData ubuntu_10_regular = {
    ubuntu_10_regularBitmaps,
    ubuntu_10_regularGlyphs,
    ubuntu_10_regularIntervals,
    52,
    24,
    20,
    -4,
    true,
    ubuntu_10_regularGroups,
    13,
    nullptr,
    ubuntu_10_regularKernLeftClasses,
    ubuntu_10_regularKernRightClasses,
    ubuntu_10_regularKernMatrix,
    427,
    513,
    136,
    147,
    ubuntu_10_regularLigaturePairs,
    5,
};
