/**
 * generated by fontconvert.py
 * name: ubuntu_10_bold
 * size: 10
 * mode: 2-bit  compressed: true
 * Command used: fontconvert.py ubuntu_10_bold 10 ../builtinFonts/source/Ubuntu/Ubuntu-Bold.ttf ../builtinFonts/source/NotoSansThai/NotoSansThai-Bold.ttf --additional-intervals 0x0E01,0x0E5B --2bit --compress
 */
#pragma once
#include "EpdFontData.h"

static const uint8_t ubuntu_10_boldBitmaps[15378] = {
    0x9D, 0x57, 0xBD, 0x8E, 0xDD, 0xC6, 0x15, 0x3E, 0x24, 0x1D, 0x4D, 0x02, 0x16, 0x4C, 0xE1, 0x62,
    0x8D, 0x0D, 0xC2, 0x46, 0x85, 0x2B, 0x4F, 0x1D, 0x20, 0xAB, 0xA1, 0xA4, 0x22, 0x30, 0x52, 0xE4,
    0x15, 0x5C, 0xA4, 0x4C, 0xAC, 0x17, 0xD0, 0xDE, 0x61, 0xBC, 0x0F, 0x10, 0x3D, 0x48, 0xDA, 0x00,
    0x2E, 0x76, 0xC9, 0x91, 0x54, 0x6C, 0xE1, 0xC2, 0x74, 0x5C, 0xB8, 0x70, 0x11, 0x02, 0x11, 0x10,
    0x03, 0x02, 0xA2, 0x49, 0x30, 0x05, 0x15, 0x0D, 0x79, 0xF2, 0x9D, 0xB9, 0xBC, 0x77, 0x7F, 0x74,
    0x23, 0x21, 0xB9, 0x73, 0x86, 0x97, 0x73, 0xE6, 0xFF, 0x9C, 0xEF, 0xFC, 0xB0, 0xEB, 0xD2, 0x6F,
    0x73, 0x7A, 0x42, 0xA7, 0xCC, 0xA7, 0x71, 0xB3, 0x2D, 0xE7, 0x27, 0x5F, 0x9E, 0x64, 0xE1, 0x1E,
    0x65, 0xFE, 0x94, 0x72, 0x7F, 0x4E, 0x05, 0x2A, 0x33, 0xB7, 0x52, 0xD5, 0x37, 0x81, 0xCA, 0xA7,
    0x81, 0xAA, 0x67, 0x7E, 0xCF, 0xAB, 0x1F, 0x8E, 0xA4, 0xD5, 0x40, 0xBA, 0x74, 0x64, 0x2A, 0x47,
    0x74, 0x2A, 0x94, 0xF3, 0x58, 0x71, 0xD0, 0xEC, 0x4D, 0xFB, 0x99, 0x69, 0x49, 0x4F, 0x54, 0xB1,
    0xCB, 0xD8, 0xD3, 0xF1, 0x44, 0x59, 0xFC, 0x28, 0x8F, 0x86, 0x27, 0xC3, 0xFE, 0x98, 0xDB, 0xED,
    0x78, 0x50, 0x19, 0x28, 0x92, 0x9E, 0xF3, 0x40, 0xF7, 0x74, 0xE1, 0xE9, 0x97, 0x75, 0x39, 0xE0,
    0x51, 0xB5, 0x68, 0x6A, 0x42, 0xC7, 0x86, 0x30, 0x24, 0xDA, 0x96, 0xB2, 0x09, 0xEB, 0x14, 0xFF,
    0xFA, 0x67, 0x20, 0xF5, 0xED, 0x88, 0x85, 0x9F, 0xE3, 0xA1, 0x1F, 0xA0, 0x69, 0x08, 0x1D, 0xE7,
    0x84, 0x21, 0x7D, 0x4B, 0x05, 0x8F, 0x54, 0xA2, 0x5D, 0x3E, 0x93, 0x33, 0x63, 0xC2, 0x9B, 0x11,
    0xA7, 0x72, 0xE0, 0x29, 0xA7, 0x5F, 0x5D, 0x3A, 0x53, 0xBE, 0x71, 0xF7, 0x72, 0x6E, 0x4D, 0xC3,
    0x8D, 0x91, 0x7B, 0x30, 0x8F, 0x39, 0x9F, 0x85, 0x88, 0xDF, 0xF9, 0x97, 0xE4, 0x0A, 0x5F, 0x8E,
    0x95, 0xD3, 0xE8, 0x37, 0x64, 0x69, 0xB3, 0x16, 0x8B, 0x4D, 0x4C, 0xA3, 0xDB, 0xCA, 0x95, 0x23,
    0x0E, 0xE9, 0x8E, 0xE8, 0x02, 0x1C, 0x69, 0x57, 0x43, 0x39, 0x2A, 0x5F, 0xAC, 0x45, 0xC9, 0xEC,
    0x21, 0xCD, 0xC7, 0x88, 0x23, 0xA2, 0x89, 0x28, 0xD0, 0xD1, 0x9F, 0x9D, 0xE1, 0x41, 0xF3, 0x13,
    0xB5, 0x50, 0xF5, 0xD7, 0x36, 0xFF, 0x94, 0xB2, 0x70, 0x45, 0xCC, 0x7E, 0x4B, 0xD7, 0x99, 0xD8,
    0x5E, 0x0A, 0xB6, 0xFE, 0x1D, 0xD9, 0x49, 0xCA, 0x27, 0x64, 0x1B, 0xDB, 0x7C, 0x42, 0x94, 0x4F,
    0x50, 0x0E, 0x29, 0x5C, 0x71, 0x20, 0x08, 0xBE, 0x86, 0xFC, 0x1B, 0x1C, 0x06, 0x43, 0x69, 0x26,
    0xC8, 0x52, 0xFA, 0x83, 0x0C, 0x29, 0x47, 0xAA, 0x06, 0xE9, 0xD7, 0xAD, 0xF4, 0x5B, 0xA2, 0x6C,
    0x69, 0x14, 0x0F, 0x15, 0x7B, 0xFD, 0x7C, 0x32, 0xF7, 0xA3, 0x21, 0x21, 0x4B, 0xEB, 0x0B, 0x38,
    0xE0, 0xA3, 0x17, 0x63, 0x30, 0x92, 0x4E, 0x68, 0x56, 0xB3, 0x9E, 0xED, 0xFC, 0x8B, 0x0B, 0x7A,
    0xAB, 0xE4, 0x4B, 0xA3, 0x79, 0x84, 0x2E, 0x7F, 0xAE, 0xC2, 0xD5, 0x7E, 0xDA, 0x51, 0x4F, 0x79,
    0xA4, 0xD2, 0xCB, 0xD1, 0x34, 0x43, 0xDF, 0x42, 0xB8, 0xB7, 0x61, 0x07, 0x58, 0x1C, 0xA1, 0x43,
    0x46, 0x0E, 0x05, 0xB7, 0xA2, 0x29, 0xDC, 0x02, 0xC7, 0xCD, 0xA7, 0xBB, 0x2A, 0x60, 0x29, 0xCB,
    0xC3, 0xF1, 0x42, 0x32, 0x59, 0x7B, 0xB2, 0xC0, 0x9A, 0x2F, 0xDE, 0x78, 0xF5, 0x77, 0x5F, 0x5D,
    0x7A, 0xAD, 0xFC, 0x3D, 0xE5, 0x7B, 0x9E, 0xB7, 0x24, 0x13, 0x13, 0xE1, 0xB4, 0x2B, 0x39, 0xD9,
    0xB1, 0x7A, 0x2D, 0x80, 0xAB, 0x05, 0x70, 0x61, 0xBB, 0xF2, 0x87, 0x69, 0x65, 0xB3, 0x5D, 0xF9,
    0x8E, 0xA7, 0xDE, 0x17, 0xEC, 0xCB, 0xD7, 0x49, 0x2C, 0x40, 0x81, 0x74, 0x4D, 0x26, 0xDF, 0x49,
    0xE0, 0x59, 0xAC, 0x39, 0x94, 0x3C, 0x66, 0x02, 0x8E, 0xF5, 0xF0, 0x3B, 0x51, 0xEE, 0xE4, 0xD8,
    0xAD, 0x72, 0xCE, 0xA6, 0x2B, 0x51, 0x63, 0x3C, 0x66, 0x61, 0xAE, 0xFE, 0x62, 0x32, 0xD9, 0xA4,
    0xBF, 0x08, 0xF5, 0x4B, 0x88, 0xD1, 0x89, 0xA8, 0x1F, 0xAC, 0xB2, 0xC5, 0x52, 0x68, 0x02, 0x7A,
    0x10, 0x5D, 0x25, 0x70, 0xF0, 0xE6, 0xE1, 0x64, 0x33, 0x91, 0xBF, 0x4D, 0xBD, 0x35, 0xC7, 0x9C,
    0xD3, 0x8A, 0x8F, 0x7C, 0x8D, 0xB9, 0x00, 0xCB, 0x48, 0x7B, 0xB5, 0xA7, 0xDF, 0xAE, 0x75, 0x93,
    0x4B, 0x37, 0xE0, 0x42, 0x19, 0x4E, 0x3A, 0x2A, 0x86, 0xB4, 0x1A, 0x88, 0x98, 0x89, 0xF0, 0xC4,
    0x3B, 0x38, 0xE0, 0xA3, 0x77, 0x0F, 0xB8, 0xED, 0xDC, 0x7D, 0xF3, 0xB7, 0x24, 0x06, 0xC4, 0x90,
    0x0D, 0xF4, 0xDF, 0x43, 0x83, 0x22, 0x2D, 0xBC, 0x83, 0x03, 0x3E, 0x7A, 0x61, 0xC4, 0x96, 0x45,
    0x93, 0x77, 0xB5, 0x5B, 0x71, 0xD5, 0x53, 0x36, 0xAF, 0x32, 0x50, 0xA3, 0xAC, 0x56, 0x0C, 0xA2,
    0x3F, 0x51, 0xF3, 0x00, 0x4D, 0xF2, 0x13, 0x59, 0x3F, 0x92, 0x9A, 0xB2, 0xBE, 0x49, 0x2A, 0x32,
    0x30, 0xB6, 0xF1, 0xB4, 0xE2, 0x6F, 0xFC, 0xB9, 0xF9, 0xD5, 0x10, 0xA6, 0x8D, 0xC2, 0xE3, 0x62,
    0xFF, 0xD8, 0xA8, 0xD4, 0xF1, 0x97, 0xF1, 0x31, 0x0C, 0xD3, 0x99, 0x3B, 0xF3, 0x42, 0x75, 0x8B,
    0x65, 0xA1, 0xB1, 0x06, 0x52, 0x66, 0x2C, 0x7A, 0x2C, 0x8B, 0x02, 0xD8, 0x02, 0x12, 0x32, 0xA8,
    0x3D, 0x8C, 0x6C, 0x86, 0x3E, 0xE2, 0x4C, 0x79, 0xB0, 0x38, 0x8A, 0xC1, 0x59, 0x60, 0x9B, 0x2C,
    0xF2, 0x17, 0x41, 0x03, 0xA7, 0x8D, 0xF2, 0xE8, 0x09, 0x02, 0x4E, 0xD8, 0x21, 0xAE, 0x21, 0x57,
    0x89, 0xB0, 0x89, 0x79, 0x5B, 0x53, 0x3B, 0xA0, 0x4A, 0x9B, 0x51, 0xD7, 0x92, 0xE1, 0x9D, 0x97,
    0xD4, 0x2F, 0xF3, 0x60, 0x8B, 0xA4, 0x98, 0x21, 0x21, 0x20, 0x7A, 0x38, 0x82, 0x16, 0xB0, 0x3D,
    0x8E, 0x07, 0x6C, 0x09, 0x28, 0xD2, 0x3F, 0x04, 0x4E, 0x3D, 0xF8, 0x66, 0xF8, 0x11, 0xE6, 0x2C,
    0x10, 0x02, 0xA7, 0x33, 0x02, 0x6E, 0xEB, 0x3E, 0x2C, 0xEB, 0xB6, 0xF0, 0x29, 0xCE, 0x42, 0x8C,
    0x16, 0x97, 0xB9, 0xAA, 0xD2, 0x06, 0x1F, 0x80, 0xBA, 0xDA, 0x37, 0xCD, 0x5B, 0x29, 0xD9, 0xB1,
    0x90, 0x98, 0x4B, 0xA2, 0x2B, 0x4E, 0xDC, 0x51, 0x58, 0xE9, 0xAA, 0x6B, 0x5C, 0x69, 0xCF, 0xD9,
    0xD1, 0xCD, 0x1B, 0xFD, 0xE4, 0xD6, 0x8D, 0x4C, 0x03, 0x6E, 0xD3, 0xA3, 0x5A, 0xC1, 0xD7, 0x60,
    0x1A, 0xA8, 0x05, 0x48, 0xE2, 0x86, 0xFA, 0x7F, 0x63, 0xBA, 0x6E, 0x0F, 0x56, 0xF8, 0xD5, 0x7D,
    0xFD, 0x6F, 0x63, 0x6E, 0xFE, 0xC4, 0xC2, 0xDE, 0x41, 0xD5, 0x78, 0xB7, 0x1E, 0x2C, 0x3B, 0xC0,
    0xB8, 0x7E, 0x2D, 0x7A, 0x69, 0x6C, 0x06, 0xE9, 0x14, 0x90, 0x26, 0x6C, 0xC4, 0x22, 0xD4, 0x58,
    0x1C, 0xD8, 0x46, 0x54, 0xA8, 0xC1, 0xE2, 0x12, 0x16, 0x10, 0xB5, 0x40, 0xB0, 0x55, 0x18, 0x93,
    0xEF, 0xB4, 0x2A, 0x12, 0xA7, 0xF7, 0xD3, 0x4E, 0x80, 0x58, 0x03, 0x32, 0x80, 0x33, 0x24, 0x33,
    0x16, 0x78, 0xC0, 0x77, 0x90, 0x99, 0x4A, 0x3C, 0x62, 0x05, 0xA1, 0x9C, 0xD6, 0x88, 0x11, 0xC6,
    0xC0, 0xEC, 0xF4, 0x05, 0x1E, 0x55, 0x34, 0x4D, 0x57, 0x4D, 0x78, 0x28, 0xAF, 0x9B, 0xAE, 0x90,
    0x07, 0x50, 0xDA, 0x5C, 0x50, 0xBA, 0x73, 0xE5, 0x2C, 0xE2, 0x85, 0x45, 0x74, 0xB0, 0xF0, 0x56,
    0x36, 0xA2, 0x76, 0xA8, 0xE6, 0x37, 0xCE, 0x56, 0x5F, 0x3B, 0x5B, 0xBE, 0x72, 0xB6, 0x60, 0x9C,
    0x4F, 0x6A, 0xEF, 0xAE, 0xA1, 0x03, 0x17, 0x79, 0xB1, 0xEA, 0x08, 0x26, 0x31, 0xE8, 0xD1, 0x36,
    0xA5, 0xEF, 0x81, 0xE6, 0x05, 0x15, 0xD6, 0x37, 0x2D, 0x09, 0xD9, 0x45, 0x10, 0xBE, 0xF4, 0xCB,
    0x38, 0x95, 0x50, 0xF7, 0x42, 0xD0, 0x93, 0xEE, 0x12, 0x21, 0x30, 0x4B, 0x9D, 0x10, 0x5E, 0x56,
    0x90, 0xB4, 0x6F, 0x81, 0xE1, 0xFF, 0xDD, 0x28, 0x48, 0x94, 0x86, 0xF5, 0x8B, 0x81, 0x3E, 0x72,
    0x1A, 0xD1, 0x63, 0x6B, 0x4E, 0x71, 0x15, 0xFE, 0xB2, 0xAD, 0xF9, 0xB2, 0xE5, 0xA5, 0xBE, 0xEB,
    0x0A, 0x8A, 0x3B, 0xB3, 0x6B, 0x32, 0x09, 0x50, 0xD3, 0x9A, 0x42, 0x20, 0xB0, 0x21, 0xC8, 0x2D,
    0x8D, 0xC4, 0x8A, 0x47, 0x51, 0x22, 0x0B, 0xCD, 0x1F, 0x65, 0x73, 0x72, 0xCC, 0xF0, 0xD3, 0x6D,
    0x0F, 0x24, 0xEE, 0xAA, 0xF8, 0xE6, 0xFF, 0xA5, 0xF6, 0x2B, 0xB2, 0xDF, 0x57, 0x53, 0xEC, 0x6F,
    0x39, 0xD9, 0x32, 0x4E, 0x06, 0x2F, 0xF4, 0x24, 0x05, 0x39, 0xDB, 0x14, 0xC1, 0xB4, 0x50, 0xB5,
    0x2B, 0x7D, 0x8D, 0x3C, 0xA0, 0x1A, 0x6B, 0xBC, 0xE9, 0x16, 0xDC, 0xA6, 0x80, 0xA1, 0x66, 0xB1,
    0x4B, 0x7E, 0x29, 0xF9, 0x27, 0xF1, 0x53, 0xE2, 0xAF, 0xE0, 0xB7, 0x44, 0xCE, 0xB3, 0x9C, 0x01,
    0x70, 0xD9, 0x64, 0xD1, 0xB4, 0x7D, 0x3E, 0x69, 0xC7, 0x79, 0xA8, 0x9F, 0xF2, 0xC3, 0x50, 0x3D,
    0xE3, 0x33, 0x5F, 0x7D, 0xFB, 0xF2, 0xD2, 0x97, 0x7F, 0xFB, 0xEE, 0xBB, 0x51, 0xBD, 0x79, 0xFE,
    0x12, 0xC1, 0xF2, 0x8C, 0x5D, 0xC1, 0xF7, 0xD9, 0xE5, 0x4C, 0xDC, 0x00, 0x8E, 0x4C, 0xC9, 0x71,
    0xD9, 0xB6, 0x1E, 0xF4, 0x60, 0x5C, 0x05, 0x2D, 0xA9, 0xD7, 0x70, 0x7F, 0x90, 0xAD, 0x24, 0x43,
    0x64, 0xA1, 0x06, 0x83, 0xA4, 0xAC, 0x97, 0xD0, 0x84, 0x90, 0xC2, 0x12, 0x92, 0xA1, 0xD7, 0x01,
    0x66, 0xEC, 0x12, 0xB0, 0xC6, 0x1E, 0x46, 0x65, 0x5A, 0xED, 0xB4, 0x33, 0x4D, 0x85, 0x56, 0xE9,
    0xA1, 0xE1, 0x05, 0x6E, 0x54, 0xE6, 0x43, 0xDC, 0x69, 0x3E, 0x3C, 0xFC, 0xA1, 0x8A, 0xC4, 0x69,
    0x5F, 0xA9, 0x88, 0x29, 0x64, 0x63, 0x71, 0xCC, 0x69, 0x93, 0xFF, 0x13, 0x3D, 0x21, 0x28, 0x48,
    0xFC, 0x92, 0x38, 0x91, 0xC6, 0xD9, 0xB5, 0x9A, 0x29, 0x15, 0x7A, 0x47, 0x49, 0x23, 0x6C, 0x52,
    0x12, 0x36, 0xAB, 0x53, 0x64, 0x2F, 0x53, 0xB2, 0x50, 0xA4, 0xA8, 0x4E, 0x31, 0x79, 0xDB, 0x2E,
    0x8D, 0x00, 0x46, 0xD6, 0x11, 0x43, 0x1A, 0x21, 0x19, 0x05, 0xC2, 0x19, 0x4A, 0xF1, 0x8E, 0xB2,
    0x1D, 0x81, 0x44, 0x06, 0xC7, 0x45, 0x48, 0x56, 0xAF, 0x5C, 0x75, 0x39, 0xD6, 0x67, 0xC1, 0x64,
    0x71, 0x43, 0xF3, 0xCF, 0xE8, 0x33, 0xE6, 0x69, 0x4B, 0x3F, 0x46, 0x1E, 0x64, 0xB0, 0x7E, 0xDE,
    0x96, 0x29, 0x6E, 0x23, 0x86, 0x7F, 0x50, 0xF8, 0x3B, 0x08, 0xEC, 0x1C, 0x4C, 0x91, 0x48, 0x32,
    0xDE, 0xA0, 0x78, 0xFC, 0x3C, 0x9D, 0x69, 0x4F, 0xBD, 0xE0, 0x72, 0xE8, 0xD9, 0x77, 0x2A, 0x74,
    0xF9, 0xD4, 0x65, 0x93, 0x3C, 0x55, 0xE8, 0x25, 0x34, 0xC3, 0x46, 0x30, 0x62, 0x48, 0xE9, 0x98,
    0xD3, 0x43, 0xB3, 0xCD, 0xE1, 0xB6, 0x80, 0xAF, 0x79, 0x94, 0x1C, 0xA4, 0x87, 0x40, 0xFF, 0x94,
    0x2E, 0xBB, 0x52, 0xB6, 0xC4, 0x32, 0xA5, 0x09, 0xC6, 0x01, 0x3B, 0x29, 0xAD, 0xC0, 0x73, 0x10,
    0x0E, 0xF8, 0x59, 0xFF, 0x03, 0xE2, 0xB4, 0x92, 0x6C, 0x28, 0xEA, 0x16, 0x06, 0x32, 0x0B, 0xC9,
    0x82, 0x3F, 0x4D, 0x49, 0x0D, 0x42, 0xF0, 0x0B, 0x24, 0x62, 0x1A, 0x2A, 0x10, 0x6B, 0x4C, 0x27,
    0x9C, 0x57, 0xEA, 0xE8, 0x30, 0x61, 0xCA, 0xED, 0x1D, 0xFF, 0x80, 0x00, 0x8A, 0x44, 0x26, 0xE6,
    0x8B, 0x1C, 0xE9, 0x83, 0x02, 0xEF, 0x01, 0x09, 0x57, 0xC9, 0xCD, 0xED, 0xEB, 0x2F, 0x90, 0x00,
    0x3C, 0xF6, 0xD8, 0x95, 0x1E, 0xCE, 0xF0, 0x6D, 0x3A, 0x61, 0x3E, 0xA1, 0xEE, 0xEA, 0x47, 0xA1,
    0x88, 0x00, 0x53, 0x90, 0x14, 0xF7, 0x50, 0x29, 0x26, 0x13, 0xAC, 0xB7, 0xED, 0xAD, 0x7D, 0x44,
    0xBA, 0xF5, 0xD0, 0xD9, 0x46, 0xAE, 0x32, 0xA5, 0xDB, 0xF4, 0xD4, 0x19, 0xD7, 0x55, 0x43, 0xDA,
    0x79, 0xFA, 0x1C, 0xA3, 0x0E, 0x95, 0x1E, 0x66, 0x62, 0x5C, 0xE9, 0xF4, 0xAC, 0x47, 0x38, 0x90,
    0x88, 0x3A, 0x77, 0xD5, 0xB8, 0x74, 0xE5, 0xB8, 0xE9, 0xD4, 0xE1, 0xAA, 0xDF, 0x77, 0xA9, 0xA4,
    0x02, 0x08, 0x24, 0xEA, 0xA7, 0x10, 0x7E, 0x27, 0x01, 0xA2, 0xE9, 0xF0, 0x0E, 0x0E, 0xF8, 0x59,
    0xDF, 0xEE, 0x56, 0x38, 0x88, 0x0A, 0xA0, 0xA5, 0xB9, 0x7E, 0x37, 0xEA, 0x7F, 0x50, 0x49, 0xFE,
    0x7A, 0xB8, 0xA6, 0x71, 0x27, 0x9C, 0xBD, 0x0A, 0xF6, 0x74, 0x3C, 0xF7, 0x28, 0xB7, 0x6F, 0x99,
    0x33, 0x50, 0xDB, 0x6A, 0x24, 0xB4, 0xF7, 0xA1, 0x78, 0xC4, 0x6F, 0x77, 0xA7, 0x77, 0x1F, 0x56,
    0x03, 0xD2, 0x38, 0x03, 0xFE, 0x4C, 0xBF, 0xDF, 0x0A, 0xE3, 0xC6, 0x64, 0x88, 0x66, 0x36, 0x4B,
    0x39, 0x1F, 0xBC, 0xA2, 0x55, 0x48, 0x9A, 0x01, 0x7F, 0x24, 0xB8, 0x4F, 0x3A, 0x24, 0xAF, 0xF0,
    0x61, 0x0F, 0x26, 0x7D, 0xE6, 0xEB, 0x4B, 0x5F, 0x7D, 0x35, 0x20, 0x8E, 0x21, 0xB9, 0xC7, 0xAE,
    0x59, 0x72, 0x52, 0x5D, 0x31, 0x42, 0x06, 0x98, 0x44, 0x46, 0x79, 0x7C, 0x34, 0xFD, 0xDA, 0x47,
    0xAA, 0xFF, 0x18, 0x22, 0x3E, 0x84, 0x2E, 0xF0, 0x11, 0xF7, 0x8F, 0x0D, 0x12, 0xC7, 0x19, 0xDE,
    0xB1, 0x88, 0xC8, 0x4D, 0xF3, 0x08, 0x53, 0xCE, 0x82, 0x44, 0xBC, 0x2C, 0x62, 0xC5, 0xEA, 0x7B,
    0xF8, 0x3E, 0x71, 0x7A, 0x88, 0x1D, 0xB9, 0xE4, 0x1D, 0xAE, 0xFA, 0x0A, 0x59, 0x73, 0xD8, 0x50,
    0x5C, 0x37, 0xCE, 0xD3, 0xC6, 0xCF, 0x6F, 0x6C, 0xBC, 0xF5, 0x8E, 0x59, 0x94, 0xD4, 0xA6, 0x17,
    0x85, 0x50, 0x4A, 0xF3, 0x41, 0xA3, 0x38, 0xA8, 0x4E, 0x5C, 0x08, 0x3C, 0x85, 0x7C, 0x38, 0xED,
    0x92, 0x28, 0x1C, 0x73, 0x51, 0x8B, 0xF2, 0x6A, 0x90, 0x52, 0x4A, 0x8C, 0x6E, 0x51, 0xE4, 0xEB,
    0x2E, 0x71, 0xD0, 0xB3, 0x20, 0x01, 0xE8, 0xCC, 0x81, 0xDF, 0x4C, 0xF8, 0x22, 0x76, 0xF8, 0x32,
    0x1C, 0xB6, 0x05, 0x5F, 0x83, 0x80, 0xB1, 0x8A, 0xE5, 0xB8, 0x6D, 0x57, 0x03, 0x3B, 0x76, 0xC8,
    0x03, 0x87, 0x8F, 0xF5, 0xF4, 0x18, 0xA1, 0xEB, 0xB1, 0x09, 0x1F, 0xAB, 0xF1, 0x3F, 0xAD, 0x58,
    0x3F, 0x6F, 0xE5, 0xC6, 0x11, 0x1F, 0x92, 0x67, 0x51, 0xF6, 0x26, 0xA0, 0x8A, 0x00, 0x11, 0x92,
    0x18, 0x54, 0xE1, 0x00, 0x41, 0x10, 0x1C, 0x5D, 0x18, 0x48, 0x0A, 0xEB, 0x2D, 0x0D, 0x17, 0x29,
    0xAE, 0xC8, 0x07, 0x48, 0x93, 0xB4, 0x29, 0x72, 0x29, 0x05, 0x44, 0x7A, 0x4B, 0x43, 0x5F, 0x40,
    0xC8, 0x17, 0x88, 0x0B, 0x37, 0x29, 0x02, 0xA7, 0x7C, 0xC5, 0x13, 0xB9, 0x3E, 0x15, 0x2E, 0x5C,
    0x78, 0xCF, 0x57, 0xA4, 0x48, 0x11, 0x3A, 0x3E, 0x24, 0x5D, 0xB2, 0x89, 0x17, 0x30, 0x1D, 0x90,
    0xDC, 0xFC, 0x66, 0xC9, 0xD3, 0xE9, 0x7C, 0x8A, 0xF4, 0x0E, 0xCF, 0x8F, 0x33, 0xC3, 0xE5, 0x72,
    0x77, 0x76, 0x38, 0xFF, 0x76, 0xF6, 0x9D, 0x78, 0x7F, 0x42, 0x87, 0x27, 0xCB, 0x7A, 0xFA, 0xD1,
    0x92, 0x66, 0x68, 0x4C, 0xEA, 0x4D, 0xEE, 0xB5, 0x34, 0xA5, 0x2C, 0x49, 0x12, 0x49, 0x4D, 0xB9,
    0x6F, 0x85, 0x6F, 0x23, 0xDF, 0x3E, 0x1D, 0xA6, 0xDA, 0xD8, 0xDB, 0xC4, 0x5B, 0x61, 0x49, 0x18,
    0x86, 0xC6, 0xEB, 0x09, 0xD0, 0xCE, 0x00, 0x9A, 0x32, 0xDF, 0x01, 0x72, 0xDF, 0x11, 0xD1, 0x37,
    0xE8, 0x75, 0xE9, 0xFB, 0x02, 0x3D, 0x17, 0x36, 0x7F, 0xCB, 0x01, 0xD0, 0xC0, 0x23, 0x3A, 0xF9,
    0x55, 0x55, 0xE8, 0x5C, 0xCB, 0x32, 0x6B, 0x1B, 0x4A, 0xED, 0x40, 0xC9, 0x7F, 0x7B, 0x8A, 0xBC,
    0x23, 0xF2, 0xE0, 0xEE, 0xC7, 0x80, 0x54, 0x54, 0x01, 0xBF, 0xFA, 0xBC, 0x9C, 0x7F, 0x58, 0xE4,
    0xB2, 0x1D, 0xFB, 0xB3, 0xCC, 0xB7, 0xB9, 0x37, 0x45, 0x55, 0xE6, 0x10, 0xA4, 0x83, 0x2C, 0x55,
    0xD1, 0xB4, 0x52, 0xD8, 0x45, 0x62, 0xE5, 0x29, 0x56, 0x36, 0xC2, 0x6B, 0x7C, 0x2B, 0x89, 0xF6,
    0x35, 0xD1, 0x4A, 0xDF, 0x2A, 0xAF, 0xBF, 0x3B, 0xD2, 0x61, 0x46, 0xAA, 0xA8, 0x40, 0xE9, 0xFE,
    0x63, 0x4A, 0xB0, 0x4A, 0x66, 0x72, 0xBD, 0xA0, 0xA4, 0x3D, 0xCE, 0x5B, 0xBB, 0x6A, 0xAC, 0x73,
    0x1D, 0xAD, 0xAC, 0xA3, 0x23, 0xBE, 0xF3, 0x33, 0xF7, 0xF3, 0x7B, 0x1E, 0x97, 0x78, 0x0F, 0xBD,
    0x3C, 0xA6, 0xDC, 0x15, 0x3D, 0x1D, 0xBE, 0x52, 0xCB, 0xF1, 0x64, 0xA1, 0xC6, 0x7C, 0x80, 0x60,
    0xB1, 0xF9, 0x49, 0x6A, 0xEB, 0xEC, 0x61, 0x2F, 0x4F, 0x9D, 0xBA, 0x07, 0x09, 0x1C, 0xDA, 0xE8,
    0x41, 0x3F, 0xDE, 0x7A, 0x6F, 0x27, 0xA0, 0xE4, 0x19, 0x50, 0x1D, 0x5F, 0xCF, 0x89, 0xA2, 0x8C,
    0x5D, 0x29, 0x88, 0x72, 0xE4, 0x56, 0x56, 0xD9, 0x23, 0xA7, 0xDA, 0xD5, 0xEA, 0x08, 0xA2, 0x1C,
    0xAD, 0x9E, 0x13, 0x45, 0x0D, 0x6A, 0xC0, 0xE7, 0x75, 0xEB, 0xE3, 0xF5, 0xB1, 0xEC, 0x44, 0x1B,
    0x39, 0xBA, 0x84, 0xCB, 0x55, 0xAF, 0x76, 0x5E, 0x95, 0x26, 0x37, 0xCA, 0x1D, 0x38, 0x72, 0x89,
    0xCD, 0xB4, 0x24, 0xD9, 0xAB, 0xBE, 0x30, 0xD2, 0xEE, 0xB9, 0xCC, 0x66, 0x96, 0xBA, 0xBD, 0x95,
    0x72, 0xCA, 0xC4, 0x24, 0x34, 0x8B, 0xF5, 0x03, 0xAA, 0x13, 0xFB, 0x3C, 0x34, 0x6F, 0xDB, 0xC6,
    0x4F, 0xF0, 0x6E, 0x4D, 0x74, 0x09, 0xF4, 0xAB, 0x3F, 0x94, 0xA9, 0xF7, 0x3A, 0x07, 0x4A, 0x7F,
    0xEF, 0x19, 0x2C, 0x80, 0x02, 0x48, 0x0A, 0x58, 0xDC, 0x8E, 0x77, 0x49, 0x95, 0xAA, 0xBC, 0x4B,
    0x51, 0x99, 0x56, 0xA9, 0xF9, 0x76, 0x2B, 0xCD, 0x77, 0xCA, 0xD8, 0xE6, 0x56, 0xDA, 0x1F, 0xDA,
    0xF8, 0xF2, 0x4A, 0x3B, 0x78, 0x31, 0x2D, 0xB2, 0xEA, 0x58, 0x68, 0x00, 0x1A, 0x78, 0x4C, 0xD9,
    0x35, 0x89, 0x5E, 0x8D, 0x35, 0xC9, 0xD4, 0x52, 0x7E, 0x01, 0x47, 0x69, 0x07, 0x4A, 0x5D, 0x13,
    0xEE, 0xFC, 0xCC, 0xFD, 0xFC, 0x9E, 0x7F, 0x89, 0x89, 0xDE, 0xA5, 0xC2, 0x24, 0x2D, 0x29, 0x23,
    0x34, 0xFD, 0xD8, 0x64, 0x15, 0xFA, 0x0A, 0x7E, 0xB1, 0x60, 0xB2, 0x4E, 0x75, 0xF2, 0xB0, 0x83,
    0xF6, 0x1F, 0xD9, 0xDF, 0x6A, 0x4A, 0xDB, 0xCF, 0xE1, 0x7A, 0x0F, 0x60, 0xD5, 0xFC, 0x14, 0x44,
    0x52, 0xA2, 0x11, 0x38, 0x20, 0x7D, 0x60, 0x15, 0x9F, 0x81, 0x15, 0xA2, 0x44, 0x99, 0xBC, 0x02,
    0x2B, 0xC9, 0x7D, 0x4B, 0x26, 0x78, 0x0D, 0x2E, 0x4D, 0x99, 0x3C, 0xFA, 0x8F, 0xD7, 0xC9, 0x9F,
    0xDB, 0x53, 0x0E, 0xA6, 0x14, 0x41, 0x58, 0x62, 0xA0, 0xE4, 0xD8, 0x3B, 0x21, 0xC8, 0xDD, 0x23,
    0x1C, 0x23, 0x07, 0x52, 0x18, 0x7A, 0x8F, 0xA4, 0x8B, 0x2D, 0xED, 0x39, 0x88, 0x06, 0xEB, 0x60,
    0x59, 0x87, 0xB1, 0xB4, 0x06, 0xD3, 0xBD, 0xF5, 0x32, 0xD5, 0xCA, 0xF5, 0xB9, 0x56, 0x9F, 0x76,
    0x90, 0x2A, 0xB1, 0x90, 0x2A, 0xFD, 0x1B, 0x04, 0xCA, 0x2E, 0x58, 0xB4, 0x12, 0x02, 0x05, 0xD1,
    0x4E, 0xF8, 0x0B, 0x3B, 0x8A, 0x7B, 0x06, 0x9A, 0x14, 0x83, 0x28, 0xEC, 0x28, 0x71, 0x50, 0x06,
    0xC9, 0x8A, 0x14, 0x5C, 0x2A, 0x2A, 0x15, 0x22, 0xC9, 0xEB, 0x14, 0x01, 0xF8, 0x32, 0x46, 0xE0,
    0xE3, 0x89, 0x97, 0x4A, 0x5B, 0x34, 0x4C, 0x98, 0xC4, 0xD1, 0x4F, 0x85, 0x45, 0xE2, 0x00, 0x36,
    0x60, 0x34, 0x80, 0x4D, 0x3F, 0x50, 0xEC, 0x14, 0x56, 0x97, 0x18, 0x5A, 0x54, 0x19, 0xEC, 0x0E,
    0x34, 0x85, 0xF7, 0xAD, 0x2C, 0x53, 0x8B, 0x37, 0xD0, 0x39, 0x16, 0x8E, 0xC0, 0x0B, 0x1F, 0x31,
    0xF1, 0x28, 0x89, 0xBE, 0x47, 0xDB, 0xF3, 0x8C, 0x79, 0xBE, 0x9E, 0xE6, 0xAE, 0x31, 0xF7, 0xE0,
    0x60, 0x7B, 0x9E, 0x8B, 0x7D, 0x04, 0x0A, 0xF4, 0xF4, 0x4B, 0xB7, 0x3D, 0x2F, 0x77, 0x0C, 0x35,
    0x23, 0x4B, 0xE0, 0xBE, 0x35, 0x2F, 0xB8, 0x25, 0xFD, 0xE8, 0x4F, 0x44, 0x6F, 0x02, 0x73, 0xE8,
    0x31, 0x37, 0x13, 0x1F, 0x09, 0x39, 0x9B, 0x7E, 0xE6, 0x35, 0x62, 0x74, 0xE0, 0x55, 0x8A, 0x99,
    0x57, 0x7E, 0x1D, 0x2F, 0x92, 0x9C, 0x66, 0x91, 0x0F, 0x40, 0xA3, 0x40, 0x13, 0xCF, 0x26, 0x16,
    0x7F, 0x61, 0x9A, 0x7D, 0xC4, 0x54, 0xDE, 0x63, 0x2D, 0x28, 0xC1, 0x74, 0x60, 0x1A, 0x7B, 0x1E,
    0x93, 0x04, 0x9A, 0x05, 0x9A, 0x23, 0xD5, 0x7A, 0xF8, 0x0F, 0xD3, 0x86, 0x44, 0xC8, 0x4C, 0x1D,
    0x21, 0xFA, 0x11, 0x90, 0x23, 0x49, 0xB3, 0x8F, 0xF8, 0x85, 0x70, 0x60, 0xC6, 0xAB, 0x0D, 0xF3,
    0x1D, 0xA3, 0x42, 0xBF, 0x34, 0x2F, 0x85, 0x71, 0x3C, 0x9E, 0xEE, 0x7F, 0x09, 0xA6, 0xBC, 0x36,
    0x7B, 0x1C, 0xBE, 0xB4, 0xD1, 0x53, 0x36, 0x39, 0x23, 0x78, 0x7F, 0xD4, 0x87, 0x8D, 0xE9, 0x9B,
    0xAC, 0x42, 0xE5, 0xBB, 0x19, 0x88, 0x66, 0xF0, 0x76, 0x86, 0xA7, 0x3D, 0xFD, 0x04, 0xB4, 0x4B,
    0xB4, 0x60, 0x46, 0x70, 0xF6, 0xC9, 0x87, 0x5F, 0x6C, 0xFA, 0x01, 0x07, 0x4A, 0x82, 0x6C, 0xF2,
    0xD7, 0x2A, 0x8E, 0x5F, 0x78, 0x7A, 0xF6, 0x53, 0x9D, 0x7F, 0x64, 0x40, 0x5F, 0x74, 0xE2, 0x2E,
    0x84, 0x2E, 0x2A, 0x61, 0x22, 0xCC, 0xCC, 0xF5, 0x4D, 0xD7, 0x0E, 0x65, 0xD8, 0xCB, 0xCF, 0xE9,
    0x37, 0xBC, 0xC4, 0x8D, 0x57, 0x8C, 0x40, 0x91, 0xF6, 0xDC, 0x71, 0x88, 0xDC, 0xCC, 0xF3, 0xCD,
    0x9C, 0x6A, 0x59, 0x82, 0xE2, 0x87, 0x14, 0xB9, 0x39, 0x08, 0xFF, 0x98, 0x1D, 0x83, 0x82, 0x0B,
    0xEB, 0xFB, 0x6D, 0xA6, 0x05, 0x32, 0x56, 0xE2, 0xBC, 0x4F, 0x3A, 0xEF, 0xE3, 0x0E, 0x6D, 0x46,
    0x37, 0xF5, 0xAB, 0x76, 0x76, 0x75, 0xCC, 0x83, 0x3B, 0xAF, 0x5E, 0x87, 0x83, 0x75, 0x14, 0x3D,
    0x68, 0x43, 0xA4, 0x28, 0x88, 0xAB, 0x2A, 0x20, 0x12, 0xA9, 0xE2, 0xD1, 0x3D, 0xB0, 0x06, 0xCA,
    0x9F, 0x69, 0x95, 0x7D, 0xAC, 0x95, 0xF8, 0x97, 0x56, 0x89, 0xD7, 0x8A, 0x18, 0x1B, 0xA0, 0x04,
    0x22, 0x15, 0x72, 0x3E, 0x80, 0xD5, 0xD9, 0xEC, 0x21, 0xCD, 0x70, 0xD8, 0x44, 0x53, 0x92, 0xE7,
    0x6D, 0x73, 0x72, 0x4E, 0xAE, 0x81, 0x8A, 0x56, 0x95, 0xC2, 0x36, 0x08, 0x09, 0x0E, 0x1A, 0x54,
    0x26, 0xDD, 0x18, 0xC2, 0x03, 0x01, 0x84, 0x7E, 0x7E, 0xCF, 0xE3, 0x82, 0x73, 0x36, 0x8F, 0xB1,
    0xCF, 0x83, 0x57, 0x6A, 0xE6, 0x10, 0xA6, 0xA7, 0xE9, 0x6B, 0x2B, 0x9E, 0xB3, 0xC3, 0x4B, 0x7C,
    0xF3, 0x97, 0xEE, 0x69, 0xFA, 0xDA, 0x86, 0xE7, 0xC9, 0x6B, 0x88, 0x68, 0xC4, 0xCB, 0xEF, 0xEC,
    0xD6, 0xBC, 0x22, 0xBB, 0x42, 0x6A, 0xEA, 0xC3, 0x7D, 0x5B, 0x5E, 0xFB, 0x71, 0xB9, 0x14, 0x46,
    0xBE, 0x0F, 0x83, 0x53, 0xD2, 0xC3, 0x45, 0x08, 0x6D, 0xF4, 0xEC, 0xB3, 0x5E, 0xA9, 0x24, 0xF5,
    0xF7, 0x16, 0x43, 0xCD, 0xC4, 0x5A, 0x82, 0x35, 0x0A, 0x8B, 0xF8, 0x0B, 0x37, 0xA6, 0x8F, 0xDC,
    0x90, 0x9D, 0x76, 0xA3, 0x04, 0xEB, 0x35, 0x58, 0x3B, 0xB0, 0x6E, 0x27, 0xD6, 0x12, 0xAC, 0x0F,
    0x21, 0xD2, 0x1D, 0x16, 0x8D, 0x35, 0xE7, 0xC2, 0xBE, 0x46, 0x5C, 0xD9, 0xD2, 0x2B, 0x93, 0xC4,
    0x0D, 0xC9, 0x72, 0x13, 0x84, 0xFB, 0x20, 0x8F, 0x79, 0x2A, 0xB8, 0x1A, 0x63, 0x37, 0xF4, 0x67,
    0x93, 0x79, 0xD8, 0x7D, 0xB8, 0x1C, 0xE5, 0x22, 0xF4, 0x8D, 0xAF, 0x81, 0xE7, 0xEE, 0x2C, 0x1F,
    0x4A, 0xD4, 0xF8, 0x73, 0xB8, 0x52, 0x55, 0x6D, 0xCD, 0x33, 0x79, 0x88, 0xE8, 0xFB, 0xCC, 0x85,
    0xFB, 0xD6, 0xF2, 0x45, 0x25, 0x17, 0x2A, 0xCF, 0xB9, 0x39, 0x57, 0x4D, 0x5C, 0xCA, 0x17, 0x73,
    0x29, 0x2F, 0xB8, 0x94, 0x1F, 0xB9, 0x94, 0xC7, 0x9A, 0x1C, 0xBE, 0x52, 0x5F, 0x96, 0xED, 0x5F,
    0xC5, 0x27, 0xC9, 0xAD, 0x52, 0xDE, 0x71, 0x7E, 0x8B, 0x46, 0x45, 0x35, 0x03, 0x1A, 0x9C, 0xEE,
    0x1C, 0xBF, 0x7A, 0x92, 0x03, 0xE3, 0xB1, 0x84, 0x7F, 0x19, 0x6C, 0x50, 0x96, 0xD4, 0xDB, 0x96,
    0x96, 0x28, 0x97, 0x6B, 0x94, 0x20, 0x35, 0x4A, 0x91, 0x1A, 0x8A, 0xAB, 0x51, 0xAD, 0xD4, 0xB9,
    0xA3, 0x3A, 0x1E, 0x90, 0xD6, 0xC1, 0x65, 0x0F, 0x28, 0x3D, 0x10, 0xCF, 0x85, 0xBB, 0x66, 0xC3,
    0x10, 0x63, 0x99, 0x79, 0x93, 0x79, 0x7B, 0x27, 0xB1, 0x3B, 0x1E, 0xE7, 0x03, 0x07, 0x5F, 0x62,
    0xF0, 0x0E, 0xED, 0x14, 0xC2, 0xEF, 0x86, 0x4F, 0x5D, 0x86, 0xD2, 0xE8, 0x6C, 0xB3, 0x29, 0x4F,
    0x36, 0x06, 0xF1, 0xF1, 0xBC, 0x31, 0xDC, 0x3A, 0x25, 0xF9, 0x14, 0xDB, 0xB1, 0xD9, 0xC9, 0xCB,
    0x49, 0xA1, 0xB7, 0x8E, 0xBF, 0xBA, 0x79, 0x6C, 0x24, 0xD2, 0x1A, 0xC6, 0xA0, 0xF8, 0x43, 0x06,
    0x34, 0xE8, 0x7C, 0xA3, 0x59, 0x62, 0x14, 0x7C, 0x82, 0xF2, 0xBE, 0x64, 0xA2, 0xEF, 0x70, 0x82,
    0xDE, 0xF1, 0x53, 0xC9, 0xE0, 0x8D, 0x8C, 0xA1, 0x50, 0x19, 0x0D, 0x11, 0xCC, 0xE1, 0xB9, 0x38,
    0x04, 0x49, 0xC7, 0x9F, 0xC3, 0x44, 0xCD, 0xD9, 0x74, 0x94, 0x2C, 0x2E, 0x8F, 0x92, 0x25, 0x6A,
    0x5E, 0x70, 0x6A, 0x59, 0x14, 0xD5, 0xD2, 0x21, 0x76, 0x19, 0x96, 0x83, 0x2D, 0x71, 0x10, 0x34,
    0x3B, 0x04, 0x2D, 0x4F, 0x71, 0xD9, 0x54, 0xA9, 0xB7, 0x19, 0x4E, 0x8D, 0x55, 0x2F, 0xFD, 0xC0,
    0x00, 0x26, 0x66, 0x2F, 0xF7, 0x4E, 0xF8, 0x2E, 0x42, 0xBA, 0x78, 0x09, 0xD3, 0x4B, 0x66, 0xBA,
    0xA6, 0xB0, 0xB7, 0x6D, 0x30, 0x65, 0x9F, 0x4D, 0x18, 0xF9, 0x2A, 0xF9, 0x87, 0x8E, 0xDE, 0xA9,
    0x36, 0x99, 0x92, 0x3E, 0x68, 0xC5, 0x23, 0x9B, 0xCE, 0x3B, 0xCE, 0xED, 0xE3, 0x77, 0xF1, 0x55,
    0x12, 0x19, 0x21, 0x0E, 0x7E, 0x7D, 0xDD, 0x15, 0x97, 0xA9, 0xE1, 0x13, 0xD5, 0x3E, 0xFD, 0xBF,
    0x11, 0x51, 0x95, 0xB6, 0xB9, 0x5B, 0x1C, 0xEF, 0x63, 0x88, 0x68, 0xAF, 0xBB, 0xEE, 0x62, 0x47,
    0xCF, 0x35, 0xE8, 0x24, 0x54, 0xDC, 0xDD, 0x02, 0xF4, 0x2A, 0xA7, 0x94, 0x7F, 0x42, 0x61, 0x28,
    0xAE, 0x14, 0x0C, 0xF6, 0xFD, 0x7E, 0xAA, 0xEF, 0xFD, 0x00, 0x7B, 0x8C, 0x21, 0xBC, 0x65, 0x55,
    0x43, 0x72, 0xC6, 0x73, 0x92, 0xEF, 0xF4, 0xC4, 0x27, 0x77, 0x81, 0x08, 0x83, 0xBA, 0x28, 0xFD,
    0xA4, 0x84, 0x21, 0x5F, 0x2E, 0x66, 0x25, 0x14, 0xE3, 0x74, 0xDE, 0x6F, 0x6B, 0x61, 0xAF, 0x3D,
    0xF8, 0xB1, 0x39, 0xD7, 0xA1, 0x38, 0x83, 0x85, 0xD2, 0x4B, 0xC5, 0xB9, 0x1C, 0x8A, 0xFB, 0x00,
    0x2A, 0x43, 0x94, 0x2A, 0x50, 0xB4, 0xD1, 0x83, 0xFE, 0xA8, 0xA9, 0x68, 0x07, 0x09, 0x25, 0x98,
    0xF3, 0xFC, 0xAA, 0x39, 0x6F, 0x9C, 0xB2, 0x1B, 0xF2, 0xA4, 0xAF, 0xE2, 0x2F, 0xCC, 0x9C, 0x24,
    0x6F, 0x9B, 0x12, 0x39, 0x38, 0xA5, 0x8D, 0xEF, 0xE9, 0x2B, 0xE6, 0xBC, 0x69, 0x7C, 0xF2, 0x81,
    0x15, 0x9F, 0x39, 0xD0, 0x0D, 0xC7, 0x93, 0x7D, 0xA2, 0x71, 0xFB, 0xCC, 0x61, 0x9A, 0x1F, 0x9E,
    0x7D, 0x45, 0xCD, 0x1F, 0x53, 0xDF, 0x33, 0xAB, 0x8B, 0x41, 0x66, 0xB5, 0x5C, 0x28, 0xB9, 0x5A,
    0x16, 0xFF, 0x66, 0x56, 0x99, 0x77, 0x77, 0x9B, 0xEA, 0x4E, 0x48, 0xB4, 0xA8, 0x73, 0x51, 0x35,
    0x71, 0x6C, 0x84, 0x9D, 0xE5, 0x5A, 0x6D, 0xAB, 0xD4, 0x4A, 0x0E, 0x5C, 0x9B, 0x22, 0x3B, 0x7F,
    0x8B, 0x38, 0xAE, 0x86, 0x90, 0xE1, 0xF4, 0x66, 0x53, 0x7E, 0xC1, 0xA5, 0x2F, 0x8E, 0x74, 0xD9,
    0xEF, 0x69, 0x67, 0x67, 0xA3, 0x29, 0xB9, 0xA8, 0x50, 0x63, 0x81, 0x4E, 0x5A, 0xB9, 0x7D, 0x89,
    0x9D, 0x50, 0xC4, 0xA0, 0xD6, 0x3A, 0x99, 0x8D, 0x5B, 0x13, 0x92, 0x7C, 0x2F, 0xE3, 0xAE, 0x38,
    0xB5, 0xF9, 0x85, 0xC5, 0x71, 0x02, 0xC5, 0x5A, 0x02, 0x53, 0xFA, 0x92, 0x8B, 0xFF, 0x81, 0x93,
    0x02, 0xCE, 0x09, 0x8D, 0x85, 0xCA, 0xE9, 0xD7, 0x57, 0xFE, 0x3B, 0x00, 0x34, 0xB3, 0xFB, 0xD9,
    0x3A, 0x75, 0x75, 0xDC, 0xD5, 0x51, 0xC7, 0x14, 0xC7, 0x76, 0xFE, 0xA3, 0xC1, 0x34, 0xBE, 0xBC,
    0x3A, 0x58, 0x9C, 0x9A, 0xEC, 0xC3, 0x16, 0x74, 0x16, 0xF5, 0x45, 0xD6, 0xFD, 0x1F, 0xAD, 0x59,
    0x3F, 0x8F, 0xDC, 0xC6, 0x15, 0x7F, 0x24, 0xAD, 0xA5, 0x15, 0xC6, 0xA0, 0x0B, 0x17, 0x17, 0x38,
    0x00, 0x55, 0x5C, 0x91, 0x22, 0x10, 0x53, 0xA8, 0xBC, 0xBB, 0xA1, 0x90, 0x22, 0x08, 0x02, 0x24,
    0xFE, 0x08, 0xF7, 0x05, 0x6C, 0xA5, 0x74, 0x71, 0xD2, 0x8C, 0xA1, 0x22, 0x65, 0xF4, 0x0D, 0xE2,
    0x22, 0xA5, 0x0B, 0x97, 0x2E, 0xEE, 0xC8, 0x91, 0xAF, 0x48, 0x91, 0x42, 0x8C, 0x52, 0xB8, 0x48,
    0x61, 0x26, 0x16, 0xE0, 0x00, 0x02, 0x92, 0x09, 0xCC, 0x44, 0x74, 0xCC, 0xE5, 0xCB, 0xEF, 0x0D,
    0xB9, 0xB9, 0x3D, 0xE9, 0xF6, 0x76, 0xD7, 0xEB, 0xE5, 0x3C, 0x2E, 0x77, 0x38, 0xF3, 0xDE, 0x9B,
    0x37, 0xEF, 0xEF, 0x2C, 0x71, 0x4F, 0x24, 0x20, 0x9F, 0xB4, 0x26, 0xCA, 0x1D, 0x91, 0x02, 0x54,
    0x1D, 0xD1, 0xBC, 0xA7, 0xA0, 0x9F, 0x53, 0xD8, 0x6A, 0x8A, 0x9C, 0xA2, 0xB8, 0xC9, 0x4D, 0xCA,
    0x6C, 0x01, 0x75, 0xCE, 0xDC, 0xA8, 0x22, 0x76, 0x78, 0xD3, 0x56, 0x14, 0xF6, 0x09, 0x5B, 0xB4,
    0x11, 0x4D, 0x32, 0x14, 0x29, 0xD7, 0x29, 0xBB, 0xD7, 0x22, 0x37, 0x63, 0x97, 0x73, 0xAB, 0x22,
    0xDF, 0xB8, 0xC5, 0x73, 0xCC, 0x0D, 0x7D, 0x72, 0x00, 0x22, 0x20, 0x9A, 0x35, 0xBB, 0x13, 0x3E,
    0xB7, 0x11, 0xDB, 0x60, 0xA0, 0x4D, 0x69, 0x2F, 0xD3, 0x2A, 0x41, 0xAB, 0x17, 0x5A, 0x67, 0x0B,
    0x5A, 0xC5, 0x75, 0xB4, 0x80, 0xBF, 0x25, 0x8A, 0xC0, 0x74, 0x0C, 0x88, 0xF0, 0x1B, 0xF4, 0xD7,
    0x10, 0x74, 0x14, 0x5B, 0x4A, 0x0B, 0xCA, 0x1C, 0x25, 0x8E, 0x82, 0x02, 0xF3, 0xEA, 0x69, 0xC1,
    0x40, 0xF7, 0xC3, 0x89, 0x6D, 0xDD, 0x51, 0xCC, 0x4C, 0x19, 0x0F, 0xA4, 0xEA, 0x3D, 0xD2, 0x18,
    0x56, 0xA1, 0x5B, 0x56, 0x35, 0x9F, 0xBE, 0x19, 0x50, 0xA1, 0x5F, 0xD5, 0x37, 0x28, 0xC7, 0xB8,
    0x04, 0xE3, 0xBD, 0xB0, 0x42, 0xA0, 0x33, 0x94, 0x1B, 0xBA, 0x4F, 0x74, 0xC7, 0x63, 0xAB, 0xEA,
    0x58, 0x58, 0xB2, 0x79, 0x5D, 0xA8, 0x82, 0x14, 0xE6, 0xE0, 0x5E, 0x03, 0x7B, 0x93, 0x70, 0x13,
    0x54, 0x35, 0xCD, 0xC8, 0xCF, 0x21, 0x85, 0x65, 0x7C, 0x8D, 0x25, 0xDD, 0xBA, 0xB5, 0x3B, 0x1B,
    0x7B, 0x44, 0x47, 0x78, 0x6D, 0xA2, 0x2F, 0x6B, 0x32, 0x66, 0x23, 0x36, 0x20, 0x16, 0xCA, 0xA0,
    0x34, 0xF2, 0xBD, 0x2B, 0xF9, 0x43, 0x4C, 0xF7, 0x77, 0xDA, 0x4C, 0x04, 0xC7, 0xC7, 0xE3, 0xD2,
    0x45, 0x04, 0x19, 0xD8, 0x9D, 0x7D, 0x07, 0x3B, 0x61, 0xFC, 0xE2, 0xD9, 0x88, 0x20, 0x5E, 0xDF,
    0x8C, 0x0D, 0x48, 0x2A, 0xFC, 0x0A, 0x2C, 0x88, 0xED, 0xE0, 0xF5, 0x34, 0x0D, 0x68, 0x0D, 0x69,
    0xEE, 0x00, 0x4C, 0x3A, 0x60, 0xA3, 0x49, 0x59, 0x0D, 0x59, 0x69, 0x68, 0xCE, 0x05, 0xC8, 0x6F,
    0xF4, 0x07, 0x5C, 0x68, 0xB0, 0x21, 0xE3, 0x65, 0x1E, 0xD1, 0x47, 0x27, 0x50, 0xEB, 0x05, 0xBC,
    0x2F, 0x10, 0x0C, 0x3D, 0xD8, 0xEC, 0x41, 0xB8, 0xC7, 0x0C, 0x40, 0x01, 0xA0, 0xE9, 0xBB, 0x1E,
    0xFB, 0xE5, 0x7D, 0x50, 0xFD, 0x1D, 0xDF, 0xCF, 0x08, 0xDA, 0x4F, 0xDE, 0x0A, 0xEC, 0xBD, 0x26,
    0xB5, 0x89, 0x4B, 0x6D, 0xD4, 0x32, 0x47, 0x1D, 0x73, 0xD8, 0xE1, 0x59, 0xA0, 0x1D, 0xFB, 0x75,
    0x33, 0x59, 0x0B, 0xE6, 0x89, 0x35, 0x7F, 0x84, 0x75, 0x80, 0x09, 0x01, 0x12, 0x83, 0x01, 0xCE,
    0x6B, 0x68, 0xE7, 0x13, 0xED, 0x58, 0x5C, 0x10, 0x68, 0xA7, 0x82, 0x4A, 0xDC, 0x08, 0x16, 0x33,
    0x35, 0xBF, 0xAF, 0xD2, 0xD8, 0x4D, 0xED, 0xA2, 0xA7, 0x1F, 0x1B, 0xCC, 0x3A, 0xE6, 0x66, 0xB1,
    0xF3, 0x06, 0x46, 0x97, 0x72, 0x9F, 0x9B, 0x5E, 0xF1, 0x5C, 0x9A, 0x88, 0xFC, 0xCD, 0x8C, 0xDB,
    0x84, 0xBB, 0xA0, 0x7A, 0x96, 0xFC, 0xC6, 0xC6, 0x6C, 0x46, 0x87, 0xB1, 0x15, 0x95, 0xE8, 0xBC,
    0x86, 0xA7, 0xF1, 0xDA, 0xB0, 0x11, 0x21, 0x3A, 0xF1, 0x2A, 0x73, 0xB2, 0x35, 0x21, 0xD1, 0xE2,
    0x07, 0xCB, 0xBA, 0xBC, 0x86, 0xD0, 0x76, 0xC8, 0xA9, 0x83, 0x9F, 0x13, 0x27, 0x06, 0xFF, 0x15,
    0xCC, 0xD7, 0x21, 0x6F, 0x29, 0xAE, 0xC5, 0x55, 0xA4, 0x78, 0x68, 0xC3, 0x90, 0xE2, 0xCF, 0x4D,
    0xC8, 0x7E, 0x67, 0x6F, 0x6D, 0xBF, 0xAE, 0x65, 0xFB, 0xD8, 0xDB, 0x4C, 0x86, 0x62, 0x96, 0xD9,
    0x3A, 0x4F, 0x75, 0xF3, 0x25, 0x33, 0x55, 0x05, 0x7A, 0x8B, 0x0A, 0xA0, 0x61, 0x76, 0xAA, 0x56,
    0x45, 0xC6, 0x5C, 0x60, 0x7C, 0x41, 0xD5, 0x7F, 0xBD, 0x8D, 0xC1, 0xD4, 0x2A, 0x1B, 0xBC, 0x68,
    0x46, 0x4F, 0x25, 0x5A, 0xC1, 0x3D, 0xF4, 0x10, 0xEA, 0x09, 0xAD, 0x84, 0x72, 0xAA, 0x0F, 0xFA,
    0x9C, 0x7B, 0x30, 0x16, 0x42, 0x79, 0xA9, 0x7F, 0x2D, 0xC2, 0x73, 0x9B, 0xB1, 0x4B, 0x80, 0xC2,
    0xC1, 0xD2, 0xE1, 0xD6, 0xA1, 0xBB, 0x3B, 0xB3, 0x12, 0xFE, 0xD5, 0x05, 0x50, 0x5C, 0x6D, 0x46,
    0x4C, 0xDB, 0xF1, 0x71, 0xAD, 0xF7, 0xDC, 0x52, 0x24, 0xB7, 0xBD, 0x48, 0x6E, 0xD3, 0xB7, 0xE1,
    0x63, 0x17, 0xBA, 0x3E, 0x64, 0xCB, 0x1A, 0xAC, 0x77, 0x8D, 0xA2, 0x18, 0x14, 0x17, 0xB2, 0xE3,
    0xF9, 0xF8, 0x63, 0x7B, 0x76, 0xC4, 0x83, 0x4A, 0x68, 0xAD, 0x2C, 0x05, 0xFF, 0x71, 0x34, 0xC5,
    0x22, 0x28, 0x62, 0x6E, 0xAE, 0x04, 0xE6, 0x0B, 0x58, 0x31, 0x06, 0x1C, 0x21, 0x5B, 0xB8, 0xF3,
    0x6B, 0xC1, 0xF3, 0x1E, 0xB2, 0x86, 0xA5, 0x56, 0x0D, 0x54, 0xB1, 0xAD, 0xB8, 0x29, 0x13, 0x57,
    0x46, 0x57, 0xB4, 0xD4, 0xC6, 0x1E, 0x98, 0x79, 0x10, 0x58, 0xFC, 0x86, 0xC7, 0xBC, 0x80, 0x45,
    0xDF, 0x4B, 0x00, 0xC9, 0x60, 0x83, 0x2B, 0x96, 0x86, 0x87, 0x8C, 0x4D, 0x26, 0xCB, 0xEC, 0xB3,
    0x4F, 0xFB, 0xCC, 0x5E, 0xD5, 0x7E, 0x0E, 0x63, 0xA3, 0xFD, 0x53, 0xE1, 0x33, 0x76, 0x5B, 0xB4,
    0xDB, 0x6F, 0x54, 0xC3, 0x4F, 0x3E, 0xF1, 0x9B, 0xD1, 0x5C, 0x75, 0xA9, 0x41, 0x0D, 0x82, 0xF2,
    0xBA, 0x4B, 0xCF, 0xF5, 0x7C, 0x35, 0x86, 0xEE, 0x44, 0x77, 0x92, 0xED, 0x65, 0xF6, 0xBA, 0xEB,
    0xE4, 0x50, 0xF5, 0x49, 0xB3, 0x1A, 0xCB, 0xF5, 0xB3, 0x53, 0xA3, 0xA0, 0x33, 0xCA, 0xE6, 0x36,
    0x2D, 0x94, 0x55, 0x56, 0x0C, 0x23, 0x37, 0x57, 0x5D, 0x19, 0x9C, 0xEB, 0x29, 0x34, 0x24, 0xB7,
    0x87, 0xFA, 0x90, 0xF4, 0xE5, 0x4F, 0x79, 0xF1, 0x81, 0xF7, 0xEA, 0x37, 0x86, 0x59, 0xD4, 0x6B,
    0x78, 0x2D, 0x8D, 0x5C, 0x50, 0xCF, 0xD8, 0x1C, 0x46, 0x35, 0x27, 0x0E, 0xED, 0x50, 0x12, 0x3E,
    0x2A, 0x93, 0xE6, 0xFA, 0x46, 0x69, 0x43, 0x5C, 0x07, 0x63, 0x2E, 0x1B, 0x16, 0x94, 0x20, 0x4D,
    0x68, 0xE9, 0xF0, 0x94, 0xF6, 0xDF, 0x1A, 0x05, 0x72, 0x5D, 0x4B, 0x9B, 0xFD, 0xAC, 0xD6, 0xA2,
    0x88, 0x45, 0xF6, 0x35, 0xD1, 0x31, 0x05, 0xF0, 0xD7, 0x73, 0x4A, 0x7F, 0x47, 0x37, 0x6E, 0xC8,
    0xEC, 0xB0, 0x5B, 0xD3, 0xA2, 0x8E, 0x54, 0x4B, 0xDA, 0x89, 0x2F, 0xD2, 0xB0, 0x61, 0x0D, 0x2E,
    0x34, 0x3A, 0x35, 0xB8, 0xD2, 0x0A, 0x7D, 0x60, 0x4A, 0xC3, 0xD6, 0x64, 0x8F, 0x35, 0x4C, 0x5C,
    0xE7, 0x16, 0xEF, 0x30, 0x3C, 0xC6, 0x98, 0x70, 0x8E, 0x39, 0x48, 0x54, 0x20, 0xFB, 0x31, 0x7B,
    0xA1, 0x31, 0x99, 0x11, 0x17, 0xD0, 0xBD, 0x62, 0x32, 0x65, 0xDC, 0x96, 0x59, 0x5D, 0xEA, 0xA2,
    0x9A, 0x4B, 0xD6, 0x84, 0x7B, 0x59, 0x51, 0xA9, 0x6C, 0x99, 0xD6, 0xDE, 0x88, 0x3A, 0x1A, 0xA7,
    0xC1, 0xAD, 0xB4, 0x92, 0x68, 0x4F, 0xE3, 0xD5, 0x62, 0x7C, 0x3F, 0x8E, 0x37, 0xD2, 0xE9, 0xC7,
    0x87, 0xDE, 0x87, 0xC0, 0x40, 0xE0, 0x30, 0x7E, 0x34, 0x19, 0xFB, 0x06, 0x8D, 0xDB, 0xB1, 0x05,
    0x26, 0xB3, 0x95, 0xF9, 0xBD, 0xB7, 0xED, 0xF2, 0xCA, 0xAB, 0x22, 0x5D, 0x2B, 0x9B, 0xD8, 0xAD,
    0xD0, 0x0A, 0x1F, 0x08, 0xE1, 0x67, 0x52, 0x37, 0x84, 0x6E, 0x2D, 0x6E, 0x98, 0x06, 0x64, 0x36,
    0x60, 0xD5, 0x82, 0x24, 0x35, 0x3A, 0x2D, 0x7C, 0x23, 0x69, 0xAB, 0xA9, 0xBC, 0x77, 0x54, 0x1E,
    0xE2, 0x3A, 0xC0, 0xB5, 0x9E, 0xE5, 0xA8, 0xD6, 0x89, 0x93, 0x86, 0x87, 0x2B, 0x91, 0xBD, 0xB4,
    0x51, 0x89, 0x97, 0x71, 0x86, 0x9D, 0x31, 0x17, 0x0E, 0x0F, 0xE3, 0x6B, 0xD9, 0x68, 0xB0, 0x2C,
    0xA6, 0x7A, 0x09, 0xBE, 0x34, 0x24, 0x55, 0x60, 0x82, 0x0C, 0x41, 0x43, 0x00, 0x15, 0xFA, 0xF4,
    0xF2, 0x7B, 0x9F, 0x25, 0x8E, 0x10, 0x7E, 0xEC, 0xD3, 0x90, 0xB1, 0xFD, 0x9B, 0x22, 0x04, 0x85,
    0x41, 0xBC, 0x6C, 0xEE, 0x96, 0xFA, 0xA1, 0x97, 0x4C, 0x62, 0x0F, 0x0F, 0x7C, 0x99, 0x23, 0xA5,
    0xD4, 0x18, 0x2A, 0x68, 0xB1, 0xD3, 0xE0, 0x1F, 0x39, 0xA8, 0x01, 0xD4, 0x00, 0xC9, 0x47, 0x7B,
    0x40, 0x09, 0x50, 0xBF, 0xB2, 0x3A, 0x7D, 0x62, 0x75, 0xF2, 0x4F, 0xAB, 0x91, 0xB7, 0x41, 0x41,
    0x01, 0x95, 0x5D, 0xCA, 0xA4, 0xAD, 0xE4, 0x30, 0x92, 0x22, 0x0B, 0xAD, 0xD0, 0x87, 0x89, 0x7C,
    0x9D, 0x3B, 0xDF, 0x89, 0x1C, 0x4D, 0x65, 0x57, 0x36, 0x85, 0xC8, 0xFB, 0x1B, 0x10, 0x1C, 0x8D,
    0x21, 0xE8, 0xBC, 0xA7, 0xAE, 0x7D, 0x38, 0x0B, 0x5E, 0x38, 0x1F, 0xDE, 0xBC, 0x9D, 0xBD, 0xBE,
    0xBB, 0x18, 0x66, 0x33, 0x71, 0x14, 0x10, 0x3F, 0xA8, 0xC0, 0x75, 0x6C, 0x22, 0x86, 0x7C, 0xC9,
    0xCA, 0x25, 0x4F, 0xFD, 0xB1, 0x0F, 0xD3, 0x2D, 0xB6, 0x6B, 0x00, 0x30, 0xEA, 0x65, 0x55, 0x60,
    0x94, 0x59, 0x05, 0x6B, 0xD9, 0x8D, 0xAF, 0x13, 0x23, 0x4C, 0x1D, 0x7E, 0x92, 0x42, 0x44, 0x7B,
    0xB8, 0x9E, 0x4B, 0xCC, 0xC6, 0x57, 0x89, 0x30, 0xF2, 0x41, 0x0E, 0x6A, 0x0B, 0xC7, 0xC5, 0x92,
    0xBD, 0x75, 0x93, 0xD0, 0x9E, 0x4D, 0x99, 0x0B, 0x5B, 0x55, 0xE7, 0x8D, 0x2E, 0x12, 0x57, 0x81,
    0x75, 0x2C, 0xA1, 0x9D, 0x43, 0xF9, 0x06, 0x5F, 0xF6, 0x47, 0xAD, 0xF4, 0xCB, 0x7B, 0x19, 0x17,
    0xFB, 0x5A, 0xEF, 0x19, 0x16, 0xE9, 0x22, 0x76, 0x4B, 0x09, 0xBA, 0xC4, 0xE5, 0xFC, 0x31, 0xF2,
    0xD7, 0x52, 0xC1, 0x61, 0x16, 0x25, 0x9E, 0x33, 0xA9, 0x4C, 0xDA, 0xA0, 0x32, 0xD4, 0x22, 0xB6,
    0x42, 0x3A, 0x17, 0x29, 0xE3, 0x0E, 0x84, 0x9F, 0x36, 0x21, 0xD7, 0xBE, 0xFE, 0xDC, 0x8C, 0xF6,
    0x1B, 0xDF, 0x03, 0xDD, 0x8C, 0xE8, 0x00, 0xFB, 0x24, 0x7C, 0x1C, 0x1F, 0xEF, 0xCC, 0x03, 0xDD,
    0xD9, 0xA7, 0xD3, 0x93, 0xC0, 0xB5, 0xC2, 0xCC, 0x07, 0x66, 0x23, 0x36, 0xEE, 0x31, 0x77, 0x98,
    0xCF, 0x5D, 0x26, 0x37, 0xD5, 0xE4, 0x88, 0x29, 0x05, 0x6E, 0x95, 0x9C, 0x5C, 0x60, 0x13, 0xD9,
    0x5D, 0xDC, 0x7C, 0x9F, 0x7F, 0xEB, 0xC7, 0xC9, 0x8C, 0x5E, 0xE6, 0xF6, 0x82, 0xA5, 0x0F, 0xAA,
    0xBB, 0x43, 0x91, 0xF0, 0x37, 0x2C, 0x3C, 0xB1, 0xCB, 0x1F, 0xA3, 0x26, 0x45, 0x70, 0x00, 0x52,
    0x29, 0x47, 0x24, 0xD9, 0x24, 0xF4, 0x99, 0x37, 0xFD, 0xDB, 0x84, 0x9F, 0xB3, 0xC3, 0x0C, 0x64,
    0xD9, 0x8B, 0xC4, 0x50, 0x8F, 0xE1, 0x85, 0x3E, 0x9C, 0x4A, 0xED, 0xA1, 0x10, 0x0F, 0x28, 0x65,
    0xCA, 0x14, 0xC9, 0x86, 0x11, 0xC2, 0x61, 0xEC, 0xF3, 0xEF, 0x96, 0xA3, 0x5D, 0x3F, 0x45, 0x3B,
    0x68, 0xD3, 0xA3, 0xC0, 0x49, 0x8A, 0x27, 0x55, 0xCA, 0xDB, 0xF3, 0x0A, 0xD7, 0xCB, 0xEE, 0x7D,
    0x27, 0xEC, 0x34, 0x59, 0x18, 0xE2, 0x5A, 0x30, 0x1F, 0xB9, 0x9E, 0x71, 0x91, 0x8F, 0xCD, 0x1F,
    0xF9, 0xBC, 0xDA, 0xC8, 0x17, 0x04, 0x79, 0x21, 0x0E, 0x06, 0x89, 0x20, 0x4A, 0x36, 0x8A, 0xFF,
    0x22, 0xB6, 0x42, 0xFE, 0xB7, 0xB8, 0xBC, 0x5D, 0x78, 0xDA, 0xDB, 0x3B, 0xBA, 0x9F, 0x75, 0x71,
    0x13, 0x98, 0x55, 0x2B, 0x7E, 0xF5, 0x3C, 0x2A, 0x90, 0x23, 0x90, 0x0E, 0xFB, 0xAA, 0xCC, 0xF1,
    0x78, 0xFE, 0x91, 0x0E, 0x45, 0x84, 0x1D, 0xB9, 0xD7, 0xFB, 0x43, 0xB5, 0xF9, 0x0F, 0x02, 0x94,
    0x7E, 0x28, 0x00, 0x51, 0xF4, 0x19, 0xD9, 0xA6, 0x23, 0x09, 0x9B, 0xC8, 0x60, 0xC8, 0xBB, 0x4C,
    0x98, 0x79, 0xCA, 0x06, 0x4B, 0x56, 0x77, 0x49, 0x0D, 0xA8, 0x1F, 0xEC, 0xAC, 0xB2, 0x6F, 0xA5,
    0xB5, 0x82, 0xE2, 0xA2, 0x7F, 0xBE, 0x28, 0xE8, 0xD8, 0x86, 0x2F, 0xA6, 0xA3, 0xA7, 0xED, 0x28,
    0xDE, 0xF2, 0x21, 0x00, 0x61, 0xE9, 0x49, 0x21, 0xE2, 0xDA, 0x80, 0xE2, 0xE6, 0xF8, 0xDF, 0x06,
    0xFE, 0x03, 0xBF, 0xA2, 0x4C, 0xF6, 0x40, 0x92, 0xAD, 0xB5, 0xC8, 0x9D, 0xDF, 0xE9, 0x53, 0x4A,
    0x3A, 0x1F, 0x35, 0x8D, 0x09, 0xBF, 0xAA, 0xE5, 0x80, 0x48, 0x4D, 0xDE, 0x7E, 0xAB, 0xD5, 0x61,
    0x45, 0xC9, 0x13, 0x13, 0x2D, 0xD5, 0xEC, 0x6B, 0x19, 0xA8, 0x50, 0x9D, 0x2D, 0xC0, 0xEB, 0xDF,
    0x36, 0x70, 0x20, 0x05, 0xBB, 0xF0, 0x38, 0xEA, 0xEC, 0xBB, 0x63, 0x36, 0x72, 0x49, 0x53, 0x90,
    0x9B, 0xCC, 0xD5, 0x90, 0xCC, 0xC3, 0x86, 0xDA, 0xB4, 0x4D, 0x9B, 0x55, 0x87, 0x60, 0x3B, 0xF1,
    0x71, 0x42, 0x27, 0xEF, 0x9E, 0x94, 0xEF, 0xAF, 0xA2, 0x7D, 0x1D, 0x6E, 0xD4, 0x95, 0x1E, 0x56,
    0xE1, 0xBE, 0xBC, 0xA6, 0xAA, 0xAF, 0xFA, 0x0B, 0xBC, 0x41, 0xFB, 0xA1, 0xC4, 0x06, 0x0A, 0x7F,
    0x36, 0xBA, 0xFA, 0x6A, 0xAA, 0x7E, 0xD7, 0x01, 0x02, 0x1C, 0x29, 0xC3, 0xFE, 0x3C, 0x11, 0x9B,
    0x0B, 0xF9, 0x3D, 0xA2, 0xE4, 0xA9, 0x6C, 0xCE, 0xF7, 0x17, 0x55, 0xF9, 0xD5, 0xF9, 0x48, 0xEC,
    0x94, 0x9C, 0x3A, 0xBB, 0x98, 0x1F, 0x09, 0xDD, 0x45, 0x50, 0xDA, 0x85, 0x2E, 0xB4, 0x23, 0x65,
    0xB3, 0x29, 0xD1, 0xA7, 0x58, 0x2C, 0x02, 0xD2, 0x22, 0x22, 0xED, 0x44, 0x38, 0x01, 0x61, 0x09,
    0xE9, 0x1B, 0xD2, 0xF6, 0x07, 0x16, 0x88, 0x2D, 0xF4, 0x85, 0x1D, 0x41, 0x9E, 0x8F, 0x76, 0xE3,
    0x41, 0x8E, 0xC7, 0x10, 0xFF, 0x7E, 0xE9, 0xDB, 0x7C, 0x8C, 0x14, 0x1B, 0x70, 0xB2, 0x8F, 0x74,
    0xF4, 0x04, 0xBA, 0xEF, 0x5A, 0x0A, 0xFF, 0xD4, 0x50, 0x60, 0xEC, 0xCE, 0xD2, 0x20, 0x5B, 0x47,
    0x7F, 0x73, 0xF1, 0xB9, 0x4D, 0xD3, 0xE2, 0xE6, 0x6C, 0x23, 0x36, 0xBE, 0x3D, 0xB9, 0x7A, 0xCC,
    0x4A, 0xE5, 0xC8, 0x45, 0xC9, 0x73, 0xBD, 0x96, 0x58, 0xE3, 0xBD, 0xBC, 0xFF, 0x2F, 0x05, 0x26,
    0x4C, 0xFB, 0xC2, 0xE0, 0x99, 0xF7, 0x4E, 0xF2, 0x1F, 0x07, 0x42, 0x0E, 0x05, 0x77, 0x17, 0x27,
    0x53, 0x72, 0x14, 0x24, 0xC6, 0xD3, 0xAB, 0xE2, 0x41, 0xD0, 0x2B, 0x53, 0x85, 0x5D, 0x6E, 0x39,
    0x6C, 0xB3, 0xC7, 0xFC, 0xD3, 0x36, 0xFD, 0x94, 0x1F, 0xBA, 0xF4, 0xCF, 0xCF, 0xFF, 0xE0, 0x92,
    0x2F, 0x3E, 0xFB, 0xAC, 0x89, 0xBF, 0x39, 0x7F, 0x5E, 0x47, 0xFC, 0x90, 0x6D, 0xC4, 0x77, 0xE1,
    0xD3, 0x99, 0xB8, 0x40, 0x09, 0xC0, 0x72, 0x9A, 0x04, 0x44, 0x12, 0x78, 0xFC, 0xDF, 0x2F, 0x94,
    0xC9, 0xD6, 0x1C, 0x21, 0xC8, 0xD0, 0xDE, 0xDE, 0xFF, 0x35, 0xA6, 0x41, 0x12, 0x20, 0x59, 0xBA,
    0x8A, 0xDD, 0x19, 0xA9, 0x5F, 0xB8, 0x9E, 0xB2, 0xDF, 0xB6, 0x30, 0xE7, 0xCF, 0xCF, 0x3A, 0x4A,
    0xFF, 0xF1, 0x00, 0x89, 0xE0, 0x1C, 0x45, 0x46, 0xD4, 0xE7, 0x0D, 0x5C, 0xA5, 0xE4, 0x91, 0xAD,
    0x24, 0x94, 0x37, 0x25, 0x0F, 0x28, 0x7C, 0x65, 0x43, 0x72, 0x66, 0xF4, 0xCE, 0x3B, 0xD3, 0xEE,
    0xA5, 0x8D, 0x32, 0xB9, 0xCD, 0xAD, 0x2A, 0xD2, 0xA6, 0xA2, 0x04, 0xE9, 0x49, 0x34, 0xF4, 0x58,
    0x22, 0xC6, 0xC8, 0x81, 0xB3, 0xD4, 0xBB, 0x12, 0x73, 0xAF, 0x82, 0x7D, 0x71, 0xE1, 0xE0, 0x1E,
    0xD1, 0x77, 0x8C, 0x2A, 0x25, 0xF5, 0x1A, 0x8B, 0xC7, 0xD2, 0x1F, 0xBA, 0xEC, 0xDC, 0xA5, 0x7F,
    0xAC, 0x91, 0x93, 0x47, 0xF0, 0xD0, 0x10, 0x98, 0x5F, 0x5D, 0xD0, 0xCB, 0x59, 0x5A, 0xE5, 0x44,
    0x8D, 0xC3, 0x06, 0xC9, 0xF4, 0xBF, 0x7A, 0xFF, 0xBD, 0x33, 0x2B, 0xE1, 0x74, 0xCA, 0x26, 0xCF,
    0xA8, 0xA4, 0xA6, 0x7F, 0x89, 0x48, 0x21, 0x9D, 0x5B, 0x80, 0xFF, 0x37, 0x2B, 0x71, 0x7E, 0xE7,
    0xA1, 0x1A, 0xFE, 0x4F, 0x0E, 0x89, 0x25, 0x11, 0xC8, 0xA7, 0xCD, 0x78, 0xD0, 0x28, 0xE3, 0xF4,
    0x04, 0x53, 0x98, 0x2E, 0x7D, 0x98, 0xAE, 0x47, 0x6C, 0xCE, 0xB7, 0x46, 0xA6, 0x97, 0x12, 0xE9,
    0x90, 0x73, 0x63, 0x9A, 0x5A, 0x1C, 0x08, 0x7B, 0x6B, 0x15, 0x2D, 0xB8, 0xFD, 0x1D, 0x90, 0x6F,
    0x45, 0x5A, 0xD4, 0xD2, 0x02, 0xD5, 0x3A, 0xDA, 0x2B, 0x42, 0xCC, 0x2E, 0x3C, 0xF8, 0xC8, 0x5A,
    0x2C, 0x47, 0xD6, 0xB5, 0x6C, 0xA0, 0xC6, 0xCA, 0x41, 0x6C, 0x90, 0xE4, 0xAE, 0xA4, 0xF5, 0xED,
    0x7F, 0xBD, 0x59, 0x31, 0x8F, 0xDC, 0xC6, 0x15, 0x7E, 0x24, 0x85, 0xA5, 0x25, 0x22, 0xA0, 0x8A,
    0x0B, 0xA0, 0x20, 0x07, 0x50, 0x85, 0x0A, 0x15, 0x91, 0xE8, 0x22, 0x45, 0x02, 0x58, 0x37, 0x94,
    0x52, 0xBA, 0xD0, 0x0F, 0x48, 0x63, 0x20, 0x4D, 0x9A, 0x58, 0x2E, 0x54, 0xB8, 0xB8, 0x98, 0x14,
    0x54, 0xB8, 0x0A, 0x70, 0x3F, 0x20, 0x88, 0x8D, 0xA4, 0x75, 0xBA, 0x14, 0x2E, 0x6E, 0x97, 0x73,
    0xB8, 0x52, 0x45, 0x08, 0xA9, 0x54, 0xC3, 0x24, 0x82, 0x93, 0x2E, 0x0C, 0xC2, 0x44, 0x9B, 0x80,
    0xCB, 0xC9, 0xF7, 0xBD, 0xE1, 0x5D, 0x24, 0xDF, 0xE9, 0xB4, 0xE7, 0x3D, 0x78, 0x77, 0xE6, 0xCD,
    0x1E, 0x39, 0x9C, 0xF7, 0x66, 0xDE, 0xCC, 0xF7, 0xBE, 0xC7, 0x13, 0x09, 0x7A, 0x91, 0x60, 0x29,
    0xE5, 0x57, 0x7D, 0xEC, 0x5C, 0x97, 0x39, 0xD7, 0x98, 0x26, 0x6F, 0xCB, 0x22, 0xE9, 0x6A, 0x89,
    0xFA, 0x11, 0x75, 0x25, 0xD1, 0x92, 0x2D, 0xFF, 0xE6, 0x75, 0xDE, 0x47, 0x3F, 0x8B, 0xFE, 0x22,
    0xF5, 0x0B, 0x11, 0x49, 0x2B, 0xAD, 0xF5, 0x67, 0x05, 0xAF, 0x65, 0x6E, 0x25, 0xF9, 0xC1, 0x4A,
    0x4C, 0xB1, 0x10, 0x23, 0xA5, 0xB6, 0xF9, 0xC1, 0x88, 0xEB, 0x83, 0xC4, 0xAE, 0x97, 0xA0, 0x46,
    0x77, 0x91, 0x01, 0x7A, 0x87, 0x5A, 0xCC, 0x12, 0xB5, 0x45, 0x2D, 0xCE, 0xAA, 0x18, 0x45, 0x4C,
    0xE5, 0x24, 0x77, 0xA3, 0xA4, 0x6E, 0x29, 0x81, 0xDB, 0xA3, 0xDE, 0x42, 0x24, 0x2B, 0x16, 0x91,
    0x93, 0x45, 0x34, 0xA0, 0x76, 0x27, 0x6A, 0x19, 0x77, 0x62, 0x5C, 0x87, 0xE7, 0x3A, 0xE8, 0xE6,
    0x33, 0x22, 0x5B, 0x5B, 0xDA, 0xEC, 0xEC, 0x6A, 0x93, 0xF5, 0xDA, 0xC4, 0x8D, 0x36, 0x41, 0x85,
    0xAE, 0x15, 0x66, 0xD1, 0x94, 0x6E, 0xE9, 0x1B, 0xA7, 0x4D, 0xE0, 0x2A, 0x29, 0x2B, 0x98, 0x61,
    0x65, 0xC4, 0x9C, 0x32, 0x0B, 0x85, 0xA5, 0xA4, 0x4D, 0xD2, 0x69, 0x93, 0x35, 0xDA, 0x98, 0x4A,
    0xEF, 0xD5, 0xC2, 0x69, 0x1F, 0x60, 0x86, 0x78, 0xEE, 0x27, 0x4B, 0x34, 0x6E, 0x4C, 0x9C, 0x6B,
    0x31, 0x66, 0x8A, 0x06, 0x1A, 0xD8, 0x50, 0xDF, 0xF5, 0xEB, 0x94, 0xFB, 0x4B, 0x5C, 0x12, 0xD3,
    0xE1, 0xBE, 0xA4, 0x16, 0x2A, 0x25, 0x14, 0xD5, 0xC8, 0x61, 0x0E, 0x9D, 0xC3, 0x98, 0x2A, 0xD3,
    0x67, 0x6E, 0xA4, 0x9A, 0x70, 0xA9, 0xAA, 0x5B, 0xEA, 0xCA, 0xD5, 0xA8, 0x92, 0xFD, 0xEF, 0x0E,
    0x54, 0x14, 0xA1, 0xA7, 0xDA, 0xEE, 0x27, 0x82, 0xE1, 0xC3, 0x10, 0xE2, 0x8B, 0xF8, 0xB9, 0xC5,
    0xA2, 0x87, 0x4E, 0x97, 0x7E, 0x5F, 0xE5, 0x0D, 0xEF, 0x06, 0x09, 0xC6, 0x21, 0x77, 0x7D, 0xE2,
    0x28, 0x33, 0xCA, 0xCE, 0xD8, 0x41, 0xB2, 0xC6, 0x14, 0x03, 0xD6, 0xDE, 0xA0, 0x0F, 0xBD, 0x39,
    0x44, 0xBD, 0x98, 0x66, 0x48, 0x1B, 0xD1, 0x3E, 0xEC, 0x6F, 0x5C, 0x1F, 0xD4, 0x7F, 0x83, 0x2C,
    0x31, 0x0A, 0xBD, 0xB4, 0x91, 0xAC, 0x6A, 0xD8, 0xFF, 0x2F, 0x98, 0x5C, 0xBA, 0x97, 0xD8, 0x43,
    0xA5, 0xEB, 0x6B, 0x5D, 0xA4, 0x5D, 0xDC, 0x1B, 0xA7, 0xCA, 0xDF, 0x58, 0x15, 0x59, 0x9D, 0x59,
    0x5D, 0x7F, 0x5C, 0xD1, 0x1D, 0x35, 0xC3, 0x34, 0x73, 0x38, 0x22, 0x6F, 0x3E, 0x0C, 0xDB, 0x45,
    0xD4, 0xB3, 0xE0, 0x87, 0x70, 0x93, 0x9C, 0x2C, 0x75, 0xD4, 0x95, 0xCF, 0x3A, 0x73, 0xD8, 0x25,
    0x87, 0xD8, 0x36, 0x9D, 0xD4, 0x9D, 0xB8, 0x46, 0x6A, 0xD8, 0x98, 0x5A, 0x9A, 0x5A, 0xF9, 0xA6,
    0xF1, 0x4D, 0xE7, 0x9B, 0xC1, 0x37, 0x0B, 0xDF, 0x98, 0xFB, 0xDA, 0xA4, 0x7F, 0xD4, 0x26, 0xF9,
    0xBB, 0x36, 0x91, 0xD3, 0x46, 0xA6, 0xA6, 0xB6, 0x7B, 0xB5, 0x6E, 0x14, 0x4E, 0x99, 0x2E, 0x5E,
    0x71, 0x13, 0x59, 0x3F, 0x69, 0xCE, 0x34, 0xB5, 0x23, 0x75, 0x8D, 0xD4, 0xB4, 0xAB, 0x7A, 0xA8,
    0x65, 0x4E, 0x1D, 0x73, 0x6A, 0x98, 0x73, 0xFC, 0x39, 0x47, 0x9F, 0x73, 0xEC, 0x39, 0x47, 0x9E,
    0x73, 0xDC, 0x39, 0xF7, 0xC4, 0x9C, 0xDB, 0x63, 0xCE, 0x51, 0xB8, 0x08, 0x5C, 0x05, 0x5D, 0x06,
    0x5D, 0x07, 0xC9, 0xA9, 0xE4, 0xB6, 0xF8, 0xC5, 0x9C, 0x84, 0xFE, 0x89, 0x5B, 0x23, 0x0E, 0x5B,
    0xED, 0x2C, 0x45, 0x6B, 0x64, 0x81, 0x13, 0xCF, 0x65, 0x7A, 0x9B, 0xC0, 0xA7, 0xE6, 0x99, 0x1C,
    0x29, 0xA8, 0x27, 0x6D, 0xFD, 0xFE, 0xDE, 0x87, 0x3E, 0xD3, 0x09, 0xD7, 0x4E, 0x42, 0xAF, 0x02,
    0xBB, 0x17, 0x7A, 0x3A, 0x7F, 0xBD, 0xC6, 0xFD, 0xD5, 0x00, 0x30, 0x58, 0x49, 0x88, 0x8D, 0xC4,
    0xB1, 0xE2, 0x36, 0xE7, 0x11, 0xB1, 0xA8, 0x4D, 0x8E, 0xA3, 0x62, 0x8A, 0xB8, 0x2B, 0x15, 0x82,
    0xC2, 0x21, 0xBC, 0x57, 0x44, 0xCF, 0x6D, 0xE8, 0x0A, 0x99, 0x8B, 0xEE, 0x60, 0x49, 0xC6, 0x22,
    0x75, 0x4D, 0xEA, 0xBA, 0x4B, 0x51, 0x37, 0x73, 0x1D, 0xB6, 0xA6, 0x89, 0xB4, 0xB8, 0x1E, 0xBF,
    0x63, 0xD7, 0x5E, 0xBF, 0x3E, 0xEF, 0x4D, 0x9B, 0x5A, 0x6A, 0xCF, 0xEC, 0x59, 0xDF, 0xAD, 0xAD,
    0x9D, 0xDD, 0xAC, 0x8F, 0x5B, 0xE0, 0x80, 0x24, 0xED, 0x69, 0x5F, 0x9D, 0xD2, 0x7F, 0x00, 0x1A,
    0xA6, 0xF5, 0xC0, 0x77, 0x34, 0xA5, 0xF2, 0x85, 0x78, 0xF4, 0xC3, 0xCA, 0x9D, 0x17, 0x41, 0xAB,
    0x2A, 0x7C, 0xD9, 0x08, 0x31, 0x40, 0xE4, 0x1D, 0x1D, 0xAD, 0xC6, 0xD9, 0xD5, 0xB3, 0x78, 0xB0,
    0x02, 0x7E, 0x02, 0x46, 0x21, 0xF1, 0x1B, 0x57, 0x62, 0x9E, 0xB9, 0x0A, 0x8F, 0x48, 0xF8, 0x4F,
    0x98, 0x80, 0xBD, 0xC4, 0xA7, 0xA6, 0xC7, 0xE4, 0x6D, 0x40, 0x7A, 0x16, 0xA0, 0xCE, 0x66, 0x92,
    0x7E, 0x26, 0xF1, 0xC8, 0x78, 0x20, 0x1F, 0x70, 0xB4, 0x53, 0x4F, 0x07, 0x30, 0xD5, 0x70, 0x95,
    0x3B, 0x00, 0x6A, 0x00, 0xF5, 0xAC, 0xFC, 0x84, 0x4F, 0x1B, 0x89, 0xFE, 0xD2, 0x6A, 0xBB, 0xA9,
    0x29, 0x89, 0x63, 0xE1, 0x46, 0x49, 0x25, 0xBD, 0x5F, 0x40, 0xAE, 0x63, 0x8D, 0xFA, 0x82, 0x41,
    0x21, 0x07, 0xA0, 0xFF, 0xBC, 0x93, 0xF4, 0xA0, 0x97, 0xB8, 0xE8, 0x36, 0xB6, 0x86, 0x8B, 0x8B,
    0x21, 0xDF, 0x13, 0xE9, 0xE5, 0xD6, 0xEF, 0xEC, 0x4E, 0x6C, 0x6F, 0x45, 0x76, 0x2D, 0x83, 0x7E,
    0x0B, 0x63, 0xEA, 0x42, 0xE2, 0x5F, 0x77, 0x92, 0x58, 0x18, 0x53, 0x5D, 0x80, 0x31, 0x22, 0x57,
    0xAE, 0x48, 0xFC, 0x1B, 0x7A, 0xE9, 0xD6, 0xCF, 0xCE, 0x63, 0x0C, 0x63, 0xCD, 0x1F, 0x50, 0x7F,
    0x89, 0xD5, 0xF9, 0xD5, 0xC5, 0x19, 0x84, 0x45, 0x4F, 0xAC, 0x44, 0x70, 0x7A, 0x77, 0x3E, 0x83,
    0x70, 0x6E, 0x33, 0xD7, 0x62, 0x98, 0x4B, 0x31, 0xF0, 0x02, 0xC1, 0x64, 0x65, 0x10, 0x52, 0xEE,
    0x22, 0xB6, 0x20, 0x4C, 0xB6, 0x3C, 0xE1, 0x66, 0x82, 0x08, 0x7E, 0x1E, 0x3E, 0x44, 0x9F, 0xC1,
    0xB7, 0x1B, 0x42, 0x48, 0xE4, 0x0A, 0x14, 0x46, 0xFD, 0x4F, 0xAB, 0xE4, 0x89, 0x85, 0x5C, 0x07,
    0x45, 0xC4, 0xF0, 0xD4, 0x7B, 0xBA, 0x80, 0x6D, 0xE5, 0x01, 0x8D, 0xED, 0x45, 0x59, 0x23, 0x1F,
    0x0B, 0x03, 0xF3, 0xC7, 0x6B, 0x61, 0x1A, 0x54, 0xE9, 0x01, 0xF1, 0xD2, 0x7F, 0x8C, 0x23, 0xF8,
    0x3A, 0xCA, 0x40, 0x65, 0xE4, 0x78, 0x14, 0x93, 0xE7, 0x94, 0xE9, 0x13, 0x4A, 0xF3, 0xBE, 0x23,
    0x2D, 0x49, 0x28, 0x57, 0x94, 0xA1, 0x63, 0x9F, 0x48, 0x65, 0xAA, 0x32, 0x6B, 0xC0, 0x55, 0xE0,
    0x65, 0xCA, 0x5A, 0x28, 0xE1, 0x6E, 0x99, 0xC4, 0xF1, 0x27, 0x19, 0x93, 0x25, 0x1F, 0x70, 0x05,
    0x85, 0xBD, 0x14, 0x2D, 0x53, 0x3B, 0x73, 0x7E, 0x7A, 0xE0, 0x90, 0x21, 0xD7, 0x2A, 0x58, 0x05,
    0xB0, 0xC9, 0xB9, 0x8A, 0xD7, 0xAA, 0x78, 0xFC, 0xE9, 0x58, 0x48, 0xB9, 0x9C, 0x60, 0x12, 0x51,
    0xA6, 0xB9, 0x2C, 0x65, 0xE1, 0xC3, 0xC6, 0x28, 0xDF, 0x55, 0x92, 0x01, 0xFA, 0x82, 0xF0, 0xEB,
    0xBA, 0xB2, 0x00, 0xF1, 0x00, 0x01, 0x01, 0x4C, 0x92, 0x54, 0x16, 0x52, 0xFF, 0x17, 0xC4, 0xF1,
    0x85, 0xD0, 0x64, 0x12, 0x49, 0x12, 0x14, 0x93, 0xB8, 0x42, 0xEB, 0xA3, 0x01, 0xC6, 0x0D, 0xB0,
    0x06, 0xD3, 0x19, 0x07, 0x25, 0x35, 0x97, 0x22, 0xFE, 0xDD, 0xA3, 0x6F, 0x8B, 0x67, 0x8A, 0x29,
    0x12, 0xF5, 0x27, 0x23, 0xD1, 0x1B, 0xED, 0x11, 0x6F, 0xCF, 0xD1, 0xC6, 0x3F, 0xC5, 0x1E, 0x60,
    0x70, 0xF0, 0xB2, 0x45, 0xB8, 0x3D, 0x86, 0x6D, 0x58, 0x08, 0x03, 0x61, 0x1F, 0xCC, 0x03, 0x61,
    0x02, 0x73, 0x82, 0x6D, 0x30, 0x0D, 0x96, 0xA9, 0x61, 0x03, 0xCC, 0x4A, 0x89, 0xEB, 0x1D, 0x6D,
    0x02, 0x84, 0x47, 0x7F, 0xC5, 0x82, 0x93, 0xE8, 0xED, 0xE0, 0xE9, 0x6B, 0x93, 0x45, 0x30, 0xA2,
    0x0C, 0xC0, 0x32, 0x23, 0xD0, 0x72, 0x04, 0xD1, 0x92, 0xAC, 0x12, 0xF6, 0x94, 0x74, 0x1C, 0xA2,
    0x78, 0x09, 0x1B, 0xCB, 0x1C, 0x5C, 0x20, 0x25, 0xBF, 0x45, 0x9F, 0x90, 0xBC, 0x81, 0x14, 0xC2,
    0xD8, 0x1F, 0x3D, 0x94, 0xBC, 0x97, 0x48, 0x09, 0xF6, 0x87, 0x38, 0x82, 0xAF, 0x96, 0xB8, 0x5F,
    0x64, 0xCD, 0xA2, 0x2C, 0xEA, 0x15, 0x77, 0x28, 0xE4, 0xA2, 0x96, 0x85, 0xB1, 0x8B, 0xB4, 0x41,
    0x88, 0x5F, 0x50, 0xD9, 0x37, 0x8D, 0x60, 0x58, 0xD6, 0xD8, 0x4E, 0x69, 0x00, 0x7F, 0xF7, 0x67,
    0xC5, 0xAF, 0x84, 0xF1, 0xCB, 0x12, 0x4F, 0x41, 0xC0, 0xF9, 0xC3, 0x0A, 0x80, 0x44, 0xEB, 0x46,
    0x61, 0xF4, 0xA4, 0x11, 0xD8, 0x46, 0x28, 0x93, 0x9F, 0xCF, 0x63, 0x50, 0xF0, 0xA8, 0xA2, 0x63,
    0xE0, 0x97, 0x4F, 0x26, 0xAF, 0x28, 0x36, 0x11, 0x9E, 0x48, 0x07, 0x33, 0x4B, 0xBE, 0xE4, 0x9A,
    0x80, 0xFB, 0x6D, 0xA5, 0x7B, 0x65, 0xF1, 0xE3, 0x60, 0xC4, 0xDD, 0x92, 0xAC, 0xB8, 0x3A, 0x19,
    0x47, 0x39, 0x2F, 0xD2, 0x7F, 0x94, 0x06, 0x27, 0x0B, 0xEE, 0x08, 0x07, 0x76, 0x20, 0x21, 0xCC,
    0x5A, 0x8E, 0x19, 0x77, 0x57, 0x53, 0xF0, 0xFF, 0x16, 0xBC, 0xEB, 0xC1, 0xEA, 0x94, 0x48, 0x1C,
    0x2E, 0xDF, 0x52, 0xE0, 0x3F, 0x60, 0x53, 0x89, 0x2D, 0xF1, 0x2D, 0xA6, 0x30, 0x4C, 0x5B, 0x78,
    0x6B, 0xA9, 0x92, 0xF8, 0x70, 0x71, 0x69, 0xCB, 0x17, 0x32, 0x65, 0x89, 0xA7, 0xC8, 0xCD, 0x13,
    0x16, 0x1C, 0x5E, 0xA0, 0x5E, 0x4B, 0x96, 0x07, 0xC4, 0xC3, 0xEF, 0xEF, 0x5C, 0x00, 0x1E, 0x60,
    0x4C, 0x0C, 0x89, 0x11, 0xB3, 0xC2, 0x8F, 0x77, 0x2E, 0x3C, 0x28, 0x25, 0xD7, 0xA5, 0x7B, 0x5D,
    0x9A, 0xD7, 0x25, 0x70, 0xF4, 0x6B, 0x52, 0xB8, 0x94, 0x90, 0x5C, 0x4C, 0x2C, 0x01, 0x71, 0x20,
    0xD5, 0x4C, 0x82, 0x50, 0x59, 0xC2, 0x84, 0x46, 0x66, 0xF4, 0x3C, 0x9C, 0x54, 0xF2, 0x7A, 0xC0,
    0x1E, 0xFC, 0x9A, 0xA9, 0xF2, 0x8B, 0x0D, 0x11, 0xE0, 0x1E, 0x20, 0xBD, 0x2C, 0x81, 0x38, 0xEC,
    0x4F, 0xA4, 0xD9, 0xF3, 0x99, 0xC1, 0xAB, 0x55, 0x59, 0xC4, 0x72, 0xCA, 0x27, 0x72, 0x92, 0x91,
    0x23, 0xD4, 0x42, 0xE6, 0x8A, 0x64, 0x85, 0xB9, 0x0A, 0x53, 0x15, 0x66, 0x2A, 0x4C, 0x54, 0x98,
    0xA7, 0x30, 0x4D, 0x61, 0x96, 0xC2, 0x24, 0x85, 0x39, 0x0A, 0x53, 0x14, 0xEF, 0xFE, 0xCC, 0xF2,
    0xB9, 0xA0, 0xE0, 0xD1, 0xC5, 0x29, 0xE0, 0xC0, 0x3F, 0x9C, 0x72, 0x10, 0x9C, 0x04, 0xE4, 0x1F,
    0x0A, 0x4D, 0xA7, 0x14, 0x09, 0xAC, 0x0F, 0xBA, 0x47, 0x7E, 0x23, 0xA6, 0xFF, 0xA0, 0xF5, 0x95,
    0xC9, 0x0D, 0x71, 0xBE, 0x84, 0x9B, 0x35, 0xD0, 0x21, 0x10, 0x0F, 0x44, 0x8E, 0x12, 0x4A, 0x4C,
    0x91, 0x4C, 0xC1, 0x38, 0xF3, 0xD1, 0xAA, 0x7B, 0x35, 0x18, 0xCB, 0x65, 0x91, 0x2F, 0x45, 0x3C,
    0x83, 0xDD, 0x97, 0xE0, 0x09, 0x8B, 0xA6, 0xCB, 0xEB, 0x84, 0x64, 0x5D, 0x1C, 0xC5, 0x91, 0xA3,
    0xED, 0x1A, 0x29, 0xFE, 0x84, 0xD5, 0xB7, 0x10, 0xA4, 0x7D, 0x08, 0xCA, 0x8E, 0xD3, 0x39, 0x05,
    0xD4, 0xCF, 0x37, 0x0C, 0xD7, 0x61, 0xE1, 0xDF, 0x8D, 0x28, 0xBF, 0xC1, 0x38, 0xDB, 0x82, 0xE0,
    0xF3, 0x55, 0x4B, 0x40, 0xF1, 0x10, 0x6D, 0x00, 0xD1, 0x08, 0xD9, 0xE1, 0xCB, 0x7E, 0x8C, 0x9F,
    0xF5, 0xAB, 0xF4, 0xF1, 0x72, 0xC4, 0x9A, 0xD4, 0xFB, 0x58, 0xEC, 0x1E, 0x10, 0xDD, 0x7A, 0x88,
    0xC6, 0xB0, 0x72, 0x07, 0xD0, 0x7E, 0x89, 0xB6, 0xCC, 0x94, 0xA4, 0x1B, 0x4D, 0xE0, 0x3E, 0xF2,
    0xE0, 0xFC, 0xFB, 0x58, 0x8F, 0x49, 0x7E, 0xB8, 0x32, 0xE9, 0xC2, 0xEC, 0x94, 0xE6, 0xCB, 0x4F,
    0xF2, 0x7F, 0x10, 0x9C, 0x71, 0x3A, 0x6E, 0xD7, 0x15, 0x1E, 0x0B, 0x6C, 0x23, 0xE1, 0x9F, 0xB1,
    0x9A, 0x3D, 0xE6, 0xB5, 0x0B, 0x2A, 0x7E, 0xF3, 0xDA, 0xC6, 0xCC, 0x6B, 0x7B, 0x5B, 0x76, 0x72,
    0xA4, 0x18, 0x45, 0x7C, 0x68, 0xC3, 0xBB, 0xEB, 0x91, 0x40, 0xC0, 0x24, 0x31, 0x42, 0x96, 0xBB,
    0x1B, 0xAB, 0x0F, 0x18, 0x00, 0xAA, 0xE4, 0x53, 0xBB, 0x8E, 0xE2, 0xED, 0xCB, 0x72, 0x1B, 0xB6,
    0xDE, 0xAF, 0x68, 0xEB, 0xA3, 0x09, 0x76, 0xA7, 0xA2, 0x0E, 0x67, 0x01, 0x6F, 0xF2, 0xE5, 0xFF,
    0x57, 0x06, 0x5F, 0x66, 0xB1, 0xA4, 0xEF, 0xE3, 0xD9, 0x26, 0xFC, 0x53, 0x27, 0x7B, 0x9F, 0x1F,
    0x45, 0xC4, 0x0E, 0x48, 0x94, 0x57, 0xC3, 0x14, 0xDE, 0xE0, 0x94, 0xE6, 0x6A, 0x46, 0xA0, 0x5C,
    0x02, 0xB9, 0x60, 0x5E, 0x7C, 0x64, 0xDE, 0xB9, 0x74, 0x21, 0xE3, 0x09, 0x5D, 0x13, 0x3D, 0x6D,
    0xD7, 0xD1, 0x72, 0x73, 0x5B, 0xEE, 0xEC, 0x48, 0x96, 0x0A, 0x14, 0x45, 0xF7, 0x48, 0x83, 0x83,
    0xE1, 0x1C, 0xE5, 0xC6, 0x4D, 0xD9, 0xBD, 0x23, 0xB7, 0x33, 0xCE, 0x2E, 0x8C, 0x8A, 0x75, 0x22,
    0x65, 0xD2, 0xE7, 0xAB, 0x3B, 0xB7, 0xB1, 0xAD, 0xBB, 0xB3, 0xBE, 0x49, 0x6B, 0x06, 0x8C, 0xFC,
    0x86, 0xB7, 0x00, 0xE1, 0xBD, 0x4A, 0xB0, 0x98, 0xC2, 0xD5, 0x94, 0x1E, 0x80, 0xF1, 0xEE, 0x8D,
    0x8D, 0xDF, 0x02, 0xBC, 0xC1, 0x45, 0x67, 0xBE, 0x05, 0xC8, 0x1B, 0xCF, 0x7C, 0x68, 0xC2, 0xA6,
    0x2F, 0x21, 0xBE, 0xEE, 0xB5, 0xB3, 0x14, 0x5F, 0xDB, 0x16, 0xE1, 0x1A, 0xE2, 0xEC, 0x48, 0xFC,
    0xD8, 0x0A, 0x4F, 0x4F, 0x4E, 0x76, 0x8F, 0xC8, 0xCA, 0x1D, 0xE0, 0x39, 0xE9, 0xE8, 0x6B, 0x38,
    0xFA, 0x6B, 0x7A, 0xEF, 0x55, 0xDE, 0x3A, 0x4C, 0xBC, 0xB5, 0x2C, 0x3E, 0xBA, 0x21, 0xFB, 0xBB,
    0x1C, 0x11, 0x03, 0xCE, 0x94, 0x9A, 0xCF, 0x5C, 0x91, 0xFB, 0x52, 0xC9, 0xA9, 0x25, 0x50, 0xE8,
    0xB4, 0x92, 0x3C, 0xB6, 0xD3, 0x6B, 0xAB, 0x6F, 0xAE, 0x9E, 0xCE, 0x7E, 0x0F, 0x14, 0xFC, 0xFB,
    0xAB, 0x1A, 0xDF, 0x85, 0xBC, 0xFE, 0xBD, 0x12, 0x0B, 0x0F, 0x1E, 0x1C, 0x6E, 0xBD, 0xC3, 0x9B,
    0xBD, 0x8D, 0x93, 0xE6, 0x77, 0x5F, 0x9D, 0x70, 0xB4, 0xDE, 0xDB, 0x0D, 0x70, 0x11, 0x78, 0x48,
    0xA2, 0xA7, 0x17, 0x90, 0xB3, 0x33, 0x18, 0xA8, 0xF7, 0xD6, 0x7A, 0xC9, 0x03, 0x60, 0x5A, 0x92,
    0x64, 0x55, 0x1F, 0xE8, 0xE9, 0x95, 0x74, 0x44, 0xCA, 0xDA, 0xCA, 0x83, 0x81, 0x11, 0x53, 0x56,
    0xDF, 0x0B, 0x34, 0x73, 0x57, 0xF2, 0x4B, 0xCB, 0xEE, 0xF0, 0x1D, 0x03, 0xEE, 0x04, 0x3D, 0x0C,
    0x06, 0xAE, 0x21, 0xA0, 0x14, 0xE6, 0xAE, 0x18, 0xE6, 0xFB, 0x76, 0x56, 0xDB, 0x2D, 0xD0, 0x4C,
    0xC6, 0x84, 0x2A, 0xD7, 0x37, 0x93, 0xD2, 0xB3, 0x27, 0x68, 0x68, 0xD2, 0x20, 0xEA, 0xBB, 0xE2,
    0xA8, 0xEA, 0x7B, 0xAD, 0xF3, 0x54, 0x7D, 0xAD, 0xEF, 0x2B, 0xD8, 0x8C, 0xFE, 0x6B, 0xE3, 0x17,
    0xEA, 0xC1, 0xFA, 0x35, 0xBF, 0xD6, 0x20, 0x37, 0x66, 0x4C, 0x56, 0x24, 0x80, 0x51, 0x9B, 0x35,
    0x59, 0x91, 0x71, 0x8B, 0xC0, 0xA0, 0x6E, 0x0B, 0x9B, 0x23, 0xD2, 0x77, 0xBE, 0x19, 0x28, 0x99,
    0xC5, 0x7C, 0x12, 0x62, 0x7E, 0x4F, 0x7A, 0x1D, 0xEA, 0x6C, 0xF1, 0x23, 0xF7, 0x44, 0xBD, 0xC0,
    0xA1, 0x79, 0x40, 0x52, 0x85, 0xA0, 0x59, 0x5D, 0xC5, 0x8E, 0x04, 0xB3, 0x18, 0x05, 0xC3, 0x32,
    0xB7, 0x43, 0x56, 0x03, 0x46, 0x92, 0x59, 0x9C, 0x15, 0x46, 0xE8, 0x41, 0x16, 0x15, 0xF3, 0x45,
    0x09, 0xFE, 0xDD, 0x69, 0x92, 0xA1, 0xC1, 0xF4, 0x9D, 0x23, 0xEA, 0x44, 0x0A, 0x77, 0x4A, 0x45,
    0x14, 0x3E, 0xAE, 0x6F, 0xE8, 0x73, 0x46, 0xC2, 0x57, 0xBF, 0x8D, 0x43, 0xFD, 0x0F, 0x0D, 0xCC,
    0x21, 0x0E, 0xC2, 0x30, 0x18, 0x06, 0xD0, 0xAF, 0x59, 0x96, 0x25, 0x4C, 0x14, 0xD1, 0xE9, 0xDA,
    0x41, 0xC2, 0x76, 0x81, 0x8E, 0xF6, 0x08, 0x88, 0x1E, 0x80, 0x43, 0xCC, 0x90, 0xAC, 0xE9, 0x6E,
    0xC0, 0x39, 0x50, 0x58, 0x0C, 0xF0, 0x1F, 0x81, 0x23, 0xD4, 0x61, 0x11, 0x08, 0x44, 0xD7, 0xB1,
    0x3C, 0xFF, 0xDA, 0xB1, 0x0C, 0xEC, 0x0B, 0x51, 0x86, 0x76, 0x74, 0x38, 0x20, 0x8B, 0xE0, 0x33,
    0x34, 0x27, 0xC1, 0xCC, 0x2A, 0x33, 0x7A, 0x36, 0xA7, 0x84, 0xB5, 0x80, 0x9F, 0xFC, 0x54, 0x59,
    0x00, 0x1F, 0x8E, 0x67, 0x42, 0xFB, 0x03, 0x33, 0x50, 0x0F, 0x87, 0xBA, 0x76, 0x4E, 0x29, 0x20,
    0x87, 0xA6, 0x3E, 0xF4, 0x41, 0x53, 0x8E, 0xE2, 0x1D, 0xF8, 0x79, 0x6C, 0x1A, 0x08, 0x81, 0xAE,
    0x20, 0x79, 0x35, 0x45, 0x02, 0xB3, 0x28, 0x83, 0x8E, 0x43, 0x27, 0xB1, 0x5F, 0xDC, 0x11, 0x97,
    0x6D, 0x33, 0xDC, 0x8E, 0x12, 0x92, 0xB2, 0x97, 0x27, 0x6F, 0x18, 0x38, 0x76, 0x50, 0xCB, 0xC4,
    0xA9, 0xB2, 0x3A, 0x6D, 0x2F, 0x7F, 0xB5, 0x5A, 0x3B, 0x93, 0xE5, 0x56, 0xB5, 0x5E, 0x92, 0xEC,
    0x16, 0xA0, 0x72, 0x69, 0x82, 0x1B, 0x60, 0x08, 0x44, 0x40, 0x00, 0x09, 0x4A, 0x48, 0x5C, 0xD5,
    0xE3, 0x2D, 0x7B, 0x02, 0x02, 0x02, 0xC8, 0x49, 0xFC, 0x0B, 0x98, 0xD4, 0x54, 0xCD, 0x1C, 0xC9,
    0x10, 0x38, 0xED, 0x7F, 0x00, 0xFF, 0x00, 0x57, 0xDD, 0x1B, 0x74, 0x15, 0x6E, 0x6D, 0xCD, 0x38,
    0x70, 0xD0, 0xC1, 0x95, 0x21, 0x20, 0x20, 0xB0, 0xB0, 0x27, 0x23, 0xB0, 0x66, 0x4A, 0x85, 0xD5,
    0x46, 0xD2, 0xE6, 0xFB, 0xF6, 0x96, 0xCE, 0xA3, 0x1F, 0xD3, 0x7D, 0xE6, 0x40, 0xF7, 0x5E, 0xEB,
    0x48, 0x5B, 0x8F, 0xFD, 0x5A, 0xEB, 0x5B, 0x8F, 0x2D, 0x39, 0x11, 0xBF, 0x15, 0x6F, 0x10, 0x59,
    0x89, 0xBC, 0x21, 0xF8, 0xCB, 0x4D, 0x3F, 0x17, 0x1C, 0xBB, 0x62, 0xDA, 0xB9, 0x6C, 0x6A, 0x06,
    0x57, 0xE2, 0x9F, 0x55, 0xC9, 0x79, 0x0D, 0x2E, 0xB2, 0xF7, 0xB3, 0xDA, 0x98, 0x4C, 0x36, 0x4C,
    0x4A, 0xBE, 0xC1, 0x32, 0x6D, 0x4E, 0xC8, 0x7A, 0xB2, 0x89, 0x75, 0x9A, 0x4C, 0xAD, 0x19, 0x4F,
    0x13, 0x5E, 0x48, 0x06, 0xB2, 0x46, 0xE4, 0x5B, 0x22, 0xA9, 0x1D, 0x02, 0x9E, 0xF9, 0xC3, 0x0D,
    0x3D, 0xB9, 0xB9, 0x88, 0xEE, 0x25, 0x34, 0x46, 0x12, 0x90, 0xAA, 0xDF, 0xB4, 0x55, 0xEC, 0x88,
    0x31, 0xCD, 0x9A, 0x26, 0x71, 0xB7, 0xAA, 0xFA, 0x7B, 0xF6, 0xBE, 0xD0, 0x76, 0xBC, 0x17, 0xCF,
    0xD4, 0xB1, 0xE9, 0x53, 0xD3, 0xAA, 0xE2, 0x3D, 0x95, 0xE1, 0xB2, 0xC4, 0x53, 0x16, 0xE0, 0x81,
    0x87, 0x83, 0xF8, 0xE8, 0xDE, 0xF8, 0xA6, 0x37, 0x2A, 0x33, 0x28, 0xD3, 0x45, 0xA6, 0xC8, 0x77,
    0xFF, 0x8E, 0x13, 0x29, 0x55, 0x06, 0x8E, 0xBF, 0xB0, 0xDD, 0xA3, 0x48, 0xD4, 0xBC, 0xAC, 0xC4,
    0xCD, 0x0F, 0x93, 0x3A, 0x37, 0x95, 0x36, 0x59, 0x72, 0x81, 0x2E, 0x9B, 0x41, 0x2E, 0x71, 0x6F,
    0xC3, 0x73, 0x8F, 0x73, 0x0C, 0x6E, 0x6A, 0x29, 0xC1, 0x5B, 0x99, 0xBC, 0x21, 0xEC, 0x65, 0xF4,
    0x06, 0xBF, 0xF7, 0x07, 0xF2, 0xA8, 0x67, 0x8D, 0x6E, 0x79, 0x35, 0xAF, 0x78, 0xE7, 0x63, 0xCC,
    0xD9, 0x88, 0xF9, 0x48, 0x0B, 0xB9, 0x99, 0x1B, 0xBE, 0x92, 0x7C, 0xB4, 0xDC, 0xD8, 0x7A, 0x9D,
    0x91, 0xAB, 0x62, 0xC3, 0x6D, 0x8D, 0xBB, 0x8A, 0xCE, 0xE5, 0xF2, 0x7D, 0xAC, 0x3E, 0x25, 0x62,
    0x21, 0xBB, 0x14, 0x0B, 0x69, 0x53, 0x80, 0x3A, 0xD0, 0x20, 0x25, 0xE6, 0xB7, 0x94, 0xF1, 0x0A,
    0x09, 0x1A, 0x0F, 0x1A, 0x3B, 0x49, 0x92, 0x64, 0xB3, 0x58, 0xB3, 0x57, 0x79, 0x96, 0x7B, 0x93,
    0xE4, 0x41, 0x2F, 0x79, 0xDC, 0x48, 0xAE, 0x0A, 0xC9, 0x39, 0x74, 0xCC, 0x42, 0x8E, 0xA7, 0xF2,
    0x3C, 0x93, 0x3C, 0xAD, 0x70, 0xAD, 0x95, 0x1C, 0x13, 0x90, 0xFB, 0x1C, 0x21, 0xFB, 0xA5, 0x2A,
    0x0A, 0x98, 0xDC, 0xE7, 0x9C, 0x81, 0x62, 0x48, 0xBB, 0x5F, 0xCC, 0xEF, 0x8C, 0x2B, 0xF4, 0x1B,
    0xA4, 0x2B, 0x4C, 0x61, 0x95, 0x07, 0xA0, 0xE8, 0xAB, 0x2A, 0x4F, 0xFE, 0xBF, 0xCA, 0x15, 0xAE,
    0x9D, 0x81, 0x7A, 0x50, 0x0B, 0x6A, 0x40, 0x15, 0x28, 0x8B, 0xAB, 0x15, 0x5F, 0x72, 0xEF, 0x9E,
    0x48, 0xF7, 0x31, 0xC6, 0xD4, 0x41, 0x7A, 0x6B, 0xF7, 0xBE, 0x2C, 0xAE, 0x55, 0x91, 0x54, 0x49,
    0xA5, 0x8A, 0xB8, 0x51, 0x58, 0xEB, 0x5C, 0x82, 0xEE, 0x0C, 0x0A, 0x8A, 0x4E, 0x52, 0x21, 0x72,
    0x2C, 0x7E, 0x0A, 0x4A, 0x70, 0x3F, 0xBA, 0x95, 0x62, 0x7A, 0x14, 0xFA, 0x9E, 0x3E, 0x73, 0xB3,
    0xBE, 0x17, 0x19, 0xB3, 0x26, 0x81, 0xE8, 0xEE, 0x50, 0x5C, 0xBB, 0x76, 0x54, 0x6B, 0xB5, 0x43,
    0xC6, 0x01, 0x7D, 0x18, 0xC5, 0xEF, 0xD0, 0x9F, 0x16, 0xFD, 0x6A, 0xD2, 0x22, 0x36, 0xA6, 0x02,
    0xD5, 0x58, 0xBB, 0x46, 0x65, 0xAE, 0xA7, 0x1A, 0x32, 0x9F, 0x9B, 0x6E, 0x2E, 0xB3, 0xBE, 0x17,
    0xF6, 0x74, 0xC8, 0xFD, 0x29, 0x97, 0x92, 0xC5, 0x1F, 0x2D, 0x02, 0x74, 0xE9, 0x94, 0xA5, 0x58,
    0x6C, 0x68, 0x29, 0x51, 0x01, 0x37, 0x8F, 0x8E, 0xEC, 0x79, 0x07, 0x5A, 0x16, 0x60, 0xFE, 0xF7,
    0x70, 0x0C, 0x61, 0xE5, 0xF5, 0xF9, 0xB9, 0x3D, 0x74, 0x9C, 0x6F, 0xDC, 0x66, 0x01, 0xD8, 0x8A,
    0xAC, 0x5C, 0xB3, 0x91, 0x6C, 0x00, 0xF3, 0xC8, 0xFC, 0x1E, 0x2C, 0x68, 0x03, 0x0A, 0x9B, 0xA1,
    0x32, 0x2D, 0x0C, 0x72, 0x98, 0x5C, 0x66, 0x7B, 0x21, 0x5F, 0x5E, 0x70, 0x58, 0x69, 0x4D, 0x09,
    0x8B, 0x5B, 0xCA, 0x5A, 0xD8, 0x53, 0xEA, 0x30, 0x41, 0x58, 0x53, 0xD1, 0x5A, 0x73, 0x15, 0xA8,
    0x96, 0x80, 0x1A, 0xA7, 0xB5, 0x3C, 0x36, 0x79, 0x5E, 0x48, 0x30, 0xE4, 0x58, 0xFB, 0xA8, 0xCB,
    0xA3, 0x16, 0x7A, 0x9E, 0x07, 0x03, 0xC4, 0xC0, 0x4D, 0x1C, 0x64, 0x10, 0xA8, 0x54, 0x28, 0xD3,
    0xE2, 0xA1, 0x37, 0x88, 0x3D, 0x44, 0xA0, 0xC0, 0x74, 0x81, 0x69, 0x03, 0xBC, 0x06, 0xA2, 0x2F,
    0xFA, 0xC7, 0x9E, 0x51, 0x06, 0xD3, 0xDF, 0x47, 0xE6, 0xE4, 0x20, 0xE1, 0xFD, 0xE5, 0x3D, 0xF1,
    0x3A, 0x08, 0x86, 0x69, 0x37, 0xC2, 0x7B, 0xC0, 0xFB, 0x0E, 0x52, 0x4E, 0x82, 0xDA, 0x9A, 0x3C,
    0x47, 0xF9, 0x4C, 0x25, 0x08, 0x80, 0x66, 0xE1, 0x0C, 0x60, 0x46, 0x28, 0x03, 0x90, 0x0D, 0x80,
    0xB1, 0xE1, 0x31, 0xD6, 0x19, 0xAF, 0x1C, 0x01, 0xDA, 0x68, 0x59, 0x35, 0x01, 0x18, 0x66, 0x4A,
    0x14, 0x26, 0x47, 0xD4, 0x10, 0x6B, 0x51, 0x8F, 0x13, 0x85, 0xAE, 0x28, 0x25, 0xAB, 0xF4, 0x0C,
    0x2C, 0x1E, 0x54, 0x56, 0xC6, 0x3D, 0x58, 0xD8, 0xA6, 0x59, 0x19, 0x90, 0x61, 0xF8, 0xD9, 0x99,
    0xDC, 0x51, 0xCF, 0x6E, 0xBA, 0x47, 0xF2, 0x67, 0x8B, 0x05, 0xAA, 0x54, 0x9D, 0x36, 0x79, 0x16,
    0xB5, 0x1A, 0xFA, 0x34, 0x81, 0x46, 0x09, 0xFA, 0xC9, 0xEA, 0x56, 0xD0, 0xB1, 0x9E, 0xD7, 0x79,
    0x1F, 0xEF, 0x17, 0xFD, 0x4C, 0xEE, 0xF2, 0xFE, 0x9B, 0x28, 0x5D, 0x2B, 0xA7, 0xB7, 0x28, 0x27,
    0x0E, 0x8C, 0xD3, 0xE1, 0xE2, 0x8A, 0x0A, 0x2D, 0x66, 0x12, 0x13, 0x55, 0x7F, 0x17, 0x2B, 0x26,
    0x34, 0xC5, 0xD6, 0x34, 0x8E, 0xF3, 0xAF, 0x21, 0x46, 0x53, 0x7A, 0xEB, 0xD7, 0xA1, 0xA3, 0x93,
    0x44, 0xB6, 0x93, 0xFD, 0x2E, 0xA0, 0xAB, 0x19, 0x48, 0xEF, 0x48, 0x87, 0x80, 0xA2, 0x78, 0xFD,
    0xC2, 0x08, 0x19, 0xBE, 0x81, 0x88, 0x44, 0xB4, 0x45, 0xC9, 0x17, 0xBD, 0x2E, 0xD4, 0x07, 0x3D,
    0x5E, 0xFA, 0x0E, 0x64, 0x92, 0xAC, 0xB6, 0xA7, 0xC9, 0xDF, 0xFB, 0x9C, 0xD8, 0x66, 0x24, 0xE0,
    0xCD, 0xF2, 0x90, 0xCE, 0xC8, 0xFA, 0x2D, 0x79, 0x91, 0xD4, 0x69, 0xAD, 0xAA, 0x18, 0xCB, 0x13,
    0x5E, 0x00, 0x10, 0x79, 0x0B, 0x75, 0x20, 0x77, 0x6D, 0x8B, 0x86, 0x37, 0x85, 0x3E, 0x51, 0xE1,
    0xA2, 0x16, 0xCD, 0xD4, 0x79, 0xA6, 0x2A, 0xAA, 0x68, 0xD2, 0xBC, 0x02, 0x40, 0x0F, 0x0B, 0x09,
    0xB5, 0x79, 0x8B, 0x14, 0xCD, 0xE7, 0x65, 0xCA, 0x40, 0x35, 0x17, 0xD5, 0x70, 0x00, 0x85, 0x4F,
    0x60, 0xB7, 0xA6, 0x78, 0x97, 0x00, 0x17, 0x7E, 0xFF, 0xAA, 0x0C, 0x13, 0xB3, 0xCD, 0x58, 0x27,
    0xFF, 0x01, 0x4E, 0xFF, 0xA0, 0xDE, 0xE6, 0x04, 0x94, 0xF8, 0x1A, 0x0E, 0xB7, 0x43, 0x16, 0x92,
    0x85, 0xCC, 0x94, 0xCD, 0x8E, 0x1A, 0xFC, 0x96, 0x10, 0xCA, 0x2E, 0x33, 0xE1, 0x98, 0x75, 0xBC,
    0xF6, 0xC7, 0x09, 0x7E, 0x06, 0x91, 0xFA, 0x3A, 0x36, 0x65, 0x84, 0xF0, 0x8E, 0x6C, 0x00, 0xF3,
    0x47, 0x5E, 0x98, 0x16, 0x66, 0x4F, 0xED, 0x05, 0x60, 0x6B, 0x95, 0xDA, 0x9B, 0x2F, 0x19, 0x98,
    0x59, 0x8F, 0x46, 0x6B, 0xE4, 0x34, 0xCB, 0xA2, 0x47, 0x90, 0xC6, 0x23, 0x1A, 0x58, 0x6B, 0xB4,
    0x26, 0xF9, 0xB6, 0x47, 0x5F, 0x97, 0x92, 0x92, 0xD0, 0x93, 0x5A, 0x13, 0xCF, 0x59, 0xFF, 0x26,
    0xAE, 0xF3, 0x3E, 0xDE, 0x7F, 0x44, 0x23, 0x27, 0x47, 0x18, 0x1C, 0x7D, 0xA3, 0x96, 0x80, 0x47,
    0x33, 0xE9, 0x4D, 0x3E, 0x81, 0x72, 0x80, 0xF2, 0xD1, 0x8A, 0xA9, 0x0C, 0xDD, 0x12, 0xF8, 0x52,
    0xDB, 0x3C, 0xB4, 0xF5, 0x00, 0x53, 0xDC, 0xE3, 0xDB, 0xFB, 0xDD, 0xB3, 0x78, 0x2F, 0xDF, 0x73,
    0xC4, 0x4E, 0x3C, 0x9C, 0x32, 0x88, 0x48, 0x15, 0xD1, 0x8E, 0x77, 0x54, 0x2F, 0xF7, 0x1F, 0x37,
    0x09, 0xED, 0x7A, 0x15, 0xB0, 0x57, 0x20, 0x1F, 0x20, 0x19, 0x76, 0xAE, 0xDE, 0x29, 0x61, 0x52,
    0x45, 0x53, 0x16, 0xD3, 0xF1, 0x6D, 0x5F, 0x0B, 0xDA, 0x23, 0xD3, 0xA6, 0xA6, 0x53, 0x81, 0x2D,
    0x1C, 0x6F, 0x17, 0x62, 0xBA, 0xBD, 0x8F, 0x81, 0xDD, 0xD0, 0x8E, 0xE8, 0x02, 0x08, 0x2F, 0xA9,
    0x3E, 0xC1, 0x25, 0xFA, 0xC1, 0x1F, 0x8C, 0x0A, 0x4E, 0x2F, 0xFD, 0xDE, 0x32, 0x7D, 0x32, 0xC2,
    0x52, 0x45, 0x06, 0x7E, 0x65, 0x81, 0xBE, 0x68, 0xD3, 0x68, 0xD3, 0x02, 0x54, 0xB5, 0xA9, 0x79,
    0xE0, 0x77, 0xA5, 0xDF, 0xC3, 0xD7, 0xC3, 0xF1, 0x43, 0x02, 0xC7, 0x5C, 0x4A, 0xEB, 0x08, 0x5E,
    0x2D, 0x18, 0xCA, 0x9A, 0xE8, 0xA2, 0x2C, 0x14, 0x02, 0x31, 0xA0, 0xDA, 0x44, 0xA0, 0x76, 0xA1,
    0x8F, 0x71, 0x65, 0x21, 0xD1, 0x45, 0x68, 0xDA, 0xD8, 0x0C, 0x69, 0x01, 0x2F, 0x7D, 0x64, 0xA1,
    0x1B, 0x7F, 0x2F, 0xA1, 0xC7, 0xDE, 0x7B, 0xFA, 0x99, 0x7A, 0xB7, 0x4B, 0xAB, 0xE4, 0x29, 0xB1,
    0xF7, 0x05, 0x01, 0x79, 0xFA, 0x9A, 0x2A, 0x6F, 0x75, 0x9E, 0x62, 0xCA, 0xA3, 0xE0, 0x9B, 0x7F,
    0x0E, 0x12, 0x7F, 0xD1, 0xC1, 0xA8, 0x3F, 0xED, 0x30, 0xFB, 0x7E, 0x07, 0x94, 0xE0, 0x1A, 0x56,
    0x29, 0x6E, 0x89, 0x31, 0xC5, 0x59, 0x84, 0xC9, 0x8C, 0xEA, 0x7B, 0x51, 0xA3, 0xE0, 0x2D, 0xA1,
    0x7E, 0x82, 0xFB, 0xDA, 0x97, 0x61, 0x0F, 0x73, 0x52, 0xAA, 0xBE, 0xD4, 0x7D, 0x39, 0xF5, 0xFA,
    0x45, 0xAF, 0xFF, 0xDC, 0xEB, 0xA7, 0xBD, 0xC6, 0x25, 0xBF, 0xF7, 0x3C, 0x89, 0x3F, 0x04, 0xCC,
    0x17, 0xDE, 0xE8, 0x3C, 0xD8, 0xDB, 0x1F, 0x29, 0x03, 0x5C, 0x6D, 0x4A, 0x55, 0x94, 0x93, 0xE8,
    0x81, 0x9E, 0x25, 0x78, 0xA9, 0xA5, 0x4C, 0xAB, 0x32, 0xC2, 0xDC, 0xF6, 0xBE, 0x99, 0xE6, 0xD2,
    0xAD, 0x50, 0x82, 0x76, 0x15, 0xB6, 0xAB, 0xA4, 0x5D, 0xE9, 0x7A, 0xA5, 0xB3, 0xD5, 0xFB, 0xB2,
    0xC2, 0x64, 0x61, 0x85, 0xD3, 0x8A, 0xA0, 0xA5, 0x1A, 0x18, 0xF2, 0xD6, 0xD4, 0xAB, 0x6F, 0xFE,
    0x55, 0x3F, 0xD6, 0xFF, 0xA8, 0xCF, 0xD4, 0x79, 0x73, 0x96, 0x7E, 0xD8, 0x9C, 0x25, 0x3F, 0x6B,
    0xCE, 0x30, 0xB1, 0x58, 0xAB, 0x75, 0xD1, 0x66, 0x2E, 0xDB, 0x95, 0x76, 0x6E, 0x3B, 0x2C, 0x32,
    0x96, 0x1A, 0x0B, 0x4E, 0x5B, 0xBA, 0x2C, 0x3B, 0xEA, 0x3D, 0x5D, 0x5C, 0xFB, 0xD4, 0x76, 0xC1,
    0x3C, 0x69, 0xBA, 0x5D, 0x6D, 0x19, 0x52, 0x1C, 0x4A, 0xCF, 0x8E, 0x32, 0xEC, 0xEC, 0x53, 0xF5,
    0x25, 0x71, 0x10, 0x5D, 0x87, 0x94, 0xCA, 0x2A, 0xAD, 0x33, 0x65, 0xCD, 0x8C, 0x8B, 0xC8, 0x12,
    0xD3, 0x44, 0xA6, 0xF1, 0x34, 0xEE, 0xEF, 0x5D, 0x11, 0xEB, 0x1D, 0x5D, 0x2D, 0xA5, 0xC0, 0x12,
    0x0E, 0xCA, 0xEF, 0xD3, 0xDF, 0xB5, 0xC9, 0x27, 0x6D, 0x7C, 0x5E, 0xC3, 0x7F, 0x09, 0x08, 0xA5,
    0x19, 0x4D, 0xDB, 0xC8, 0x48, 0x19, 0x56, 0x50, 0x73, 0x64, 0xC2, 0xC8, 0x99, 0x02, 0xB4, 0x43,
    0x80, 0x12, 0xD8, 0x48, 0xC8, 0x13, 0x06, 0xFD, 0xD7, 0x17, 0xA3, 0x7A, 0xD0, 0x96, 0x0A, 0xB3,
    0xCC, 0xDF, 0xF4, 0xAF, 0xCF, 0x47, 0xD6, 0xF3, 0xBA, 0x68, 0x68, 0xF5, 0xA5, 0x67, 0xD1, 0x32,
    0x9A, 0x8D, 0xFF, 0x56, 0xC3, 0x6F, 0xF2, 0x0D, 0xED, 0x29, 0x9A, 0x0D, 0xA1, 0x9C, 0xE7, 0xAD,
    0x7A, 0xD0, 0xAD, 0x64, 0xB8, 0x69, 0x92, 0x20, 0xD2, 0xAE, 0x58, 0x73, 0xC9, 0xA2, 0xFC, 0x6E,
    0x53, 0x7E, 0x4B, 0xB5, 0x84, 0x38, 0xFB, 0xF0, 0x7B, 0xFD, 0xB9, 0x94, 0x51, 0x53, 0xBE, 0x8C,
    0xF0, 0xB2, 0x69, 0x21, 0x9E, 0xCB, 0x1D, 0x18, 0x9D, 0xE3, 0x7A, 0xC3, 0xB0, 0x1E, 0xC1, 0x16,
    0xD3, 0xAD, 0x35, 0x8E, 0x96, 0xEC, 0x80, 0xAD, 0x95, 0xB4, 0x56, 0xB6, 0xC0, 0x3A, 0x17, 0xF6,
    0x97, 0xFA, 0x0B, 0x6F, 0xA1, 0xC4, 0x3C, 0x6F, 0x93, 0x86, 0x07, 0xA7, 0xCD, 0x67, 0xA0, 0xE7,
    0x43, 0x19, 0x3E, 0xB7, 0xBF, 0x3C, 0x7F, 0x38, 0xBD, 0x33, 0x6C, 0x0B, 0x80, 0xA6, 0xB4, 0x58,
    0xF0, 0x08, 0x9D, 0x5C, 0xD5, 0xC0, 0x95, 0xF4, 0x02, 0x8A, 0x58, 0x50, 0x11, 0xC3, 0xD6, 0xBA,
    0xC2, 0xD0, 0xD7, 0xF6, 0x5E, 0xDC, 0x2A, 0x53, 0xB3, 0xFE, 0x02, 0x0F, 0xC2, 0x78, 0x97, 0xB4,
    0xE4, 0x65, 0x04, 0xE4, 0x85, 0x02, 0x69, 0x0A, 0x9D, 0xCA, 0x36, 0xCC, 0xD6, 0xB9, 0xAB, 0xF6,
    0x3E, 0x3E, 0xE1, 0x99, 0x67, 0x44, 0x0D, 0x62, 0x1A, 0x0B, 0x0E, 0x70, 0x0A, 0xBB, 0x1F, 0xFD,
    0x7D, 0x48, 0x9E, 0x0C, 0xF4, 0x41, 0x7F, 0x60, 0xF3, 0x11, 0xA3, 0xCD, 0x4D, 0x7C, 0xC7, 0x2A,
    0xF0, 0x6D, 0x58, 0x13, 0x3E, 0x6D, 0xA2, 0xBF, 0xB4, 0xE0, 0xB3, 0xC2, 0xDF, 0x76, 0x7F, 0x54,
    0xD1, 0x6C, 0x68, 0xC3, 0x82, 0x83, 0xC4, 0x14, 0x89, 0xD5, 0xB7, 0xE4, 0x29, 0xAC, 0xD5, 0x35,
    0x85, 0x32, 0x9E, 0xA0, 0xF4, 0xF4, 0x95, 0xDE, 0x63, 0xF7, 0x60, 0x40, 0x22, 0xCC, 0x8C, 0x6B,
    0xED, 0x36, 0x8C, 0x85, 0x0A, 0x45, 0x0C, 0x2F, 0x10, 0xEF, 0x65, 0x0A, 0x3E, 0xB2, 0xB1, 0xC2,
    0x56, 0xA1, 0x3F, 0x2D, 0x61, 0x5C, 0x37, 0x10, 0xD8, 0x98, 0x73, 0x9D, 0xA9, 0x77, 0x44, 0xC1,
    0x4E, 0x9A, 0xEA, 0x48, 0x57, 0xFF, 0x03, 0xF8, 0xC5, 0x24, 0xA2, 0x7E, 0x94, 0xFB, 0xC6, 0xDC,
    0x97, 0x72, 0xF3, 0xF7, 0x93, 0x38, 0x53, 0x49, 0x05, 0xEE, 0xC6, 0x0B, 0x57, 0xE0, 0xE5, 0x45,
    0xBA, 0x60, 0x80, 0xE5, 0xEB, 0x78, 0xEB, 0x75, 0xFF, 0x41, 0xAF, 0xBA, 0xBC, 0xCD, 0xA1, 0xB0,
    0x13, 0x4D, 0xC2, 0x9A, 0x41, 0x7D, 0x18, 0xBC, 0x4E, 0x59, 0x80, 0x90, 0xAC, 0x09, 0x19, 0x97,
    0x25, 0x88, 0xBC, 0x5A, 0x0D, 0x77, 0xA3, 0xD5, 0xB0, 0xA0, 0xCD, 0xFB, 0x02, 0xC3, 0x4E, 0xCC,
    0x92, 0x4B, 0x0C, 0xC2, 0xEC, 0x42, 0x40, 0xCB, 0x78, 0x0B, 0xE4, 0x21, 0xB0, 0x47, 0xA8, 0x2B,
    0x7D, 0x80, 0xEC, 0xDE, 0xCB, 0x70, 0x25, 0x5F, 0x75, 0x2B, 0x70, 0x7B, 0x99, 0x84, 0x95, 0xCD,
    0xFD, 0xE0, 0x91, 0x9F, 0xDE, 0xC9, 0x18, 0x6C, 0xEC, 0xC7, 0xB4, 0xD8, 0x8F, 0x7D, 0xE0, 0xED,
    0x66, 0xB4, 0x99, 0x0B, 0x7B, 0x62, 0x0B, 0xF3, 0x48, 0x24, 0x26, 0x65, 0x16, 0xB2, 0x75, 0xE6,
    0x42, 0x98, 0x2D, 0x62, 0xDE, 0xC8, 0x85, 0x5E, 0xC1, 0x4C, 0x51, 0x67, 0xEB, 0xE8, 0x61, 0xE8,
    0x8B, 0x6B, 0x71, 0x94, 0x18, 0xB9, 0xD0, 0xBA, 0x1E, 0x0B, 0x11, 0x38, 0xF3, 0x9E, 0x71, 0x01,
    0x16, 0xB8, 0xB8, 0x12, 0x3D, 0x61, 0x9E, 0xF4, 0x14, 0x74, 0x58, 0x2E, 0x52, 0x6F, 0x80, 0x7C,
    0x70, 0xD7, 0x61, 0xC1, 0xA1, 0xF5, 0xB5, 0xDA, 0x89, 0x9E, 0x9C, 0x8A, 0xD1, 0x44, 0xC1, 0x33,
    0xE9, 0x57, 0xCA, 0x18, 0x15, 0x4D, 0x69, 0xE1, 0x3C, 0x13, 0x6B, 0xA2, 0x30, 0x6D, 0x59, 0x8E,
    0xB6, 0x60, 0x16, 0x43, 0xF8, 0x66, 0x15, 0x13, 0x6C, 0x35, 0x7C, 0x1A, 0xFA, 0x43, 0x68, 0x08,
    0x1A, 0x19, 0x30, 0xD5, 0xE1, 0x13, 0x89, 0x6C, 0x48, 0x22, 0xD6, 0x5D, 0x67, 0x56, 0xC7, 0xA6,
    0x4F, 0x24, 0x6D, 0x66, 0xFF, 0xB5, 0x64, 0x90, 0x2B, 0x50, 0x0E, 0xCC, 0x37, 0x56, 0x40, 0x92,
    0x4F, 0xF1, 0xAA, 0x73, 0xF8, 0x05, 0x9F, 0x57, 0x18, 0x57, 0x26, 0x04, 0xFD, 0x75, 0x34, 0xF5,
    0xD1, 0xFF, 0xE1, 0x45, 0xDD, 0x21, 0xC1, 0xF5, 0x88, 0xF1, 0x8E, 0x08, 0xAE, 0xE7, 0xA0, 0x01,
    0xB8, 0x6F, 0x67, 0x51, 0xAA, 0x28, 0xCA, 0x24, 0x66, 0x7B, 0x8B, 0x5F, 0xC1, 0x1B, 0x70, 0x69,
    0x88, 0x40, 0x09, 0x08, 0xDD, 0x1E, 0x98, 0x08, 0xFC, 0x1A, 0xF3, 0xFF, 0x25, 0xE8, 0x13, 0xD0,
    0x03, 0x23, 0x13, 0x82, 0xE3, 0x21, 0x60, 0x07, 0x1F, 0x89, 0x5D, 0x7A, 0xC8, 0x2E, 0x93, 0x61,
    0x24, 0x33, 0x3A, 0xB2, 0xE7, 0xF0, 0xFF, 0x62, 0xA8, 0x1D, 0x8C, 0x1D, 0x9C, 0x3F, 0x44, 0x53,
    0x55, 0x8A, 0x50, 0x3F, 0xA9, 0xEC, 0x31, 0xEB, 0x70, 0x23, 0x0C, 0xB2, 0x24, 0x05, 0x3C, 0x77,
    0x16, 0x1C, 0x24, 0xE6, 0x84, 0x3A, 0xF3, 0xC1, 0xC0, 0x02, 0xCD, 0x21, 0xC2, 0x9D, 0xD8, 0xF0,
    0xB4, 0xA7, 0x5B, 0xED, 0x99, 0xFC, 0xB5, 0x3C, 0xBF, 0x9F, 0xE7, 0xA9, 0xE1, 0x29, 0x7D, 0xED,
    0x36, 0x67, 0x36, 0x6A, 0x93, 0x5E, 0x49, 0x37, 0xE0, 0x0F, 0xE9, 0x1F, 0x10, 0xF8, 0x97, 0x3F,
    0x1E, 0xCA, 0xDC, 0xB9, 0x90, 0x70, 0x2D, 0xAB, 0x32, 0x68, 0x4A, 0xAF, 0x2D, 0x85, 0xF0, 0xB6,
    0x46, 0x94, 0xFD, 0x92, 0x48, 0x49, 0xE6, 0xCA, 0xAD, 0x48, 0x89, 0x61, 0xCE, 0xA5, 0x12, 0x57,
    0xAC, 0x1B, 0xC3, 0xB2, 0xAE, 0xD9, 0x14, 0xD3, 0xCC, 0xC5, 0x9E, 0xBA, 0x39, 0xD9, 0xBE, 0xC1,
    0x65, 0xC3, 0x66, 0x9A, 0x13, 0xD1, 0x2E, 0xA7, 0x55, 0xCC, 0xF5, 0x36, 0x2C, 0x98, 0xF3, 0x64,
    0x6A, 0x8B, 0x70, 0x17, 0xB5, 0x5F, 0x61, 0xFD, 0x15, 0xD6, 0x5F, 0x15, 0x9B, 0x7E, 0x6C, 0x99,
    0x4C, 0x9C, 0x36, 0x30, 0x99, 0xA5, 0xCF, 0x42, 0x90, 0x61, 0x2C, 0x55, 0x41, 0x14, 0x5F, 0x39,
    0x53, 0x65, 0x6C, 0xA6, 0x4A, 0xD9, 0x4C, 0x55, 0xEC, 0x32, 0x55, 0x86, 0x61, 0x30, 0x25, 0x97,
    0x99, 0x2A, 0xBB, 0x61, 0x10, 0x5F, 0xC3, 0x6F, 0xF5, 0xB6, 0x01, 0x01, 0xDF, 0x40, 0x7E, 0xE2,
    0x2F, 0xFE, 0x89, 0xB8, 0xE3, 0x29, 0xC1, 0x1E, 0xDE, 0x36, 0xC5, 0x3A, 0xD8, 0x62, 0x77, 0xCB,
    0x83, 0x31, 0x42, 0xFB, 0x3E, 0xDE, 0x7A, 0x6C, 0x9D, 0xA6, 0x04, 0x58, 0x45, 0xD8, 0xBA, 0xD5,
    0x71, 0x97, 0xD6, 0xEA, 0xD3, 0x23, 0x41, 0x74, 0x19, 0x32, 0x9A, 0x82, 0xFD, 0x80, 0x8B, 0x6E,
    0xD3, 0x52, 0x49, 0x23, 0xCC, 0xD2, 0xAD, 0x53, 0x57, 0xD3, 0xBC, 0x48, 0x98, 0x09, 0x97, 0xBA,
    0xE2, 0x42, 0x31, 0x27, 0xA8, 0x41, 0xEA, 0x0A, 0xEE, 0x2D, 0x66, 0xA0, 0x02, 0xF4, 0xCF, 0x66,
    0x60, 0x84, 0x19, 0x28, 0xCA, 0x74, 0x2C, 0xA3, 0xB1, 0x0C, 0xA0, 0x60, 0x8F, 0x5D, 0xC9, 0x25,
    0x80, 0xC8, 0x62, 0x4D, 0x8E, 0x81, 0x09, 0xC7, 0x88, 0xF2, 0xDE, 0x1E, 0x98, 0x72, 0x9C, 0x09,
    0xC7, 0x6F, 0x63, 0xF5, 0x8E, 0x4D, 0x96, 0x1F, 0x33, 0xF9, 0x40, 0x4C, 0xC4, 0xBD, 0x5C, 0x3D,
    0xAC, 0x4B, 0x09, 0xBF, 0xB8, 0xFC, 0x08, 0xBE, 0xCC, 0xFF, 0xC2, 0xD5, 0xFA, 0x53, 0x3D, 0x27,
    0xD5, 0xE1, 0x03, 0xFD, 0xA9, 0x45, 0x1D, 0xDD, 0x9B, 0x89, 0x58, 0xC5, 0xED, 0x96, 0xCA, 0xE9,
    0x77, 0xD4, 0x41, 0x25, 0x6B, 0x66, 0x2E, 0xE3, 0x27, 0x46, 0xE2, 0x4F, 0x10, 0xED, 0x7C, 0x8E,
    0x55, 0x35, 0x94, 0x5D, 0x71, 0xBF, 0x3C, 0x67, 0x7D, 0x65, 0x6C, 0x04, 0x01, 0x7D, 0x07, 0x48,
    0xC6, 0x2D, 0x54, 0x5B, 0x60, 0x2D, 0xC4, 0xBC, 0x18, 0xC5, 0xFC, 0xAB, 0x93, 0xE4, 0xF7, 0xF4,
    0xC7, 0xA1, 0x43, 0x93, 0xB8, 0x5F, 0x9E, 0x7F, 0x88, 0xFA, 0x0F, 0xE0, 0x96, 0x00, 0x6C, 0x31,
    0x5E, 0x48, 0xE4, 0xC8, 0xE8, 0x76, 0xC4, 0x84, 0xC9, 0x48, 0x39, 0x1B, 0xCD, 0x82, 0xAA, 0x44,
    0x44, 0x77, 0x64, 0xEB, 0xDC, 0xD5, 0x18, 0x00, 0x3B, 0x86, 0x36, 0x81, 0xCB, 0x1D, 0x17, 0x42,
    0xE8, 0x88, 0xC0, 0x57, 0xB7, 0x69, 0xA5, 0xD1, 0xB4, 0x7E, 0x31, 0x88, 0xF5, 0xFA, 0x4C, 0xE5,
    0x7E, 0xBF, 0x86, 0xDB, 0xD3, 0x8E, 0x20, 0x4D, 0x53, 0x02, 0xEF, 0x33, 0xA9, 0x5F, 0x21, 0x79,
    0x37, 0x2D, 0xB4, 0xB5, 0x3D, 0x61, 0xE9, 0xE6, 0xB0, 0xC8, 0xB8, 0xB2, 0x76, 0xD3, 0x19, 0xD6,
    0x67, 0x3B, 0xAC, 0x90, 0x2D, 0x66, 0xCC, 0x0E, 0xBB, 0x74, 0x75, 0x97, 0xE1, 0xB5, 0xC5, 0x86,
    0x60, 0xC0, 0xCD, 0x86, 0x78, 0xBE, 0x4D, 0xF6, 0x75, 0xBB, 0xFC, 0xBA, 0x3D, 0x1C, 0x80, 0x00,
    0xB9, 0xDD, 0xE7, 0x31, 0xAE, 0x77, 0x39, 0x65, 0xA9, 0x88, 0x1D, 0xAF, 0x2F, 0xF3, 0xC4, 0xEA,
    0x70, 0xCE, 0xAD, 0x11, 0x8A, 0x05, 0xB8, 0x35, 0x30, 0x58, 0x1E, 0xF6, 0x62, 0x8B, 0xCD, 0xCE,
    0x15, 0x1A, 0x00, 0x1B, 0xC5, 0x39, 0x52, 0xF0, 0xCC, 0xE8, 0x5C, 0x25, 0xC5, 0x86, 0x89, 0xDB,
    0x8C, 0x08, 0xF9, 0xB2, 0x90, 0xEF, 0x8A, 0x60, 0xB0, 0x1F, 0xBA, 0xEC, 0x5A, 0x82, 0xF8, 0x41,
    0x35, 0x32, 0x67, 0x21, 0x75, 0x31, 0xC1, 0x8C, 0x4F, 0xB1, 0xE9, 0xC7, 0xE4, 0xB3, 0x61, 0x82,
    0x8F, 0xA5, 0xE9, 0x84, 0x7F, 0xF5, 0x69, 0x0F, 0x63, 0x0F, 0x38, 0xA0, 0xA3, 0x81, 0x17, 0xF8,
    0x88, 0xBA, 0x6C, 0xCA, 0x30, 0x85, 0xB4, 0x78, 0x1F, 0xD1, 0xCD, 0x09, 0xA9, 0xE8, 0xB8, 0x9C,
    0xFE, 0x76, 0x14, 0x85, 0x6E, 0xBF, 0x9D, 0xFC, 0xA2, 0x50, 0x69, 0x5C, 0xA8, 0x3F, 0x26, 0x05,
    0x37, 0xFA, 0x22, 0x74, 0xD0, 0x63, 0xD0, 0x02, 0xF5, 0x16, 0x9B, 0xBC, 0x49, 0xEF, 0x9C, 0x09,
    0xCD, 0xE7, 0x4C, 0x28, 0xEF, 0xB3, 0x0E, 0xC7, 0xC3, 0x0B, 0x4C, 0x07, 0xA7, 0x04, 0x43, 0x0B,
    0x09, 0xA0, 0xD5, 0x1C, 0xB8, 0x9E, 0xA0, 0x1B, 0xC9, 0x6E, 0xE0, 0x9A, 0xB2, 0x5F, 0x0D, 0x73,
    0x29, 0x79, 0xC3, 0xBD, 0xA7, 0x05, 0x9F, 0xF6, 0x4F, 0xA5, 0xF6, 0x1B, 0xF2, 0x76, 0xC9, 0x3A,
    0x48, 0x2C, 0x9E, 0xF5, 0xD8, 0x36, 0x85, 0x49, 0x29, 0x96, 0xB5, 0x0D, 0xD2, 0x58, 0x46, 0xE6,
    0x05, 0x52, 0x44, 0x43, 0x0C, 0x86, 0x22, 0x2A, 0xD0, 0xC4, 0x3B, 0xE9, 0xAC, 0x35, 0x2E, 0xA5,
    0x95, 0x5E, 0x9B, 0x6F, 0x5C, 0xDC, 0xCE, 0x77, 0xAD, 0xDB, 0xF9, 0x69, 0x1B, 0x7F, 0x8E, 0x30,
    0xDD, 0xB9, 0x9D, 0xE2, 0x74, 0x75, 0xBB, 0x5C, 0xDB, 0xD0, 0x37, 0x6C, 0xA8, 0x73, 0x0D, 0xE5,
    0xF0, 0xBA, 0xB0, 0x26, 0xA4, 0x3D, 0x1A, 0x4A, 0x68, 0x0E, 0xDA, 0xED, 0x86, 0x5E, 0x9E, 0xCA,
    0xAD, 0xB7, 0x52, 0xB9, 0xE3, 0x92, 0xCA, 0xED, 0x55, 0xA5, 0x80, 0xA0, 0x08, 0x9F, 0x6C, 0x2C,
    0xB2, 0x90, 0xD7, 0x33, 0x74, 0x87, 0x3F, 0xFD, 0x15, 0xDB, 0xE3, 0xA8, 0x98, 0x86, 0x2A, 0x98,
    0x8B, 0x38, 0x37, 0xEA, 0x81, 0x29, 0xBD, 0x8D, 0xCA, 0x6B, 0x06, 0x73, 0x1B, 0x86, 0x7E, 0xEC,
    0xC1, 0x0C, 0x73, 0x78, 0x1B, 0x36, 0x27, 0x83, 0xB7, 0x19, 0xDC, 0xD7, 0x6C, 0x21, 0x98, 0xAC,
    0xAB, 0x64, 0x18, 0xAA, 0x39, 0x42, 0xC7, 0xD7, 0x34, 0x6E, 0x76, 0xDF, 0xD6, 0x34, 0x59, 0xD3,
    0xA6, 0x09, 0x11, 0x76, 0x83, 0xF6, 0xC8, 0x98, 0x6D, 0xDF, 0xA3, 0xD9, 0x50, 0xB4, 0x43, 0x39,
    0x21, 0x66, 0x9B, 0x1E, 0xB4, 0x36, 0xED, 0xC8, 0x14, 0x66, 0x68, 0xAC, 0x1F, 0xBF, 0x21, 0x6A,
    0xD3, 0x4C, 0x00, 0x82, 0x9D, 0x72, 0x5C, 0x9A, 0xE3, 0x32, 0x37, 0x13, 0x0C, 0x75, 0x08, 0x05,
    0x3A, 0x2E, 0x59, 0x16, 0x17, 0x0B, 0x33, 0x3E, 0x97, 0xB7, 0x58, 0x94, 0x8D, 0xC4, 0x43, 0x4C,
    0xCA, 0x5B, 0xB6, 0xA0, 0x7E, 0xBB, 0xAF, 0x6B, 0x7F, 0xA9, 0x71, 0xBB, 0x8A, 0x76, 0xBB, 0x59,
    0xD3, 0x47, 0xCA, 0xAE, 0xA3, 0x5F, 0xEF, 0x3A, 0x73, 0x1B, 0x1F, 0x29, 0xBA, 0x3E, 0x24, 0x02,
    0x40, 0x70, 0xE4, 0x78, 0xF3, 0x29, 0x91, 0x72, 0x80, 0xC9, 0xA5, 0x05, 0x07, 0x4E, 0x1A, 0xB7,
    0x41, 0x6A, 0xEA, 0x23, 0x9B, 0x12, 0x71, 0x9F, 0x37, 0xC8, 0x0C, 0x0D, 0xC0, 0xAF, 0x23, 0xEB,
    0x2A, 0x72, 0x2A, 0x6C, 0x46, 0xF6, 0xC2, 0xE2, 0xDC, 0x29, 0x62, 0xE5, 0x53, 0xDC, 0x5E, 0x8E,
    0x08, 0x2F, 0x1C, 0x7C, 0xB5, 0x76, 0xAF, 0x7E, 0x12, 0x7E, 0x2C, 0xC1, 0x0D, 0x2F, 0xEA, 0x00,
    0x64, 0x9E, 0xCD, 0x5A, 0x45, 0x20, 0x52, 0x9D, 0xAA, 0x3A, 0x2F, 0x86, 0x3C, 0x4B, 0xAE, 0x6F,
    0xDB, 0x35, 0x2B, 0xF6, 0x1B, 0x86, 0x23, 0xF7, 0x84, 0xFB, 0x8A, 0x81, 0x21, 0x98, 0x53, 0xA1,
    0x4B, 0x8C, 0x90, 0x0B, 0x17, 0xFC, 0x34, 0x37, 0xD5, 0xE9, 0x04, 0xB7, 0x04, 0x31, 0xC2, 0xD2,
    0x1D, 0x2C, 0x16, 0x53, 0xEE, 0xAE, 0x2B, 0x11, 0xBB, 0x42, 0xC3, 0xEC, 0xE8, 0xD2, 0x57, 0x0E,
    0x22, 0x19, 0xC7, 0x1A, 0xFC, 0x99, 0xAE, 0x99, 0xEF, 0x32, 0xFB, 0x3A, 0x5B, 0xE2, 0x8E, 0xFF,
    0xDE, 0x5E, 0xA8, 0xBC, 0xFE, 0x3A, 0xC7, 0xC1, 0xD4, 0x82, 0xB5, 0x46, 0xD4, 0xD4, 0xCD, 0xDF,
    0x2B, 0x66, 0x75, 0x77, 0x9C, 0x3D, 0xBB, 0x4F, 0x09, 0xEF, 0x5C, 0x6F, 0x7B, 0xE2, 0xB8, 0xE6,
    0x9B, 0x59, 0xB2, 0xD2, 0x6C, 0xF6, 0x15, 0xAC, 0x54, 0x89, 0x85, 0x81, 0x71, 0x06, 0xE3, 0x13,
    0xA1, 0xC7, 0x1D, 0xD7, 0x65, 0x5A, 0x94, 0xB9, 0x75, 0xF6, 0x6C, 0xFC, 0x32, 0x8B, 0x18, 0x93,
    0xDF, 0x9D, 0x38, 0x67, 0x5C, 0xD3, 0x13, 0xB7, 0xBB, 0xDE, 0xDB, 0x8C, 0xC3, 0x59, 0xAD, 0x59,
    0x49, 0x36, 0x2E, 0x8C, 0x1F, 0x6D, 0x60, 0x76, 0xC0, 0x92, 0xCE, 0x67, 0x3C, 0xEF, 0x43, 0x7C,
    0x01, 0x4C, 0xD5, 0x6F, 0x88, 0x4B, 0x9C, 0x95, 0x6C, 0xB6, 0x0D, 0x72, 0x46, 0xF6, 0x23, 0x9B,
    0x25, 0x59, 0x53, 0xB7, 0xB2, 0x14, 0xB4, 0x2B, 0x34, 0xBF, 0x92, 0x04, 0xA4, 0xEB, 0xBC, 0xC1,
    0xC8, 0x9B, 0xF7, 0x2D, 0x3A, 0xD2, 0x29, 0xE4, 0x2B, 0xBE, 0x23, 0x07, 0x6D, 0x7A, 0x32, 0x1C,
    0x61, 0xDC, 0x6B, 0xB1, 0xA0, 0x97, 0xDB, 0xD3, 0xC9, 0xF4, 0xB6, 0x31, 0x1F, 0xB5, 0xE8, 0xEC,
    0x15, 0x1A, 0x1E, 0x66, 0xEA, 0x37, 0xB1, 0x70, 0x54, 0xF3, 0x53, 0x8E, 0x9B, 0x1B, 0x9E, 0x6C,
    0x19, 0x89, 0xAE, 0x1E, 0x1E, 0xF9, 0xC3, 0xDE, 0xDB, 0x6E, 0x81, 0xD9, 0xA2, 0x5D, 0x77, 0x7F,
    0x93, 0xA0, 0x7D, 0x77, 0x4E, 0xD0, 0x1E, 0xAD, 0x13, 0xB4, 0xA9, 0x2B, 0xE2, 0xCA, 0xA1, 0x9B,
    0xD4, 0x3D, 0x37, 0xA9, 0xFB, 0x33, 0xE7, 0xF5, 0xB8, 0x10, 0x29, 0x6C, 0x96, 0x98, 0xCB, 0xCF,
    0x14, 0x1C, 0x6F, 0xEE, 0x52, 0xE6, 0xFC, 0xAF, 0x21, 0x29, 0xCF, 0x11, 0x1C, 0x7E, 0xFD, 0x55,
    0x75, 0x66, 0x3E, 0xAF, 0x87, 0xFC, 0xBC, 0x1E, 0xD4, 0xCF, 0xC7, 0x21, 0x8D, 0xC6, 0x41, 0xA2,
    0xC1, 0xC5, 0xFD, 0xF6, 0x15, 0x75, 0xB9, 0xFB, 0x67, 0xBF, 0x67, 0xE9, 0xE7, 0xEF, 0x59, 0x12,
    0x97, 0xB5, 0x38, 0xE4, 0x3B, 0x12, 0xCF, 0x93, 0xE8, 0x13, 0xE6, 0xC2, 0x1D, 0x6A, 0xD2, 0xFB,
    0xBB, 0x75, 0xD7, 0xA9, 0x7B, 0x04, 0x63, 0x8C, 0xE5, 0xEA, 0x1E, 0x1D, 0xDC, 0xFC, 0xA5, 0x4F,
    0xDB, 0x6E, 0x6F, 0x7B, 0x41, 0x26, 0x72, 0xCF, 0xF2, 0xC0, 0x82, 0x5D, 0xF4, 0x37, 0xF2, 0xF8,
    0x9C, 0x5C, 0xFD, 0x9C, 0x18, 0x96, 0x47, 0xE4, 0x23, 0xB9, 0x6F, 0x13, 0xE5, 0x81, 0xE5, 0xB1,
    0xE5, 0x49, 0xCD, 0x3D, 0x73, 0x55, 0x90, 0x6B, 0xBB, 0x7F, 0x1E, 0x4D, 0x51, 0xCF, 0x8B, 0x4C,
    0x9C, 0xA0, 0xB3, 0xAF, 0x05, 0x7D, 0x5C, 0x1D, 0xAD, 0xC1, 0x5D, 0x51, 0x96, 0x95, 0x37, 0x7A,
    0x68, 0xDF, 0x30, 0xF7, 0x0A, 0x16, 0x4E, 0xBF, 0x9A, 0xB2, 0x4B, 0xE9, 0xBF, 0xBD, 0xBE, 0x50,
    0x01, 0x64, 0x03, 0xAF, 0x09, 0xD6, 0x79, 0x76, 0xC7, 0x54, 0x34, 0x37, 0x2B, 0x97, 0x4D, 0xCE,
    0x37, 0x2D, 0xC0, 0xA7, 0x76, 0x53, 0x93, 0x5D, 0x66, 0x3F, 0xF9, 0x3B, 0xE1, 0x1C, 0x02, 0x8B,
    0xF0, 0x50, 0x67, 0xA9, 0xF5, 0xAD, 0xB1, 0x1E, 0xFA, 0x84, 0x93, 0x9B, 0x30, 0x01, 0xD2, 0xBF,
    0x16, 0x32, 0x5C, 0xB7, 0xEF, 0x1F, 0xD4, 0x3B, 0x30, 0xE9, 0x3D, 0x5C, 0x60, 0xDF, 0x64, 0xC1,
    0x93, 0x46, 0xA2, 0x2F, 0x01, 0xC9, 0x4F, 0x5C, 0x66, 0xFC, 0x90, 0xC6, 0xC2, 0xA7, 0x4D, 0xBC,
    0x95, 0x63, 0xBF, 0xB5, 0xED, 0xB9, 0x51, 0x36, 0x2F, 0xEB, 0x0E, 0xFC, 0x77, 0x2D, 0x97, 0xCD,
    0x87, 0x2B, 0x86, 0x53, 0xEB, 0xCC, 0xF8, 0x21, 0x46, 0x2B, 0xFA, 0x5D, 0x1D, 0x7F, 0xDA, 0x82,
    0xBB, 0xB7, 0xEC, 0xF5, 0x91, 0x90, 0x4D, 0xD0, 0x17, 0xEB, 0x6E, 0xDC, 0x9A, 0x1C, 0x99, 0x65,
    0xC3, 0xD8, 0xD4, 0x08, 0x46, 0x00, 0xA9, 0x62, 0x02, 0x78, 0xB0, 0xC9, 0x46, 0x7E, 0xB3, 0xF9,
    0x96, 0x07, 0x87, 0x8E, 0x1B, 0xE3, 0xFC, 0x1E, 0xD2, 0x34, 0xB6, 0xD4, 0xB4, 0x04, 0x25, 0xBF,
    0x97, 0x0C, 0x19, 0x28, 0x55, 0x92, 0x34, 0xEE, 0x4B, 0xC7, 0x7B, 0x31, 0xD3, 0xF5, 0x70, 0x79,
    0x1E, 0x8E, 0x2E, 0x6E, 0x33, 0xFD, 0xC1, 0x9F, 0x1A, 0xC5, 0xD4, 0xF7, 0xEA, 0x8E, 0x1B, 0xAA,
    0x5E, 0x7B, 0x0A, 0xB4, 0xC0, 0xBC, 0xE0, 0xF7, 0xD0, 0x86, 0xA3, 0x07, 0x55, 0x7C, 0xDE, 0x80,
    0xDF, 0xB1, 0x6D, 0x69, 0x1F, 0xC1, 0x69, 0xC1, 0xC0, 0xDB, 0x19, 0xCD, 0x0E, 0xF8, 0x48, 0x28,
    0xF8, 0xAC, 0x0D, 0xBF, 0xEC, 0xC0, 0xB7, 0xB4, 0xF9, 0x65, 0x1B, 0xB3, 0x57, 0x53, 0xEA, 0xF0,
    0x4B, 0x64, 0x93, 0x52, 0x77, 0x6D, 0xDD, 0x96, 0x52, 0x2F, 0xCE, 0x14, 0xDD, 0x77, 0x43, 0xD3,
    0xF4, 0x64, 0x93, 0x52, 0xBF, 0x75, 0x60, 0x7B, 0x34, 0x76, 0xED, 0x8E, 0xD9, 0x4B, 0xDA, 0xE6,
    0x14, 0x84, 0x5F, 0x74, 0xB2, 0x4C, 0xC5, 0x21, 0xDF, 0x66, 0x24, 0x51, 0x91, 0xFE, 0xA2, 0x02,
    0x9F, 0x75, 0xE3, 0xB6, 0x8D, 0x46, 0x86, 0xB0, 0x36, 0x8C, 0x3D, 0xF0, 0x4B, 0xCF, 0x88, 0x1F,
    0x6D, 0x54, 0xAF, 0xB0, 0xA5, 0x73, 0x45, 0x9A, 0x0F, 0xE9, 0xC4, 0x25, 0x69, 0xDE, 0x6B, 0xE7,
    0xFC, 0xBB, 0x6F, 0x88, 0xDC, 0xFF, 0x89, 0xC8, 0x29, 0x04, 0xA0, 0xC5, 0xFB, 0x8B, 0x93, 0x83,
    0xFB, 0x23, 0x27, 0xEF, 0x79, 0x6D, 0x17, 0xFC, 0xA5, 0x89, 0x3E, 0xAC, 0x8E, 0x82, 0xBD, 0xBB,
    0xE4, 0x37, 0x90, 0x89, 0xE7, 0xBD, 0xFD, 0xB5, 0x50, 0x7B, 0xC0, 0x07, 0x56, 0x16, 0x6F, 0x9B,
    0x35, 0xDE, 0xDE, 0xBA, 0x19, 0x7F, 0xA7, 0x3D, 0x88, 0x7E, 0x2E, 0xDB, 0xBB, 0xA1, 0x37, 0x6D,
    0x43, 0x20, 0x2C, 0x74, 0x25, 0x58, 0xCA, 0x75, 0x26, 0xE5, 0x3F, 0xF8, 0x39, 0x94, 0x9C, 0xDE,
    0x87, 0x25, 0x59, 0x89, 0xFD, 0x5D, 0x6F, 0x36, 0xDE, 0x7D, 0x13, 0xFF, 0xDF, 0x95, 0x56, 0x3D,
    0x6C, 0xDC, 0xC8, 0x15, 0x7E, 0xE4, 0x7A, 0x97, 0x88, 0x58, 0x70, 0x8B, 0xDD, 0x14, 0x6E, 0x26,
    0x08, 0x52, 0x58, 0x41, 0x02, 0xA6, 0x48, 0x3A, 0x6B, 0x87, 0x92, 0x81, 0xB4, 0xD9, 0x00, 0xEA,
    0x12, 0xE0, 0x52, 0x3A, 0x29, 0x62, 0x04, 0xB8, 0xE2, 0x0A, 0x2D, 0x67, 0xA5, 0x03, 0x72, 0x01,
    0x52, 0x9C, 0x2E, 0x8D, 0xDB, 0x43, 0xE0, 0x22, 0xF2, 0x15, 0x2A, 0x92, 0x42, 0x41, 0x76, 0x97,
    0x94, 0x55, 0xB8, 0x0C, 0xCF, 0x42, 0x90, 0xE2, 0x1A, 0xC6, 0xBE, 0xE0, 0x80, 0xA8, 0xD0, 0xAC,
    0x6F, 0x0E, 0x1A, 0x9C, 0x86, 0x9C, 0x7C, 0xC3, 0x5D, 0xD9, 0x3A, 0x4B, 0x17, 0x3B, 0xE4, 0x37,
    0x83, 0x21, 0xF1, 0xE6, 0xEF, 0xBD, 0xF7, 0x7D, 0x33, 0xDE, 0x1E, 0xC5, 0xB6, 0x10, 0x56, 0xD6,
    0x2D, 0x95, 0x6D, 0xE8, 0xE8, 0x91, 0xE6, 0x3B, 0x7A, 0xE6, 0xEB, 0xE9, 0x25, 0x7C, 0x33, 0xD9,
    0xE4, 0xA5, 0x89, 0xA5, 0x69, 0x49, 0x13, 0x14, 0x26, 0xCA, 0x0D, 0x1B, 0x9B, 0x18, 0xD8, 0x36,
    0xEC, 0x58, 0x47, 0x56, 0xB5, 0x6C, 0x41, 0x37, 0xA8, 0xD7, 0xDD, 0x5C, 0x53, 0x86, 0x2B, 0x13,
    0xC0, 0xAC, 0xBC, 0x64, 0x36, 0x36, 0xEC, 0x89, 0x81, 0x99, 0xDF, 0x98, 0x79, 0x0F, 0x29, 0xB2,
    0x25, 0xB7, 0x4A, 0xF8, 0x66, 0x46, 0x66, 0xD6, 0x35, 0x33, 0x6D, 0x32, 0x20, 0x69, 0x3E, 0x1B,
    0xAC, 0xEC, 0xEC, 0x72, 0x6B, 0x84, 0x35, 0xB3, 0x1F, 0x56, 0x33, 0xAA, 0x66, 0xDD, 0x6A, 0xA6,
    0xAB, 0x0C, 0x48, 0x9A, 0xCF, 0x06, 0xBD, 0x6E, 0x7F, 0x70, 0x20, 0xB8, 0x16, 0x1D, 0x25, 0x02,
    0x29, 0xA2, 0x5C, 0xB0, 0x71, 0x03, 0x34, 0xBE, 0xAC, 0x59, 0x56, 0xB1, 0x58, 0x11, 0xD1, 0xE6,
    0x2A, 0xCD, 0x78, 0x21, 0xB8, 0xE2, 0x2D, 0xCD, 0xD7, 0xDD, 0x92, 0xB0, 0xB0, 0xE8, 0xD0, 0x84,
    0xC7, 0x3A, 0x38, 0x97, 0x58, 0xB9, 0x5F, 0x53, 0x67, 0x8F, 0xB8, 0xCD, 0xB9, 0x95, 0xDD, 0x40,
    0x91, 0xAF, 0xBF, 0xBB, 0xA3, 0xF9, 0xA1, 0x0E, 0x1F, 0xE9, 0xF0, 0x48, 0x85, 0xA7, 0x32, 0xB4,
    0x45, 0x78, 0xC9, 0xE6, 0x5B, 0xCE, 0x46, 0xAD, 0xFA, 0x3A, 0x5D, 0xA0, 0xA5, 0xC5, 0xBE, 0xE6,
    0xB5, 0x66, 0x5A, 0x63, 0xBA, 0xC6, 0x57, 0x95, 0xF3, 0xD5, 0x99, 0x0A, 0xE0, 0x9C, 0x0B, 0x27,
    0xB0, 0xAF, 0x3A, 0xA1, 0xF1, 0xD5, 0xD4, 0xF9, 0x0A, 0x66, 0xCF, 0x96, 0x66, 0xEC, 0xA5, 0x99,
    0xF6, 0x6D, 0xE9, 0x7C, 0xB5, 0x47, 0xED, 0x24, 0xB6, 0x39, 0xF6, 0x64, 0x25, 0xCB, 0xEB, 0x16,
    0xAA, 0xEC, 0x8E, 0x62, 0x79, 0x74, 0x84, 0x8A, 0xBB, 0xD6, 0xB4, 0xD5, 0x54, 0xDA, 0x55, 0x75,
    0x36, 0x16, 0x47, 0xD6, 0x26, 0xFC, 0xE8, 0x69, 0x4D, 0xCD, 0xE3, 0x5F, 0x3B, 0x80, 0xBC, 0x6E,
    0x00, 0x9E, 0x4F, 0x7D, 0x6B, 0x73, 0x91, 0xA3, 0xE2, 0xF9, 0xBD, 0x9F, 0xE4, 0xE8, 0x1E, 0x8F,
    0x89, 0xFE, 0x9D, 0x25, 0x44, 0xD6, 0x8D, 0x97, 0xA9, 0xC5, 0xA0, 0xF4, 0xAB, 0x24, 0xB0, 0x2A,
    0xB2, 0x55, 0x9C, 0xCF, 0x58, 0x21, 0x5A, 0x4A, 0x84, 0xA5, 0xF3, 0xFF, 0x02, 0x02, 0x48, 0x04,
    0x91, 0x68, 0xD9, 0x2C, 0xB2, 0x36, 0xFA, 0xD8, 0xB6, 0x93, 0xFE, 0x1B, 0x76, 0x09, 0x9F, 0x8A,
    0xD8, 0xDA, 0xF8, 0xD7, 0xB6, 0x7F, 0xA3, 0x8F, 0x79, 0x3A, 0x7B, 0x53, 0xA4, 0x41, 0x13, 0x17,
    0xE9, 0xE2, 0xB2, 0xAD, 0xF9, 0xC7, 0x3A, 0x7C, 0xA2, 0xC3, 0x63, 0x15, 0x9E, 0x2C, 0xE3, 0x42,
    0x34, 0x64, 0xBF, 0xD3, 0xDC, 0xEA, 0xC1, 0xDF, 0x34, 0xBC, 0xDA, 0xEB, 0x3E, 0xA0, 0xB5, 0xB3,
    0x1A, 0xB1, 0xB2, 0x14, 0x68, 0x41, 0x81, 0xE4, 0x14, 0x15, 0x28, 0xF9, 0xA2, 0xB0, 0x57, 0x4A,
    0x67, 0x63, 0xB7, 0x9D, 0xF0, 0x53, 0x15, 0x82, 0x03, 0x3A, 0x2C, 0x66, 0x3F, 0x32, 0x61, 0x51,
    0x79, 0xA8, 0xCC, 0x8B, 0xAA, 0xF9, 0x9C, 0x7A, 0x55, 0x54, 0x88, 0x75, 0xBB, 0x5F, 0xF0, 0xF9,
    0xB9, 0xCD, 0xA3, 0x2F, 0xE6, 0x36, 0xF9, 0x3F, 0x3D, 0xAC, 0x62, 0x78, 0xB8, 0xCE, 0x72, 0x71,
    0xD8, 0x78, 0x38, 0xFB, 0x7D, 0xDE, 0x0C, 0x00, 0x3E, 0xB0, 0x86, 0x0F, 0x99, 0xAF, 0x2B, 0x4F,
    0x63, 0x4A, 0xA0, 0x6A, 0x90, 0xFD, 0xD4, 0xF0, 0xB9, 0x89, 0xE6, 0xC6, 0xF9, 0x62, 0x03, 0x94,
    0xD0, 0x0D, 0x25, 0x4C, 0x45, 0x2F, 0x01, 0xB6, 0x88, 0xC4, 0x70, 0x69, 0x22, 0xE5, 0xCC, 0xBC,
    0xAB, 0x7C, 0xDE, 0x78, 0xC9, 0x64, 0x81, 0xCF, 0x47, 0x2E, 0x4D, 0x7B, 0x37, 0x93, 0x2D, 0x2B,
    0xB1, 0x65, 0xB1, 0x63, 0x84, 0x67, 0x04, 0x99, 0xF4, 0x0A, 0x90, 0xF1, 0xC2, 0xE6, 0x76, 0x3F,
    0xAF, 0x10, 0xFF, 0x4F, 0xE1, 0xD1, 0x04, 0xB9, 0x3B, 0x09, 0xCB, 0x49, 0x4B, 0xA2, 0xCE, 0xDC,
    0x2C, 0x09, 0x75, 0xA9, 0x47, 0x9B, 0x33, 0xCF, 0x5C, 0x45, 0xD6, 0x32, 0x62, 0x1F, 0xC1, 0x33,
    0x91, 0x9E, 0xB8, 0x19, 0xAF, 0x37, 0x73, 0x14, 0xE2, 0xF7, 0x55, 0x6C, 0x11, 0xCE, 0x31, 0x46,
    0x23, 0x7A, 0x40, 0x9E, 0x59, 0xA0, 0x77, 0xDD, 0xB0, 0x57, 0xBB, 0xAC, 0x24, 0x3D, 0x9E, 0xA7,
    0x62, 0x9C, 0xA6, 0x94, 0x8E, 0x7A, 0xE9, 0xE8, 0x76, 0x3A, 0xCA, 0xD2, 0xD4, 0xCE, 0xC4, 0x3F,
    0x6B, 0x71, 0x54, 0x8B, 0xA4, 0x16, 0x34, 0x23, 0x5A, 0x25, 0x4A, 0x17, 0x58, 0x49, 0xD2, 0xD7,
    0xDA, 0xF7, 0x3D, 0x1A, 0xF2, 0xF0, 0x91, 0xE2, 0xD1, 0x91, 0xE4, 0xD1, 0xB1, 0x8C, 0xD9, 0x33,
    0x19, 0xA7, 0x9F, 0x97, 0x6C, 0xEB, 0xAC, 0x88, 0x8C, 0x2D, 0x22, 0x9D, 0xE5, 0x91, 0xE2, 0x79,
    0x28, 0x79, 0x1E, 0x48, 0x47, 0x13, 0xAC, 0x9B, 0x3C, 0xB8, 0xD6, 0x03, 0x49, 0x7C, 0xD5, 0xF7,
    0x7C, 0xC9, 0x43, 0xD7, 0x77, 0xD9, 0x3F, 0x7E, 0x56, 0xC6, 0xE9, 0x59, 0xB1, 0xEC, 0x9F, 0x2F,
    0xFA, 0x0B, 0xD7, 0x7F, 0x1C, 0x96, 0xE8, 0xFF, 0x46, 0xFC, 0xA0, 0x3E, 0x6D, 0x22, 0x54, 0xD7,
    0x60, 0xDD, 0x88, 0x13, 0x93, 0x5A, 0xB5, 0x25, 0x4A, 0x97, 0x2B, 0x1F, 0x0C, 0xF9, 0x73, 0x9D,
    0xFD, 0x51, 0x57, 0xBE, 0xD3, 0xF2, 0xF8, 0xA9, 0xE6, 0x4F, 0x5D, 0xA3, 0xF2, 0x95, 0x0D, 0x94,
    0xCB, 0xD3, 0xC6, 0x71, 0xDE, 0xC3, 0x24, 0xB2, 0x05, 0x3F, 0x01, 0x3D, 0x88, 0x17, 0xC4, 0x6A,
    0x0A, 0x20, 0x4E, 0xF7, 0x24, 0xB5, 0xE4, 0xF7, 0xB1, 0x30, 0x5B, 0xC6, 0x0B, 0xB3, 0x37, 0x49,
    0x29, 0xFF, 0x12, 0x68, 0xD8, 0x8C, 0x2C, 0xA3, 0x53, 0x7D, 0x03, 0x81, 0x24, 0xE3, 0x65, 0x90,
    0x34, 0xC3, 0xFF, 0x61, 0x38, 0x35, 0x50, 0xC8, 0x09, 0xF3, 0xE6, 0x42, 0x72, 0x09, 0xFD, 0x95,
    0x07, 0x48, 0x44, 0xA7, 0xC4, 0x5D, 0x56, 0x50, 0x54, 0x52, 0x78, 0x81, 0xA8, 0x58, 0x15, 0x90,
    0xE7, 0x71, 0x8C, 0x6C, 0x6D, 0x98, 0xE9, 0xED, 0x71, 0x8C, 0xEC, 0x38, 0xF3, 0xF5, 0xE7, 0x0C,
    0x92, 0x12, 0xB9, 0x61, 0x5E, 0x96, 0x77, 0x50, 0xD2, 0x1A, 0x27, 0x86, 0x4D, 0x66, 0xED, 0x1A,
    0xE9, 0x62, 0x88, 0xBF, 0x67, 0xB0, 0x7F, 0x45, 0x90, 0x1B, 0x6A, 0x12, 0xD4, 0x51, 0x56, 0x60,
    0xE8, 0xD7, 0x6E, 0xAF, 0xEF, 0x6D, 0xA6, 0x81, 0x4C, 0xA3, 0x3C, 0xE5, 0x09, 0x98, 0x04, 0x0F,
    0x8A, 0xCF, 0xB4, 0xD8, 0xD6, 0x20, 0x5C, 0x7A, 0x01, 0x98, 0xC1, 0x61, 0xCE, 0x69, 0x56, 0xF6,
    0x3D, 0xE8, 0x02, 0xFD, 0xAC, 0xE4, 0x08, 0x00, 0x0F, 0xEF, 0x20, 0x71, 0x1E, 0x97, 0xF1, 0x5B,
    0x8F, 0x4B, 0x96, 0x9E, 0x14, 0x6C, 0x72, 0x8E, 0xA4, 0x41, 0xE2, 0x28, 0x24, 0x0E, 0x92, 0x2E,
    0x2A, 0xF9, 0xB8, 0xF3, 0x27, 0x10, 0x74, 0x2C, 0x6C, 0x31, 0x0C, 0x5D, 0xCC, 0x1E, 0xBE, 0xAB,
    0xEC, 0x91, 0xAA, 0xEE, 0x28, 0x9C, 0xD3, 0x33, 0x17, 0xBF, 0x82, 0x2D, 0x35, 0x8A, 0x3A, 0x0F,
    0x70, 0x98, 0xAA, 0xD7, 0x5A, 0x76, 0xB6, 0x87, 0xFC, 0x71, 0x99, 0xBD, 0x57, 0x4E, 0x83, 0x72,
    0x8A, 0x50, 0xB8, 0x0C, 0x28, 0x3B, 0xF7, 0x4B, 0x0A, 0x2E, 0x81, 0xD6, 0x88, 0xAB, 0x58, 0x7B,
    0x43, 0xC7, 0x69, 0xD7, 0x66, 0xDA, 0xB5, 0xD0, 0x24, 0xE7, 0x7E, 0x3B, 0xBE, 0xB9, 0x9B, 0x99,
    0xAC, 0x82, 0x3F, 0x5F, 0x79, 0x57, 0x30, 0xC5, 0x00, 0xFD, 0xDF, 0x96, 0x4D, 0xBA, 0x51, 0x7B,
    0x79, 0x96, 0x90, 0x6F, 0xA1, 0xEE, 0x56, 0x2D, 0xDC, 0xF0, 0xBA, 0xE2, 0x62, 0xC1, 0x9D, 0xF1,
    0x87, 0xA0, 0xDA, 0xB2, 0xED, 0x63, 0x61, 0x77, 0x63, 0xFB, 0x3D, 0xD7, 0xBE, 0xF5, 0x0B, 0x5A,
    0xFB, 0xCB, 0xE2, 0xFF, 0x2A, 0x89, 0x84, 0xE1, 0x6D, 0xD3, 0xDD, 0x5B, 0xD3, 0xB5, 0xC1, 0x88,
    0x9B, 0xF6, 0xEE, 0x56, 0x35, 0xED, 0x12, 0x26, 0x2F, 0x28, 0xB3, 0x49, 0x66, 0xF3, 0x83, 0x93,
    0xF2, 0xE0, 0x18, 0x28, 0x32, 0x3B, 0xCE, 0xEA, 0x64, 0x7A, 0x52, 0x1C, 0x3C, 0x91, 0x0E, 0x9F,
    0x49, 0x28, 0x1C, 0x6C, 0xFA, 0xA5, 0x33, 0x6E, 0xB8, 0xC7, 0xAF, 0xBE, 0x05, 0x2B, 0x5D, 0x9C,
    0x87, 0x1C, 0x11, 0xBB, 0x1E, 0x8A, 0x1F, 0xD7, 0xEC, 0x5F, 0x16, 0x03, 0xB4, 0x37, 0x85, 0xCD,
    0x6A, 0x36, 0x8E, 0xF2, 0xA8, 0xB8, 0xEE, 0x0D, 0x4D, 0x0B, 0xE9, 0x70, 0x33, 0xC9, 0x54, 0x86,
    0x13, 0xC0, 0xD7, 0x81, 0xC4, 0xDF, 0xFC, 0xCA, 0xAB, 0x02, 0x78, 0xA1, 0xBF, 0x99, 0x19, 0x8B,
    0xE8, 0x85, 0xC5, 0xFF, 0x1C, 0xEB, 0x6B, 0x22, 0xF1, 0xE2, 0xED, 0xAF, 0xFC, 0x78, 0xD7, 0x9D,
    0x3C, 0xE7, 0x7A, 0xF2, 0x1B, 0x33, 0x81, 0xB8, 0xAE, 0x1B, 0x7E, 0x68, 0xD8, 0xA1, 0x79, 0xA1,
    0xC1, 0xAF, 0x82, 0x36, 0x63, 0x3B, 0x7B, 0xA8, 0xDA, 0xE7, 0xA7, 0x83, 0x29, 0xD1, 0xDD, 0x09,
    0x9E, 0x9B, 0x04, 0x1D, 0xCC, 0x23, 0x0B, 0x5E, 0xD2, 0x37, 0xBE, 0x43, 0xBC, 0xA6, 0xAD, 0xB7,
    0x68, 0x14, 0x17, 0xB1, 0x0B, 0x32, 0xAD, 0x10, 0x4B, 0x6C, 0x79, 0x6F, 0x97, 0xE1, 0x98, 0xCC,
    0x4A, 0x5B, 0x18, 0x1A, 0x42, 0xB1, 0x07, 0xE5, 0xDB, 0x92, 0x17, 0xC8, 0x00, 0xE5, 0x7F, 0xCA,
    0xF3, 0xDB, 0x0B, 0x31, 0xC2, 0x31, 0x38, 0xF0, 0xF4, 0x64, 0xB2, 0xF5, 0xD7, 0xFA, 0x36, 0x70,
    0x50, 0x6D, 0x6D, 0xF5, 0x0C, 0xFF, 0x08, 0x32, 0x9F, 0x37, 0x06, 0x8E, 0x82, 0xEC, 0x44, 0x42,
    0x7D, 0x96, 0x44, 0xF3, 0x74, 0xFC, 0x2E, 0xE4, 0x03, 0xB7, 0xB8, 0xF1, 0xE2, 0x24, 0x66, 0x20,
    0xD0, 0x7E, 0x39, 0x58, 0xB8, 0xFE, 0x48, 0xB2, 0x63, 0x09, 0x69, 0xF0, 0x6D, 0xEE, 0x37, 0x27,
    0x15, 0x1E, 0xB3, 0xC0, 0xAD, 0x0F, 0xE1, 0xBD, 0xEA, 0x6C, 0x5A, 0xC9, 0x91, 0xD1, 0x23, 0x33,
    0x1A, 0x55, 0x34, 0xC9, 0xB0, 0x77, 0xAB, 0x1C, 0xCB, 0xBB, 0xD4, 0xD9, 0xD9, 0x65, 0x16, 0xD9,
    0xA5, 0x79, 0x5F, 0x63, 0x96, 0x25, 0xD6, 0x35, 0x9B, 0xEB, 0x70, 0xAE, 0x97, 0xB7, 0xA0, 0x96,
    0xA3, 0x92, 0xF7, 0x91, 0x84, 0x86, 0xB2, 0xFF, 0x24, 0x3C, 0x21, 0x1E, 0x94, 0x1C, 0x77, 0x8D,
    0x28, 0x89, 0xDF, 0x1F, 0x63, 0x55, 0x2E, 0xAD, 0x87, 0xD4, 0x32, 0xAA, 0xF5, 0x73, 0xD5, 0xAA,
    0x31, 0xB2, 0x64, 0x5F, 0x2E, 0xCC, 0xC0, 0xEC, 0xF2, 0xC2, 0x4C, 0x35, 0x99, 0x4F, 0x5B, 0x0D,
    0x81, 0x06, 0xBF, 0x74, 0xD2, 0x16, 0x9F, 0x16, 0x2C, 0x90, 0x8B, 0xF1, 0x81, 0x30, 0x2C, 0xB1,
    0xAF, 0xF0, 0x62, 0x0B, 0xB4, 0x38, 0x63, 0x3C, 0xD5, 0xF9, 0xED, 0xB6, 0x62, 0x76, 0x8E, 0x65,
    0xCE, 0x15, 0xFF, 0x36, 0x8A, 0x7F, 0xA9, 0x6C, 0x9C, 0x49, 0xF6, 0xDC, 0x96, 0xE1, 0xF3, 0x0B,
    0x09, 0x80, 0x7F, 0xC0, 0x32, 0xB7, 0xDE, 0xD0, 0x96, 0x6E, 0xBD, 0x20, 0x21, 0xFD, 0x80, 0x93,
    0xE6, 0xBD, 0x09, 0x9F, 0x18, 0x86, 0xDB, 0xCF, 0xDF, 0xE5, 0x85, 0x29, 0x0E, 0xEC, 0x89, 0xFF,
    0x07, 0xF7, 0x33, 0xCE, 0x12, 0xCE, 0x08, 0x8B, 0xE5, 0xB8, 0x3D, 0x05, 0xB8, 0xCF, 0x94, 0xEC,
    0x73, 0x19, 0xCE, 0xE5, 0x42, 0x2D, 0xFA, 0x90, 0x8B, 0x14, 0x7A, 0x91, 0x42, 0x30, 0x66, 0x50,
    0x8C, 0x5A, 0x58, 0x5B, 0xE3, 0x06, 0x57, 0x77, 0xEE, 0x7F, 0x91, 0x42, 0x2C, 0xBE, 0x5A, 0xDC,
    0x13, 0xBB, 0x9C, 0xC8, 0xE6, 0xEB, 0x08, 0xC2, 0xD9, 0x27, 0xEF, 0x90, 0xFE, 0xF3, 0xA9, 0x21,
    0x13, 0xD6, 0x20, 0x5F, 0x76, 0xFB, 0x93, 0x9C, 0x57, 0xBD, 0x84, 0x3A, 0xBB, 0x30, 0xF9, 0x2F,
    0x6D, 0xCC, 0xB1, 0x0D, 0xC2, 0x30, 0x14, 0x45, 0xD1, 0xEB, 0xB8, 0xA0, 0x48, 0xE1, 0x11, 0x42,
    0x49, 0xE7, 0x11, 0xEC, 0xCD, 0xF2, 0x25, 0xD6, 0x42, 0xD8, 0x12, 0x25, 0x4D, 0x46, 0xF0, 0x06,
    0xFC, 0x32, 0x85, 0xC3, 0xC7, 0x4A, 0xCD, 0x93, 0x4E, 0xF7, 0x74, 0xB9, 0x02, 0x8F, 0xE1, 0x39,
    0x2C, 0x19, 0x2E, 0x9C, 0x2B, 0x84, 0x96, 0x24, 0xD6, 0x58, 0x53, 0x0E, 0xAD, 0x30, 0xEB, 0x81,
    0xFF, 0x76, 0x9C, 0x29, 0x58, 0x83, 0x54, 0x21, 0xCA, 0x7F, 0x82, 0xDF, 0xF0, 0xE3, 0xD8, 0xE1,
    0xC6, 0x19, 0xEF, 0xAB, 0xEB, 0x69, 0xDA, 0xE3, 0x5D, 0x97, 0x97, 0x86, 0xF7, 0x36, 0x7F, 0xAA,
    0x37, 0x99, 0x2C, 0x63, 0x70, 0xE0, 0x3A, 0xEB, 0x4E, 0x51, 0x8A, 0xF0, 0x03, 0x85, 0x4E, 0x3B,
    0x4E, 0x03, 0x31, 0x10, 0x7D, 0xBB, 0x2B, 0xB4, 0x85, 0x0B, 0x9F, 0x20, 0xF2, 0x09, 0x90, 0xA9,
    0x11, 0x64, 0x2C, 0x1A, 0x4A, 0x38, 0x07, 0x27, 0xA0, 0x48, 0xB0, 0x8F, 0x42, 0xC1, 0x01, 0x28,
    0x29, 0x90, 0x62, 0x89, 0x0B, 0x58, 0xCA, 0x05, 0x7C, 0x04, 0x83, 0x5C, 0x18, 0x69, 0xA3, 0x65,
    0xD6, 0x04, 0x41, 0xC2, 0x6F, 0xE6, 0x69, 0x3E, 0x4F, 0xF3, 0x66, 0x06, 0x97, 0x7B, 0x06, 0x1C,
    0x79, 0x09, 0x89, 0x63, 0x7F, 0x80, 0xDF, 0xDC, 0x26, 0x9B, 0xAE, 0x6E, 0xC7, 0xB1, 0x7C, 0x80,
    0xCD, 0xFF, 0x1D, 0x85, 0x51, 0x46, 0x83, 0x76, 0x7C, 0x89, 0xC5, 0x4E, 0x2D, 0xCE, 0x9D, 0xBA,
    0xF0, 0x5A, 0x3A, 0x52, 0x86, 0x74, 0x85, 0x72, 0x5B, 0x68, 0xB3, 0x24, 0x5C, 0x1F, 0xE2, 0x3B,
    0x83, 0xFC, 0x09, 0x3B, 0xC6, 0x77, 0x7C, 0x25, 0xF7, 0x91, 0x80, 0xFB, 0x7F, 0x54, 0x3F, 0xEC,
    0x49, 0x13, 0x44, 0xA0, 0x4C, 0x85, 0x3D, 0x8B, 0x70, 0x8A, 0x87, 0x26, 0xAD, 0x9A, 0x4D, 0x57,
    0x6A, 0xA8, 0xAD, 0xC8, 0x18, 0x00, 0xE8, 0x4D, 0xCB, 0x0A, 0xCC, 0x75, 0xC7, 0x2A, 0x9C, 0x28,
    0x11, 0x6A, 0x92, 0xAE, 0x92, 0x1A, 0x75, 0xE4, 0x66, 0x4A, 0x22, 0x0F, 0xD6, 0xE9, 0x80, 0xA6,
    0x8C, 0x69, 0x95, 0xD1, 0xBD, 0x3C, 0xE7, 0x3C, 0xA0, 0x5F, 0xC7, 0xD7, 0xB4, 0x80, 0x7C, 0xAA,
    0x49, 0x9F, 0x55, 0x92, 0x50, 0x47, 0x1E, 0x51, 0x05, 0x68, 0x43, 0x9F, 0x64, 0x20, 0x67, 0x0D,
    0x39, 0xC9, 0x75, 0x3B, 0xDD, 0xC0, 0x8C, 0xC7, 0x94, 0x97, 0xB1, 0xCF, 0x32, 0x2A, 0x4F, 0xDC,
    0x4F, 0x76, 0x87, 0x36, 0xA1, 0x8B, 0x10, 0x1E, 0xFC, 0x03, 0xDF, 0x9F, 0x83, 0xF7, 0xA0, 0x6C,
    0x69, 0xE9, 0xA1, 0x1C, 0x0B, 0xC1, 0x2F, 0xBD, 0x01, 0xBD, 0x8E, 0x21, 0x0E, 0xC3, 0x30, 0x0C,
    0x45, 0xDD, 0x16, 0x14, 0x04, 0xA4, 0x37, 0xC8, 0xF0, 0xA4, 0xB5, 0x17, 0x70, 0xE5, 0x1E, 0xCC,
    0x52, 0x76, 0xA8, 0x80, 0x80, 0x49, 0xED, 0x11, 0x72, 0x84, 0x1C, 0xC1, 0xC0, 0x20, 0xC0, 0x95,
    0xD6, 0x91, 0x91, 0xF1, 0xE9, 0xB3, 0x27, 0x3D, 0xBD, 0xEF, 0x2A, 0x35, 0xE6, 0x8C, 0x79, 0xCD,
    0xC8, 0x4C, 0xCD, 0xD5, 0x4E, 0x47, 0xF5, 0x09, 0xD3, 0x7E, 0xEE, 0x27, 0x24, 0x48, 0x4B, 0x5B,
    0xDA, 0x03, 0xA8, 0x92, 0x82, 0x4D, 0x99, 0x94, 0x4A, 0xA7, 0x5E, 0xE7, 0x8D, 0x6A, 0x34, 0x46,
    0xC4, 0x8F, 0x13, 0x2D, 0x1A, 0xB4, 0x5E, 0x86, 0x32, 0x1E, 0xEE, 0xE9, 0x37, 0x5F, 0xC9, 0x98,
    0xD7, 0xBC, 0x08, 0xF2, 0x0B, 0xA3, 0x85, 0x7A, 0x11, 0x65, 0x66, 0x24, 0x0B, 0xD6, 0x29, 0xD5,
    0x79, 0x73, 0x3F, 0xE5, 0x5E, 0x82, 0x90, 0xDC, 0xA5, 0xFF, 0x2E, 0x94, 0xA8, 0x37, 0x05, 0x1D,
    0xC4, 0x1F, 0x04, 0x74, 0x55, 0x96, 0x42, 0x32, 0xA9, 0x17, 0x2F, 0xD0, 0xA6, 0x1C, 0x35, 0x96,
    0x7F, 0xFD, 0x7D, 0x03, 0x4D, 0x8E, 0xC1, 0x0D, 0x83, 0x30, 0x14, 0x43, 0x1F, 0xD0, 0x96, 0x43,
    0x0E, 0x0C, 0xD0, 0x43, 0x47, 0xC8, 0x08, 0x64, 0x84, 0x8E, 0xD0, 0x91, 0x3A, 0x11, 0x61, 0x04,
    0x46, 0x60, 0x84, 0x1C, 0x38, 0x80, 0x44, 0xE2, 0x7E, 0xE0, 0x52, 0xC9, 0x96, 0x9E, 0x6C, 0xC9,
    0x32, 0xCF, 0x8D, 0x98, 0x2B, 0xED, 0xCD, 0x7A, 0x6B, 0x13, 0xBD, 0x92, 0xC9, 0x4D, 0x06, 0x93,
    0xC9, 0x12, 0xCB, 0x6B, 0x65, 0x54, 0x78, 0x6D, 0x52, 0xB9, 0xC4, 0x00, 0xC3, 0x9B, 0x98, 0xD0,
    0xE4, 0x0A, 0xAE, 0x7C, 0xFF, 0x98, 0xB3, 0xE5, 0xA1, 0xD0, 0x69, 0xEE, 0x94, 0xEE, 0xCD, 0x12,
    0x95, 0xE3, 0x31, 0x12, 0x9A, 0x9D, 0x8B, 0x7D, 0xC0, 0x8F, 0x9F, 0x4E, 0x8B, 0xD3, 0x5E, 0x69,
    0xEE, 0xA5, 0x60, 0x86, 0x6E, 0x86, 0xE6, 0xF8, 0x21, 0xB3, 0x4D, 0xD9, 0x03, 0xFC, 0x71, 0x27,
    0xD0, 0xAF, 0x27, 0xD2, 0x2E, 0x50, 0x67, 0x20, 0x9A, 0xFD, 0xC8, 0x0F, 0x9D, 0x51, 0x4B, 0x6A,
    0xC3, 0x30, 0x10, 0x7D, 0xB6, 0xC1, 0x5E, 0xB8, 0x60, 0xE8, 0x05, 0xB4, 0xCD, 0x2A, 0x3A, 0x41,
    0x32, 0xA2, 0x17, 0xE8, 0x79, 0x02, 0x21, 0xD2, 0x61, 0x7A, 0x8C, 0x26, 0xD6, 0x11, 0x72, 0x04,
    0x1D, 0x41, 0x14, 0x43, 0x5D, 0xAA, 0x64, 0x3A, 0xE3, 0x94, 0x64, 0xD7, 0x45, 0xCD, 0x3C, 0x0B,
    0xBD, 0xF9, 0xF8, 0xBD, 0x71, 0x7B, 0x75, 0x3D, 0xE7, 0x8E, 0xE7, 0xAA, 0x2E, 0xC0, 0xB1, 0x1A,
    0x4F, 0x3D, 0xB3, 0x61, 0xA6, 0x70, 0x22, 0x1C, 0x08, 0x17, 0x7A, 0x29, 0xC4, 0xD3, 0xC0, 0xA9,
    0xBE, 0x3A, 0x98, 0x08, 0xD0, 0x59, 0x90, 0x80, 0x31, 0x03, 0x97, 0x19, 0xD5, 0x54, 0xD0, 0xE4,
    0xA3, 0xC0, 0xA3, 0x3F, 0x13, 0x86, 0x68, 0x9D, 0x89, 0x26, 0xDA, 0x30, 0x44, 0x62, 0x4E, 0x9E,
    0x39, 0x8F, 0x02, 0x39, 0xC3, 0x1D, 0xB0, 0xFF, 0xC2, 0xC8, 0x45, 0xC2, 0x73, 0xB1, 0x11, 0x43,
    0x42, 0x97, 0xA1, 0xA2, 0xAF, 0xA2, 0x45, 0xA4, 0xA0, 0x99, 0x95, 0x19, 0x22, 0x28, 0xC0, 0x2F,
    0x95, 0x12, 0xF2, 0xE5, 0x5B, 0x00, 0x6F, 0xA8, 0x33, 0x9A, 0x84, 0x5E, 0x9A, 0x03, 0x2C, 0xB0,
    0x05, 0xDE, 0x81, 0xF9, 0x97, 0x96, 0x46, 0x13, 0x40, 0xC0, 0x01, 0x58, 0xC3, 0x3B, 0xEF, 0xD6,
    0x80, 0x16, 0x6B, 0x46, 0x53, 0xDA, 0xA2, 0x79, 0x2D, 0x90, 0xC6, 0x3A, 0x16, 0xD9, 0xC5, 0x04,
    0xFA, 0xC8, 0x78, 0xFE, 0x94, 0xF9, 0x2C, 0x8B, 0x19, 0x75, 0x41, 0x02, 0xEB, 0x64, 0x19, 0x17,
    0xD0, 0x37, 0x63, 0x43, 0xAF, 0x61, 0x6F, 0xFB, 0xA0, 0xA7, 0xDE, 0x95, 0xD7, 0xC7, 0xBB, 0x9A,
    0x5D, 0xC3, 0xAE, 0x9B, 0x54, 0xF6, 0xDF, 0x21, 0x66, 0x65, 0x3A, 0x47, 0xF5, 0xAA, 0xA2, 0xCE,
    0x2B, 0x3B, 0xEF, 0x89, 0xCB, 0x9E, 0xA6, 0x55, 0x97, 0x6E, 0x8C, 0x99, 0x37, 0xCA, 0xD8, 0x85,
    0x69, 0x84, 0x0A, 0x18, 0xDC, 0xC3, 0xFE, 0x84, 0x2A, 0xE3, 0x7E, 0x35, 0x8B, 0xFB, 0x27, 0xE9,
    0x6C, 0x63, 0xCB, 0x49, 0xFE, 0x13, 0x7F, 0x81, 0x1D, 0xF4, 0xCD, 0x49, 0x18, 0xB4, 0xE2, 0xE6,
    0x51, 0xBF, 0x13, 0x6B, 0x4B, 0xAA, 0x93, 0x51, 0x36, 0xB7, 0x4A, 0x26, 0x61, 0x76, 0x8B, 0x9E,
    0x7B, 0xD9, 0x0F, 0x95, 0x8F, 0xB1, 0x11, 0xC2, 0x30, 0x0C, 0x45, 0x15, 0x1A, 0x17, 0x29, 0x3C,
    0x00, 0x85, 0x47, 0xD0, 0x08, 0x56, 0x1D, 0x8A, 0x8C, 0x64, 0x4F, 0x16, 0x34, 0x42, 0x46, 0x60,
    0x84, 0x94, 0x29, 0xE2, 0x08, 0x49, 0x47, 0x0E, 0x2A, 0x20, 0xC5, 0x7B, 0xC5, 0xB7, 0xFD, 0xCF,
    0x3F, 0xEC, 0x9D, 0x10, 0x4A, 0x2F, 0x35, 0xEF, 0x49, 0xA8, 0x00, 0x32, 0x4C, 0x80, 0x04, 0xF7,
    0x86, 0x42, 0x6F, 0x79, 0xF6, 0x87, 0x42, 0x4B, 0x80, 0x2D, 0xD7, 0xAC, 0x14, 0x48, 0x1A, 0x82,
    0x55, 0xD1, 0x81, 0x5D, 0xFA, 0x46, 0x68, 0x57, 0x42, 0xBD, 0x97, 0x95, 0xF2, 0xCA, 0x7E, 0xBC,
    0x67, 0x65, 0x99, 0x20, 0x2A, 0x97, 0x25, 0xE8, 0x9E, 0x5B, 0xB5, 0x41, 0xE3, 0x6C, 0x8B, 0xE2,
    0x6C, 0x93, 0xFA, 0xEA, 0x9F, 0xF3, 0x51, 0x23, 0x7F, 0xDA, 0xF2, 0x78, 0xC2, 0xD6, 0x3F, 0xB0,
    0xF7, 0xB3, 0xF7, 0xB3, 0xF5, 0x1F, 0xA7, 0x27, 0xFB, 0x1F, 0xEE, 0xCD, 0x77, 0xAF, 0xE6, 0x6E,
    0x7D, 0x02,
};

static const EpdGlyph ubuntu_10_boldGlyphs[] = {
    { 0, 0, 0, 0, 0, 0, 0 }, // U+0000
    { 0, 0, 0, 0, 0, 0, 0 }, // U+0008
    { 0, 0, 80, 0, 0, 0, 0 }, // U+0009
    { 0, 0, 80, 0, 0, 0, 0 }, // U+000D
    { 0, 0, 0, 0, 0, 0, 0 }, // U+001D
    { 0, 0, 80, 0, 0, 0, 0 }, // U+0020
    { 4, 15, 95, 1, 15, 15, 0 }, // !
    { 8, 6, 155, 1, 16, 12, 15 }, // "
    { 13, 15, 233, 1, 15, 49, 27 }, // #
    { 11, 19, 189, 0, 16, 53, 76 }, // $
    { 19, 15, 306, 0, 15, 72, 129 }, // %
    { 15, 15, 235, 0, 15, 57, 201 }, // &
    { 4, 6, 82, 1, 16, 6, 258 }, // '
    { 7, 20, 119, 1, 16, 35, 264 }, // (
    { 6, 20, 119, 0, 16, 30, 299 }, // )
    { 10, 8, 167, 0, 15, 20, 329 }, // *
    { 10, 11, 189, 1, 12, 28, 349 }, // +
    { 5, 6, 82, 0, 3, 8, 377 }, // ,
    { 7, 3, 113, 0, 8, 6, 385 }, // -
    { 5, 4, 82, 0, 4, 5, 391 }, // .
    { 11, 20, 146, -1, 16, 55, 396 }, // /
    { 12, 15, 189, 0, 15, 45, 451 }, // 0
    { 8, 15, 189, 1, 15, 30, 496 }, // 1
    { 11, 15, 189, 0, 15, 42, 526 }, // 2
    { 11, 15, 189, 0, 15, 42, 568 }, // 3
    { 12, 15, 189, 0, 15, 45, 610 }, // 4
    { 11, 15, 189, 0, 15, 42, 655 }, // 5
    { 12, 15, 189, 0, 15, 45, 697 }, // 6
    { 12, 15, 189, 0, 15, 45, 742 }, // 7
    { 12, 15, 189, 0, 15, 45, 787 }, // 8
    { 12, 15, 189, 0, 15, 45, 832 }, // 9
    { 5, 11, 82, 0, 11, 14, 877 }, // :
    { 5, 14, 82, 0, 11, 18, 891 }, // ;
    { 10, 11, 189, 1, 12, 28, 909 }, // <
    { 10, 8, 189, 1, 10, 20, 937 }, // =
    { 10, 11, 189, 1, 12, 28, 957 }, // >
    { 10, 16, 152, 0, 16, 40, 985 }, // ?
    { 19, 18, 325, 1, 15, 86, 1025 }, // @
    { 15, 15, 240, 0, 15, 57, 1111 }, // A
    { 13, 15, 224, 1, 15, 49, 1168 }, // B
    { 13, 15, 216, 1, 15, 49, 1217 }, // C
    { 14, 15, 246, 1, 15, 53, 1266 }, // D
    { 11, 15, 202, 1, 15, 42, 1319 }, // E
    { 11, 15, 191, 1, 15, 42, 1361 }, // F
    { 13, 15, 234, 1, 15, 49, 1403 }, // G
    { 13, 15, 245, 1, 15, 49, 1452 }, // H
    { 4, 15, 105, 1, 15, 15, 1501 }, // I
    { 10, 15, 176, 0, 15, 38, 1516 }, // J
    { 14, 15, 228, 1, 15, 53, 1554 }, // K
    { 11, 15, 188, 1, 15, 42, 1607 }, // L
    { 17, 15, 299, 1, 15, 64, 1649 }, // M
    { 14, 15, 252, 1, 15, 53, 1713 }, // N
    { 15, 15, 263, 1, 15, 57, 1766 }, // O
    { 12, 15, 215, 1, 15, 45, 1823 }, // P
    { 15, 18, 263, 1, 15, 68, 1868 }, // Q
    { 13, 15, 222, 1, 15, 49, 1936 }, // R
    { 12, 15, 194, 0, 15, 45, 1985 }, // S
    { 13, 15, 205, 0, 15, 49, 2030 }, // T
    { 13, 15, 236, 1, 15, 49, 2079 }, // U
    { 15, 15, 241, 0, 15, 57, 2128 }, // V
    { 20, 15, 316, 0, 15, 75, 2185 }, // W
    { 14, 15, 225, 0, 15, 53, 2260 }, // X
    { 14, 15, 220, 0, 15, 53, 2313 }, // Y
    { 13, 15, 203, 0, 15, 49, 2366 }, // Z
    { 7, 20, 124, 1, 16, 35, 2415 }, // [
    { 11, 20, 146, -1, 16, 55, 2450 }, // <backslash>
    { 6, 20, 124, 0, 16, 30, 2505 }, // ]
    { 12, 9, 189, 0, 15, 27, 2535 }, // ^
    { 11, 3, 167, 0, -1, 9, 2562 }, // _
    { 6, 5, 95, 0, 17, 8, 2571 }, // `
    { 11, 11, 184, 0, 11, 31, 2579 }, // a
    { 11, 16, 201, 1, 16, 44, 2610 }, // b
    { 10, 11, 167, 0, 11, 28, 2654 }, // c
    { 12, 16, 201, 0, 16, 48, 2682 }, // d
    { 12, 11, 195, 0, 11, 33, 2730 }, // e
    { 9, 16, 141, 1, 16, 36, 2763 }, // f
    { 11, 15, 198, 0, 11, 42, 2799 }, // g
    { 10, 16, 196, 1, 16, 40, 2841 }, // h
    { 4, 16, 96, 1, 16, 16, 2881 }, // i
    { 7, 20, 96, -2, 16, 35, 2897 }, // j
    { 11, 16, 193, 1, 16, 44, 2932 }, // k
    { 6, 16, 105, 1, 16, 24, 2976 }, // l
    { 16, 11, 287, 1, 11, 44, 3000 }, // m
    { 10, 11, 196, 1, 11, 28, 3044 }, // n
    { 12, 11, 202, 0, 11, 33, 3072 }, // o
    { 11, 15, 201, 1, 11, 42, 3105 }, // p
    { 12, 15, 201, 0, 11, 45, 3147 }, // q
    { 8, 11, 141, 1, 11, 22, 3192 }, // r
    { 10, 11, 162, 0, 11, 28, 3214 }, // s
    { 8, 14, 148, 1, 14, 28, 3242 }, // t
    { 10, 11, 196, 1, 11, 28, 3270 }, // u
    { 12, 11, 183, 0, 11, 33, 3298 }, // v
    { 17, 11, 261, 0, 11, 47, 3331 }, // w
    { 12, 11, 185, 0, 11, 33, 3378 }, // x
    { 12, 15, 182, 0, 11, 45, 3411 }, // y
    { 10, 11, 167, 0, 11, 28, 3456 }, // z
    { 8, 20, 124, 0, 16, 40, 3484 }, // {
    { 4, 20, 107, 1, 16, 20, 3524 }, // |
    { 8, 20, 124, 0, 16, 40, 3544 }, // }
    { 12, 5, 189, 0, 9, 15, 3584 }, // ~
    { 0, 0, 80, 0, 0, 0, 0 }, // U+00A0
    { 4, 15, 95, 1, 11, 15, 0 }, // U+00A1
    { 10, 16, 189, 0, 14, 40, 15 }, // U+00A2
    { 11, 15, 189, 0, 15, 42, 55 }, // U+00A3
    { 12, 11, 189, 0, 13, 33, 97 }, // U+00A4
    { 14, 15, 189, -1, 15, 53, 130 }, // U+00A5
    { 4, 20, 101, 1, 16, 20, 183 }, // U+00A6
    { 11, 19, 172, 0, 15, 53, 203 }, // U+00A7
    { 9, 3, 179, 1, 16, 7, 256 }, // U+00A8
    { 15, 15, 265, 1, 15, 57, 263 }, // U+00A9
    { 8, 8, 133, 0, 15, 16, 320 }, // U+00AA
    { 12, 11, 199, 0, 11, 33, 336 }, // U+00AB
    { 10, 8, 189, 1, 9, 20, 369 }, // U+00AC
    { 7, 3, 113, 0, 8, 6, 389 }, // U+00AD
    { 15, 15, 265, 1, 15, 57, 395 }, // U+00AE
    { 8, 2, 125, 0, 15, 4, 452 }, // U+00AF
    { 8, 6, 121, 0, 16, 12, 456 }, // U+00B0
    { 10, 15, 189, 1, 15, 38, 468 }, // U+00B1
    { 7, 9, 121, 0, 15, 16, 506 }, // U+00B2
    { 7, 9, 121, 0, 15, 16, 522 }, // U+00B3
    { 6, 5, 95, 0, 17, 8, 538 }, // U+00B4
    { 10, 15, 198, 1, 11, 38, 546 }, // U+00B5
    { 14, 19, 237, 0, 15, 67, 584 }, // U+00B6
    { 5, 4, 82, 0, 9, 5, 651 }, // U+00B7
    { 6, 6, 109, 0, 1, 9, 656 }, // U+00B8
    { 6, 9, 121, 0, 15, 14, 665 }, // U+00B9
    { 9, 8, 152, 0, 15, 18, 679 }, // U+00BA
    { 13, 11, 199, 0, 11, 36, 697 }, // U+00BB
    { 19, 15, 293, 0, 15, 72, 733 }, // U+00BC
    { 18, 15, 293, 0, 15, 68, 805 }, // U+00BD
    { 19, 15, 293, 0, 15, 72, 873 }, // U+00BE
    { 10, 15, 152, 0, 11, 38, 945 }, // U+00BF
    { 15, 21, 240, 0, 21, 79, 983 }, // U+00C0
    { 15, 21, 240, 0, 21, 79, 1062 }, // U+00C1
    { 15, 21, 240, 0, 21, 79, 1141 }, // U+00C2
    { 15, 19, 240, 0, 19, 72, 1220 }, // U+00C3
    { 15, 19, 240, 0, 19, 72, 1292 }, // U+00C4
    { 15, 19, 240, 0, 19, 72, 1364 }, // U+00C5
    { 21, 15, 331, 0, 15, 79, 1436 }, // U+00C6
    { 13, 20, 216, 1, 15, 65, 1515 }, // U+00C7
    { 11, 21, 202, 1, 21, 58, 1580 }, // U+00C8
    { 11, 21, 202, 1, 21, 58, 1638 }, // U+00C9
    { 11, 21, 202, 1, 21, 58, 1696 }, // U+00CA
    { 11, 19, 202, 1, 19, 53, 1754 }, // U+00CB
    { 6, 21, 105, 0, 21, 32, 1807 }, // U+00CC
    { 5, 21, 105, 1, 21, 27, 1839 }, // U+00CD
    { 7, 21, 105, 0, 21, 37, 1866 }, // U+00CE
    { 9, 19, 105, -1, 19, 43, 1903 }, // U+00CF
    { 15, 15, 249, 0, 15, 57, 1946 }, // U+00D0
    { 14, 19, 252, 1, 19, 67, 2003 }, // U+00D1
    { 15, 21, 263, 1, 21, 79, 2070 }, // U+00D2
    { 15, 21, 263, 1, 21, 79, 2149 }, // U+00D3
    { 15, 21, 263, 1, 21, 79, 2228 }, // U+00D4
    { 15, 19, 263, 1, 19, 72, 2307 }, // U+00D5
    { 15, 19, 263, 1, 19, 72, 2379 }, // U+00D6
    { 10, 9, 189, 1, 11, 23, 2451 }, // U+00D7
    { 15, 17, 263, 1, 16, 64, 2474 }, // U+00D8
    { 13, 21, 236, 1, 21, 69, 2538 }, // U+00D9
    { 13, 21, 236, 1, 21, 69, 2607 }, // U+00DA
    { 13, 21, 236, 1, 21, 69, 2676 }, // U+00DB
    { 13, 19, 236, 1, 19, 62, 2745 }, // U+00DC
    { 14, 21, 220, 0, 21, 74, 2807 }, // U+00DD
    { 12, 15, 215, 1, 15, 45, 2881 }, // U+00DE
    { 13, 16, 220, 1, 16, 52, 2926 }, // U+00DF
    { 11, 17, 184, 0, 17, 47, 2978 }, // U+00E0
    { 11, 17, 184, 0, 17, 47, 3025 }, // U+00E1
    { 11, 17, 184, 0, 17, 47, 3072 }, // U+00E2
    { 11, 16, 184, 0, 16, 44, 3119 }, // U+00E3
    { 11, 16, 184, 0, 16, 44, 3163 }, // U+00E4
    { 11, 18, 184, 0, 18, 50, 3207 }, // U+00E5
    { 18, 11, 291, 0, 11, 50, 3257 }, // U+00E6
    { 10, 15, 167, 0, 11, 38, 3307 }, // U+00E7
    { 12, 17, 195, 0, 17, 51, 3345 }, // U+00E8
    { 12, 17, 195, 0, 17, 51, 3396 }, // U+00E9
    { 12, 17, 195, 0, 17, 51, 3447 }, // U+00EA
    { 12, 16, 195, 0, 16, 48, 3498 }, // U+00EB
    { 6, 17, 96, 0, 17, 26, 3546 }, // U+00EC
    { 6, 17, 96, 0, 17, 26, 3572 }, // U+00ED
    { 8, 17, 96, -1, 17, 34, 3598 }, // U+00EE
    { 9, 16, 96, -2, 16, 36, 3632 }, // U+00EF
    { 13, 16, 200, 0, 16, 52, 3668 }, // U+00F0
    { 10, 16, 196, 1, 16, 40, 3720 }, // U+00F1
    { 12, 17, 202, 0, 17, 51, 3760 }, // U+00F2
    { 12, 17, 202, 0, 17, 51, 3811 }, // U+00F3
    { 12, 17, 202, 0, 17, 51, 3862 }, // U+00F4
    { 12, 16, 202, 0, 16, 48, 3913 }, // U+00F5
    { 12, 16, 202, 0, 16, 48, 3961 }, // U+00F6
    { 10, 13, 189, 1, 13, 33, 4009 }, // U+00F7
    { 12, 13, 202, 0, 12, 39, 4042 }, // U+00F8
    { 10, 17, 196, 1, 17, 43, 4081 }, // U+00F9
    { 10, 17, 196, 1, 17, 43, 4124 }, // U+00FA
    { 10, 17, 196, 1, 17, 43, 4167 }, // U+00FB
    { 10, 16, 196, 1, 16, 40, 4210 }, // U+00FC
    { 12, 21, 182, 0, 17, 63, 4250 }, // U+00FD
    { 11, 20, 201, 1, 16, 55, 4313 }, // U+00FE
    { 12, 20, 182, 0, 16, 60, 4368 }, // U+00FF
    { 15, 18, 240, 0, 18, 68, 0 }, // U+0100
    { 11, 15, 184, 0, 15, 42, 68 }, // U+0101
    { 15, 19, 240, 0, 19, 72, 110 }, // U+0102
    { 11, 16, 184, 0, 16, 44, 182 }, // U+0103
    { 16, 20, 240, 0, 15, 80, 226 }, // U+0104
    { 11, 15, 184, 0, 11, 42, 306 }, // U+0105
    { 13, 21, 216, 1, 21, 69, 348 }, // U+0106
    { 10, 17, 167, 0, 17, 43, 417 }, // U+0107
    { 13, 21, 216, 1, 21, 69, 460 }, // U+0108
    { 10, 17, 167, 0, 17, 43, 529 }, // U+0109
    { 13, 19, 216, 1, 19, 62, 572 }, // U+010A
    { 10, 16, 167, 0, 16, 40, 634 }, // U+010B
    { 13, 21, 216, 1, 21, 69, 674 }, // U+010C
    { 10, 17, 167, 0, 17, 43, 743 }, // U+010D
    { 14, 21, 246, 1, 21, 74, 786 }, // U+010E
    { 16, 16, 228, 0, 16, 64, 860 }, // U+010F
    { 15, 15, 249, 0, 15, 57, 924 }, // U+0110
    { 13, 16, 202, 0, 16, 52, 981 }, // U+0111
    { 11, 18, 202, 1, 18, 50, 1033 }, // U+0112
    { 12, 15, 195, 0, 15, 45, 1083 }, // U+0113
    { 11, 19, 202, 1, 19, 53, 1128 }, // U+0114
    { 12, 16, 195, 0, 16, 48, 1181 }, // U+0115
    { 11, 19, 202, 1, 19, 53, 1229 }, // U+0116
    { 12, 16, 195, 0, 16, 48, 1282 }, // U+0117
    { 12, 20, 202, 1, 15, 60, 1330 }, // U+0118
    { 12, 15, 195, 0, 11, 45, 1390 }, // U+0119
    { 11, 21, 202, 1, 21, 58, 1435 }, // U+011A
    { 12, 17, 195, 0, 17, 51, 1493 }, // U+011B
    { 13, 21, 234, 1, 21, 69, 1544 }, // U+011C
    { 11, 21, 198, 0, 17, 58, 1613 }, // U+011D
    { 13, 19, 234, 1, 19, 62, 1671 }, // U+011E
    { 11, 20, 198, 0, 16, 55, 1733 }, // U+011F
    { 13, 19, 234, 1, 19, 62, 1788 }, // U+0120
    { 11, 20, 198, 0, 16, 55, 1850 }, // U+0121
    { 13, 20, 234, 1, 15, 65, 1905 }, // U+0122
    { 11, 21, 198, 0, 17, 58, 1970 }, // U+0123
    { 13, 21, 245, 1, 21, 69, 2028 }, // U+0124
    { 10, 20, 196, 1, 20, 50, 2097 }, // U+0125
    { 16, 15, 252, 0, 15, 60, 2147 }, // U+0126
    { 12, 16, 200, 0, 16, 48, 2207 }, // U+0127
    { 9, 19, 105, -1, 19, 43, 2255 }, // U+0128
    { 8, 16, 96, -1, 16, 32, 2298 }, // U+0129
    { 8, 18, 105, -1, 18, 36, 2330 }, // U+012A
    { 8, 15, 96, -1, 15, 30, 2366 }, // U+012B
    { 7, 19, 105, 0, 19, 34, 2396 }, // U+012C
    { 8, 16, 96, -1, 16, 32, 2430 }, // U+012D
    { 6, 20, 105, 0, 15, 30, 2462 }, // U+012E
    { 6, 21, 96, 0, 16, 32, 2492 }, // U+012F
    { 4, 19, 105, 1, 19, 19, 2524 }, // U+0130
    { 4, 11, 96, 1, 11, 11, 2543 }, // U+0131
    { 16, 15, 280, 1, 15, 60, 2554 }, // U+0132
    { 10, 20, 192, 1, 16, 50, 2614 }, // U+0133
    { 12, 21, 176, 0, 21, 63, 2664 }, // U+0134
    { 9, 21, 96, -2, 17, 48, 2727 }, // U+0135
    { 14, 20, 228, 1, 15, 70, 2775 }, // U+0136
    { 11, 21, 193, 1, 16, 58, 2845 }, // U+0137
    { 12, 11, 194, 1, 11, 33, 2903 }, // U+0138
    { 11, 21, 188, 1, 21, 58, 2936 }, // U+0139
    { 6, 21, 105, 1, 21, 32, 2994 }, // U+013A
    { 11, 20, 188, 1, 15, 55, 3026 }, // U+013B
    { 6, 21, 105, 1, 16, 32, 3081 }, // U+013C
    { 11, 15, 188, 1, 15, 42, 3113 }, // U+013D
    { 8, 16, 123, 1, 16, 32, 3155 }, // U+013E
    { 11, 15, 188, 1, 15, 42, 3187 }, // U+013F
    { 10, 16, 173, 1, 16, 40, 3229 }, // U+0140
    { 13, 15, 198, 0, 15, 49, 3269 }, // U+0141
    { 9, 16, 121, -1, 16, 36, 3318 }, // U+0142
    { 14, 21, 252, 1, 21, 74, 3354 }, // U+0143
    { 10, 17, 196, 1, 17, 43, 3428 }, // U+0144
    { 14, 20, 252, 1, 15, 70, 3471 }, // U+0145
    { 10, 16, 196, 1, 11, 40, 3541 }, // U+0146
    { 14, 21, 252, 1, 21, 74, 3581 }, // U+0147
    { 10, 17, 196, 1, 17, 43, 3655 }, // U+0148
    { 13, 16, 206, -1, 16, 52, 3698 }, // U+0149
    { 14, 19, 252, 1, 15, 67, 3750 }, // U+014A
    { 10, 15, 196, 1, 11, 38, 3817 }, // U+014B
    { 15, 18, 263, 1, 18, 68, 3855 }, // U+014C
    { 12, 15, 202, 0, 15, 45, 3923 }, // U+014D
    { 15, 19, 263, 1, 19, 72, 3968 }, // U+014E
    { 12, 16, 202, 0, 16, 48, 4040 }, // U+014F
    { 15, 21, 263, 1, 21, 79, 4088 }, // U+0150
    { 12, 17, 202, 0, 17, 51, 4167 }, // U+0151
    { 20, 15, 332, 1, 15, 75, 4218 }, // U+0152
    { 19, 11, 312, 0, 11, 53, 4293 }, // U+0153
    { 13, 21, 222, 1, 21, 69, 4346 }, // U+0154
    { 8, 17, 141, 1, 17, 34, 4415 }, // U+0155
    { 13, 20, 222, 1, 15, 65, 4449 }, // U+0156
    { 9, 16, 141, 0, 11, 36, 4514 }, // U+0157
    { 13, 20, 222, 1, 20, 65, 4550 }, // U+0158
    { 8, 17, 141, 1, 17, 34, 4615 }, // U+0159
    { 12, 21, 194, 0, 21, 63, 4649 }, // U+015A
    { 10, 17, 162, 0, 17, 43, 4712 }, // U+015B
    { 12, 21, 194, 0, 21, 63, 4755 }, // U+015C
    { 10, 17, 162, 0, 17, 43, 4818 }, // U+015D
    { 12, 20, 194, 0, 15, 60, 4861 }, // U+015E
    { 10, 16, 162, 0, 11, 40, 4921 }, // U+015F
    { 12, 21, 194, 0, 21, 63, 4961 }, // U+0160
    { 10, 17, 162, 0, 17, 43, 5024 }, // U+0161
    { 13, 19, 205, 0, 15, 62, 5067 }, // U+0162
    { 8, 18, 148, 1, 14, 36, 5129 }, // U+0163
    { 13, 21, 205, 0, 21, 69, 5165 }, // U+0164
    { 8, 16, 148, 1, 16, 32, 5234 }, // U+0165
    { 13, 15, 205, 0, 15, 49, 5266 }, // U+0166
    { 8, 14, 148, 1, 14, 28, 5315 }, // U+0167
    { 13, 19, 236, 1, 19, 62, 5343 }, // U+0168
    { 10, 16, 196, 1, 16, 40, 5405 }, // U+0169
    { 13, 18, 236, 1, 18, 59, 5445 }, // U+016A
    { 10, 15, 196, 1, 15, 38, 5504 }, // U+016B
    { 13, 19, 236, 1, 19, 62, 5542 }, // U+016C
    { 10, 16, 196, 1, 16, 40, 5604 }, // U+016D
    { 13, 21, 236, 1, 21, 69, 5644 }, // U+016E
    { 10, 18, 196, 1, 18, 45, 5713 }, // U+016F
    { 13, 21, 236, 1, 21, 69, 5758 }, // U+0170
    { 11, 17, 196, 1, 17, 47, 5827 }, // U+0171
    { 13, 19, 236, 1, 15, 62, 5874 }, // U+0172
    { 10, 15, 196, 1, 11, 38, 5936 }, // U+0173
    { 20, 21, 316, 0, 21, 105, 5974 }, // U+0174
    { 17, 17, 261, 0, 17, 73, 6079 }, // U+0175
    { 14, 21, 220, 0, 21, 74, 6152 }, // U+0176
    { 12, 21, 182, 0, 17, 63, 6226 }, // U+0177
    { 14, 19, 220, 0, 19, 67, 6289 }, // U+0178
    { 13, 21, 203, 0, 21, 69, 6356 }, // U+0179
    { 10, 17, 167, 0, 17, 43, 6425 }, // U+017A
    { 13, 19, 203, 0, 19, 62, 6468 }, // U+017B
    { 10, 16, 167, 0, 16, 40, 6530 }, // U+017C
    { 13, 21, 203, 0, 21, 69, 6570 }, // U+017D
    { 10, 17, 167, 0, 17, 43, 6639 }, // U+017E
    { 9, 16, 110, 1, 16, 36, 6682 }, // U+017F
    { 15, 17, 263, 1, 17, 64, 0 }, // U+01A0
    { 13, 13, 202, 0, 13, 43, 64 }, // U+01A1
    { 15, 17, 249, 1, 17, 64, 107 }, // U+01AF
    { 13, 13, 209, 1, 13, 43, 171 }, // U+01B0
    { 26, 20, 433, 1, 20, 130, 214 }, // U+01C4
    { 24, 17, 405, 1, 17, 102, 344 }, // U+01C5
    { 23, 17, 365, 0, 17, 98, 446 }, // U+01C6
    { 21, 15, 363, 1, 15, 79, 544 }, // U+01C7
    { 16, 20, 283, 1, 16, 80, 623 }, // U+01C8
    { 11, 20, 201, 1, 16, 55, 703 }, // U+01C9
    { 25, 15, 427, 1, 15, 94, 758 }, // U+01CA
    { 20, 20, 348, 1, 16, 100, 852 }, // U+01CB
    { 17, 20, 293, 1, 16, 85, 952 }, // U+01CC
    { 15, 21, 240, 0, 21, 79, 1037 }, // U+01CD
    { 11, 17, 184, 0, 17, 47, 1116 }, // U+01CE
    { 7, 21, 105, 0, 21, 37, 1163 }, // U+01CF
    { 8, 17, 96, -1, 17, 34, 1200 }, // U+01D0
    { 15, 21, 263, 1, 21, 79, 1234 }, // U+01D1
    { 12, 17, 202, 0, 17, 51, 1313 }, // U+01D2
    { 13, 21, 236, 1, 21, 69, 1364 }, // U+01D3
    { 10, 17, 196, 1, 17, 43, 1433 }, // U+01D4
    { 13, 22, 236, 1, 22, 72, 1476 }, // U+01D5
    { 10, 18, 196, 1, 18, 45, 1548 }, // U+01D6
    { 13, 22, 236, 1, 22, 72, 1593 }, // U+01D7
    { 10, 19, 196, 1, 19, 48, 1665 }, // U+01D8
    { 13, 21, 236, 1, 21, 69, 1713 }, // U+01D9
    { 10, 19, 196, 1, 19, 48, 1782 }, // U+01DA
    { 13, 22, 236, 1, 22, 72, 1830 }, // U+01DB
    { 10, 19, 196, 1, 19, 48, 1902 }, // U+01DC
    { 12, 11, 195, 0, 11, 33, 1950 }, // U+01DD
    { 15, 22, 240, 0, 22, 83, 1983 }, // U+01DE
    { 11, 18, 184, 0, 18, 50, 2066 }, // U+01DF
    { 15, 22, 240, 0, 22, 83, 2116 }, // U+01E0
    { 11, 18, 184, 0, 18, 50, 2199 }, // U+01E1
    { 21, 18, 331, 0, 18, 95, 2249 }, // U+01E2
    { 18, 15, 291, 0, 15, 68, 2344 }, // U+01E3
    { 15, 15, 243, 1, 15, 57, 2412 }, // U+01E4
    { 13, 15, 201, 0, 11, 49, 2469 }, // U+01E5
    { 13, 21, 234, 1, 21, 69, 2518 }, // U+01E6
    { 11, 21, 198, 0, 17, 58, 2587 }, // U+01E7
    { 14, 21, 228, 1, 21, 74, 2645 }, // U+01E8
    { 11, 20, 193, 1, 20, 55, 2719 }, // U+01E9
    { 15, 19, 263, 1, 15, 72, 2774 }, // U+01EA
    { 12, 15, 202, 0, 11, 45, 2846 }, // U+01EB
    { 15, 22, 263, 1, 18, 83, 2891 }, // U+01EC
    { 12, 19, 202, 0, 15, 57, 2974 }, // U+01ED
    { 12, 21, 205, 0, 21, 63, 3031 }, // U+01EE
    { 10, 22, 172, 0, 18, 55, 3094 }, // U+01EF
    { 9, 21, 96, -2, 17, 48, 3149 }, // U+01F0
    { 26, 15, 433, 1, 15, 98, 3197 }, // U+01F1
    { 24, 15, 405, 1, 15, 90, 3295 }, // U+01F2
    { 23, 16, 365, 0, 16, 92, 3385 }, // U+01F3
    { 13, 21, 234, 1, 21, 69, 3477 }, // U+01F4
    { 11, 21, 198, 0, 17, 58, 3546 }, // U+01F5
    { 21, 15, 354, 1, 15, 79, 3604 }, // U+01F6
    { 13, 19, 224, 1, 15, 62, 3683 }, // U+01F7
    { 14, 21, 252, 1, 21, 74, 3745 }, // U+01F8
    { 10, 17, 196, 1, 17, 43, 3819 }, // U+01F9
    { 15, 22, 240, 0, 22, 83, 3862 }, // U+01FA
    { 11, 20, 184, 0, 20, 55, 3945 }, // U+01FB
    { 21, 21, 331, 0, 21, 111, 4000 }, // U+01FC
    { 18, 17, 291, 0, 17, 77, 4111 }, // U+01FD
    { 15, 21, 263, 1, 20, 79, 4188 }, // U+01FE
    { 12, 18, 202, 0, 17, 54, 4267 }, // U+01FF
    { 15, 21, 240, 0, 21, 79, 4321 }, // U+0200
    { 11, 17, 184, 0, 17, 47, 4400 }, // U+0201
    { 15, 19, 240, 0, 19, 72, 4447 }, // U+0202
    { 11, 15, 184, 0, 15, 42, 4519 }, // U+0203
    { 11, 21, 202, 1, 21, 58, 4561 }, // U+0204
    { 12, 17, 195, 0, 17, 51, 4619 }, // U+0205
    { 11, 19, 202, 1, 19, 53, 4670 }, // U+0206
    { 12, 15, 195, 0, 15, 45, 4723 }, // U+0207
    { 10, 21, 105, -2, 21, 53, 4768 }, // U+0208
    { 9, 17, 96, -2, 17, 39, 4821 }, // U+0209
    { 8, 19, 105, -1, 19, 38, 4860 }, // U+020A
    { 8, 15, 96, -1, 15, 30, 4898 }, // U+020B
    { 15, 21, 263, 1, 21, 79, 4928 }, // U+020C
    { 12, 17, 202, 0, 17, 51, 5007 }, // U+020D
    { 15, 19, 263, 1, 19, 72, 5058 }, // U+020E
    { 12, 15, 202, 0, 15, 45, 5130 }, // U+020F
    { 13, 20, 222, 1, 20, 65, 5175 }, // U+0210
    { 9, 17, 141, 0, 17, 39, 5240 }, // U+0211
    { 13, 19, 222, 1, 19, 62, 5279 }, // U+0212
    { 8, 15, 141, 1, 15, 30, 5341 }, // U+0213
    { 13, 21, 236, 1, 21, 69, 5371 }, // U+0214
    { 10, 17, 196, 1, 17, 43, 5440 }, // U+0215
    { 13, 19, 236, 1, 19, 62, 5483 }, // U+0216
    { 10, 15, 196, 1, 15, 38, 5545 }, // U+0217
    { 12, 20, 194, 0, 15, 60, 5583 }, // U+0218
    { 10, 16, 162, 0, 11, 40, 5643 }, // U+0219
    { 13, 20, 205, 0, 15, 65, 5683 }, // U+021A
    { 8, 19, 148, 1, 14, 38, 5748 }, // U+021B
    { 11, 19, 189, 0, 15, 53, 5786 }, // U+021C
    { 10, 15, 159, 0, 11, 38, 5839 }, // U+021D
    { 13, 21, 245, 1, 21, 69, 5877 }, // U+021E
    { 10, 20, 196, 1, 20, 50, 5946 }, // U+021F
    { 7, 4, 0, -12, 16, 7, 0 }, // U+0300
    { 7, 4, 0, -7, 16, 7, 7 }, // U+0301
    { 10, 4, 0, -5, 16, 10, 14 }, // U+0302
    { 9, 4, 0, -11, 16, 9, 24 }, // U+0303
    { 8, 3, 0, -4, 15, 6, 33 }, // U+0304
    { 9, 5, 0, -4, 17, 12, 39 }, // U+0306
    { 4, 4, 0, -2, 16, 4, 51 }, // U+0307
    { 8, 4, 0, -4, 16, 8, 55 }, // U+0308
    { 6, 6, 0, -3, 18, 9, 63 }, // U+030A
    { 10, 4, 0, -4, 16, 10, 72 }, // U+030B
    { 10, 4, 0, -5, 16, 10, 82 }, // U+030C
    { 8, 3, 130, 0, 15, 6, 92 }, // U+0311
    { 5, 6, 0, -2, 15, 8, 98 }, // U+0312
    { 4, 4, 0, -2, -1, 4, 106 }, // U+0326
    { 6, 5, 0, -3, 0, 8, 110 }, // U+0327
    { 6, 6, 0, -3, 1, 9, 118 }, // U+0328
    { 8, 3, 0, -10, -1, 6, 127 }, // U+0331
    { 11, 21, 202, 1, 21, 58, 0 }, // U+0400
    { 11, 20, 202, 1, 20, 55, 58 }, // U+0401
    { 17, 15, 271, 0, 15, 64, 113 }, // U+0402
    { 11, 21, 198, 1, 21, 58, 177 }, // U+0403
    { 13, 15, 229, 1, 15, 49, 235 }, // U+0404
    { 12, 15, 194, 0, 15, 45, 284 }, // U+0405
    { 4, 15, 105, 1, 15, 15, 329 }, // U+0406
    { 9, 19, 105, -1, 19, 43, 344 }, // U+0407
    { 10, 15, 176, 0, 15, 38, 387 }, // U+0408
    { 23, 15, 377, 0, 15, 87, 425 }, // U+0409
    { 21, 15, 358, 1, 15, 79, 512 }, // U+040A
    { 16, 15, 257, 0, 15, 60, 591 }, // U+040B
    { 14, 21, 228, 1, 21, 74, 651 }, // U+040C
    { 14, 21, 252, 1, 21, 74, 725 }, // U+040D
    { 14, 20, 217, 0, 20, 70, 799 }, // U+040E
    { 13, 19, 243, 1, 15, 62, 869 }, // U+040F
    { 15, 15, 240, 0, 15, 57, 931 }, // U+0410
    { 12, 15, 217, 1, 15, 45, 988 }, // U+0411
    { 13, 15, 224, 1, 15, 49, 1033 }, // U+0412
    { 11, 15, 198, 1, 15, 42, 1082 }, // U+0413
    { 17, 19, 274, 0, 15, 81, 1124 }, // U+0414
    { 11, 15, 202, 1, 15, 42, 1205 }, // U+0415
    { 21, 15, 328, 0, 15, 79, 1247 }, // U+0416
    { 12, 15, 203, 0, 15, 45, 1326 }, // U+0417
    { 14, 15, 252, 1, 15, 53, 1371 }, // U+0418
    { 14, 20, 252, 1, 20, 70, 1424 }, // U+0419
    { 14, 15, 228, 1, 15, 53, 1494 }, // U+041A
    { 15, 15, 263, 0, 15, 57, 1547 }, // U+041B
    { 17, 15, 299, 1, 15, 64, 1604 }, // U+041C
    { 13, 15, 245, 1, 15, 49, 1668 }, // U+041D
    { 15, 15, 263, 1, 15, 57, 1717 }, // U+041E
    { 13, 15, 243, 1, 15, 49, 1774 }, // U+041F
    { 12, 15, 215, 1, 15, 45, 1823 }, // U+0420
    { 13, 15, 216, 1, 15, 49, 1868 }, // U+0421
    { 13, 15, 205, 0, 15, 49, 1917 }, // U+0422
    { 14, 15, 217, 0, 15, 53, 1966 }, // U+0423
    { 18, 16, 290, 0, 16, 72, 2019 }, // U+0424
    { 14, 15, 225, 0, 15, 53, 2091 }, // U+0425
    { 16, 19, 263, 1, 15, 76, 2144 }, // U+0426
    { 13, 15, 227, 0, 15, 49, 2220 }, // U+0427
    { 19, 15, 340, 1, 15, 72, 2269 }, // U+0428
    { 22, 19, 360, 1, 15, 105, 2341 }, // U+0429
    { 16, 15, 258, 0, 15, 60, 2446 }, // U+042A
    { 17, 15, 309, 1, 15, 64, 2506 }, // U+042B
    { 12, 15, 220, 1, 15, 45, 2570 }, // U+042C
    { 14, 15, 227, 0, 15, 53, 2615 }, // U+042D
    { 21, 15, 360, 1, 15, 79, 2668 }, // U+042E
    { 13, 15, 230, 0, 15, 49, 2747 }, // U+042F
    { 11, 11, 184, 0, 11, 31, 2796 }, // U+0430
    { 12, 16, 200, 0, 16, 48, 2827 }, // U+0431
    { 11, 11, 199, 1, 11, 31, 2875 }, // U+0432
    { 9, 11, 151, 1, 11, 25, 2906 }, // U+0433
    { 14, 14, 226, 0, 11, 49, 2931 }, // U+0434
    { 12, 11, 195, 0, 11, 33, 2980 }, // U+0435
    { 18, 11, 283, 0, 11, 50, 3013 }, // U+0436
    { 10, 11, 165, 0, 11, 28, 3063 }, // U+0437
    { 11, 11, 206, 1, 11, 31, 3091 }, // U+0438
    { 11, 17, 206, 1, 17, 47, 3122 }, // U+0439
    { 12, 11, 195, 1, 11, 33, 3169 }, // U+043A
    { 12, 11, 209, 0, 11, 33, 3202 }, // U+043B
    { 14, 11, 254, 1, 11, 39, 3235 }, // U+043C
    { 10, 11, 198, 1, 11, 28, 3274 }, // U+043D
    { 12, 11, 202, 0, 11, 33, 3302 }, // U+043E
    { 10, 11, 198, 1, 11, 28, 3335 }, // U+043F
    { 11, 15, 201, 1, 11, 42, 3363 }, // U+0440
    { 10, 11, 167, 0, 11, 28, 3405 }, // U+0441
    { 11, 11, 175, 0, 11, 31, 3433 }, // U+0442
    { 12, 15, 182, 0, 11, 45, 3464 }, // U+0443
    { 16, 20, 265, 0, 16, 80, 3509 }, // U+0444
    { 12, 11, 185, 0, 11, 33, 3589 }, // U+0445
    { 12, 14, 211, 1, 11, 42, 3622 }, // U+0446
    { 11, 11, 189, 0, 11, 31, 3664 }, // U+0447
    { 16, 11, 287, 1, 11, 44, 3695 }, // U+0448
    { 18, 14, 300, 1, 11, 63, 3739 }, // U+0449
    { 13, 11, 213, 0, 11, 36, 3802 }, // U+044A
    { 15, 11, 275, 1, 11, 42, 3838 }, // U+044B
    { 11, 11, 188, 1, 11, 31, 3880 }, // U+044C
    { 11, 11, 174, 0, 11, 31, 3911 }, // U+044D
    { 17, 11, 291, 1, 11, 47, 3942 }, // U+044E
    { 11, 11, 195, 0, 11, 31, 3989 }, // U+044F
    { 12, 17, 195, 0, 17, 51, 4020 }, // U+0450
    { 12, 16, 195, 0, 16, 48, 4071 }, // U+0451
    { 12, 20, 200, 0, 16, 60, 4119 }, // U+0452
    { 9, 17, 151, 1, 17, 39, 4179 }, // U+0453
    { 11, 11, 174, 0, 11, 31, 4218 }, // U+0454
    { 10, 11, 162, 0, 11, 28, 4249 }, // U+0455
    { 4, 16, 96, 1, 16, 16, 4277 }, // U+0456
    { 9, 16, 96, -2, 16, 36, 4293 }, // U+0457
    { 7, 20, 96, -2, 16, 35, 4329 }, // U+0458
    { 19, 11, 301, 0, 11, 53, 4364 }, // U+0459
    { 17, 11, 289, 1, 11, 47, 4417 }, // U+045A
    { 12, 16, 200, 0, 16, 48, 4464 }, // U+045B
    { 12, 17, 195, 1, 17, 51, 4512 }, // U+045C
    { 11, 17, 206, 1, 17, 47, 4563 }, // U+045D
    { 12, 21, 182, 0, 17, 63, 4610 }, // U+045E
    { 10, 14, 198, 1, 11, 35, 4673 }, // U+045F
    { 15, 16, 249, 0, 16, 60, 4708 }, // U+0462
    { 13, 16, 212, 0, 16, 52, 4768 }, // U+0463
    { 15, 15, 263, 1, 15, 57, 4820 }, // U+0472
    { 12, 11, 202, 0, 11, 33, 4877 }, // U+0473
    { 18, 15, 264, 0, 15, 68, 4910 }, // U+0474
    { 13, 11, 199, 0, 11, 36, 4978 }, // U+0475
    { 16, 23, 276, 1, 19, 92, 5014 }, // U+048A
    { 13, 19, 210, 1, 16, 62, 5106 }, // U+048B
    { 13, 15, 220, 0, 15, 49, 5168 }, // U+048C
    { 12, 11, 189, 0, 11, 33, 5217 }, // U+048D
    { 12, 15, 218, 1, 15, 45, 5250 }, // U+048E
    { 11, 15, 205, 1, 11, 42, 5295 }, // U+048F
    { 11, 18, 191, 1, 18, 50, 5337 }, // U+0490
    { 9, 14, 154, 1, 14, 32, 5387 }, // U+0491
    { 12, 15, 211, 1, 15, 45, 5419 }, // U+0492
    { 10, 11, 175, 1, 11, 28, 5464 }, // U+0493
    { 13, 19, 225, 1, 15, 62, 5492 }, // U+0494
    { 11, 15, 190, 1, 11, 42, 5554 }, // U+0495
    { 22, 19, 341, 0, 15, 105, 5596 }, // U+0496
    { 18, 14, 291, 0, 11, 63, 5701 }, // U+0497
    { 12, 20, 203, 0, 15, 60, 5764 }, // U+0498
    { 10, 16, 165, 0, 11, 40, 5824 }, // U+0499
    { 15, 19, 246, 1, 15, 72, 5864 }, // U+049A
    { 12, 14, 202, 1, 11, 42, 5936 }, // U+049B
    { 16, 15, 261, 1, 15, 60, 5978 }, // U+049C
    { 14, 11, 227, 1, 11, 39, 6038 }, // U+049D
    { 15, 16, 236, 0, 16, 60, 6077 }, // U+049E
    { 13, 12, 202, 0, 12, 39, 6137 }, // U+049F
    { 17, 15, 266, 0, 15, 64, 6176 }, // U+04A0
    { 14, 11, 219, 0, 11, 39, 6240 }, // U+04A1
    { 16, 19, 269, 1, 15, 76, 6279 }, // U+04A2
    { 12, 14, 212, 1, 11, 42, 6355 }, // U+04A3
    { 17, 15, 279, 1, 15, 64, 6397 }, // U+04A4
    { 13, 11, 218, 1, 11, 36, 6461 }, // U+04A5
    { 22, 19, 370, 1, 15, 105, 6497 }, // U+04A6
    { 17, 15, 291, 1, 11, 64, 6602 }, // U+04A7
    { 16, 19, 267, 1, 15, 76, 6666 }, // U+04A8
    { 13, 14, 211, 0, 11, 46, 6742 }, // U+04A9
    { 13, 20, 216, 1, 15, 65, 6788 }, // U+04AA
    { 10, 15, 167, 0, 11, 38, 6853 }, // U+04AB
    { 13, 19, 205, 0, 15, 62, 6891 }, // U+04AC
    { 11, 14, 168, 0, 11, 39, 6953 }, // U+04AD
    { 14, 15, 220, 0, 15, 53, 6992 }, // U+04AE
    { 12, 15, 183, 0, 11, 45, 7045 }, // U+04AF
    { 14, 15, 220, 0, 15, 53, 7090 }, // U+04B0
    { 12, 15, 183, 0, 11, 45, 7143 }, // U+04B1
    { 15, 19, 239, 0, 15, 72, 7188 }, // U+04B2
    { 12, 14, 196, 0, 11, 42, 7260 }, // U+04B3
    { 20, 19, 313, 0, 15, 95, 7302 }, // U+04B4
    { 15, 14, 232, 0, 11, 53, 7397 }, // U+04B5
    { 14, 19, 241, 1, 15, 67, 7450 }, // U+04B6
    { 13, 14, 196, 0, 11, 46, 7517 }, // U+04B7
    { 12, 15, 227, 1, 15, 45, 7563 }, // U+04B8
    { 11, 11, 187, 0, 11, 31, 7608 }, // U+04B9
    { 13, 15, 233, 1, 15, 49, 7639 }, // U+04BA
    { 10, 16, 196, 1, 16, 40, 7688 }, // U+04BB
    { 18, 15, 293, 0, 15, 68, 7728 }, // U+04BC
    { 14, 11, 236, 0, 11, 39, 7796 }, // U+04BD
    { 18, 19, 293, 0, 15, 86, 7835 }, // U+04BE
    { 14, 14, 236, 0, 11, 49, 7921 }, // U+04BF
    { 4, 15, 105, 1, 15, 15, 7970 }, // U+04C0
    { 21, 20, 328, 0, 20, 105, 7985 }, // U+04C1
    { 18, 17, 283, 0, 17, 77, 8090 }, // U+04C2
    { 13, 19, 234, 1, 15, 62, 8167 }, // U+04C3
    { 11, 15, 191, 1, 11, 42, 8229 }, // U+04C4
    { 18, 19, 277, 0, 15, 86, 8271 }, // U+04C5
    { 14, 14, 225, 0, 11, 49, 8357 }, // U+04C6
    { 13, 19, 245, 1, 15, 62, 8406 }, // U+04C7
    { 11, 15, 200, 1, 11, 42, 8468 }, // U+04C8
    { 16, 19, 262, 1, 15, 76, 8510 }, // U+04C9
    { 12, 14, 209, 1, 11, 42, 8586 }, // U+04CA
    { 13, 19, 227, 0, 15, 62, 8628 }, // U+04CB
    { 11, 14, 189, 0, 11, 39, 8690 }, // U+04CC
    { 19, 19, 317, 1, 15, 91, 8729 }, // U+04CD
    { 16, 14, 265, 1, 11, 56, 8820 }, // U+04CE
    { 4, 15, 96, 1, 15, 15, 8876 }, // U+04CF
    { 15, 20, 240, 0, 20, 75, 8891 }, // U+04D0
    { 11, 17, 184, 0, 17, 47, 8966 }, // U+04D1
    { 15, 19, 240, 0, 19, 72, 9013 }, // U+04D2
    { 11, 16, 184, 0, 16, 44, 9085 }, // U+04D3
    { 21, 15, 331, 0, 15, 79, 9129 }, // U+04D4
    { 18, 11, 291, 0, 11, 50, 9208 }, // U+04D5
    { 11, 20, 202, 1, 20, 55, 9258 }, // U+04D6
    { 12, 17, 195, 0, 17, 51, 9313 }, // U+04D7
    { 14, 15, 243, 1, 15, 53, 9364 }, // U+04D8
    { 12, 11, 195, 0, 11, 33, 9417 }, // U+04D9
    { 14, 19, 243, 1, 19, 67, 9450 }, // U+04DA
    { 12, 16, 195, 0, 16, 48, 9517 }, // U+04DB
    { 21, 19, 328, 0, 19, 100, 9565 }, // U+04DC
    { 18, 16, 283, 0, 16, 72, 9665 }, // U+04DD
    { 12, 20, 203, 0, 20, 60, 9737 }, // U+04DE
    { 10, 16, 165, 0, 16, 40, 9797 }, // U+04DF
    { 12, 15, 205, 0, 15, 45, 9837 }, // U+04E0
    { 10, 15, 172, 0, 11, 38, 9882 }, // U+04E1
    { 14, 18, 252, 1, 18, 63, 9920 }, // U+04E2
    { 11, 15, 206, 1, 15, 42, 9983 }, // U+04E3
    { 14, 19, 252, 1, 19, 67, 10025 }, // U+04E4
    { 11, 16, 206, 1, 16, 44, 10092 }, // U+04E5
    { 15, 19, 263, 1, 19, 72, 10136 }, // U+04E6
    { 12, 16, 202, 0, 16, 48, 10208 }, // U+04E7
    { 15, 15, 263, 1, 15, 57, 10256 }, // U+04E8
    { 12, 11, 202, 0, 11, 33, 10313 }, // U+04E9
    { 15, 19, 263, 1, 19, 72, 10346 }, // U+04EA
    { 12, 16, 202, 0, 16, 48, 10418 }, // U+04EB
    { 14, 19, 227, 0, 19, 67, 10466 }, // U+04EC
    { 11, 16, 174, 0, 16, 44, 10533 }, // U+04ED
    { 14, 18, 217, 0, 18, 63, 10577 }, // U+04EE
    { 12, 19, 182, 0, 15, 57, 10640 }, // U+04EF
    { 14, 19, 217, 0, 19, 67, 10697 }, // U+04F0
    { 12, 20, 182, 0, 16, 60, 10764 }, // U+04F1
    { 14, 21, 217, 0, 21, 74, 10824 }, // U+04F2
    { 12, 21, 182, 0, 17, 63, 10898 }, // U+04F3
    { 13, 19, 227, 0, 19, 62, 10961 }, // U+04F4
    { 11, 16, 189, 0, 16, 44, 11023 }, // U+04F5
    { 11, 19, 198, 1, 15, 53, 11067 }, // U+04F6
    { 9, 14, 151, 1, 11, 32, 11120 }, // U+04F7
    { 17, 19, 309, 1, 19, 81, 11152 }, // U+04F8
    { 15, 16, 275, 1, 16, 60, 11233 }, // U+04F9
    { 11, 12, 208, 1, 12, 33, 0 }, // U+0E01
    { 11, 13, 197, 0, 12, 36, 33 }, // U+0E02
    { 12, 13, 200, 0, 12, 39, 69 }, // U+0E03
    { 11, 12, 215, 1, 12, 33, 108 }, // U+0E04
    { 12, 12, 219, 1, 12, 36, 141 }, // U+0E05
    { 12, 13, 213, 0, 12, 39, 177 }, // U+0E06
    { 12, 12, 190, 0, 12, 36, 216 }, // U+0E07
    { 11, 12, 186, 0, 12, 33, 252 }, // U+0E08
    { 11, 13, 208, 1, 12, 36, 285 }, // U+0E09
    { 12, 13, 200, 0, 12, 39, 321 }, // U+0E0A
    { 12, 13, 201, 0, 12, 39, 360 }, // U+0E0B
    { 17, 13, 309, 1, 12, 56, 399 }, // U+0E0C
    { 17, 17, 312, 1, 12, 73, 455 }, // U+0E0D
    { 12, 17, 212, 0, 12, 51, 528 }, // U+0E0E
    { 12, 17, 212, 0, 12, 51, 579 }, // U+0E0F
    { 12, 18, 191, 0, 13, 54, 630 }, // U+0E10
    { 13, 12, 217, 0, 12, 39, 684 }, // U+0E11
    { 18, 13, 314, 1, 12, 59, 723 }, // U+0E12
    { 17, 13, 312, 1, 12, 56, 782 }, // U+0E13
    { 11, 13, 211, 1, 12, 36, 838 }, // U+0E14
    { 12, 13, 218, 1, 12, 39, 874 }, // U+0E15
    { 11, 13, 208, 1, 12, 36, 913 }, // U+0E16
    { 11, 12, 215, 1, 12, 33, 949 }, // U+0E17
    { 10, 13, 186, 1, 12, 33, 982 }, // U+0E18
    { 11, 13, 215, 1, 12, 36, 1015 }, // U+0E19
    { 11, 13, 211, 1, 12, 36, 1051 }, // U+0E1A
    { 11, 17, 212, 1, 16, 47, 1087 }, // U+0E1B
    { 12, 12, 227, 1, 12, 36, 1134 }, // U+0E1C
    { 12, 16, 228, 1, 16, 48, 1170 }, // U+0E1D
    { 15, 12, 242, 0, 12, 45, 1218 }, // U+0E1E
    { 15, 16, 239, 0, 16, 60, 1263 }, // U+0E1F
    { 12, 13, 212, 0, 12, 39, 1323 }, // U+0E20
    { 11, 13, 215, 1, 12, 36, 1362 }, // U+0E21
    { 11, 13, 207, 1, 12, 36, 1398 }, // U+0E22
    { 11, 13, 173, 0, 12, 36, 1434 }, // U+0E23
    { 11, 17, 208, 1, 12, 47, 1470 }, // U+0E24
    { 12, 13, 200, 0, 12, 39, 1517 }, // U+0E25
    { 12, 17, 212, 0, 12, 51, 1556 }, // U+0E26
    { 10, 13, 171, 0, 12, 33, 1607 }, // U+0E27
    { 12, 13, 220, 1, 13, 39, 1640 }, // U+0E28
    { 13, 13, 225, 1, 12, 43, 1679 }, // U+0E29
    { 12, 14, 201, 0, 13, 42, 1722 }, // U+0E2A
    { 11, 12, 207, 1, 12, 33, 1764 }, // U+0E2B
    { 15, 15, 236, 0, 15, 57, 1797 }, // U+0E2C
    { 11, 13, 198, 1, 12, 36, 1854 }, // U+0E2D
    { 11, 14, 199, 1, 13, 39, 1890 }, // U+0E2E
    { 10, 12, 181, 0, 12, 30, 1929 }, // U+0E2F
    { 7, 11, 119, 0, 11, 20, 1959 }, // U+0E30
    { 9, 4, 0, -8, 17, 9, 1979 }, // U+0E31
    { 8, 12, 145, 0, 12, 24, 1988 }, // U+0E32
    { 15, 17, 145, -7, 17, 64, 2012 }, // U+0E33
    { 11, 3, 0, -12, 16, 9, 2076 }, // U+0E34
    { 11, 4, 0, -12, 17, 11, 2085 }, // U+0E35
    { 11, 4, 0, -12, 17, 11, 2096 }, // U+0E36
    { 11, 4, 0, -12, 17, 11, 2107 }, // U+0E37
    { 5, 5, 0, -6, -1, 7, 2118 }, // U+0E38
    { 8, 5, 0, -9, -1, 10, 2125 }, // U+0E39
    { 4, 4, 0, -5, -1, 4, 2135 }, // U+0E3A
    { 10, 18, 194, 1, 16, 45, 2139 }, // U+0E3F
    { 6, 13, 114, 1, 12, 20, 2184 }, // U+0E40
    { 12, 13, 214, 1, 12, 39, 2204 }, // U+0E41
    { 8, 19, 116, 0, 18, 38, 2243 }, // U+0E42
    { 7, 19, 113, 0, 18, 34, 2281 }, // U+0E43
    { 8, 19, 116, 0, 18, 38, 2315 }, // U+0E44
    { 8, 17, 145, 0, 12, 34, 2353 }, // U+0E45
    { 11, 17, 212, 1, 12, 47, 2387 }, // U+0E46
    { 8, 6, 0, -10, 18, 12, 2434 }, // U+0E47
    { 4, 5, 0, -5, 18, 5, 2446 }, // U+0E48
    { 8, 6, 0, -9, 18, 12, 2451 }, // U+0E49
    { 10, 6, 0, -10, 18, 15, 2463 }, // U+0E4A
    { 6, 5, 0, -7, 18, 8, 2478 }, // U+0E4B
    { 6, 5, 0, -6, 17, 8, 2486 }, // U+0E4C
    { 6, 5, 0, -7, 17, 8, 2494 }, // U+0E4D
    { 7, 5, 0, -7, 17, 9, 2502 }, // U+0E4E
    { 12, 11, 215, 1, 10, 33, 2511 }, // U+0E4F
    { 11, 11, 189, 0, 10, 31, 2544 }, // U+0E50
    { 11, 11, 178, 0, 10, 31, 2575 }, // U+0E51
    { 12, 14, 215, 1, 13, 42, 2606 }, // U+0E52
    { 11, 11, 189, 0, 10, 31, 2648 }, // U+0E53
    { 11, 13, 179, 0, 13, 36, 2679 }, // U+0E54
    { 11, 13, 185, 0, 13, 36, 2715 }, // U+0E55
    { 10, 14, 175, 0, 13, 35, 2751 }, // U+0E56
    { 15, 14, 250, 0, 13, 53, 2786 }, // U+0E57
    { 11, 14, 189, 0, 13, 39, 2839 }, // U+0E58
    { 11, 14, 183, 0, 13, 39, 2878 }, // U+0E59
    { 16, 12, 276, 0, 12, 48, 2917 }, // U+0E5A
    { 17, 9, 302, 1, 10, 39, 2965 }, // U+0E5B
    { 14, 21, 220, 0, 21, 74, 0 }, // U+1EF2
    { 12, 21, 182, 0, 17, 63, 74 }, // U+1EF3
    { 0, 0, 0, 0, 0, 0, 0 }, // U+200B
    { 2, 17, 0, -1, 14, 9, 0 }, // U+200C
    { 6, 18, 0, -3, 15, 27, 9 }, // U+200D
    { 7, 3, 107, 0, 7, 6, 36 }, // U+2010
    { 11, 3, 167, 0, 8, 9, 42 }, // U+2013
    { 21, 3, 333, 0, 8, 16, 51 }, // U+2014
    { 21, 3, 333, 0, 8, 16, 67 }, // U+2015
    { 5, 6, 81, 0, 16, 8, 83 }, // U+2018
    { 5, 6, 81, 0, 16, 8, 91 }, // U+2019
    { 5, 6, 81, 0, 3, 8, 99 }, // U+201A
    { 10, 6, 151, 0, 16, 15, 107 }, // U+201C
    { 9, 6, 151, 0, 16, 14, 122 }, // U+201D
    { 9, 6, 151, 0, 3, 14, 136 }, // U+201E
    { 10, 18, 165, 0, 15, 45, 150 }, // U+2020
    { 10, 18, 165, 0, 15, 45, 195 }, // U+2021
    { 7, 6, 121, 0, 10, 11, 240 }, // U+2022
    { 19, 4, 333, 1, 4, 19, 251 }, // U+2026
    { 27, 15, 440, 0, 15, 102, 270 }, // U+2030
    { 7, 11, 109, 0, 11, 20, 372 }, // U+2039
    { 7, 11, 109, 0, 11, 20, 392 }, // U+203A
    { 11, 15, 51, -4, 15, 42, 412 }, // U+2044
    { 8, 9, 121, 0, 15, 18, 0 }, // U+2070
    { 8, 8, 121, 0, 15, 16, 18 }, // U+2074
    { 7, 9, 121, 0, 15, 16, 34 }, // U+2075
    { 8, 9, 121, 0, 15, 18, 50 }, // U+2076
    { 8, 8, 121, 0, 15, 16, 68 }, // U+2077
    { 8, 9, 121, 0, 15, 18, 84 }, // U+2078
    { 8, 9, 121, 0, 15, 18, 102 }, // U+2079
    { 8, 9, 121, 0, 9, 18, 120 }, // U+2080
    { 6, 9, 121, 0, 9, 14, 138 }, // U+2081
    { 7, 9, 121, 0, 9, 16, 152 }, // U+2082
    { 7, 9, 121, 0, 9, 16, 168 }, // U+2083
    { 8, 8, 121, 0, 9, 16, 184 }, // U+2084
    { 7, 9, 121, 0, 9, 16, 200 }, // U+2085
    { 8, 9, 121, 0, 9, 18, 216 }, // U+2086
    { 8, 8, 121, 0, 9, 16, 234 }, // U+2087
    { 8, 9, 121, 0, 9, 18, 250 }, // U+2088
    { 8, 9, 121, 0, 9, 18, 268 }, // U+2089
    { 12, 15, 189, 0, 15, 45, 0 }, // U+20AC
    { 12, 15, 189, 0, 15, 45, 45 }, // U+20AE
    { 12, 15, 189, 0, 15, 45, 90 }, // U+20B4
    { 13, 15, 189, 0, 15, 49, 135 }, // U+20B9
    { 12, 15, 204, 0, 15, 45, 0 }, // U+2202
    { 15, 15, 231, 0, 15, 57, 45 }, // U+2206
    { 13, 17, 243, 1, 15, 56, 102 }, // U+220F
    { 11, 17, 181, 0, 15, 47, 158 }, // U+2211
    { 10, 3, 189, 1, 8, 8, 205 }, // U+2212
    { 11, 15, 51, -4, 15, 42, 213 }, // U+2215
    { 5, 4, 82, 0, 9, 5, 255 }, // U+2219
    { 14, 15, 201, 0, 15, 53, 260 }, // U+221A
    { 13, 7, 212, 0, 10, 23, 313 }, // U+221E
    { 9, 21, 134, 0, 16, 48, 336 }, // U+222B
    { 12, 11, 189, 0, 12, 33, 384 }, // U+2248
    { 10, 14, 189, 1, 14, 35, 417 }, // U+2260
    { 10, 13, 189, 1, 13, 33, 452 }, // U+2264
    { 10, 13, 189, 1, 13, 33, 485 }, // U+2265
    { 17, 16, 280, 1, 16, 68, 0 }, // U+FB00
    { 13, 16, 236, 1, 16, 52, 68 }, // U+FB01
    { 15, 16, 245, 1, 16, 60, 120 }, // U+FB02
    { 22, 16, 376, 1, 16, 88, 180 }, // U+FB03
    { 23, 16, 385, 1, 16, 92, 268 }, // U+FB04
};

static const EpdUnicodeInterval ubuntu_10_boldIntervals[] = {
    { 0x0, 0x0, 0x0 },
    { 0x8, 0x9, 0x1 },
    { 0xD, 0xD, 0x3 },
    { 0x1D, 0x1D, 0x4 },
    { 0x20, 0x7E, 0x5 },
    { 0xA0, 0xFF, 0x64 },
    { 0x100, 0x17F, 0xC4 },
    { 0x1A0, 0x1A1, 0x144 },
    { 0x1AF, 0x1B0, 0x146 },
    { 0x1C4, 0x21F, 0x148 },
    { 0x300, 0x304, 0x1A4 },
    { 0x306, 0x308, 0x1A9 },
    { 0x30A, 0x30C, 0x1AC },
    { 0x311, 0x312, 0x1AF },
    { 0x326, 0x328, 0x1B1 },
    { 0x331, 0x331, 0x1B4 },
    { 0x400, 0x45F, 0x1B5 },
    { 0x462, 0x463, 0x215 },
    { 0x472, 0x475, 0x217 },
    { 0x48A, 0x4F9, 0x21B },
    { 0xE01, 0xE3A, 0x28B },
    { 0xE3F, 0xE5B, 0x2C5 },
    { 0x1EF2, 0x1EF3, 0x2E2 },
    { 0x200B, 0x200D, 0x2E4 },
    { 0x2010, 0x2010, 0x2E7 },
    { 0x2013, 0x2015, 0x2E8 },
    { 0x2018, 0x201A, 0x2EB },
    { 0x201C, 0x201E, 0x2EE },
    { 0x2020, 0x2022, 0x2F1 },
    { 0x2026, 0x2026, 0x2F4 },
    { 0x2030, 0x2030, 0x2F5 },
    { 0x2039, 0x203A, 0x2F6 },
    { 0x2044, 0x2044, 0x2F8 },
    { 0x2070, 0x2070, 0x2F9 },
    { 0x2074, 0x2079, 0x2FA },
    { 0x2080, 0x2089, 0x300 },
    { 0x20AC, 0x20AC, 0x30A },
    { 0x20AE, 0x20AE, 0x30B },
    { 0x20B4, 0x20B4, 0x30C },
    { 0x20B9, 0x20B9, 0x30D },
    { 0x2202, 0x2202, 0x30E },
    { 0x2206, 0x2206, 0x30F },
    { 0x220F, 0x220F, 0x310 },
    { 0x2211, 0x2212, 0x311 },
    { 0x2215, 0x2215, 0x313 },
    { 0x2219, 0x221A, 0x314 },
    { 0x221E, 0x221E, 0x316 },
    { 0x222B, 0x222B, 0x317 },
    { 0x2248, 0x2248, 0x318 },
    { 0x2260, 0x2260, 0x319 },
    { 0x2264, 0x2265, 0x31A },
    { 0xFB00, 0xFB04, 0x31C },
};

static const EpdFontGroup ubuntu_10_boldGroups[] = {
    { 0, 1902, 3976, 100, 0 },
    { 1902, 1872, 4902, 96, 100 },
    { 3774, 2275, 7582, 128, 196 },
    { 6049, 2221, 6653, 96, 324 },
    { 8270, 152, 159, 17, 420 },
    { 8422, 4151, 12423, 214, 437 },
    { 12573, 1699, 3224, 87, 651 },
    { 14272, 109, 147, 2, 738 },
    { 14381, 252, 528, 21, 740 },
    { 14633, 155, 298, 17, 761 },
    { 14788, 136, 195, 4, 778 },
    { 14924, 311, 590, 14, 782 },
    { 15235, 143, 400, 5, 796 },
};

static const EpdKernClassEntry ubuntu_10_boldKernLeftClasses[] = {
    { 0x0022, 1 }, // "
    { 0x0026, 2 }, // &
    { 0x0027, 1 }, // '
    { 0x0028, 3 }, // (
    { 0x0029, 4 }, // )
    { 0x002A, 5 }, // *
    { 0x002C, 6 }, // ,
    { 0x002D, 7 }, // -
    { 0x002E, 6 }, // .
    { 0x002F, 8 }, // /
    { 0x003A, 9 }, // :
    { 0x003B, 9 }, // ;
    { 0x0040, 10 }, // @
    { 0x0041, 11 }, // A
    { 0x0042, 12 }, // B
    { 0x0043, 13 }, // C
    { 0x0044, 14 }, // D
    { 0x0045, 15 }, // E
    { 0x0046, 16 }, // F
    { 0x0047, 17 }, // G
    { 0x0048, 18 }, // H
    { 0x0049, 18 }, // I
    { 0x004A, 19 }, // J
    { 0x004B, 20 }, // K
    { 0x004C, 21 }, // L
    { 0x004D, 22 }, // M
    { 0x004E, 18 }, // N
    { 0x004F, 23 }, // O
    { 0x0050, 24 }, // P
    { 0x0051, 25 }, // Q
    { 0x0052, 26 }, // R
    { 0x0053, 27 }, // S
    { 0x0054, 28 }, // T
    { 0x0055, 29 }, // U
    { 0x0056, 30 }, // V
    { 0x0057, 31 }, // W
    { 0x0058, 32 }, // X
    { 0x0059, 33 }, // Y
    { 0x005A, 34 }, // Z
    { 0x005B, 35 }, // [
    { 0x005C, 36 }, // <backslash>
    { 0x005D, 37 }, // ]
    { 0x0061, 38 }, // a
    { 0x0062, 39 }, // b
    { 0x0063, 40 }, // c
    { 0x0064, 41 }, // d
    { 0x0066, 42 }, // f
    { 0x0067, 43 }, // g
    { 0x0068, 44 }, // h
    { 0x0069, 45 }, // i
    { 0x006A, 46 }, // j
    { 0x006B, 47 }, // k
    { 0x006C, 48 }, // l
    { 0x006D, 49 }, // m
    { 0x006E, 49 }, // n
    { 0x006F, 50 }, // o
    { 0x0070, 39 }, // p
    { 0x0071, 51 }, // q
    { 0x0072, 52 }, // r
    { 0x0073, 53 }, // s
    { 0x0074, 54 }, // t
    { 0x0075, 55 }, // u
    { 0x0076, 56 }, // v
    { 0x0077, 57 }, // w
    { 0x0078, 58 }, // x
    { 0x0079, 59 }, // y
    { 0x007A, 60 }, // z
    { 0x007B, 61 }, // {
    { 0x007D, 62 }, // }
    { 0x00A1, 63 }, // U+00A1
    { 0x00AB, 64 }, // U+00AB
    { 0x00BB, 65 }, // U+00BB
    { 0x00BF, 66 }, // U+00BF
    { 0x00C0, 11 }, // U+00C0
    { 0x00C1, 11 }, // U+00C1
    { 0x00C2, 11 }, // U+00C2
    { 0x00C3, 11 }, // U+00C3
    { 0x00C4, 11 }, // U+00C4
    { 0x00C5, 11 }, // U+00C5
    { 0x00C6, 15 }, // U+00C6
    { 0x00C7, 13 }, // U+00C7
    { 0x00C8, 15 }, // U+00C8
    { 0x00C9, 15 }, // U+00C9
    { 0x00CA, 15 }, // U+00CA
    { 0x00CB, 15 }, // U+00CB
    { 0x00CC, 18 }, // U+00CC
    { 0x00CD, 18 }, // U+00CD
    { 0x00CE, 18 }, // U+00CE
    { 0x00CF, 18 }, // U+00CF
    { 0x00D0, 14 }, // U+00D0
    { 0x00D1, 18 }, // U+00D1
    { 0x00D2, 23 }, // U+00D2
    { 0x00D3, 23 }, // U+00D3
    { 0x00D4, 23 }, // U+00D4
    { 0x00D5, 23 }, // U+00D5
    { 0x00D6, 23 }, // U+00D6
    { 0x00D8, 23 }, // U+00D8
    { 0x00D9, 29 }, // U+00D9
    { 0x00DA, 29 }, // U+00DA
    { 0x00DB, 29 }, // U+00DB
    { 0x00DC, 29 }, // U+00DC
    { 0x00DD, 33 }, // U+00DD
    { 0x00DE, 67 }, // U+00DE
    { 0x00DF, 68 }, // U+00DF
    { 0x00E0, 38 }, // U+00E0
    { 0x00E1, 38 }, // U+00E1
    { 0x00E2, 38 }, // U+00E2
    { 0x00E3, 38 }, // U+00E3
    { 0x00E4, 38 }, // U+00E4
    { 0x00E5, 38 }, // U+00E5
    { 0x00E7, 40 }, // U+00E7
    { 0x00EC, 45 }, // U+00EC
    { 0x00ED, 45 }, // U+00ED
    { 0x00EE, 45 }, // U+00EE
    { 0x00EF, 45 }, // U+00EF
    { 0x00F0, 69 }, // U+00F0
    { 0x00F1, 49 }, // U+00F1
    { 0x00F2, 50 }, // U+00F2
    { 0x00F3, 50 }, // U+00F3
    { 0x00F4, 50 }, // U+00F4
    { 0x00F5, 50 }, // U+00F5
    { 0x00F6, 50 }, // U+00F6
    { 0x00F8, 50 }, // U+00F8
    { 0x00F9, 55 }, // U+00F9
    { 0x00FA, 55 }, // U+00FA
    { 0x00FB, 55 }, // U+00FB
    { 0x00FC, 55 }, // U+00FC
    { 0x00FD, 59 }, // U+00FD
    { 0x00FE, 70 }, // U+00FE
    { 0x00FF, 59 }, // U+00FF
    { 0x0100, 11 }, // U+0100
    { 0x0101, 38 }, // U+0101
    { 0x0102, 11 }, // U+0102
    { 0x0103, 38 }, // U+0103
    { 0x0104, 11 }, // U+0104
    { 0x0105, 38 }, // U+0105
    { 0x0106, 13 }, // U+0106
    { 0x0107, 40 }, // U+0107
    { 0x0108, 13 }, // U+0108
    { 0x0109, 40 }, // U+0109
    { 0x010A, 13 }, // U+010A
    { 0x010B, 40 }, // U+010B
    { 0x010C, 13 }, // U+010C
    { 0x010D, 40 }, // U+010D
    { 0x010E, 14 }, // U+010E
    { 0x010F, 71 }, // U+010F
    { 0x0110, 14 }, // U+0110
    { 0x0111, 41 }, // U+0111
    { 0x0112, 15 }, // U+0112
    { 0x0114, 15 }, // U+0114
    { 0x0116, 15 }, // U+0116
    { 0x0118, 15 }, // U+0118
    { 0x011A, 15 }, // U+011A
    { 0x011C, 17 }, // U+011C
    { 0x011D, 43 }, // U+011D
    { 0x011E, 17 }, // U+011E
    { 0x011F, 43 }, // U+011F
    { 0x0120, 17 }, // U+0120
    { 0x0121, 43 }, // U+0121
    { 0x0122, 17 }, // U+0122
    { 0x0123, 43 }, // U+0123
    { 0x0124, 18 }, // U+0124
    { 0x0125, 44 }, // U+0125
    { 0x0126, 18 }, // U+0126
    { 0x0127, 44 }, // U+0127
    { 0x0128, 18 }, // U+0128
    { 0x0129, 45 }, // U+0129
    { 0x012A, 18 }, // U+012A
    { 0x012B, 45 }, // U+012B
    { 0x012C, 18 }, // U+012C
    { 0x012D, 45 }, // U+012D
    { 0x012E, 18 }, // U+012E
    { 0x012F, 45 }, // U+012F
    { 0x0130, 18 }, // U+0130
    { 0x0131, 45 }, // U+0131
    { 0x0132, 19 }, // U+0132
    { 0x0133, 46 }, // U+0133
    { 0x0134, 19 }, // U+0134
    { 0x0135, 46 }, // U+0135
    { 0x0136, 20 }, // U+0136
    { 0x0137, 47 }, // U+0137
    { 0x0138, 47 }, // U+0138
    { 0x0139, 21 }, // U+0139
    { 0x013A, 48 }, // U+013A
    { 0x013B, 21 }, // U+013B
    { 0x013C, 48 }, // U+013C
    { 0x013D, 21 }, // U+013D
    { 0x013E, 71 }, // U+013E
    { 0x013F, 21 }, // U+013F
    { 0x0140, 48 }, // U+0140
    { 0x0141, 21 }, // U+0141
    { 0x0142, 48 }, // U+0142
    { 0x0143, 18 }, // U+0143
    { 0x0144, 49 }, // U+0144
    { 0x0145, 18 }, // U+0145
    { 0x0146, 49 }, // U+0146
    { 0x0147, 18 }, // U+0147
    { 0x0148, 49 }, // U+0148
    { 0x0149, 49 }, // U+0149
    { 0x014A, 72 }, // U+014A
    { 0x014B, 73 }, // U+014B
    { 0x014C, 23 }, // U+014C
    { 0x014D, 50 }, // U+014D
    { 0x014E, 23 }, // U+014E
    { 0x014F, 50 }, // U+014F
    { 0x0150, 23 }, // U+0150
    { 0x0151, 50 }, // U+0151
    { 0x0152, 15 }, // U+0152
    { 0x0154, 26 }, // U+0154
    { 0x0155, 52 }, // U+0155
    { 0x0156, 26 }, // U+0156
    { 0x0157, 52 }, // U+0157
    { 0x0158, 26 }, // U+0158
    { 0x0159, 52 }, // U+0159
    { 0x015A, 27 }, // U+015A
    { 0x015B, 53 }, // U+015B
    { 0x015C, 27 }, // U+015C
    { 0x015D, 53 }, // U+015D
    { 0x015E, 27 }, // U+015E
    { 0x015F, 53 }, // U+015F
    { 0x0160, 27 }, // U+0160
    { 0x0161, 53 }, // U+0161
    { 0x0162, 28 }, // U+0162
    { 0x0163, 54 }, // U+0163
    { 0x0164, 28 }, // U+0164
    { 0x0165, 54 }, // U+0165
    { 0x0166, 28 }, // U+0166
    { 0x0167, 54 }, // U+0167
    { 0x0168, 29 }, // U+0168
    { 0x0169, 55 }, // U+0169
    { 0x016A, 29 }, // U+016A
    { 0x016B, 55 }, // U+016B
    { 0x016C, 29 }, // U+016C
    { 0x016D, 55 }, // U+016D
    { 0x016E, 29 }, // U+016E
    { 0x016F, 55 }, // U+016F
    { 0x0170, 29 }, // U+0170
    { 0x0171, 55 }, // U+0171
    { 0x0172, 29 }, // U+0172
    { 0x0173, 55 }, // U+0173
    { 0x0174, 31 }, // U+0174
    { 0x0175, 57 }, // U+0175
    { 0x0176, 33 }, // U+0176
    { 0x0177, 59 }, // U+0177
    { 0x0178, 33 }, // U+0178
    { 0x0179, 34 }, // U+0179
    { 0x017A, 60 }, // U+017A
    { 0x017B, 34 }, // U+017B
    { 0x017C, 60 }, // U+017C
    { 0x017D, 34 }, // U+017D
    { 0x017E, 60 }, // U+017E
    { 0x017F, 42 }, // U+017F
    { 0x01A0, 74 }, // U+01A0
    { 0x01C4, 34 }, // U+01C4
    { 0x01C5, 60 }, // U+01C5
    { 0x01C6, 60 }, // U+01C6
    { 0x01C7, 19 }, // U+01C7
    { 0x01C8, 46 }, // U+01C8
    { 0x01C9, 46 }, // U+01C9
    { 0x01CA, 19 }, // U+01CA
    { 0x01CB, 46 }, // U+01CB
    { 0x01CC, 46 }, // U+01CC
    { 0x01CD, 11 }, // U+01CD
    { 0x01CE, 38 }, // U+01CE
    { 0x01CF, 18 }, // U+01CF
    { 0x01D0, 45 }, // U+01D0
    { 0x01D1, 23 }, // U+01D1
    { 0x01D2, 50 }, // U+01D2
    { 0x01D3, 29 }, // U+01D3
    { 0x01D4, 55 }, // U+01D4
    { 0x01D5, 29 }, // U+01D5
    { 0x01D6, 55 }, // U+01D6
    { 0x01D7, 29 }, // U+01D7
    { 0x01D8, 55 }, // U+01D8
    { 0x01D9, 29 }, // U+01D9
    { 0x01DA, 55 }, // U+01DA
    { 0x01DB, 29 }, // U+01DB
    { 0x01DC, 55 }, // U+01DC
    { 0x01DD, 50 }, // U+01DD
    { 0x01DE, 11 }, // U+01DE
    { 0x01DF, 38 }, // U+01DF
    { 0x01E0, 11 }, // U+01E0
    { 0x01E1, 38 }, // U+01E1
    { 0x01E2, 15 }, // U+01E2
    { 0x01E4, 17 }, // U+01E4
    { 0x01E5, 43 }, // U+01E5
    { 0x01E6, 17 }, // U+01E6
    { 0x01E7, 43 }, // U+01E7
    { 0x01E8, 20 }, // U+01E8
    { 0x01E9, 47 }, // U+01E9
    { 0x01EA, 23 }, // U+01EA
    { 0x01EB, 50 }, // U+01EB
    { 0x01EC, 23 }, // U+01EC
    { 0x01ED, 50 }, // U+01ED
    { 0x01EE, 75 }, // U+01EE
    { 0x01EF, 76 }, // U+01EF
    { 0x01F0, 46 }, // U+01F0
    { 0x01F1, 34 }, // U+01F1
    { 0x01F2, 60 }, // U+01F2
    { 0x01F3, 60 }, // U+01F3
    { 0x01F4, 17 }, // U+01F4
    { 0x01F5, 43 }, // U+01F5
    { 0x01F6, 55 }, // U+01F6
    { 0x01F7, 77 }, // U+01F7
    { 0x01F8, 18 }, // U+01F8
    { 0x01F9, 49 }, // U+01F9
    { 0x01FA, 11 }, // U+01FA
    { 0x01FB, 38 }, // U+01FB
    { 0x01FC, 15 }, // U+01FC
    { 0x01FE, 23 }, // U+01FE
    { 0x01FF, 50 }, // U+01FF
    { 0x0200, 11 }, // U+0200
    { 0x0201, 38 }, // U+0201
    { 0x0202, 11 }, // U+0202
    { 0x0203, 38 }, // U+0203
    { 0x0204, 15 }, // U+0204
    { 0x0206, 15 }, // U+0206
    { 0x0208, 18 }, // U+0208
    { 0x0209, 45 }, // U+0209
    { 0x020A, 18 }, // U+020A
    { 0x020B, 45 }, // U+020B
    { 0x020C, 23 }, // U+020C
    { 0x020D, 50 }, // U+020D
    { 0x020E, 23 }, // U+020E
    { 0x020F, 50 }, // U+020F
    { 0x0210, 26 }, // U+0210
    { 0x0211, 52 }, // U+0211
    { 0x0212, 26 }, // U+0212
    { 0x0213, 52 }, // U+0213
    { 0x0214, 29 }, // U+0214
    { 0x0215, 55 }, // U+0215
    { 0x0216, 29 }, // U+0216
    { 0x0217, 55 }, // U+0217
    { 0x0218, 27 }, // U+0218
    { 0x0219, 53 }, // U+0219
    { 0x021A, 28 }, // U+021A
    { 0x021B, 54 }, // U+021B
    { 0x021C, 78 }, // U+021C
    { 0x021E, 18 }, // U+021E
    { 0x021F, 44 }, // U+021F
    { 0x0400, 79 }, // U+0400
    { 0x0401, 79 }, // U+0401
    { 0x0402, 80 }, // U+0402
    { 0x0403, 81 }, // U+0403
    { 0x0404, 82 }, // U+0404
    { 0x0405, 83 }, // U+0405
    { 0x0406, 18 }, // U+0406
    { 0x0407, 18 }, // U+0407
    { 0x0408, 84 }, // U+0408
    { 0x0409, 85 }, // U+0409
    { 0x040A, 85 }, // U+040A
    { 0x040B, 86 }, // U+040B
    { 0x040C, 87 }, // U+040C
    { 0x040D, 18 }, // U+040D
    { 0x040E, 88 }, // U+040E
    { 0x040F, 18 }, // U+040F
    { 0x0410, 89 }, // U+0410
    { 0x0411, 80 }, // U+0411
    { 0x0412, 90 }, // U+0412
    { 0x0413, 81 }, // U+0413
    { 0x0414, 91 }, // U+0414
    { 0x0415, 79 }, // U+0415
    { 0x0416, 92 }, // U+0416
    { 0x0417, 93 }, // U+0417
    { 0x0418, 18 }, // U+0418
    { 0x0419, 18 }, // U+0419
    { 0x041A, 87 }, // U+041A
    { 0x041C, 94 }, // U+041C
    { 0x041D, 18 }, // U+041D
    { 0x041E, 95 }, // U+041E
    { 0x041F, 18 }, // U+041F
    { 0x0420, 96 }, // U+0420
    { 0x0421, 82 }, // U+0421
    { 0x0422, 97 }, // U+0422
    { 0x0423, 88 }, // U+0423
    { 0x0424, 98 }, // U+0424
    { 0x0425, 99 }, // U+0425
    { 0x0426, 91 }, // U+0426
    { 0x0428, 18 }, // U+0428
    { 0x0429, 91 }, // U+0429
    { 0x042A, 85 }, // U+042A
    { 0x042B, 18 }, // U+042B
    { 0x042C, 85 }, // U+042C
    { 0x042D, 100 }, // U+042D
    { 0x042E, 95 }, // U+042E
    { 0x0430, 101 }, // U+0430
    { 0x0431, 102 }, // U+0431
    { 0x0432, 103 }, // U+0432
    { 0x0433, 104 }, // U+0433
    { 0x0434, 105 }, // U+0434
    { 0x0435, 106 }, // U+0435
    { 0x0436, 107 }, // U+0436
    { 0x0437, 108 }, // U+0437
    { 0x043A, 109 }, // U+043A
    { 0x043B, 110 }, // U+043B
    { 0x043C, 111 }, // U+043C
    { 0x043D, 112 }, // U+043D
    { 0x043E, 113 }, // U+043E
    { 0x043F, 112 }, // U+043F
    { 0x0440, 114 }, // U+0440
    { 0x0441, 115 }, // U+0441
    { 0x0442, 116 }, // U+0442
    { 0x0443, 117 }, // U+0443
    { 0x0444, 118 }, // U+0444
    { 0x0445, 119 }, // U+0445
    { 0x0446, 105 }, // U+0446
    { 0x0447, 112 }, // U+0447
    { 0x0448, 112 }, // U+0448
    { 0x0449, 105 }, // U+0449
    { 0x044A, 120 }, // U+044A
    { 0x044B, 112 }, // U+044B
    { 0x044C, 120 }, // U+044C
    { 0x044D, 121 }, // U+044D
    { 0x044E, 122 }, // U+044E
    { 0x044F, 123 }, // U+044F
    { 0x0450, 106 }, // U+0450
    { 0x0451, 106 }, // U+0451
    { 0x0452, 124 }, // U+0452
    { 0x0453, 104 }, // U+0453
    { 0x0454, 125 }, // U+0454
    { 0x0455, 126 }, // U+0455
    { 0x0456, 127 }, // U+0456
    { 0x0457, 127 }, // U+0457
    { 0x0458, 128 }, // U+0458
    { 0x0459, 120 }, // U+0459
    { 0x045A, 120 }, // U+045A
    { 0x045B, 129 }, // U+045B
    { 0x045C, 109 }, // U+045C
    { 0x045E, 117 }, // U+045E
    { 0x045F, 130 }, // U+045F
    { 0x0462, 80 }, // U+0462
    { 0x0463, 131 }, // U+0463
    { 0x0472, 95 }, // U+0472
    { 0x0473, 113 }, // U+0473
    { 0x0474, 132 }, // U+0474
    { 0x0475, 133 }, // U+0475
    { 0x048A, 91 }, // U+048A
    { 0x048B, 105 }, // U+048B
    { 0x048C, 85 }, // U+048C
    { 0x048D, 120 }, // U+048D
    { 0x048F, 114 }, // U+048F
    { 0x0490, 81 }, // U+0490
    { 0x0491, 104 }, // U+0491
    { 0x0492, 81 }, // U+0492
    { 0x0493, 104 }, // U+0493
    { 0x0494, 80 }, // U+0494
    { 0x0495, 134 }, // U+0495
    { 0x0496, 92 }, // U+0496
    { 0x0497, 107 }, // U+0497
    { 0x0498, 93 }, // U+0498
    { 0x0499, 108 }, // U+0499
    { 0x049A, 87 }, // U+049A
    { 0x049B, 109 }, // U+049B
    { 0x049C, 87 }, // U+049C
    { 0x049D, 109 }, // U+049D
    { 0x049E, 87 }, // U+049E
    { 0x049F, 109 }, // U+049F
    { 0x04A0, 87 }, // U+04A0
    { 0x04A1, 109 }, // U+04A1
    { 0x04A2, 91 }, // U+04A2
    { 0x04A3, 105 }, // U+04A3
    { 0x04A4, 97 }, // U+04A4
    { 0x04A5, 104 }, // U+04A5
    { 0x04A6, 85 }, // U+04A6
    { 0x04A7, 135 }, // U+04A7
    { 0x04A8, 136 }, // U+04A8
    { 0x04A9, 137 }, // U+04A9
    { 0x04AA, 82 }, // U+04AA
    { 0x04AB, 115 }, // U+04AB
    { 0x04AC, 97 }, // U+04AC
    { 0x04AD, 116 }, // U+04AD
    { 0x04AE, 138 }, // U+04AE
    { 0x04AF, 139 }, // U+04AF
    { 0x04B0, 138 }, // U+04B0
    { 0x04B1, 139 }, // U+04B1
    { 0x04B2, 99 }, // U+04B2
    { 0x04B3, 119 }, // U+04B3
    { 0x04B4, 91 }, // U+04B4
    { 0x04B5, 105 }, // U+04B5
    { 0x04B6, 91 }, // U+04B6
    { 0x04B7, 105 }, // U+04B7
    { 0x04BA, 140 }, // U+04BA
    { 0x04BB, 141 }, // U+04BB
    { 0x04BC, 142 }, // U+04BC
    { 0x04BE, 142 }, // U+04BE
    { 0x04C0, 18 }, // U+04C0
    { 0x04C1, 92 }, // U+04C1
    { 0x04C2, 107 }, // U+04C2
    { 0x04C3, 143 }, // U+04C3
    { 0x04C4, 144 }, // U+04C4
    { 0x04C6, 105 }, // U+04C6
    { 0x04C7, 84 }, // U+04C7
    { 0x04C8, 145 }, // U+04C8
    { 0x04C9, 91 }, // U+04C9
    { 0x04CA, 105 }, // U+04CA
    { 0x04CC, 112 }, // U+04CC
    { 0x04CD, 91 }, // U+04CD
    { 0x04CE, 105 }, // U+04CE
    { 0x04CF, 18 }, // U+04CF
    { 0x04D0, 89 }, // U+04D0
    { 0x04D1, 101 }, // U+04D1
    { 0x04D2, 89 }, // U+04D2
    { 0x04D3, 101 }, // U+04D3
    { 0x04D4, 146 }, // U+04D4
    { 0x04D5, 147 }, // U+04D5
    { 0x04D6, 79 }, // U+04D6
    { 0x04D7, 106 }, // U+04D7
    { 0x04D8, 148 }, // U+04D8
    { 0x04DA, 148 }, // U+04DA
    { 0x04DC, 92 }, // U+04DC
    { 0x04DD, 107 }, // U+04DD
    { 0x04DE, 93 }, // U+04DE
    { 0x04DF, 108 }, // U+04DF
    { 0x04E0, 149 }, // U+04E0
    { 0x04E1, 150 }, // U+04E1
    { 0x04E2, 18 }, // U+04E2
    { 0x04E4, 18 }, // U+04E4
    { 0x04E6, 95 }, // U+04E6
    { 0x04E7, 113 }, // U+04E7
    { 0x04E8, 95 }, // U+04E8
    { 0x04E9, 113 }, // U+04E9
    { 0x04EA, 95 }, // U+04EA
    { 0x04EB, 113 }, // U+04EB
    { 0x04EC, 100 }, // U+04EC
    { 0x04ED, 108 }, // U+04ED
    { 0x04EE, 88 }, // U+04EE
    { 0x04EF, 117 }, // U+04EF
    { 0x04F0, 88 }, // U+04F0
    { 0x04F1, 117 }, // U+04F1
    { 0x04F2, 88 }, // U+04F2
    { 0x04F3, 117 }, // U+04F3
    { 0x04F6, 81 }, // U+04F6
    { 0x04F7, 104 }, // U+04F7
    { 0x04F8, 18 }, // U+04F8
    { 0x04F9, 112 }, // U+04F9
    { 0x0E40, 151 }, // U+0E40
    { 0x0E41, 151 }, // U+0E41
    { 0x0E42, 151 }, // U+0E42
    { 0x0E43, 151 }, // U+0E43
    { 0x0E44, 151 }, // U+0E44
    { 0x0E50, 152 }, // U+0E50
    { 0x0E51, 152 }, // U+0E51
    { 0x0E54, 153 }, // U+0E54
    { 0x0E55, 153 }, // U+0E55
    { 0x0E59, 154 }, // U+0E59
    { 0x1EF2, 33 }, // U+1EF2
    { 0x1EF3, 59 }, // U+1EF3
    { 0x2013, 7 }, // U+2013
    { 0x2014, 7 }, // U+2014
    { 0x2018, 155 }, // U+2018
    { 0x2019, 156 }, // U+2019
    { 0x201A, 157 }, // U+201A
    { 0x201C, 155 }, // U+201C
    { 0x201D, 156 }, // U+201D
    { 0x201E, 157 }, // U+201E
    { 0x2026, 6 }, // U+2026
    { 0x2039, 64 }, // U+2039
    { 0x203A, 65 }, // U+203A
    { 0xFB00, 42 }, // U+FB00
    { 0xFB01, 45 }, // U+FB01
    { 0xFB02, 48 }, // U+FB02
    { 0xFB03, 45 }, // U+FB03
    { 0xFB04, 48 }, // U+FB04
};

static const EpdKernClassEntry ubuntu_10_boldKernRightClasses[] = {
    { 0x0021, 1 }, // !
    { 0x0022, 2 }, // "
    { 0x0026, 3 }, // &
    { 0x0027, 2 }, // '
    { 0x0028, 4 }, // (
    { 0x0029, 5 }, // )
    { 0x002A, 6 }, // *
    { 0x002C, 7 }, // ,
    { 0x002D, 8 }, // -
    { 0x002E, 7 }, // .
    { 0x002F, 9 }, // /
    { 0x003A, 10 }, // :
    { 0x003B, 10 }, // ;
    { 0x003F, 11 }, // ?
    { 0x0040, 12 }, // @
    { 0x0041, 13 }, // A
    { 0x0042, 14 }, // B
    { 0x0043, 15 }, // C
    { 0x0044, 14 }, // D
    { 0x0045, 14 }, // E
    { 0x0046, 14 }, // F
    { 0x0047, 16 }, // G
    { 0x0048, 14 }, // H
    { 0x0049, 14 }, // I
    { 0x004A, 17 }, // J
    { 0x004B, 14 }, // K
    { 0x004C, 14 }, // L
    { 0x004D, 18 }, // M
    { 0x004E, 14 }, // N
    { 0x004F, 19 }, // O
    { 0x0050, 14 }, // P
    { 0x0051, 19 }, // Q
    { 0x0052, 14 }, // R
    { 0x0053, 20 }, // S
    { 0x0054, 21 }, // T
    { 0x0055, 22 }, // U
    { 0x0056, 23 }, // V
    { 0x0057, 24 }, // W
    { 0x0058, 25 }, // X
    { 0x0059, 26 }, // Y
    { 0x005A, 27 }, // Z
    { 0x005B, 28 }, // [
    { 0x005C, 29 }, // <backslash>
    { 0x005D, 30 }, // ]
    { 0x0061, 31 }, // a
    { 0x0062, 32 }, // b
    { 0x0063, 33 }, // c
    { 0x0064, 34 }, // d
    { 0x0065, 33 }, // e
    { 0x0066, 35 }, // f
    { 0x0067, 33 }, // g
    { 0x0068, 36 }, // h
    { 0x0069, 37 }, // i
    { 0x006A, 38 }, // j
    { 0x006B, 36 }, // k
    { 0x006C, 36 }, // l
    { 0x006D, 39 }, // m
    { 0x006E, 39 }, // n
    { 0x006F, 34 }, // o
    { 0x0070, 39 }, // p
    { 0x0071, 33 }, // q
    { 0x0072, 39 }, // r
    { 0x0073, 40 }, // s
    { 0x0074, 41 }, // t
    { 0x0075, 42 }, // u
    { 0x0076, 43 }, // v
    { 0x0077, 44 }, // w
    { 0x0078, 45 }, // x
    { 0x0079, 46 }, // y
    { 0x007A, 47 }, // z
    { 0x007B, 48 }, // {
    { 0x007D, 49 }, // }
    { 0x00AB, 50 }, // U+00AB
    { 0x00BB, 51 }, // U+00BB
    { 0x00C0, 13 }, // U+00C0
    { 0x00C1, 13 }, // U+00C1
    { 0x00C2, 13 }, // U+00C2
    { 0x00C3, 13 }, // U+00C3
    { 0x00C4, 13 }, // U+00C4
    { 0x00C5, 13 }, // U+00C5
    { 0x00C6, 52 }, // U+00C6
    { 0x00C7, 15 }, // U+00C7
    { 0x00C8, 14 }, // U+00C8
    { 0x00C9, 14 }, // U+00C9
    { 0x00CA, 14 }, // U+00CA
    { 0x00CB, 14 }, // U+00CB
    { 0x00CC, 14 }, // U+00CC
    { 0x00CD, 14 }, // U+00CD
    { 0x00CE, 14 }, // U+00CE
    { 0x00CF, 14 }, // U+00CF
    { 0x00D0, 14 }, // U+00D0
    { 0x00D1, 14 }, // U+00D1
    { 0x00D2, 19 }, // U+00D2
    { 0x00D3, 19 }, // U+00D3
    { 0x00D4, 19 }, // U+00D4
    { 0x00D5, 19 }, // U+00D5
    { 0x00D6, 19 }, // U+00D6
    { 0x00D8, 19 }, // U+00D8
    { 0x00D9, 22 }, // U+00D9
    { 0x00DA, 22 }, // U+00DA
    { 0x00DB, 22 }, // U+00DB
    { 0x00DC, 22 }, // U+00DC
    { 0x00DD, 26 }, // U+00DD
    { 0x00DF, 53 }, // U+00DF
    { 0x00E0, 31 }, // U+00E0
    { 0x00E1, 31 }, // U+00E1
    { 0x00E2, 31 }, // U+00E2
    { 0x00E3, 31 }, // U+00E3
    { 0x00E4, 54 }, // U+00E4
    { 0x00E5, 31 }, // U+00E5
    { 0x00E6, 31 }, // U+00E6
    { 0x00E7, 33 }, // U+00E7
    { 0x00E8, 33 }, // U+00E8
    { 0x00E9, 33 }, // U+00E9
    { 0x00EA, 33 }, // U+00EA
    { 0x00EB, 33 }, // U+00EB
    { 0x00EC, 55 }, // U+00EC
    { 0x00ED, 37 }, // U+00ED
    { 0x00EE, 56 }, // U+00EE
    { 0x00EF, 57 }, // U+00EF
    { 0x00F0, 58 }, // U+00F0
    { 0x00F1, 39 }, // U+00F1
    { 0x00F2, 34 }, // U+00F2
    { 0x00F3, 34 }, // U+00F3
    { 0x00F4, 34 }, // U+00F4
    { 0x00F5, 34 }, // U+00F5
    { 0x00F6, 34 }, // U+00F6
    { 0x00F8, 34 }, // U+00F8
    { 0x00F9, 42 }, // U+00F9
    { 0x00FA, 42 }, // U+00FA
    { 0x00FB, 42 }, // U+00FB
    { 0x00FC, 42 }, // U+00FC
    { 0x00FD, 46 }, // U+00FD
    { 0x00FF, 46 }, // U+00FF
    { 0x0100, 13 }, // U+0100
    { 0x0101, 31 }, // U+0101
    { 0x0102, 13 }, // U+0102
    { 0x0103, 31 }, // U+0103
    { 0x0104, 13 }, // U+0104
    { 0x0105, 31 }, // U+0105
    { 0x0106, 15 }, // U+0106
    { 0x0107, 33 }, // U+0107
    { 0x0108, 15 }, // U+0108
    { 0x0109, 33 }, // U+0109
    { 0x010A, 15 }, // U+010A
    { 0x010B, 33 }, // U+010B
    { 0x010C, 15 }, // U+010C
    { 0x010D, 33 }, // U+010D
    { 0x010E, 14 }, // U+010E
    { 0x010F, 34 }, // U+010F
    { 0x0111, 34 }, // U+0111
    { 0x0112, 14 }, // U+0112
    { 0x0113, 33 }, // U+0113
    { 0x0114, 14 }, // U+0114
    { 0x0115, 33 }, // U+0115
    { 0x0116, 14 }, // U+0116
    { 0x0117, 33 }, // U+0117
    { 0x0118, 14 }, // U+0118
    { 0x0119, 33 }, // U+0119
    { 0x011A, 14 }, // U+011A
    { 0x011B, 33 }, // U+011B
    { 0x011C, 16 }, // U+011C
    { 0x011D, 33 }, // U+011D
    { 0x011E, 16 }, // U+011E
    { 0x011F, 33 }, // U+011F
    { 0x0120, 16 }, // U+0120
    { 0x0121, 33 }, // U+0121
    { 0x0122, 16 }, // U+0122
    { 0x0123, 33 }, // U+0123
    { 0x0124, 14 }, // U+0124
    { 0x0125, 36 }, // U+0125
    { 0x0126, 14 }, // U+0126
    { 0x0127, 36 }, // U+0127
    { 0x0128, 14 }, // U+0128
    { 0x0129, 59 }, // U+0129
    { 0x012A, 14 }, // U+012A
    { 0x012B, 60 }, // U+012B
    { 0x012C, 14 }, // U+012C
    { 0x012D, 61 }, // U+012D
    { 0x012E, 14 }, // U+012E
    { 0x012F, 37 }, // U+012F
    { 0x0130, 14 }, // U+0130
    { 0x0131, 37 }, // U+0131
    { 0x0132, 14 }, // U+0132
    { 0x0133, 37 }, // U+0133
    { 0x0134, 17 }, // U+0134
    { 0x0135, 38 }, // U+0135
    { 0x0136, 14 }, // U+0136
    { 0x0137, 36 }, // U+0137
    { 0x0139, 14 }, // U+0139
    { 0x013A, 36 }, // U+013A
    { 0x013B, 14 }, // U+013B
    { 0x013C, 36 }, // U+013C
    { 0x013D, 14 }, // U+013D
    { 0x013E, 36 }, // U+013E
    { 0x013F, 14 }, // U+013F
    { 0x0140, 36 }, // U+0140
    { 0x0141, 14 }, // U+0141
    { 0x0142, 36 }, // U+0142
    { 0x0143, 14 }, // U+0143
    { 0x0144, 39 }, // U+0144
    { 0x0145, 14 }, // U+0145
    { 0x0146, 39 }, // U+0146
    { 0x0147, 14 }, // U+0147
    { 0x0148, 39 }, // U+0148
    { 0x0149, 39 }, // U+0149
    { 0x014A, 62 }, // U+014A
    { 0x014B, 63 }, // U+014B
    { 0x014C, 19 }, // U+014C
    { 0x014D, 34 }, // U+014D
    { 0x014E, 19 }, // U+014E
    { 0x014F, 34 }, // U+014F
    { 0x0150, 19 }, // U+0150
    { 0x0151, 34 }, // U+0151
    { 0x0152, 19 }, // U+0152
    { 0x0153, 34 }, // U+0153
    { 0x0154, 14 }, // U+0154
    { 0x0155, 39 }, // U+0155
    { 0x0156, 14 }, // U+0156
    { 0x0157, 39 }, // U+0157
    { 0x0158, 14 }, // U+0158
    { 0x0159, 39 }, // U+0159
    { 0x015A, 20 }, // U+015A
    { 0x015B, 40 }, // U+015B
    { 0x015C, 20 }, // U+015C
    { 0x015D, 40 }, // U+015D
    { 0x015E, 20 }, // U+015E
    { 0x015F, 40 }, // U+015F
    { 0x0160, 20 }, // U+0160
    { 0x0161, 40 }, // U+0161
    { 0x0162, 21 }, // U+0162
    { 0x0163, 41 }, // U+0163
    { 0x0164, 21 }, // U+0164
    { 0x0165, 41 }, // U+0165
    { 0x0166, 21 }, // U+0166
    { 0x0167, 41 }, // U+0167
    { 0x0168, 22 }, // U+0168
    { 0x0169, 42 }, // U+0169
    { 0x016A, 22 }, // U+016A
    { 0x016B, 42 }, // U+016B
    { 0x016C, 22 }, // U+016C
    { 0x016D, 42 }, // U+016D
    { 0x016E, 22 }, // U+016E
    { 0x016F, 42 }, // U+016F
    { 0x0170, 22 }, // U+0170
    { 0x0171, 42 }, // U+0171
    { 0x0172, 22 }, // U+0172
    { 0x0173, 42 }, // U+0173
    { 0x0174, 24 }, // U+0174
    { 0x0175, 44 }, // U+0175
    { 0x0176, 26 }, // U+0176
    { 0x0177, 46 }, // U+0177
    { 0x0178, 26 }, // U+0178
    { 0x0179, 27 }, // U+0179
    { 0x017A, 47 }, // U+017A
    { 0x017B, 27 }, // U+017B
    { 0x017C, 47 }, // U+017C
    { 0x017D, 27 }, // U+017D
    { 0x017E, 47 }, // U+017E
    { 0x017F, 35 }, // U+017F
    { 0x01A0, 19 }, // U+01A0
    { 0x01A1, 34 }, // U+01A1
    { 0x01AF, 22 }, // U+01AF
    { 0x01B0, 42 }, // U+01B0
    { 0x01C4, 14 }, // U+01C4
    { 0x01C5, 14 }, // U+01C5
    { 0x01C6, 34 }, // U+01C6
    { 0x01C7, 14 }, // U+01C7
    { 0x01C8, 14 }, // U+01C8
    { 0x01C9, 36 }, // U+01C9
    { 0x01CA, 14 }, // U+01CA
    { 0x01CB, 14 }, // U+01CB
    { 0x01CC, 39 }, // U+01CC
    { 0x01CD, 13 }, // U+01CD
    { 0x01CE, 31 }, // U+01CE
    { 0x01CF, 14 }, // U+01CF
    { 0x01D0, 37 }, // U+01D0
    { 0x01D1, 19 }, // U+01D1
    { 0x01D2, 34 }, // U+01D2
    { 0x01D3, 22 }, // U+01D3
    { 0x01D4, 42 }, // U+01D4
    { 0x01D5, 22 }, // U+01D5
    { 0x01D6, 42 }, // U+01D6
    { 0x01D7, 22 }, // U+01D7
    { 0x01D8, 42 }, // U+01D8
    { 0x01D9, 22 }, // U+01D9
    { 0x01DA, 42 }, // U+01DA
    { 0x01DB, 22 }, // U+01DB
    { 0x01DC, 42 }, // U+01DC
    { 0x01DD, 64 }, // U+01DD
    { 0x01DE, 13 }, // U+01DE
    { 0x01DF, 31 }, // U+01DF
    { 0x01E0, 13 }, // U+01E0
    { 0x01E1, 31 }, // U+01E1
    { 0x01E2, 52 }, // U+01E2
    { 0x01E3, 31 }, // U+01E3
    { 0x01E4, 16 }, // U+01E4
    { 0x01E5, 33 }, // U+01E5
    { 0x01E6, 16 }, // U+01E6
    { 0x01E7, 33 }, // U+01E7
    { 0x01E8, 14 }, // U+01E8
    { 0x01E9, 36 }, // U+01E9
    { 0x01EA, 19 }, // U+01EA
    { 0x01EB, 34 }, // U+01EB
    { 0x01EC, 19 }, // U+01EC
    { 0x01ED, 34 }, // U+01ED
    { 0x01EE, 65 }, // U+01EE
    { 0x01F0, 38 }, // U+01F0
    { 0x01F1, 14 }, // U+01F1
    { 0x01F2, 14 }, // U+01F2
    { 0x01F3, 34 }, // U+01F3
    { 0x01F4, 16 }, // U+01F4
    { 0x01F5, 33 }, // U+01F5
    { 0x01F8, 14 }, // U+01F8
    { 0x01F9, 39 }, // U+01F9
    { 0x01FA, 13 }, // U+01FA
    { 0x01FB, 31 }, // U+01FB
    { 0x01FC, 52 }, // U+01FC
    { 0x01FD, 31 }, // U+01FD
    { 0x01FE, 19 }, // U+01FE
    { 0x01FF, 34 }, // U+01FF
    { 0x0200, 13 }, // U+0200
    { 0x0201, 31 }, // U+0201
    { 0x0202, 13 }, // U+0202
    { 0x0203, 31 }, // U+0203
    { 0x0204, 14 }, // U+0204
    { 0x0205, 33 }, // U+0205
    { 0x0206, 14 }, // U+0206
    { 0x0207, 33 }, // U+0207
    { 0x0208, 14 }, // U+0208
    { 0x0209, 37 }, // U+0209
    { 0x020A, 14 }, // U+020A
    { 0x020B, 37 }, // U+020B
    { 0x020C, 19 }, // U+020C
    { 0x020D, 34 }, // U+020D
    { 0x020E, 19 }, // U+020E
    { 0x020F, 34 }, // U+020F
    { 0x0210, 14 }, // U+0210
    { 0x0211, 39 }, // U+0211
    { 0x0212, 14 }, // U+0212
    { 0x0213, 39 }, // U+0213
    { 0x0214, 22 }, // U+0214
    { 0x0215, 42 }, // U+0215
    { 0x0216, 22 }, // U+0216
    { 0x0217, 42 }, // U+0217
    { 0x0218, 20 }, // U+0218
    { 0x0219, 40 }, // U+0219
    { 0x021A, 21 }, // U+021A
    { 0x021B, 41 }, // U+021B
    { 0x021C, 66 }, // U+021C
    { 0x021D, 67 }, // U+021D
    { 0x021E, 14 }, // U+021E
    { 0x021F, 36 }, // U+021F
    { 0x0402, 68 }, // U+0402
    { 0x0404, 69 }, // U+0404
    { 0x0405, 70 }, // U+0405
    { 0x0408, 71 }, // U+0408
    { 0x0409, 72 }, // U+0409
    { 0x040B, 68 }, // U+040B
    { 0x040E, 73 }, // U+040E
    { 0x0410, 74 }, // U+0410
    { 0x0414, 75 }, // U+0414
    { 0x0416, 76 }, // U+0416
    { 0x0417, 77 }, // U+0417
    { 0x041B, 72 }, // U+041B
    { 0x041C, 78 }, // U+041C
    { 0x041E, 79 }, // U+041E
    { 0x0421, 69 }, // U+0421
    { 0x0422, 68 }, // U+0422
    { 0x0423, 73 }, // U+0423
    { 0x0424, 80 }, // U+0424
    { 0x0425, 81 }, // U+0425
    { 0x0427, 82 }, // U+0427
    { 0x042D, 83 }, // U+042D
    { 0x042F, 84 }, // U+042F
    { 0x0430, 85 }, // U+0430
    { 0x0431, 86 }, // U+0431
    { 0x0432, 87 }, // U+0432
    { 0x0433, 88 }, // U+0433
    { 0x0434, 89 }, // U+0434
    { 0x0435, 90 }, // U+0435
    { 0x0436, 91 }, // U+0436
    { 0x0437, 92 }, // U+0437
    { 0x0438, 88 }, // U+0438
    { 0x0439, 88 }, // U+0439
    { 0x043A, 88 }, // U+043A
    { 0x043B, 93 }, // U+043B
    { 0x043C, 94 }, // U+043C
    { 0x043D, 88 }, // U+043D
    { 0x043E, 95 }, // U+043E
    { 0x043F, 88 }, // U+043F
    { 0x0440, 96 }, // U+0440
    { 0x0441, 97 }, // U+0441
    { 0x0442, 98 }, // U+0442
    { 0x0443, 99 }, // U+0443
    { 0x0444, 100 }, // U+0444
    { 0x0445, 101 }, // U+0445
    { 0x0446, 88 }, // U+0446
    { 0x0447, 102 }, // U+0447
    { 0x0448, 88 }, // U+0448
    { 0x0449, 103 }, // U+0449
    { 0x044A, 104 }, // U+044A
    { 0x044B, 88 }, // U+044B
    { 0x044C, 88 }, // U+044C
    { 0x044D, 105 }, // U+044D
    { 0x044E, 106 }, // U+044E
    { 0x044F, 107 }, // U+044F
    { 0x0450, 90 }, // U+0450
    { 0x0451, 90 }, // U+0451
    { 0x0452, 108 }, // U+0452
    { 0x0453, 88 }, // U+0453
    { 0x0454, 109 }, // U+0454
    { 0x0455, 110 }, // U+0455
    { 0x0456, 111 }, // U+0456
    { 0x0457, 112 }, // U+0457
    { 0x0458, 113 }, // U+0458
    { 0x0459, 93 }, // U+0459
    { 0x045A, 88 }, // U+045A
    { 0x045B, 114 }, // U+045B
    { 0x045C, 88 }, // U+045C
    { 0x045D, 88 }, // U+045D
    { 0x045E, 99 }, // U+045E
    { 0x045F, 103 }, // U+045F
    { 0x0462, 68 }, // U+0462
    { 0x0463, 115 }, // U+0463
    { 0x0472, 79 }, // U+0472
    { 0x0473, 95 }, // U+0473
    { 0x0475, 99 }, // U+0475
    { 0x048B, 88 }, // U+048B
    { 0x048D, 116 }, // U+048D
    { 0x048F, 96 }, // U+048F
    { 0x0491, 88 }, // U+0491
    { 0x0493, 88 }, // U+0493
    { 0x0495, 88 }, // U+0495
    { 0x0496, 76 }, // U+0496
    { 0x0497, 91 }, // U+0497
    { 0x0498, 77 }, // U+0498
    { 0x0499, 92 }, // U+0499
    { 0x049B, 88 }, // U+049B
    { 0x049D, 88 }, // U+049D
    { 0x049F, 88 }, // U+049F
    { 0x04A1, 88 }, // U+04A1
    { 0x04A3, 88 }, // U+04A3
    { 0x04A5, 88 }, // U+04A5
    { 0x04A7, 88 }, // U+04A7
    { 0x04A8, 117 }, // U+04A8
    { 0x04A9, 118 }, // U+04A9
    { 0x04AA, 69 }, // U+04AA
    { 0x04AB, 97 }, // U+04AB
    { 0x04AC, 68 }, // U+04AC
    { 0x04AD, 98 }, // U+04AD
    { 0x04AE, 119 }, // U+04AE
    { 0x04AF, 120 }, // U+04AF
    { 0x04B0, 119 }, // U+04B0
    { 0x04B1, 120 }, // U+04B1
    { 0x04B2, 81 }, // U+04B2
    { 0x04B3, 101 }, // U+04B3
    { 0x04B4, 68 }, // U+04B4
    { 0x04B5, 98 }, // U+04B5
    { 0x04B6, 82 }, // U+04B6
    { 0x04B7, 102 }, // U+04B7
    { 0x04B8, 82 }, // U+04B8
    { 0x04B9, 102 }, // U+04B9
    { 0x04BB, 121 }, // U+04BB
    { 0x04BC, 122 }, // U+04BC
    { 0x04BD, 123 }, // U+04BD
    { 0x04BE, 122 }, // U+04BE
    { 0x04BF, 123 }, // U+04BF
    { 0x04C1, 76 }, // U+04C1
    { 0x04C2, 91 }, // U+04C2
    { 0x04C4, 88 }, // U+04C4
    { 0x04C5, 72 }, // U+04C5
    { 0x04C6, 93 }, // U+04C6
    { 0x04C8, 88 }, // U+04C8
    { 0x04CA, 88 }, // U+04CA
    { 0x04CB, 82 }, // U+04CB
    { 0x04CC, 102 }, // U+04CC
    { 0x04CE, 94 }, // U+04CE
    { 0x04D0, 74 }, // U+04D0
    { 0x04D1, 85 }, // U+04D1
    { 0x04D2, 74 }, // U+04D2
    { 0x04D3, 85 }, // U+04D3
    { 0x04D4, 124 }, // U+04D4
    { 0x04D5, 125 }, // U+04D5
    { 0x04D7, 90 }, // U+04D7
    { 0x04D8, 126 }, // U+04D8
    { 0x04D9, 127 }, // U+04D9
    { 0x04DA, 126 }, // U+04DA
    { 0x04DB, 127 }, // U+04DB
    { 0x04DC, 76 }, // U+04DC
    { 0x04DD, 91 }, // U+04DD
    { 0x04DE, 77 }, // U+04DE
    { 0x04DF, 92 }, // U+04DF
    { 0x04E0, 128 }, // U+04E0
    { 0x04E1, 129 }, // U+04E1
    { 0x04E3, 88 }, // U+04E3
    { 0x04E5, 88 }, // U+04E5
    { 0x04E6, 79 }, // U+04E6
    { 0x04E7, 95 }, // U+04E7
    { 0x04E8, 79 }, // U+04E8
    { 0x04E9, 95 }, // U+04E9
    { 0x04EA, 79 }, // U+04EA
    { 0x04EB, 95 }, // U+04EB
    { 0x04EC, 83 }, // U+04EC
    { 0x04ED, 92 }, // U+04ED
    { 0x04EE, 73 }, // U+04EE
    { 0x04EF, 99 }, // U+04EF
    { 0x04F0, 73 }, // U+04F0
    { 0x04F1, 99 }, // U+04F1
    { 0x04F2, 73 }, // U+04F2
    { 0x04F3, 99 }, // U+04F3
    { 0x04F4, 82 }, // U+04F4
    { 0x04F5, 102 }, // U+04F5
    { 0x04F7, 88 }, // U+04F7
    { 0x04F9, 88 }, // U+04F9
    { 0x0E02, 130 }, // U+0E02
    { 0x0E03, 130 }, // U+0E03
    { 0x0E04, 131 }, // U+0E04
    { 0x0E05, 131 }, // U+0E05
    { 0x0E06, 131 }, // U+0E06
    { 0x0E07, 132 }, // U+0E07
    { 0x0E08, 133 }, // U+0E08
    { 0x0E09, 133 }, // U+0E09
    { 0x0E0A, 130 }, // U+0E0A
    { 0x0E0B, 130 }, // U+0E0B
    { 0x0E0C, 133 }, // U+0E0C
    { 0x0E0D, 133 }, // U+0E0D
    { 0x0E10, 133 }, // U+0E10
    { 0x0E11, 131 }, // U+0E11
    { 0x0E12, 131 }, // U+0E12
    { 0x0E13, 133 }, // U+0E13
    { 0x0E14, 131 }, // U+0E14
    { 0x0E15, 131 }, // U+0E15
    { 0x0E16, 133 }, // U+0E16
    { 0x0E18, 134 }, // U+0E18
    { 0x0E19, 133 }, // U+0E19
    { 0x0E1A, 133 }, // U+0E1A
    { 0x0E1B, 133 }, // U+0E1B
    { 0x0E1E, 134 }, // U+0E1E
    { 0x0E1F, 134 }, // U+0E1F
    { 0x0E22, 135 }, // U+0E22
    { 0x0E23, 136 }, // U+0E23
    { 0x0E24, 133 }, // U+0E24
    { 0x0E25, 136 }, // U+0E25
    { 0x0E27, 136 }, // U+0E27
    { 0x0E28, 131 }, // U+0E28
    { 0x0E29, 133 }, // U+0E29
    { 0x0E2A, 136 }, // U+0E2A
    { 0x0E2C, 134 }, // U+0E2C
    { 0x0E2D, 136 }, // U+0E2D
    { 0x0E2E, 136 }, // U+0E2E
    { 0x0E50, 137 }, // U+0E50
    { 0x0E51, 137 }, // U+0E51
    { 0x0E54, 138 }, // U+0E54
    { 0x0E55, 138 }, // U+0E55
    { 0x0E56, 139 }, // U+0E56
    { 0x0E58, 137 }, // U+0E58
    { 0x1EF2, 26 }, // U+1EF2
    { 0x1EF3, 46 }, // U+1EF3
    { 0x2013, 8 }, // U+2013
    { 0x2014, 8 }, // U+2014
    { 0x2018, 140 }, // U+2018
    { 0x2019, 141 }, // U+2019
    { 0x201A, 142 }, // U+201A
    { 0x201C, 140 }, // U+201C
    { 0x201D, 141 }, // U+201D
    { 0x201E, 142 }, // U+201E
    { 0x2026, 7 }, // U+2026
    { 0x2039, 50 }, // U+2039
    { 0x203A, 51 }, // U+203A
    { 0xFB00, 35 }, // U+FB00
    { 0xFB01, 35 }, // U+FB01
    { 0xFB02, 35 }, // U+FB02
    { 0xFB03, 35 }, // U+FB03
    { 0xFB04, 35 }, // U+FB04
};

static const int8_t ubuntu_10_boldKernMatrix[] = {
       0,    0,    0,    0,    0,    0,    0,    0,    0,    0,    0,    0,  -17,    0,    0,    0,  -29,    0,    0,    0,    0,    0,    6,    6,    0,    0,    0,    0,    0,    0,    0,    0,    0,    0,    0,    0,    0,    0,    0,    0,    0,    0,    0,    0,    0,    0,    0,    0,    0,    0,    0,  -36,    0,    0,    0,    0,    0,    0,    0,    0,    0,    0,    0,    0,    0,    0,    0,    6,    0,    0,  -32,  -21,    0,  -19,  -19,    0,    0,    0,    0,   -5,    0,    4,    0,    0,   -5,    0,    0,    0,  -14,  -10,    0,    0,  -15,   -5,  -10,    0,  -11,    0,    0,  -16,    0,    0,    0,    0,    0,    0,   -6,    4,   -8,   -5,    0,    0,    0,    4,    0,    0,    0,  -10,    0,    0,    0,    0,    0,  -33,   -5,    0,   -4,    0,    0,    0,    0,    0,    0,    0,    0,    0,    0,    0,    0,    0,    0,    0,
       0,    0,    0,    0,    0,    0,    0,    0,    0,    0,    0,    0,   10,    0,   -7,   -7,    7,    0,   -7,    0,  -27,    0,  -23,  -13,    3,  -33,    0,    0,    0,    0,   -7,    0,   -7,   -7,    0,    0,    0,    0,    0,    0,    0,    0,  -12,  -10,    3,  -12,    0,    0,    0,    0,    0,    0,    0,   -7,    0,    0,    0,    0,    0,    0,    0,    0,    0,    0,    0,    0,    0,    0,    0,    0,    0,    0,    0,    0,    0,    0,    0,    0,    0,    0,    0,    0,    0,    0,    0,    0,    0,    0,    0,    0,    0,    0,    0,    0,    0,    0,    0,    0,    0,    0,    0,    0,    0,    0,    0,    0,    0,    0,    0,    0,    0,    0,    0,    0,    0,    0,    0,    0,    0,    0,    0,    0,    0,    0,    0,    0,    0,    0,    0,    0,    0,    0,    0,    0,    0,    0,    0,    0,    0,    0,    0,    0,
       0,    0,    0,  -10,   27,   -7,    0,   -3,    0,    0,    0,  -10,    0,    0,   -7,   -7,    0,    0,   -7,    0,    8,    0,   10,    9,    9,   11,    3,    0,    0,    0,   -8,    0,  -10,  -10,   -4,    0,    4,   28,   -7,   -6,    0,   -8,   -3,   -3,    0,   10,    0,    0,    0,    0,    0,    0,   -5,   -8,    4,    4,    4,  -10,    4,    4,    4,    0,    0,    0,    0,    0,    0,    8,   -7,   -4,    0,    0,    6,    0,    7,    7,    0,    0,   -7,  -10,    9,    0,    0,    0,   -8,   -4,   -5,   -5,    7,   -8,    0,    0,    0,   -3,  -10,    0,   -8,    0,   10,  -12,    0,   -7,   -5,    0,    0,   -5,    0,    6,   -6,   -6,    4,    4,   28,    6,    0,    0,  -11,  -10,    8,    0,    0,    0,   -5,    4,   -6,   -4,   -6,    0,    4,    0,    0,    0,    0,    0,    0,    0,    0,    0,    0,    0,    0,    0,
       0,    0,    0,   -8,    0,   -6,    0,    7,    0,    0,    0,   -4,   -7,    0,    0,    0,   -4,    0,    0,    0,   -6,    0,  -11,   -4,   -7,  -13,   -4,    0,    0,    0,    0,    0,    0,    0,    0,    0,    0,    0,    0,    0,    0,    0,    0,    0,   -5,    0,    0,    0,    0,    0,    0,   -7,    0,    0,    0,    0,    0,    0,    0,    0,    0,   -7,    0,    0,    0,    0,    0,   -6,    0,   -5,   -4,    0,   -7,   -7,    0,   -5,   -5,    0,    0,    0,   -7,    0,   -7,   -7,    0,    0,    0,    0,    0,    0,    0,    0,    0,    0,    0,    0,    0,    0,    0,    0,   -5,    0,    0,    0,    0,    0,    0,   -6,    0,    0,    0,    0,    0,    0,    0,    0,    0,    0,  -11,    0,    0,    0,    0,    0,    0,    0,    0,   -6,   -6,    0,    0,    0,    0,    0,    0,    0,    0,    0,    0,    0,    0,    0,
       0,    0,    0,    0,    0,    0,    0,    0,    0,    0,    0,   -6,  -27,    0,    0,    0,  -35,   -3,    0,    0,    0,    0,    0,    0,   -7,   -3,    0,    0,    0,    0,   -6,    0,  -10,  -10,    0,    0,    0,   -3,    0,   -3,    0,    0,    5,    5,    4,    5,    0,    0,    0,    0,    0,  -46,    0,   -6,    0,    0,    0,  -16,    0,    0,    0,   -4,    0,    0,    0,    0,    0,    0,    0,    0,  -35,  -25,   -4,  -27,  -24,   -6,   -5,   -3,    0,    0,   -7,    0,   -5,    0,   -6,    0,    0,    0,  -15,   -5,    0,    0,  -15,   -5,  -10,    0,   -5,    0,    0,   -6,    4,    0,    0,    0,    0,    0,   -4,    0,   -3,   -3,    0,    0,   -3,    0,    0,    0,    0,   -5,    0,    0,    0,    0,    0,  -24,   -4,   -4,    0,   -4,    0,    0,    0,    0,    0,    0,    0,    0,    0,    0,    0,    0,    0,    0,
       0,    0,    0,    0,    0,    0,    0,    0,    0,    0,    0,    0,   10,    0,  -13,  -13,   13,    0,  -13,    4,  -27,  -10,  -27,  -14,    8,  -32,    7,    0,    0,    0,  -10,    0,  -10,  -10,    0,    0,    0,    0,    0,    0,    0,    0,  -19,  -18,    7,  -19,    6,    0,    0,    0,    0,    8,    0,  -10,    0,    0,    0,   -7,    0,    0,    0,    0,    0,    0,    0,    0,    0,  -27,   -5,    4,   13,    8,    0,   10,    9,    4,    5,    0,  -13,  -13,    8,  -25,    0,    0,    0,    0,    0,    0,    9,    0,    0,    5,    9,    0,  -10,    0,    0,  -12,  -10,    0,    7,  -15,    0,   -6,    5,    0,    0,    0,    0,    0,    0,    0,    0,    0,   -5,    0,   -6,    0,  -21,  -11,    0,  -28,  -16,   10,    0,   -3,    0,    4,  -14,    0,    0,    0,    0,    0,    0,    0,    0,    0,    0,    0,    0,    0,
       0,    0,    0,    0,    0,    0,    0,    0,    0,    0,    0,    0,    0,    0,    7,    7,   -5,    0,    7,    0,  -18,    0,  -10,    0,  -11,  -22,   -3,    0,    0,    0,    5,    0,    4,    4,    7,    0,    0,    0,    0,    0,    0,    0,    0,    3,   -7,    0,    0,    0,    0,    0,    0,  -15,    0,    5,    0,    0,    0,    4,    0,    0,    0,    6,    0,    0,    0,    0,    0,  -18,    7,   -3,   -5,    0,   -8,    0,    0,  -10,    0,    0,    7,    6,  -11,    0,   -5,    0,    5,    8,    4,    4,    0,    8,   -8,    0,    0,    0,    4,    4,    8,    0,    0,    8,   -7,    7,    4,    0,    0,    4,    4,    0,   10,    0,    4,    4,    4,    0,    0,    5,    7,    8,  -15,    0,    4,    0,    9,    0,    0,    7,    8,   -5,    0,    0,    0,    0,    0,    0,    0,    0,    0,    0,    0,    0,    0,    0,
       0,    0,    0,    0,    0,    0,    0,    0,    0,    0,    0,  -12,  -22,    0,   -8,   -8,  -24,    0,   -8,    0,   14,    0,   16,   14,   11,   17,    6,    0,    0,    0,  -13,    6,  -19,  -19,    0,    6,    5,    5,  -11,  -10,    0,   -6,    0,    0,    0,    0,   -3,    0,    0,    0,    0,  -40,    0,  -13,    5,    5,    5,  -16,    5,    5,    5,    0,    0,    0,    0,    0,    0,   14,   -6,    0,  -24,  -18,    7,  -22,  -17,    9,    0,    0,   -8,   -6,   11,    4,    0,   -6,  -13,   -4,   -5,   -5,  -15,  -11,    0,    0,  -15,   -9,  -19,   -5,  -11,    0,    0,  -12,    0,    0,   -5,    0,    0,   -4,   -9,    8,   -9,  -10,    5,    5,    5,    8,    0,    0,   -6,  -11,   10,    0,    0,    0,    0,  -18,   -7,    0,   -6,    0,   -3,    0,    0,    0,    0,    0,    0,    0,    0,    0,    0,    0,    0,    0,
       0,    0,    0,    0,    0,    0,    0,    0,    0,    0,    0,    0,    6,    0,    0,    0,    8,    0,    0,    0,  -21,    0,   -4,    0,    5,  -13,    4,    0,    0,    0,    0,    0,    0,    0,    0,    0,    0,    0,    0,    0,    0,    0,    5,    5,    4,    5,    3,    0,    0,    0,    0,    5,    0,    0,    0,    0,    0,    0,    0,    0,    0,    0,    0,    0,    0,    0,    0,  -21,    0,    0,    8,    0,    0,    6,    0,    0,    0,    0,    0,    0,    5,    0,    0,    0,    0,    0,    0,    0,    0,    0,    0,    0,    5,    0,    0,    0,    0,    0,    0,    0,    4,    0,    0,    0,    0,    0,    0,    0,    0,    0,    0,    0,    0,    0,    5,    5,    0,    0,   -7,    0,    0,    5,    5,    7,    0,    0,    0,    0,    0,    0,    0,    0,    0,    0,    0,    0,    0,    0,    0,    0,    0,    0,
       0,    0,    0,    0,    0,    0,    0,    0,    0,    0,    0,    0,   -7,    0,    0,    0,   -6,    0,    0,    0,  -12,    0,  -10,   -4,   -8,  -14,   -4,    0,    0,    0,    0,    0,    0,    0,    0,    0,    0,    0,    0,    0,    0,    0,    0,    0,   -3,    0,    0,    0,    0,    0,    0,  -18,    0,    0,    0,    0,    0,    0,    0,    0,    0,   -5,    0,    0,    0,    0,    0,  -12,    0,   -4,   -6,    0,   -8,   -7,    0,  -11,   -6,    0,    0,    0,   -8,    0,   -9,   -6,    0,    0,    0,    0,    0,    0,    0,    0,    0,    0,    0,    0,    0,    0,    0,    0,   -3,    0,    0,    0,    0,    0,    0,   -5,    0,    0,    0,    0,    0,    0,    0,    0,    0,    0,  -12,    0,    0,    0,    0,   -6,    0,    0,    0,   -6,    0,    0,    0,    0,    0,    0,    0,    0,    0,    0,    0,    0,    0,    0,
       0,  -17,    0,   -6,    0,  -27,   10,    0,    8,    6,  -11,    0,   12,    0,   -8,   -8,   11,    0,   -8,    6,  -27,   -7,  -22,  -13,   12,  -33,    8,    0,  -27,   -9,   -4,    0,   -4,   -4,    0,    0,    0,    0,    0,    3,    0,    0,  -12,   -9,    8,  -12,    5,   -3,    0,   -5,    4,    7,    0,   -4,    0,    0,    0,   -5,    0,    0,    0,    0,    0,    0,    0,  -15,    0,    0,    0,    0,    0,    0,    0,    0,    0,    0,    0,    0,    0,    0,    0,    0,    0,    0,    0,    0,    0,    0,    0,    0,    0,    0,    0,    0,    0,    0,    0,    0,    0,    0,    0,    0,    0,    0,    0,    0,    0,    0,    0,    0,    0,    0,    0,    0,    0,    0,    0,    0,    0,    0,    0,    0,    0,    0,    0,    0,    0,    0,    0,    0,    0,    0,    0,    0,    0,    0,    0,    0,    0,  -25,  -22,   14,
       0,    0,    0,    0,   -4,   -4,    0,    4,  -10,    4,   -7,    0,   -3,    0,    0,    0,    0,    0,    0,    0,   -6,    0,  -10,   -3,   -7,  -11,    0,    0,   -7,   -8,    0,    0,    0,    0,    0,    0,    0,    0,    0,    0,    0,    0,   -3,    0,   -3,   -3,   -3,    0,   -3,    3,    4,   -9,    0,    0,    0,    0,    0,    0,    0,    0,    0,    0,    0,    0,    0,   -5,    0,    0,    0,    0,    0,    0,    0,    0,    0,    0,    0,    0,    0,    0,    0,    0,    0,    0,    0,    0,    0,    0,    0,    0,    0,    0,    0,    0,    0,    0,    0,    0,    0,    0,    0,    0,    0,    0,    0,    0,    0,    0,    0,    0,    0,    0,    0,    0,    0,    0,    0,    0,    0,    0,    0,    0,    0,    0,    0,    0,    0,    0,    0,    0,    0,    0,    0,    0,    0,    0,    0,    0,    0,    0,    0,    4,
       0,    0,    3,   -4,    5,   -3,    8,   -4,    4,    6,    5,    0,    9,    0,   -8,   -8,   10,    0,   -8,    6,    7,    0,    7,    6,    9,    8,    6,    0,    7,    9,    3,    0,   -4,   -4,    0,    0,    0,    0,    0,    2,    0,   -4,    0,    0,    8,    0,    5,    0,    0,   -8,    5,    9,    0,    3,    0,    0,    0,   -3,    0,    0,    0,    0,    0,    0,    0,    0,    0,    0,    0,    0,    0,    0,    0,    0,    0,    0,    0,    0,    0,    0,    0,    0,    0,    0,    0,    0,    0,    0,    0,    0,    0,    0,    0,    0,    0,    0,    0,    0,    0,    0,    0,    0,    0,    0,    0,    0,    0,    0,    0,    0,    0,    0,    0,    0,    0,    0,    0,    0,    0,    0,    0,    0,    0,    0,    0,    0,    0,    0,    0,    0,    0,    0,    0,    0,    0,    0,    0,    0,    0,    7,   12,   13,
       0,    0,    0,    0,   -7,    0,  -13,    7,  -17,    0,   -6,    0,   -8,    0,    0,    0,   -8,    0,    0,    0,   -8,    0,   -8,   -3,  -13,  -15,   -3,    0,    0,   -7,    0,    0,    0,    0,    0,    0,    0,    0,    0,    0,    0,    0,    0,    0,    0,    0,    0,    0,   -5,    3,    0,  -20,    0,    0,    0,    0,    0,    0,    0,    0,    0,    0,    0,    0,   -5,   -7,    0,    0,    0,    0,    0,    0,    0,    0,    0,    0,    0,    0,    0,    0,    0,    0,    0,    0,    0,    0,    0,    0,    0,    0,    0,    0,    0,    0,    0,    0,    0,    0,    0,    0,    0,    0,    0,    0,    0,    0,    0,    0,    0,    0,    0,    0,    0,    0,    0,    0,    0,    0,    0,    0,    0,    0,    0,    0,    0,    0,    0,    0,    0,    0,    0,    0,    0,    0,    0,    0,    0,    0,    0,    0,    3,   -4,
       0,    0,    0,    0,    0,    0,    0,    0,    0,    0,    0,    0,    0,    0,    0,    0,    8,    0,   -6,    0,    0,    0,    4,    0,    7,    3,    4,    0,    0,    0,   -4,    0,   -4,   -4,    0,    0,    0,    0,    0,    0,    0,    0,    0,    0,    7,    0,    0,    0,    0,    0,    4,    6,    0,   -4,    0,    0,    0,   -3,    0,    0,    0,    3,    0,    0,    0,    0,    0,    0,    0,    0,    0,    0,    0,    0,    0,    0,    0,    0,    0,    0,    0,    0,    0,    0,    0,    0,    0,    0,    0,    0,    0,    0,    0,    0,    0,    0,    0,    0,    0,    0,    0,    0,    0,    0,    0,    0,    0,    0,    0,    0,    0,    0,    0,    0,    0,    0,    0,    0,    0,    0,    0,    0,    0,    0,    0,    0,    0,    0,    0,    0,    0,    0,    0,    0,    0,    0,    0,    0,    0,    4,    6,   13,
       0,    0,   -7,   -5,    7,    0,  -21,    5,  -26,    0,    7,   -3,  -16,    0,   -3,   -3,  -25,   -3,   -3,    0,    7,    0,    9,    7,    4,    9,    0,    0,   10,    9,   -8,    0,   -3,   -3,    0,    0,    0,    0,   -7,   -4,    0,   -7,    0,    0,   -3,    0,   -7,    0,    0,    0,   -4,  -39,    0,   -8,    0,    0,    0,   -3,    0,    0,    0,    0,    0,    0,    0,    0,    0,    0,    0,    0,    0,    0,    0,    0,    0,    0,    0,    0,    0,    0,    0,    0,    0,    0,    0,    0,    0,    0,    0,    0,    0,    0,    0,    0,    0,    0,    0,    0,    0,    0,    0,    0,    0,    0,    0,    0,    0,    0,    0,    0,    0,    0,    0,    0,    0,    0,    0,    0,    0,    0,    0,    0,    0,    0,    0,    0,    0,    0,    0,    0,    0,    0,    0,    0,    0,    0,    0,    0,    0,   13,   12,  -21,
       0,    0,    0,    0,    0,   -9,    7,    6,    0,    3,    0,    0,    0,    0,    0,    0,    0,    0,    0,    0,   -3,    0,   -7,   -7,    0,   -7,    0,    0,    0,    0,    0,    0,    0,    0,    0,    0,    0,    0,    0,    0,    0,    0,   -4,    0,    0,   -4,    0,    0,    0,    0,    0,    0,    0,    0,    0,    0,    0,    0,    0,    0,    0,    0,    0,    0,    0,    0,    0,    0,    0,    0,    0,    0,    0,    0,    0,    0,    0,    0,    0,    0,    0,    0,    0,    0,    0,    0,    0,    0,    0,    0,    0,    0,    0,    0,    0,    0,    0,    0,    0,    0,    0,    0,    0,    0,    0,    0,    0,    0,    0,    0,    0,    0,    0,    0,    0,    0,    0,    0,    0,    0,    0,    0,    0,    0,    0,    0,    0,    0,    0,    0,    0,    0,    0,    0,    0,    0,    0,    0,    0,   -3,    0,    8,
       0,    0,    0,    0,    0,    0,    0,    0,   -3,    0,    0,    0,    0,    0,    0,    0,    0,    0,    0,    0,    0,    0,    0,    0,    0,    0,    0,    0,    0,    0,    0,    0,    0,    0,    0,    0,    0,    0,    0,    0,    0,    0,    0,    0,    0,    0,    0,    0,    0,    0,    0,    0,    0,    0,    0,    0,    0,    0,    0,    0,    0,    0,    0,    0,    0,    0,    0,    0,    0,    0,    0,    0,    0,    0,    0,    0,    0,    0,    0,    0,    0,    0,    0,    0,    0,    0,    0,    0,    0,    0,    0,    0,    0,    0,    0,    0,    0,    0,    0,    0,    0,    0,    0,    0,    0,    0,    0,    0,    0,    0,    0,    0,    0,    0,    0,    0,    0,    0,    0,    0,    0,    0,    0,    0,    0,    0,    0,    0,    0,    0,    0,    0,    0,    0,    0,    0,    0,    0,    0,    0,    0,    0,
       0,    0,    0,    0,    0,    0,    0,    0,  -10,    0,    0,    0,   -6,    0,    0,    0,   -4,    0,    0,    0,    0,    0,    0,    0,    0,    0,    0,    0,    3,    0,    0,    0,    0,    0,    0,    0,    0,    0,    0,    0,    0,    0,    0,    0,    0,    0,    0,    0,    0,    0,    3,  -13,    0,    0,    0,    0,    0,    0,    0,    0,    0,    0,    0,    0,    0,    0,    0,    0,    0,    0,    0,    0,    0,    0,    0,    0,    0,    0,    0,    0,    0,    0,    0,    0,    0,    0,    0,    0,    0,    0,    0,    0,    0,    0,    0,    0,    0,    0,    0,    0,    0,    0,    0,    0,    0,    0,    0,    0,    0,    0,    0,    0,    0,    0,    0,    0,    0,    0,    0,    0,    0,    0,    0,    0,    0,    0,    0,    0,    0,    0,    0,    0,    0,    0,    0,    0,    0,    0,    0,    5,    5,    0,
       0,    0,   -7,   -6,    8,  -13,   10,  -17,    8,    3,    0,   -5,    8,    0,  -18,  -18,    7,    0,  -18,    0,    8,    0,    6,    4,   12,    6,    8,    0,    7,    9,   -3,    0,  -13,  -13,    0,    0,    0,    0,    0,    3,   -3,  -11,  -15,  -15,   11,  -15,    7,   -4,    0,  -17,    0,    9,    0,   -3,    0,    0,   14,  -11,   12,   10,    3,    0,    0,   -6,    0,    0,    0,    0,    0,    0,    0,    0,    0,    0,    0,    0,    0,    0,    0,    0,    0,    0,    0,    0,    0,    0,    0,    0,    0,    0,    0,    0,    0,    0,    0,    0,    0,    0,    0,    0,    0,    0,    0,    0,    0,    0,    0,    0,    0,    0,    0,    0,    0,    0,    0,    0,    0,    0,    0,    0,    0,    0,    0,    0,    0,    0,    0,    0,    0,    0,    0,    0,    0,    0,    0,    0,    0,    0,    0,    0,    0,   10,
       3,  -32,    3,    0,    0,  -34,   13,   -7,    6,    8,  -12,    0,   10,    0,   -7,   -7,   10,    3,   -7,    6,  -26,   -3,  -28,  -17,   10,  -33,    6,    0,  -27,  -11,    4,    0,    0,    0,    0,    0,    0,    0,    0,    3,    0,    0,  -16,  -10,   10,  -16,    5,   -5,   -4,   -6,    7,   10,    0,    4,    0,    0,    0,    0,    0,    0,    0,    0,    0,    0,    0,  -17,    0,    0,    0,    0,    0,    0,    0,    0,    0,    0,    0,    0,    0,    0,    0,    0,    0,    0,    0,    0,    0,    0,    0,    0,    0,    0,    0,    0,    0,    0,    0,    0,    0,    0,    0,    0,    0,    0,    0,    0,    0,    0,    0,    0,    0,    0,    0,    0,    0,    0,    0,    0,    0,    0,    0,    0,    0,    0,    0,    0,    0,    0,    0,    0,    0,    0,    0,    0,    0,    0,    0,    0,    0,  -21,  -18,   16,
       0,    0,    0,    0,    0,   -3,    0,    0,   -3,    0,   -5,    0,    0,    0,    0,    0,    0,    0,    0,    0,   -3,    0,   -3,    0,    0,   -5,    0,    0,   -7,    0,    0,    0,    0,    0,    0,    0,    0,    0,    0,    0,    0,    0,    0,    0,    0,    0,    0,    0,    0,    0,    0,    0,    0,    0,    0,    0,    0,    0,    0,    0,    0,    0,    0,    0,    0,    0,    0,    0,    0,    0,    0,    0,    0,    0,    0,    0,    0,    0,    0,    0,    0,    0,    0,    0,    0,    0,    0,    0,    0,    0,    0,    0,    0,    0,    0,    0,    0,    0,    0,    0,    0,    0,    0,    0,    0,    0,    0,    0,    0,    0,    0,    0,    0,    0,    0,    0,    0,    0,    0,    0,    0,    0,    0,    0,    0,    0,    0,    0,    0,    0,    0,    0,    0,    0,    0,    0,    0,    0,    0,   -7,   -5,    0,
       0,    0,    0,    0,   -7,    0,  -13,    7,  -17,    0,   -6,    0,   -8,    0,    0,    0,   -8,    0,    0,    0,   -8,    0,   -8,   -3,  -13,  -15,   -3,    0,    0,   -7,    0,    0,    0,    0,    0,    0,    0,    0,    0,    0,    0,    0,    0,    0,    0,    0,    0,    0,   -4,    3,    0,  -20,    0,    0,    0,    0,    0,    0,    0,    0,    0,    0,    0,    0,   -4,   -7,    0,    0,    0,    0,    0,    0,    0,    0,    0,    0,    0,    0,    0,    0,    0,    0,    0,    0,    0,    0,    0,    0,    0,    0,    0,    0,    0,    0,    0,    0,    0,    0,    0,    0,    0,    0,    0,    0,    0,    0,    0,    0,    0,    0,    0,    0,    0,    0,    0,    0,    0,    0,    0,    0,    0,    0,    0,    0,    0,    0,    0,    0,    0,    0,    0,    0,    0,    0,    0,    0,    0,    0,    0,    0,    3,   -4,
       0,    0,   -7,    0,   -3,    0,  -35,    0,  -26,    4,    0,    0,  -23,    0,    0,    0,  -30,    0,    0,    0,    4,    0,    0,    0,   -7,   -3,    0,   -5,    0,   -4,   -7,    0,   -5,   -5,    0,    0,    0,    0,    0,    0,    0,    0,    7,    7,    4,    7,    0,    0,   -3,   -3,    4,  -42,    0,   -7,    0,    0,    0,   -8,    0,    0,    0,    0,    0,    0,    0,    0,    0,    0,    0,    0,    0,    0,    0,    0,    0,    0,    0,    0,    0,    0,    0,    0,    0,    0,    0,    0,    0,    0,    0,    0,    0,    0,    0,    0,    0,    0,    0,    0,    0,    0,    0,    0,    0,    0,    0,    0,    0,    0,    0,    0,    0,    0,    0,    0,    0,    0,    0,    0,    0,    0,    0,    0,    0,    0,    0,    0,    0,    0,    0,    0,    0,    0,    0,    0,    0,    0,    0,    0,    0,   10,   10,  -31,
       0,    0,    0,    0,   -7,    0,  -13,    7,  -17,    0,   -6,    0,   -8,    0,    0,    0,   -8,    0,    0,    0,   -8,    0,   -8,   -3,  -13,  -15,   -3,    0,    0,   -7,    0,    0,    0,    0,    0,    0,    0,    5,    0,    0,    0,    0,    0,    0,    0,    0,    0,    0,    0,    3,    0,  -20,    0,    0,    0,    0,    0,    0,    0,    0,    0,    0,    0,    0,   -4,    0,    0,    0,    0,    0,    0,    0,    0,    0,    0,    0,    0,    0,    0,    0,    0,    0,    0,    0,    0,    0,    0,    0,    0,    0,    0,    0,    0,    0,    0,    0,    0,    0,    0,    0,    0,    0,    0,    0,    0,    0,    0,    0,    0,    0,    0,    0,    0,    0,    0,    0,    0,    0,    0,    0,    0,    0,    0,    0,    0,    0,    0,    0,    0,    0,    0,    0,    0,    0,    0,    0,    0,    0,    0,    0,    3,   -4,
       0,    0,    0,    0,    0,   -3,    8,   -7,    6,    4,   -5,   -3,   10,    0,   -6,   -6,    9,    0,   -6,    0,   -3,   -3,   -5,    0,    7,  -11,    6,    0,   -3,   -8,   -8,    0,   -8,   -8,    0,    0,    0,    0,    0,    0,   -3,   -3,    0,    0,    6,    0,    3,    0,    0,   -7,    0,    7,    0,   -8,    0,    0,    0,   -9,    0,    0,    0,    0,    0,    0,    0,    0,    0,    0,    0,    0,    0,    0,    0,    0,    0,    0,    0,    0,    0,    0,    0,    0,    0,    0,    0,    0,    0,    0,    0,    0,    0,    0,    0,    0,    0,    0,    0,    0,    0,    0,    0,    0,    0,    0,    0,    0,    0,    0,    0,    0,    0,    0,    0,    0,    0,    0,    0,    0,    0,    0,    0,    0,    0,    0,    0,    0,    0,    0,    0,    0,    0,    0,    0,    0,    0,    0,    0,    0,    0,    4,    4,   11,
       0,    0,    0,    0,   -3,  -12,    3,    9,   -5,    0,   -3,    0,    0,    0,    0,    0,    0,    0,    0,    0,   -7,    0,   -3,   -3,    0,   -3,    0,    0,    0,    0,    4,    0,    0,    0,    0,    0,    0,    0,    0,    0,    0,    0,   -5,   -4,   -4,   -5,    0,    0,    0,    5,    0,   -7,    0,    4,    0,    0,    0,    0,    0,    0,    0,    0,    0,    0,    0,    0,    0,    0,    0,    0,    0,    0,    0,    0,    0,    0,    0,    0,    0,    0,    0,    0,    0,    0,    0,    0,    0,    0,    0,    0,    0,    0,    0,    0,    0,    0,    0,    0,    0,    0,    0,    0,    0,    0,    0,    0,    0,    0,    0,    0,    0,    0,    0,    0,    0,    0,    0,    0,    0,    0,    0,    0,    0,    0,    0,    0,    0,    0,    0,    0,    0,    0,    0,    0,    0,    0,    0,    0,    0,   -7,    0,    6,
       0,    0,   -7,   -6,    8,    0,  -27,  -18,  -33,  -20,    9,  -12,  -27,    0,   -8,   -8,  -28,   -3,   -8,    0,    9,    0,   10,    9,    9,   11,    3,    0,   13,   10,  -25,    0,  -25,  -25,    0,    0,    0,    0,  -23,  -24,    0,  -23,  -25,  -25,  -25,  -25,  -24,   -6,    0,  -25,  -22,  -38,    0,  -25,   -3,    9,   15,  -31,   15,   11,   10,    0,  -18,  -20,    0,    0,    0,    0,    0,    0,    0,    0,    0,    0,    0,    0,    0,    0,    0,    0,    0,    0,    0,    0,    0,    0,    0,    0,    0,    0,    0,    0,    0,    0,    0,    0,    0,    0,    0,    0,    0,    0,    0,    0,    0,    0,    0,    0,    0,    0,    0,    0,    0,    0,    0,    0,    0,    0,    0,    0,    0,    0,    0,    0,    0,    0,    0,    0,    0,    0,    0,    0,    0,    0,    0,    0,    0,    0,    0,    9,    7,  -18,
       0,    0,    0,    0,    0,    0,  -10,    0,  -18,    3,    0,    0,   -7,    0,    0,    0,   -6,    0,    0,    0,    0,    0,    0,    0,    0,    0,    0,    0,    3,    0,    0,    0,    0,    0,    0,    0,    0,    0,    0,    0,    0,    0,    0,    0,    0,    0,    0,    0,    0,    0,    0,  -18,    0,    0,    0,    0,    0,    0,    0,    0,    0,    0,    0,    0,    0,    0,    0,    0,    0,    0,    0,    0,    0,    0,    0,    0,    0,    0,    0,    0,    0,    0,    0,    0,    0,    0,    0,    0,    0,    0,    0,    0,    0,    0,    0,    0,    0,    0,    0,    0,    0,    0,    0,    0,    0,    0,    0,    0,    0,    0,    0,    0,    0,    0,    0,    0,    0,    0,    0,    0,    0,    0,    0,    0,    0,    0,    0,    0,    0,    0,    0,    0,    0,    0,    0,    0,    0,    0,    0,    2,    8,    0,
       0,    6,  -10,  -10,   11,    0,  -27,  -10,  -31,   -4,    9,  -10,  -22,    0,   -8,   -8,  -29,   -3,   -8,    0,   11,    0,   12,   11,   11,   13,    5,    0,   13,   12,  -14,    0,  -18,  -18,    0,    0,    0,    0,   -8,  -13,    0,   -7,    0,    0,    0,    0,   -4,   -6,    0,  -13,    0,  -49,    0,  -14,    7,    0,   17,  -20,   15,   12,   11,    0,   -6,   -7,    0,    0,    0,    0,    0,    0,    0,    0,    0,    0,    0,    0,    0,    0,    0,    0,    0,    0,    0,    0,    0,    0,    0,    0,    0,    0,    0,    0,    0,    0,    0,    0,    0,    0,    0,    0,    0,    0,    0,    0,    0,    0,    0,    0,    0,    0,    0,    0,    0,    0,    0,    0,    0,    0,    0,    0,    0,    0,    0,    0,    0,    0,    0,    0,    0,    0,    0,    0,    0,    0,    0,    0,    0,    0,    0,    9,   12,  -21,
       0,    6,   -7,   -4,    9,    0,  -15,    0,  -21,    0,    8,   -4,  -13,    0,   -3,   -3,  -16,    0,   -3,    0,    9,    0,   11,    9,    9,   12,    4,    0,   13,   11,   -9,    0,  -11,  -11,    0,    0,    0,    0,   -5,   -5,    0,   -5,    4,    4,    3,    4,    0,   -3,    0,   -5,    0,  -18,    0,   -9,    0,    0,   15,  -12,   14,    0,    0,    0,    0,    0,    0,    0,    0,    0,    0,    0,    0,    0,    0,    0,    0,    0,    0,    0,    0,    0,    0,    0,    0,    0,    0,    0,    0,    0,    0,    0,    0,    0,    0,    0,    0,    0,    0,    0,    0,    0,    0,    0,    0,    0,    0,    0,    0,    0,    0,    0,    0,    0,    0,    0,    0,    0,    0,    0,    0,    0,    0,    0,    0,    0,    0,    0,    0,    0,    0,    0,    0,    0,    0,    0,    0,    0,    0,    0,    0,    9,   13,   -8,
       0,    0,   -7,   -6,    9,   -9,    8,  -11,    8,    6,    7,   -5,   12,    0,  -13,  -13,    8,    0,  -13,    6,    9,    0,   10,    9,   12,   11,    8,    0,   10,   10,  -10,    0,  -10,  -10,    0,    0,    0,    0,    0,    3,    0,   -8,   -8,   -8,    8,   -8,    5,   -4,    0,  -12,    0,   12,    0,  -10,    0,    0,   13,   -7,   13,    7,    3,    0,    0,   -5,    0,    0,    0,    0,    0,    0,    0,    0,    0,    0,    0,    0,    0,    0,    0,    0,    0,    0,    0,    0,    0,    0,    0,    0,    0,    0,    0,    0,    0,    0,    0,    0,    0,    0,    0,    0,    0,    0,    0,    0,    0,    0,    0,    0,    0,    0,    0,    0,    0,    0,    0,    0,    0,    0,    0,    0,    0,    0,    0,    0,    0,    0,    0,    0,    0,    0,    0,    0,    0,    0,    0,    0,    0,    0,    0,    3,    5,   11,
       4,    0,  -17,  -13,   11,   -3,  -32,  -22,  -33,  -13,   10,  -20,  -33,    0,  -15,  -15,  -28,   -5,  -15,   -3,   11,    0,   13,   11,   11,   14,    6,    0,   13,   13,  -24,    0,  -29,  -29,    0,    0,    0,    0,  -12,  -23,    0,  -11,   -3,    0,   -7,   -3,  -12,   -5,    0,  -26,   -9,  -48,    0,  -42,    0,    0,   18,  -30,   15,   13,    6,    0,  -10,  -11,    0,    0,    0,    0,    0,    0,    0,    0,    0,    0,    0,    0,    0,    0,    0,    0,    0,    0,    0,    0,    0,    0,    0,    0,    0,    0,    0,    0,    0,    0,    0,    0,    0,    0,    0,    0,    0,    0,    0,    0,    0,    0,    0,    0,    0,    0,    0,    0,    0,    0,    0,    0,    0,    0,    0,    0,    0,    0,    0,    0,    0,    0,    0,    0,    0,    0,    0,    0,    0,    0,    0,    0,    0,    0,    0,    8,   10,  -22,
       0,    0,   -3,    0,    5,    0,    9,   -7,    0,    5,    5,   -3,    9,    0,   -4,   -4,    9,    0,   -4,    4,    5,    0,    7,    5,    9,    8,    4,    0,    7,    7,    4,    0,   -3,   -3,    0,    0,    0,    0,    0,    0,    0,    0,    0,    0,    8,    0,    4,    0,    0,  -10,    5,    9,    0,    4,    0,    3,   12,    0,   11,    3,    0,    0,    0,    0,    0,    0,    0,    0,    0,    0,    0,    0,    0,    0,    0,    0,    0,    0,    0,    0,    0,    0,    0,    0,    0,    0,    0,    0,    0,    0,    0,    0,    0,    0,    0,    0,    0,    0,    0,    0,    0,    0,    0,    0,    0,    0,    0,    0,    0,    0,    0,    0,    0,    0,    0,    0,    0,    0,    0,    0,    0,    0,    0,    0,    0,    0,    0,    0,    0,    0,    0,    0,    0,    0,    0,    0,    0,    0,    0,    7,   10,   14,
       0,    0,    0,    0,    0,    0,    0,    0,    0,    0,    0,    0,   -9,    0,   -7,   -7,   -9,    0,   -7,    0,   10,    0,   12,   10,   10,   13,    5,    0,    0,   30,  -12,    0,  -12,  -12,    0,    0,    3,   31,  -11,  -11,    0,  -12,  -10,  -10,  -10,   10,  -10,    0,    0,    0,    0,   -9,    0,  -12,    3,    3,    3,  -13,    3,    3,    3,    0,    0,    0,    0,    0,    0,   10,  -10,   -5,   -9,   -9,    6,   -9,    6,    8,    0,    0,   -7,  -13,   10,    0,    0,  -11,  -12,   -7,   -9,   -7,    6,  -11,   -7,   -8,   -7,   -9,  -12,    0,  -11,   -8,   10,  -13,  -10,  -12,   -4,   -8,   -8,   -7,   -9,    7,   -9,  -11,    3,    3,   31,    7,   -6,   -5,  -12,  -12,    9,   -7,    0,    0,   -7,    0,   -9,    0,   -9,    0,    4,    0,    0,    0,    0,    0,    0,    0,    0,    0,    0,    0,    0,    0,
       0,    0,    0,    0,    0,    0,    0,    0,    0,    0,    0,    0,    7,  -10,  -13,  -13,    3,  -10,  -13,    0,  -30,  -13,  -37,  -23,    7,  -37,    3,    0,    0,    0,   -8,    0,   -8,   -8,    0,    0,    0,   47,    0,    0,   -3,   -7,  -10,   -7,    0,   20,    0,    0,    0,    0,    0,    7,    0,   -8,    0,    0,    0,   -7,    0,    0,    0,    0,    0,    0,    0,    0,    0,    0,    0,    0,    0,    0,    0,    0,    0,    0,    0,    0,    0,    0,    0,    0,    0,    0,    0,    0,    0,    0,    0,    0,    0,    0,    0,    0,    0,    0,    0,    0,    0,    0,    0,    0,    0,    0,    0,    0,    0,    0,    0,    0,    0,    0,    0,    0,    0,    0,    0,    0,    0,    0,    0,    0,    0,    0,    0,    0,    0,    0,    0,    0,    0,    0,    0,    0,    0,    0,    0,    0,    0,    0,    0,    0,
       0,    0,    0,    0,    0,    0,    0,    0,    0,    0,    0,    0,    0,    0,    0,    0,    0,    0,    0,    0,    0,    0,    0,    0,    0,    0,    0,    0,    0,    0,    0,    0,    0,    0,    0,    0,    0,   11,    0,    0,    0,    0,    0,    0,    0,    0,    0,    0,    0,    0,    0,    0,    0,    0,    0,    0,    0,    0,    0,    0,    0,    0,    0,    0,    0,    0,    0,    0,   -3,   -3,    0,    0,    0,    0,    0,    0,    0,    0,   -3,   -5,    0,    0,   -4,   -4,    0,    0,    0,    0,    0,    0,    0,    0,    0,    0,    0,    0,    0,    0,    0,   -5,    0,    0,    0,    0,    0,    0,    0,    0,    0,    0,    0,    0,   11,    0,    0,    0,   -6,   -5,    0,    0,    0,    0,    0,    0,    0,   -3,    0,    0,   -4,    0,    0,    0,    0,    0,    0,    0,    0,    0,    0,    0,    0,    0,
       0,   -5,    0,    0,   -7,  -10,    0,    0,    0,    0,  -11,    0,    0,    0,    0,    0,    0,    0,    0,    0,    0,    0,    0,    0,    0,    0,    0,    0,  -13,  -11,    0,    0,    0,    0,    0,    0,    0,    0,    0,    0,    0,    0,   -4,   -3,    0,   -4,    0,    0,   -6,    0,    0,    0,    0,    0,    0,    0,    0,    0,    0,    0,    0,    0,    0,    0,    0,    0,    0,    0,    0,    0,    0,    0,    0,    0,    0,    0,    0,    0,    0,    0,    0,    0,    0,    0,    0,    0,    0,    0,    0,    0,    0,    0,    0,    0,    0,    0,    0,    0,    0,    0,    0,    0,    0,    0,    0,    0,    0,    0,    0,    0,    0,    0,    0,    0,    0,    0,    0,    0,    0,    0,    0,    0,    0,    0,    0,    0,    0,    0,    0,    0,    0,    0,    0,    0,    0,    0,    0,    0,    0,   -7,   -7,    4,
       0,   -6,    0,    0,   -8,  -10,  -10,    4,   -9,    0,   -9,    0,    0,    0,    0,    0,    0,    0,    0,    0,    0,    0,    0,    0,    0,    0,    0,    0,  -17,  -12,    0,    0,    0,    0,    0,    0,    0,    0,    0,    0,    0,    0,   -5,   -4,   -6,   -5,   -3,    0,   -6,    4,    0,    0,    0,    0,    0,    0,    0,    0,    0,    0,    0,    0,    0,    0,    0,    0,    0,    0,    0,    0,    0,    0,    0,    0,    0,    0,    0,    0,    0,    0,    0,    0,    0,    0,    0,    0,    0,    0,    0,    0,    0,    0,    0,    0,    0,    0,    0,    0,    0,    0,    0,    0,    0,    0,    0,    0,    0,    0,    0,    0,    0,    0,    0,    0,    0,    0,    0,    0,    0,    0,    0,    0,    0,    0,    0,    0,    0,    0,    0,    0,    0,    0,    0,    0,    0,    0,    0,    0,    0,   -9,   -8,    0,
       0,    0,    0,    0,    0,    0,    6,   -3,    0,    3,   -4,   -3,    0,    0,    0,    0,    0,    0,    0,    0,    0,    0,    0,    0,    0,    0,    0,    0,    0,  -12,   -8,    0,   -8,   -8,    0,    0,    0,    0,    0,    0,    0,    0,    3,    3,    4,    3,    0,    0,    0,   -5,    0,    0,    0,   -8,    0,    0,    0,  -10,    0,    0,    0,    0,    0,    0,    0,    0,    0,    0,    0,    0,    0,    0,    0,    0,    0,    0,    0,    0,    0,    0,    0,    0,    0,    0,    0,    0,    0,    0,    0,    0,    0,    0,    0,    0,    0,    0,    0,    0,    0,    0,    0,    0,    0,    0,    0,    0,    0,    0,    0,    0,    0,    0,    0,    0,    0,    0,    0,    0,    0,    0,    0,    0,    0,    0,    0,    0,    0,    0,    0,    0,    0,    0,    0,    0,    0,    0,    0,    0,    0,    4,    8,    8,
       0,    0,    0,    0,   -7,   -8,    0,    7,    0,    0,  -12,    0,    0,    0,    0,    0,    0,    0,    0,    0,    0,    0,    0,    0,    0,    0,    0,    0,  -20,  -11,    0,    0,    0,    0,    0,    0,    0,    0,    0,    0,    0,    0,   -5,   -3,    0,   -5,    0,    0,    0,    0,    0,    0,    0,    0,    0,    0,    0,    0,    0,    0,    0,    0,    0,    0,    0,    0,    0,    0,    0,    0,    0,    0,    0,    0,    0,    0,    0,    0,    0,    0,    0,    0,    0,    0,    0,    0,    0,    0,    0,    0,    0,    0,    0,    0,    0,    0,    0,    0,    0,    0,    0,    0,    0,    0,    0,    0,    0,    0,    0,    0,    0,    0,    0,    0,    0,    0,    0,    0,    0,    0,    0,    0,    0,    0,    0,    0,    0,    0,    0,    0,    0,    0,    0,    0,    0,    0,    0,    0,    0,    4,    5,    3,
       0,    0,    0,    0,   18,    8,  -20,    0,  -21,    6,    9,    0,    0,    0,    0,    0,    0,    0,    0,    0,    0,    0,    0,    0,    0,    0,    0,    0,   27,   17,   -3,    0,   -3,   -3,    0,    0,    4,    4,    0,    0,    0,    0,    9,    9,    7,    9,    0,    0,   10,   -3,    6,    0,    0,   -3,   11,    4,   21,   -7,   19,   17,   19,    0,    0,    0,    0,    0,    0,    0,    0,    0,    0,    0,    0,    0,    0,    0,    0,    0,    0,    0,    0,    0,    0,    0,    0,    0,    0,    0,    0,    0,    0,    0,    0,    0,    0,    0,    0,    0,    0,    0,    0,    0,    0,    0,    0,    0,    0,    0,    0,    0,    0,    0,    0,    0,    0,    0,    0,    0,    0,    0,    0,    0,    0,    0,    0,    0,    0,    0,    0,    0,    0,    0,    0,    0,    0,    0,    0,    0,    0,   13,   18,  -19,
       0,    0,    0,    0,   -4,   -8,    0,    0,    0,    0,   -8,    0,    0,    0,    0,    0,    0,    0,    0,    0,    0,    0,    0,    0,    0,    0,    0,    0,  -10,  -11,    0,    0,    0,    0,    0,    0,    0,    9,    0,    0,    0,    0,   -5,   -3,    0,   -5,    0,    0,    0,    0,    0,    0,    0,    0,    0,    0,    0,    0,    0,    0,    0,    0,    0,    0,    0,    0,    0,    0,    0,    0,    0,    0,    0,    0,    0,    0,    0,    0,    0,    0,    0,    0,    0,    0,    0,    0,    0,    0,    0,    0,    0,    0,    0,    0,    0,    0,    0,    0,    0,    0,    0,    0,    0,    0,    0,    0,    0,    0,    0,    0,    0,    0,    0,    0,    0,    0,    0,    0,    0,    0,    0,    0,    0,    0,    0,    0,    0,    0,    0,    0,    0,    0,    0,    0,    0,    0,    0,    0,    0,   -8,   -5,    3,
       0,   -7,    0,    0,   -7,   -8,    0,    0,    0,    0,  -12,    0,    0,    0,    0,    0,    0,    0,    0,    0,    0,    0,    0,    0,    0,    0,    0,    0,  -20,  -11,    0,    0,    0,    0,    0,    0,    0,    0,    0,    0,    0,    0,   -5,   -3,    0,   -5,    0,    0,   -6,    0,    0,    0,    0,    0,    0,    0,    0,    0,    0,    0,    0,    0,    0,    0,    0,    0,    0,    0,    0,    0,    0,    0,    0,    0,    0,    0,    0,    0,    0,    0,    0,    0,    0,    0,    0,    0,    0,    0,    0,    0,    0,    0,    0,    0,    0,    0,    0,    0,    0,    0,    0,    0,    0,    0,    0,    0,    0,    0,    0,    0,    0,    0,    0,    0,    0,    0,    0,    0,    0,    0,    0,    0,    0,    0,    0,    0,    0,    0,    0,    0,    0,    0,    0,    0,    0,    0,    0,    0,    0,   -8,   -5,    4,
       0,    0,    0,    0,    4,   -8,    0,    0,    0,    0,  -12,    0,    0,    0,    0,    0,    0,    0,    0,    0,    0,    0,    0,    0,    0,    0,    0,    0,  -20,  -11,    0,    0,    0,    0,    0,    0,    0,    0,    0,    0,    0,    0,   -5,   -3,    0,   -5,    0,    0,    0,    0,    0,    0,    0,    0,    0,    0,    0,    0,    0,    0,    0,    0,    0,    0,    0,    0,    0,    0,    0,    0,    0,    0,    0,    0,    0,    0,    0,    0,    0,    0,    0,    0,    0,    0,    0,    0,    0,    0,    0,    0,    0,    0,    0,    0,    0,    0,    0,    0,    0,    0,    0,    0,    0,    0,    0,    0,    0,    0,    0,    0,    0,    0,    0,    0,    0,    0,    0,    0,    0,    0,    0,    0,    0,    0,    0,    0,    0,    0,    0,    0,    0,    0,    0,    0,    0,    0,    0,    0,    0,   -8,   -5,    3,
       0,    0,    0,    0,    4,   -8,    0,    0,    0,    0,  -12,    0,    0,    0,    0,    0,    0,    0,    0,    0,    0,    0,    0,    0,    0,    0,    0,    0,  -20,    3,    0,    0,    0,    0,    0,    0,    0,   10,    0,    0,    0,    0,   -5,   -3,    0,   -5,    0,    0,    0,    0,    0,    0,    0,    0,    0,    0,    0,    0,    0,    0,    0,    0,    0,    0,    0,    0,    0,    0,    0,    0,    0,    0,    0,    0,    0,    0,    0,    0,    0,    0,    0,    0,    0,    0,    0,    0,    0,    0,    0,    0,    0,    0,    0,    0,    0,    0,    0,    0,    0,    0,    0,    0,    0,    0,    0,    0,    0,    0,    0,    0,    0,    0,    0,    0,    0,    0,    0,    0,    0,    0,    0,    0,    0,    0,    0,    0,    0,    0,    0,    0,    0,    0,    0,    0,    0,    0,    0,    0,    0,   -8,   -5,    3,
       0,    0,   -7,   -4,    0,    4,    4,  -15,    7,    3,    0,   -7,    0,    0,    0,    0,    0,    0,    0,    0,    0,    0,    0,    0,    0,    0,    0,    0,    0,   -9,   -3,    0,  -12,  -12,    0,    0,    0,    0,    0,    0,   -3,   -3,    7,    7,    7,    7,    5,   -5,    0,  -12,    0,    0,    0,   -3,    0,    0,    0,  -11,    0,    0,    0,    0,    0,    0,    0,    0,    0,    0,    0,    0,    0,    0,    0,    0,    0,    0,    0,    0,    0,    0,    0,    0,    0,    0,    0,    0,    0,    0,    0,    0,    0,    0,    0,    0,    0,    0,    0,    0,    0,    0,    0,    0,    0,    0,    0,    0,    0,    0,    0,    0,    0,    0,    0,    0,    0,    0,    0,    0,    0,    0,    0,    0,    0,    0,    0,    0,    0,    0,    0,    0,    0,    0,    0,    0,    0,    0,    0,    0,    0,    4,    8,    7,
       0,    0,    0,    0,   -7,   -8,    8,    0,    0,    7,   -5,    0,    0,    0,    0,    0,    0,    0,    0,    0,    0,    0,    0,    0,    0,    0,    0,    0,  -20,  -11,    5,    0,    0,    0,    0,    0,    0,    0,    0,    0,    0,    0,   -4,   -4,    7,   -4,    5,    0,    0,   -5,    7,    0,    0,    5,    0,    0,    0,    0,    0,    0,    0,    0,    0,    0,    0,    0,    0,    0,    0,    0,    0,    0,    0,    0,    0,    0,    0,    0,    0,    0,    0,    0,    0,    0,    0,    0,    0,    0,    0,    0,    0,    0,    0,    0,    0,    0,    0,    0,    0,    0,    0,    0,    0,    0,    0,    0,    0,    0,    0,    0,    0,    0,    0,    0,    0,    0,    0,    0,    0,    0,    0,    0,    0,    0,    0,    0,    0,    0,    0,    0,    0,    0,    0,    0,    0,    0,    0,    0,    0,   -8,   -9,   10,
       0,   -6,    0,    0,   -7,   -8,    0,    0,    0,    0,  -12,    0,    0,    0,    0,    0,    0,    0,    0,    0,    0,    0,    0,    0,    0,    0,    0,    0,  -20,  -11,    0,    0,    0,    0,    0,    0,    0,    0,    0,    0,    0,    0,   -5,   -3,    0,   -5,    0,    0,   -6,    0,    0,    0,    0,    0,    0,    0,    0,    0,    0,    0,    0,    0,    0,    0,    0,    0,    0,    0,    0,    0,    0,    0,    0,    0,    0,    0,    0,    0,    0,    0,    0,    0,    0,    0,    0,    0,    0,    0,    0,    0,    0,    0,    0,    0,    0,    0,    0,    0,    0,    0,    0,    0,    0,    0,    0,    0,    0,    0,    0,    0,    0,    0,    0,    0,    0,    0,    0,    0,    0,    0,    0,    0,    0,    0,    0,    0,    0,    0,    0,    0,    0,    0,    0,    0,    0,    0,    0,    0,    0,   -8,   -5,    4,
       0,   -6,    0,    0,   -8,  -10,  -10,    4,   -9,    0,   -9,    0,    0,    0,    0,    0,    0,    0,    0,    0,    0,    0,    0,    0,    0,    0,    0,    0,  -17,  -12,    0,    0,    0,    0,    0,    0,    0,    0,    0,    0,    0,    0,   -5,   -4,   -6,   -5,   -3,    0,   -8,    4,    0,    0,    0,    0,    0,    0,    0,    0,    0,    0,    0,    0,    0,    0,    0,    0,    0,    0,    0,    0,    0,    0,    0,    0,    0,    0,    0,    0,    0,    0,    0,    0,    0,    0,    0,    0,    0,    0,    0,    0,    0,    0,    0,    0,    0,    0,    0,    0,    0,    0,    0,    0,    0,    0,    0,    0,    0,    0,    0,    0,    0,    0,    0,    0,    0,    0,    0,    0,    0,    0,    0,    0,    0,    0,    0,    0,    0,    0,    0,    0,    0,    0,    0,    0,    0,    0,    0,    0,    0,   -9,   -8,    0,
       0,    0,    0,    0,   -7,   -8,    0,    0,    7,    0,   -8,    0,    0,    0,    0,    0,    0,    0,    0,    0,    0,    0,    0,    0,    0,    0,    0,    0,  -10,  -11,    0,    0,    0,    0,    0,    0,    0,   14,    0,    0,    0,    0,   -5,   -3,    0,   -5,    0,    0,    0,    0,    0,    0,    0,    0,    0,    0,    0,    0,    0,    0,    0,    0,    0,    0,    0,    0,    0,    0,    0,    0,    0,    0,    0,    0,    0,    0,    0,    0,    0,    0,    0,    0,    0,    0,    0,    0,    0,    0,    0,    0,    0,    0,    0,    0,    0,    0,    0,    0,    0,    0,    0,    0,    0,    0,    0,    0,    0,    0,    0,    0,    0,    0,    0,    0,    0,    0,    0,    0,    0,    0,    0,    0,    0,    0,    0,    0,    0,    0,    0,    0,    0,    0,    0,    0,    0,    0,    0,    0,    0,   -8,   -5,    3,
       0,    0,   -7,    0,    0,    6,  -20,    0,  -19,    6,    3,    0,    0,    0,    0,    0,    0,    0,    0,    0,    0,    0,    0,    0,    0,    0,    0,    0,    3,   -3,   -3,    0,   -3,   -3,    0,    0,    0,    0,    0,    0,    0,    0,   10,   10,    7,   10,    3,    0,    0,   -5,    7,    0,    0,   -3,    0,    0,    0,   -5,    0,    0,    0,    0,    0,    0,    0,    0,    0,    0,    0,    0,    0,    0,    0,    0,    0,    0,    0,    0,    0,    0,    0,    0,    0,    0,    0,    0,    0,    0,    0,    0,    0,    0,    0,    0,    0,    0,    0,    0,    0,    0,    0,    0,    0,    0,    0,    0,    0,    0,    0,    0,    0,    0,    0,    0,    0,    0,    0,    0,    0,    0,    0,    0,    0,    0,    0,    0,    0,    0,    0,    0,    0,    0,    0,    0,    0,    0,    0,    0,    0,    9,   16,  -19,
       0,    0,    0,    0,   -4,   -3,    0,    0,   -4,    0,  -12,    0,    0,    0,    0,    0,    0,    0,    0,    0,    0,    0,    0,    0,    0,    0,    0,    0,  -10,  -11,    0,    0,    0,    0,    0,    0,    0,    0,    0,    0,    0,    0,    0,    0,    0,    0,   -3,    0,   -6,    0,    0,    0,    0,    0,    0,    0,    0,    0,    0,    0,    0,    0,    0,    0,    0,    0,    0,    0,    0,    0,    0,    0,    0,    0,    0,    0,    0,    0,    0,    0,    0,    0,    0,    0,    0,    0,    0,    0,    0,    0,    0,    0,    0,    0,    0,    0,    0,    0,    0,    0,    0,    0,    0,    0,    0,    0,    0,    0,    0,    0,    0,    0,    0,    0,    0,    0,    0,    0,    0,    0,    0,    0,    0,    0,    0,    0,    0,    0,    0,    0,    0,    0,    0,    0,    0,    0,    0,    0,    0,    0,    0,    5,
       0,    0,    0,    0,    0,    0,    6,   -3,    0,    3,   -5,    0,    0,    0,    0,    0,    0,    0,    0,    0,    0,    0,    0,    0,    0,    0,    0,    0,   -7,  -11,   -7,    0,   -7,   -7,    0,    0,    0,    0,    0,    0,    0,    0,    3,    3,    6,    3,    0,    0,    0,   -6,    0,    0,    0,   -7,    0,    0,    0,   -3,    0,    0,    0,    0,    0,    0,    0,    0,    0,    0,    0,    0,    0,    0,    0,    0,    0,    0,    0,    0,    0,    0,    0,    0,    0,    0,    0,    0,    0,    0,    0,    0,    0,    0,    0,    0,    0,    0,    0,    0,    0,    0,    0,    0,    0,    0,    0,    0,    0,    0,    0,    0,    0,    0,    0,    0,    0,    0,    0,    0,    0,    0,    0,    0,    0,    0,    0,    0,    0,    0,    0,    0,    0,    0,    0,    0,    0,    0,    0,    0,    0,    5,    0,    8,
       0,    0,    0,    0,   -7,   -8,    0,    0,    0,    0,   -8,    0,    0,    0,    0,    0,    0,    0,    0,    0,    0,    0,    0,    0,    0,    0,    0,    0,  -20,  -10,    0,    0,    0,    0,    0,    0,    0,    0,    0,    0,    0,    0,   -5,   -3,    0,   -5,    0,    0,    0,    0,    0,    0,    0,    0,    0,    0,    0,    0,    0,    0,    0,    0,    0,    0,    0,    0,    0,    0,    0,    0,    0,    0,    0,    0,    0,    0,    0,    0,    0,    0,    0,    0,    0,    0,    0,    0,    0,    0,    0,    0,    0,    0,    0,    0,    0,    0,    0,    0,    0,    0,    0,    0,    0,    0,    0,    0,    0,    0,    0,    0,    0,    0,    0,    0,    0,    0,    0,    0,    0,    0,    0,    0,    0,    0,    0,    0,    0,    0,    0,    0,    0,    0,    0,    0,    0,    0,    0,    0,    0,   -8,   -5,    3,
       0,    0,   -3,    0,    0,    5,  -19,    0,  -13,    5,    0,    0,    0,    0,    0,    0,    0,    0,    0,    0,    0,    0,    0,    0,    0,    0,    0,    0,    0,  -10,   -3,    0,   -5,   -5,    0,    0,    0,    0,    0,    0,    0,    0,    7,    7,    8,    7,    4,    0,    0,    0,    6,    0,    0,   -3,    0,    0,    0,   -6,    0,    0,    0,    0,    0,    0,    0,    0,    0,    0,    0,    0,    0,    0,    0,    0,    0,    0,    0,    0,    0,    0,    0,    0,    0,    0,    0,    0,    0,    0,    0,    0,    0,    0,    0,    0,    0,    0,    0,    0,    0,    0,    0,    0,    0,    0,    0,    0,    0,    0,    0,    0,    0,    0,    0,    0,    0,    0,    0,    0,    0,    0,    0,    0,    0,    0,    0,    0,    0,    0,    0,    0,    0,    0,    0,    0,    0,    0,    0,    0,    0,    7,   13,  -14,
       0,    0,   -3,    0,    0,    6,  -18,    3,  -11,    5,    0,    0,    0,    0,    0,    0,    0,    0,    0,    0,    0,    0,    0,    0,    0,    0,    0,    0,    0,   -9,   -3,    0,   -4,   -4,    0,    0,    0,    0,    0,    0,    0,    0,    7,    7,    7,    7,    5,    0,    0,    0,    6,    0,    0,   -3,    0,    0,    0,   -5,    0,    0,    0,    0,    0,    0,    0,    0,    0,    0,    0,    0,    0,    0,    0,    0,    0,    0,    0,    0,    0,    0,    0,    0,    0,    0,    0,    0,    0,    0,    0,    0,    0,    0,    0,    0,    0,    0,    0,    0,    0,    0,    0,    0,    0,    0,    0,    0,    0,    0,    0,    0,    0,    0,    0,    0,    0,    0,    0,    0,    0,    0,    0,    0,    0,    0,    0,    0,    0,    0,    0,    0,    0,    0,    0,    0,    0,    0,    0,    0,    0,    8,   13,   -9,
       0,    0,   -7,   -4,    0,    4,    6,   -7,    7,    5,    0,   -3,    0,    0,    0,    0,    0,    0,    0,    0,    0,    0,    0,    0,    0,    0,    0,    0,    0,  -10,   -8,    0,   -8,   -8,    0,    0,    0,    0,    0,    0,    0,    0,    8,    7,   11,    8,    6,   -4,    0,   -9,    0,    0,    0,   -8,    0,    0,    0,   -8,    0,    0,    0,    0,    0,    0,    0,    0,    0,    0,    0,    0,    0,    0,    0,    0,    0,    0,    0,    0,    0,    0,    0,    0,    0,    0,    0,    0,    0,    0,    0,    0,    0,    0,    0,    0,    0,    0,    0,    0,    0,    0,    0,    0,    0,    0,    0,    0,    0,    0,    0,    0,    0,    0,    0,    0,    0,    0,    0,    0,    0,    0,    0,    0,    0,    0,    0,    0,    0,    0,    0,    0,    0,    0,    0,    0,    0,    0,    0,    0,    0,    5,    9,    7,
       0,    0,   -3,    0,    0,    5,  -19,    0,  -13,    5,    0,    0,    0,    0,    0,    0,    0,    0,    0,    0,    0,    0,    0,    0,    0,    0,    0,    0,    0,  -10,   -3,    0,   -5,   -5,    0,    0,    0,    0,    0,    0,    0,    0,    7,    7,    8,    7,    4,    0,    0,    0,    6,    0,    0,   -3,    0,    0,    0,   -6,    0,    0,    0,    0,    0,    0,    0,    0,    0,    0,    0,    0,    0,    0,    0,    0,    0,    0,    0,    0,    0,    0,    0,    0,    0,    0,    0,    0,    0,    0,    0,    0,    0,    0,    0,    0,    0,    0,    0,    0,    0,    0,    0,    0,    0,    0,    0,    0,    0,    0,    0,    0,    0,    0,    0,    0,    0,    0,    0,    0,    0,    0,    0,    0,    0,    0,    0,    0,    0,    0,    0,    0,    0,    0,    0,    0,    0,    0,    0,    0,    0,    7,   11,  -14,
       0,    0,    0,    0,    0,    0,    8,    0,    3,    3,   -4,    0,    0,    0,    0,    0,    0,    0,    0,    0,    0,    0,    0,    0,    0,    0,    0,    0,    0,   -9,   -5,    0,   -5,   -5,    0,    0,    0,    0,    0,    0,    0,    0,    6,    6,    7,    6,    0,    0,   -4,   -5,    3,    0,    0,   -5,    0,    0,    0,    0,    0,    0,    0,    0,    0,    0,    0,    0,    0,    0,    0,    0,    0,    0,    0,    0,    0,    0,    0,    0,    0,    0,    0,    0,    0,    0,    0,    0,    0,    0,    0,    0,    0,    0,    0,    0,    0,    0,    0,    0,    0,    0,    0,    0,    0,    0,    0,    0,    0,    0,    0,    0,    0,    0,    0,    0,    0,    0,    0,    0,    0,    0,    0,    0,    0,    0,    0,    0,    0,    0,    0,    0,    0,    0,    0,    0,    0,    0,    0,    0,    0,    5,    9,    9,
       0,    0,    0,    0,    0,    0,    0,    0,    0,    0,    0,    0,    0,    0,   -4,   -5,    0,    0,   -5,    0,    0,    0,    0,    0,    0,    0,    0,    0,    0,    0,    0,    0,    0,    0,    0,    0,    0,    0,    0,    0,    0,    0,    0,    0,    0,    0,    0,    0,   30,    0,    0,    0,    0,    0,    0,    0,    0,    0,    0,    0,    0,    0,    0,    0,    0,    0,    0,    6,   -8,   -5,    0,   -5,    6,    0,    6,    8,    0,    0,   -8,   -9,    6,    0,    0,   -7,   -6,   -5,   -5,   -5,    6,   -7,    0,   -5,    0,   -6,   -7,    0,   -7,   -5,    9,   -9,    0,   -8,   -4,   -5,   -6,   -5,   -6,    7,   -6,   -5,    0,    0,   21,    7,    0,    0,  -10,   -9,    9,    0,    0,    0,    0,    0,   -6,    0,   -6,    0,    4,    0,    0,    0,    0,    0,    0,    0,    0,    0,    0,    0,    0,    0,
       0,    0,    0,    0,    0,    0,    0,    0,    0,    0,    0,    0,    0,    0,    0,    0,   -4,    0,    0,    0,   -6,    0,   -6,    0,   -4,   -5,    0,    0,    0,    0,    0,    0,    0,    0,    0,    0,    0,    0,    0,    0,    0,    0,    0,    0,    0,    0,    0,    0,    0,    0,    0,   -4,    0,    0,    0,    0,    0,    0,    0,    0,    0,    0,    0,    0,    0,    0,    0,   -6,    0,   -5,   -4,   -6,   -7,   -3,   -5,   -4,   -6,    0,    0,    0,   -4,    0,   -7,   -5,    0,    0,    0,    0,   -4,    0,   -4,    0,   -4,    0,    0,    0,    0,    0,    0,    0,    0,    0,    0,    0,    0,    0,    0,    0,    0,    0,    0,    0,    0,    0,    0,    0,    0,    0,   -5,    0,    0,    0,    4,    0,    0,    0,    0,   -7,   -5,    0,    0,    0,    0,    0,    0,    0,    0,    0,    0,    0,    0,    0,
       0,    0,    0,    0,    0,    0,    0,    0,    0,    0,    0,    0,    0,    0,    0,    0,    0,    0,    0,    0,  -21,    0,  -11,   -3,    0,  -16,    0,    0,    0,    0,    0,    0,    0,    0,    0,    0,    0,    0,    0,    0,    0,    0,    0,    0,    0,    0,    0,    0,    0,    0,    0,    0,    0,    0,    0,    0,    0,    0,    0,    0,    0,    0,    0,    0,    0,    0,    0,    0,    0,    0,    0,    0,    0,    0,    0,    0,    0,    0,    0,    0,    0,    0,    0,    0,    0,    0,    0,    0,    0,    0,    0,    0,    0,    0,    0,    0,    0,    0,    0,    0,    0,    0,    0,    0,    0,    0,    0,    0,    0,    0,    0,    0,    0,    0,    0,    0,    0,    0,    0,    0,    0,    0,    0,    0,    0,    0,    0,    0,    0,    0,    0,    0,    0,    0,    0,    0,    0,    0,    0,    0,    0,    0,
       0,    0,    0,    0,    0,    0,    0,    0,    0,    0,    0,    0,    4,    0,    0,    0,    6,    0,    0,    0,  -22,    0,   -3,    0,    0,   -9,    4,    0,    0,    0,    0,    0,    0,    0,    0,    0,    0,    0,    0,    0,    0,    0,    6,    6,    0,    6,    3,    0,    0,    0,    0,    0,    0,    0,    0,    0,    0,    0,    0,    0,    0,    0,    0,    0,    0,    0,    0,  -22,    0,    0,    6,    0,    0,    4,    0,    0,    0,    0,    0,    0,    0,    0,    0,    0,    0,    0,    0,    0,    0,    0,    0,    0,    5,    0,    0,    0,    0,    0,    0,    0,    0,    0,    0,    0,    0,    0,    0,    0,    0,    0,    0,    0,    0,    0,    5,    5,    0,    0,   -6,    4,    0,    5,    4,    0,    0,    0,    0,    0,    0,    0,    0,    0,    0,    0,    0,    0,    0,    0,    0,    0,    0,    0,
       0,    0,    0,    0,    0,    0,    0,    0,    0,    0,    0,    0,   -5,    0,    3,    3,  -10,    0,    3,   -7,  -25,    0,  -14,   -6,  -13,  -27,   -8,    0,    0,    0,    3,    0,    3,    3,    0,    0,    0,    0,    0,    0,    0,    0,    0,    0,   -9,    0,   -6,    0,    0,    0,    0,  -15,    0,    3,    0,    0,    0,    3,    0,    0,    0,    0,    0,    0,    0,    0,    0,  -25,    0,   -7,  -10,   -6,  -11,   -5,   -5,  -15,   -8,    0,    3,    0,  -13,    0,  -10,   -8,    0,    0,    0,    0,   -6,    0,   -9,    0,   -5,    0,    3,    0,    0,    0,    0,    0,   -9,    0,    0,    0,   -4,    0,    0,    0,    0,    0,    0,    0,    0,    0,    0,    0,    0,    0,  -21,    0,    0,    0,    0,   -8,    0,    0,    0,  -10,   -8,    0,    0,    0,    0,    0,    0,    0,    0,    0,    0,    0,    0,    0,
       0,    0,    0,    0,    0,    0,    0,    0,    0,    0,    0,    0,  -14,  -10,  -13,  -13,  -18,   -7,  -13,  -11,  -35,  -11,  -21,  -14,  -21,  -26,  -17,    0,    0,    0,  -13,  -11,  -13,  -13,  -11,  -11,  -11,   23,  -11,  -12,  -11,  -13,   -8,   -8,  -10,    5,  -11,    0,    0,    0,    0,  -24,  -11,  -13,  -11,  -11,  -11,  -14,  -11,  -11,  -11,  -10,    0,    0,    0,    0,    0,    0,    0,    0,    0,    0,    0,    0,    0,    0,    0,    0,    0,    0,    0,    0,    0,    0,    0,    0,    0,    0,    0,    0,    0,    0,    0,    0,    0,    0,    0,    0,    0,    0,    0,    0,    0,    0,    0,    0,    0,    0,    0,    0,    0,    0,    0,    0,    0,    0,    0,    0,    0,    0,    0,    0,    0,    0,    0,    0,    0,    0,    0,    0,    0,    0,    0,    0,    0,    0,    0,    0,    0,    0,    0,    0,
       0,    0,    0,    0,   -8,    0,  -19,    5,  -20,    4,   -9,    0,   -9,    0,    0,    0,  -14,    0,    0,    0,   -7,    0,   -7,   -3,  -12,  -13,   -8,    0,   -7,  -12,   -3,    0,    0,    0,    0,    0,    0,    0,    0,    0,    0,    0,    0,    0,    0,    0,    0,    0,   -7,    5,    0,  -18,    0,   -3,    0,    0,    0,    0,    0,    0,    0,    0,    0,    0,   -7,   -7,    0,    0,    0,    0,    0,    0,    0,    0,    0,    0,    0,    0,    0,    0,    0,    0,    0,    0,    0,    0,    0,    0,    0,    0,    0,    0,    0,    0,    0,    0,    0,    0,    0,    0,    0,    0,    0,    0,    0,    0,    0,    0,    0,    0,    0,    0,    0,    0,    0,    0,    0,    0,    0,    0,    0,    0,    0,    0,    0,    0,    0,    0,    0,    0,    0,    0,    0,    0,    0,    0,    0,    0,    0,    0,    0,    0,
       0,  -12,    0,    0,   -8,  -25,    0,    2,    0,    0,  -15,    0,    0,    0,    0,    0,    0,    0,    0,    0,    0,    0,    0,    0,    0,    0,    0,   -4,  -17,   -7,    0,    0,    0,    0,    0,    0,    0,    0,    0,    0,    0,    0,  -12,  -10,   -3,  -12,    0,    0,   -7,    0,    0,    0,    0,    0,    0,    0,    0,    0,    0,    0,    0,    0,    0,    0,    0,    0,   -9,    0,    0,    0,    0,    0,    0,    0,    0,    0,    0,    0,    0,    0,    0,    0,    0,    0,    0,    0,    0,    0,    0,    0,    0,    0,    0,    0,    0,    0,    0,    0,    0,    0,    0,    0,    0,    0,    0,    0,    0,    0,    0,    0,    0,    0,    0,    0,    0,    0,    0,    0,    0,    0,    0,    0,    0,    0,    0,    0,    0,    0,    0,    0,    0,    0,    0,    0,    0,    0,    0,    0,    0,  -21,  -19,    0,
       0,    0,    0,    0,    5,    0,  -10,    4,   -9,    0,    6,    0,    0,    0,    0,    0,    0,    0,    0,    0,    0,    0,    0,    0,    0,    0,    0,    0,    7,    7,    0,    0,    0,    0,    0,    0,    0,    0,    0,    0,    0,    0,    0,    0,    0,    0,    0,    0,    3,    4,    0,    0,    0,    0,    0,    0,    0,    0,    0,    0,    0,    0,    0,    0,    0,    0,    0,    0,    0,    0,    0,    0,    0,    0,    0,    0,    0,    0,    0,    0,    0,    0,    0,    0,    0,    0,    0,    0,    0,    0,    0,    0,    0,    0,    0,    0,    0,    0,    0,    0,    0,    0,    0,    0,    0,    0,    0,    0,    0,    0,    0,    0,    0,    0,    0,    0,    0,    0,    0,    0,    0,    0,    0,    0,    0,    0,    0,    0,    0,    0,    0,    0,    0,    0,    0,    0,    0,    0,    0,    4,    7,    0,
       0,   -8,    0,    0,   -7,   -5,    0,    0,   -7,    0,   -8,    0,    0,    0,    0,    0,    0,    0,    0,    0,    0,    0,    0,    0,    0,    0,    0,    0,    0,  -10,    0,    0,    0,    0,    0,    0,    0,    0,    0,    0,    0,    0,   -3,    0,   -4,   -3,    0,    0,   -6,    0,    0,    0,    0,    0,    0,    0,    0,    0,    0,    0,    0,    0,    0,    0,    0,    0,    0,    0,    0,    0,    0,    0,    0,    0,    0,    0,    0,    0,    0,    0,    0,    0,    0,    0,    0,    0,    0,    0,    0,    0,    0,    0,    0,    0,    0,    0,    0,    0,    0,    0,    0,    0,    0,    0,    0,    0,    0,    0,    0,    0,    0,    0,    0,    0,    0,    0,    0,    0,    0,    0,    0,    0,    0,    0,    0,    0,    0,    0,    0,    0,    0,    0,    0,    0,    0,    0,    0,    0,    0,   -7,   -5,    0,
       0,    8,    0,    0,   20,    0,   -8,   -7,    0,    0,   12,    0,    0,    0,    0,    0,    0,    0,    0,    0,    0,    0,    0,    0,    0,    0,    0,    0,   30,   23,   -6,    6,  -13,  -13,    0,    9,    6,    6,   -6,  -10,    3,   -5,   11,   11,   10,   13,    8,    0,   23,    0,    0,    0,    0,   -4,   22,   30,   45,    0,   40,   35,   37,    0,    0,    0,    0,    0,    0,    0,    0,    0,    0,    0,    0,    0,    0,    0,    0,    0,    0,    0,    0,    0,    0,    0,    0,    0,    0,    0,    0,    0,    0,    0,    0,    0,    0,    0,    0,    0,    0,    0,    0,    0,    0,    0,    0,    0,    0,    0,    0,    0,    0,    0,    0,    0,    0,    0,    0,    0,    0,    0,    0,    0,    0,    0,    0,    0,    0,    0,    0,    0,    0,    0,    0,    0,    0,    0,    0,    0,    0,    7,    8,    0,
       0,    0,    0,    0,    0,    0,    0,    0,    0,    0,    0,    0,    0,    0,    0,    0,    0,    0,    0,    0,    0,    0,    0,    0,    0,    0,    0,    0,    0,    0,    0,    0,    0,    0,    0,    0,    0,    6,    0,    0,    0,    0,    0,    0,    0,    0,    0,    0,    0,    0,    0,    0,    0,    0,    0,    0,    0,    0,    0,    0,    0,    0,    0,    0,    0,    0,    0,    0,    0,    0,    0,    0,    0,    0,    0,    0,    0,    0,    0,    0,    0,    0,    0,    0,    0,    0,    0,    0,    0,    0,    0,    0,    0,    0,    0,    0,    0,    0,    0,    0,    0,    0,    0,    0,    0,    0,    0,    0,    0,    0,    0,    0,    0,    0,    0,    0,    0,    0,    0,    0,    0,    0,    0,    0,    0,    0,    0,    0,    0,    0,    0,    0,    0,    0,    0,    0,    0,    0,    0,    0,    0,    0,
       0,   -9,    0,    0,    0,   -5,    0,    0,    0,    0,   -6,    0,    0,    0,    0,    0,    0,    0,    0,    0,    0,    0,    0,    0,    0,    0,    0,    0,    0,    0,    0,    0,    0,    0,    0,    0,    0,    0,    0,    0,    0,    0,    0,    0,    0,    0,    0,    0,    0,    0,    0,    0,    0,    0,    0,    0,    0,    0,    0,    0,    0,    0,    0,    0,    0,    0,    0,    0,    0,    0,    0,    0,    0,    0,    0,    0,    0,    0,    0,    0,    0,    0,    0,    0,    0,    0,    0,    0,    0,    0,    0,    0,    0,    0,    0,    0,    0,    0,    0,    0,    0,    0,    0,    0,    0,    0,    0,    0,    0,    0,    0,    0,    0,    0,    0,    0,    0,    0,    0,    0,    0,    0,    0,    0,    0,    0,    0,    0,    0,    0,    0,    0,    0,    0,    0,    0,    0,    0,    0,   -7,   -6,    0,
       0,    0,    0,    0,    0,    0,    0,    0,    0,    0,    0,    0,   -6,    0,    0,    0,   -6,    0,    0,    0,    0,    0,    0,    0,    0,    0,    0,    0,    0,    0,    0,    0,    0,    0,    0,    0,    0,    0,    0,    0,    0,    0,    0,    0,    0,    0,    0,    0,    0,    0,    0,  -12,    0,    0,    0,    0,    0,    0,    0,    0,    0,    0,    0,    0,    0,    0,    0,    0,    0,    0,    0,    0,    0,    0,    0,    0,    0,    0,    0,    0,    0,    0,    0,    0,    0,    0,    0,    0,    0,    0,    0,    0,    0,    0,    0,    0,    0,    0,    0,    0,    0,    0,    0,    0,    0,    0,    0,    0,    0,    0,    0,    0,    0,    0,    0,    0,    0,    0,    0,    0,    0,    0,    0,    0,    0,    0,    0,    0,    0,    0,    0,    0,    0,    0,    0,    0,    0,    0,    0,    0,    0,    0,
       0,    0,    0,    0,    0,    0,    0,    0,    0,    0,    0,    0,    0,    0,    0,    0,    0,    0,    0,    0,    0,    0,    0,    0,    0,    0,    0,    0,    0,    0,    0,    0,    0,    0,    0,    0,    0,    0,    0,    0,    0,    0,   -7,   -6,   -6,   -7,    0,    0,    0,    0,    0,    0,    0,    0,    0,    0,    0,    0,    0,    0,    0,    0,    0,    0,    0,    0,   -8,    0,    0,    0,    0,    0,    0,    0,    0,    0,    0,    0,    0,    0,    0,    0,    0,    0,    0,    0,    0,    0,    0,    0,    0,    0,    0,    0,    0,    0,    0,    0,    0,    0,    0,    0,    0,    0,    0,    0,    0,    0,    0,    0,    0,    0,    0,    0,    0,    0,    0,    0,    0,    0,    0,    0,    0,    0,    0,    0,    0,    0,    0,    0,    0,    0,    0,    0,    0,    0,    0,    0,    0,    0,    0,    0,
       0,    0,    0,    0,    0,    0,    0,    0,    0,    0,    0,    0,    0,    0,    0,    0,    0,    0,    0,    0,    0,    0,    0,    0,    0,    0,    0,    0,    0,    0,    0,    0,    0,    0,    0,    0,    0,   11,    0,    0,    0,    0,    0,    0,    0,    0,    0,    0,    0,    0,    0,    0,    0,    0,    0,    0,    0,    0,    0,    0,    0,    0,    0,    0,    0,    0,    0,    0,    0,    0,    0,    0,    0,    0,    0,    0,    0,    0,    0,    0,    0,    0,    0,    0,    0,    0,    0,    0,    0,    0,    0,    0,    0,    0,    0,    0,    0,    0,    0,    0,    0,    0,    0,    0,    0,    0,    0,    0,    0,    0,    0,    0,    0,    0,    0,    0,    0,    0,    0,    0,    0,    0,    0,    0,    0,    0,    0,    0,    0,    0,    0,    0,    0,    0,    0,    0,    0,    0,    0,    0,    0,    0,
       0,    0,    0,    0,    0,    0,    0,    0,    0,    0,    0,    0,  -11,    0,    0,    0,  -15,    0,    0,    0,    0,    0,    0,    0,   -8,   -4,    0,    0,    0,    0,   -5,    0,    0,    0,    0,    0,    0,    0,    0,    0,    0,    0,    0,    0,    0,    0,    0,    0,    0,    0,    0,  -19,    0,   -5,    0,    0,    0,    0,    0,    0,    0,    0,    0,    0,    0,    0,    0,    0,    0,    0,    0,    0,    0,    0,    0,    0,    0,    0,    0,    0,    0,    0,    0,    0,    0,    0,    0,    0,    0,    0,    0,    0,    0,    0,    0,    0,    0,    0,    0,    0,    0,    0,    0,    0,    0,    0,    0,    0,    0,    0,    0,    0,    0,    0,    0,    0,    0,    0,    0,    0,    0,    0,    0,    0,    0,    0,    0,    0,    0,    0,    0,    0,    0,    0,    0,    0,    0,    0,    0,    0,    0,    0,
       0,    0,    0,    0,    0,    0,    0,    0,    0,    0,    0,    0,    0,    0,    0,    0,    0,    0,    0,    0,    0,    0,   -6,    0,    0,   -7,    0,    0,    0,    0,    0,    0,    0,    0,    0,    0,    0,    0,    0,    0,    0,    0,    0,    0,    0,    0,    0,    0,    0,    0,    0,    0,    0,    0,    0,    0,    0,    0,    0,    0,    0,   -4,    0,    0,    0,    0,    0,    0,    0,    0,    0,    0,    0,    0,    0,    0,    0,    0,    0,    0,    0,    0,    0,    0,    0,    0,    0,    0,    0,    0,    0,    0,    0,    0,    0,    0,    0,    0,    0,    0,    0,    0,    0,    0,    0,    0,    0,    0,    0,    0,    0,    0,    0,    0,    0,    0,    0,    0,    0,    0,    0,    0,    0,    0,    0,    0,    0,    0,    0,    0,    0,    0,    0,    0,    0,    0,    0,    0,    0,    0,    0,    0,
       0,    0,    0,    0,    0,    0,    0,    0,    0,    0,    0,    0,    0,    0,    0,    0,    0,    0,    0,    0,    0,    0,    0,    0,    0,    0,    0,    0,    0,    0,    0,    0,    0,    0,    0,    0,    0,    0,    0,    0,    0,    0,    0,    0,    0,    0,    0,    0,    0,    0,    0,    0,    0,    0,    0,    0,    0,    0,    0,    0,    0,    0,    0,    0,    0,    0,    0,    0,    0,    0,    8,    0,    0,    0,    0,    4,    0,    0,   -6,   -6,    7,    0,    0,    0,    0,    0,    0,    0,    0,    0,    0,    0,    0,    0,   -4,    0,    0,    0,    0,    0,    7,   -4,    0,    0,    0,    0,    0,    0,    0,    0,    0,    0,    0,    0,    0,    0,    0,    0,    0,    0,    0,    0,    0,    9,    0,    0,    0,    0,   -8,    0,    0,    0,    0,    0,    0,    0,    0,    0,    0,    0,    0,    0,
       0,   -5,    0,    0,   -4,   -9,    0,    7,   -6,    0,   -5,    0,    0,    0,    0,    0,    0,    0,    0,    0,    0,    0,    0,    0,    0,    0,    0,   -3,    0,    0,    0,    0,    0,    0,    0,    0,    0,    0,    0,    0,    0,    0,    0,    0,    0,    0,    0,    0,    0,    0,    0,    0,    0,    0,    0,    0,    0,    0,    0,    0,    0,    0,    0,    0,    0,    0,    0,   -5,    0,   -5,    0,    0,   -3,    0,    0,    0,    0,    0,    0,    0,   -5,   -5,   -4,   -7,    0,    0,    0,    0,    0,    0,   -6,    0,    0,    0,    0,    0,    0,   -5,   -5,    0,   -5,    0,    0,   -5,    0,    0,    0,    0,    0,    0,    0,    0,    0,    0,   -5,    0,    0,    0,    0,   -5,    0,   -4,    0,    0,    0,    0,    0,    0,  -12,    0,    0,    0,    0,    0,    0,    0,    0,    0,    0,    0,    0,    0,
       0,    0,    0,   -6,    8,    0,  -27,  -18,  -33,  -20,    9,  -12,    0,    0,    0,    0,    0,    0,    0,    0,    0,    0,    0,    0,    0,    0,    0,   -4,    0,   10,    0,    0,    0,    0,    0,    0,    0,    0,    0,    0,    0,    0,    0,    0,    0,    0,    0,   -9,    0,  -25,  -22,    0,    0,    0,    0,    0,    0,    0,    0,    0,    0,    0,    0,    0,    0,    0,    0,    9,   -6,    0,  -28,  -26,    0,  -27,  -24,    0,    0,   -3,   -8,   -8,    9,    0,    0,   -5,  -25,   -3,  -17,  -17,  -21,  -20,    0,   -3,  -21,  -22,  -25,  -17,  -21,    0,    0,  -24,  -25,  -17,  -17,    0,  -22,  -17,  -17,    0,  -19,  -24,    0,   13,    0,    0,    0,    0,   -6,  -21,    4,    0,    0,    0,  -28,  -36,  -25,   -5,  -20,    0,  -16,    0,    0,    0,    0,    0,    0,    0,    0,    0,    0,    9,    7,    0,
       0,    0,    0,   -4,    5,   -3,    8,   -4,    4,    6,    5,    0,    0,    0,    0,    0,    0,    0,    0,    0,    0,    0,    0,    0,    0,    0,    0,    0,    0,    9,    0,    0,    0,    0,    0,    0,    0,    0,    0,    0,    0,    0,    0,    0,    0,    0,    0,   -5,    5,   -8,    5,    0,    0,    0,    0,    0,    0,    0,    0,    0,    0,    0,    0,    0,    0,    0,    0,    7,   -6,    6,   10,    4,    0,    9,    5,    5,    4,    0,   -8,   -9,    9,    0,    0,    0,    3,    0,    0,    0,    5,    0,    4,    0,    5,    0,   -4,    0,    0,    0,    0,    0,    8,    0,    0,    0,    0,    0,    0,    3,    0,    2,    0,    0,    0,    3,    0,    0,   -6,    0,    4,    0,    0,    0,   -7,    9,    0,   -3,    0,    0,   -5,    0,    0,    0,    0,    0,    0,    0,    0,    0,    0,    7,   12,    0,
       0,   -4,    0,   -4,   -3,  -12,    3,    9,   -5,    0,   -3,    0,    0,    0,    0,    0,    0,    0,    0,    0,    0,    0,    0,    0,    0,    0,    0,   -5,    0,    0,    0,    0,    0,    0,    0,    0,    0,    0,    0,    0,    0,    0,    0,    0,    0,    0,    0,    0,    0,    5,    0,    0,    0,    0,    0,    0,    0,    0,    0,    0,    0,    0,    0,    0,    0,    0,    0,   -7,    0,    0,    0,    0,    0,    0,    0,    0,    0,    0,    0,    0,    0,   -4,   -4,   -7,    4,    0,    0,    0,    0,    0,    0,    0,    0,    0,    0,    0,    0,   -9,   -7,    0,   -4,    0,    0,   -8,    0,    0,    0,    0,    0,    0,    0,    0,    0,    0,   -6,    0,    0,    0,    0,   -8,    0,   -6,    0,    0,    0,    0,    0,    0,  -14,    0,    0,    0,    0,    0,    0,    0,    0,    0,    0,   -7,    0,    0,
       0,    0,    0,    0,    0,    0,    0,    0,  -10,    0,    0,    0,    0,    0,    0,    0,    0,    0,    0,    0,    0,    0,    0,    0,    0,    0,    0,    0,    0,    0,    0,    0,    0,    0,    0,    0,    0,    0,    0,    0,    0,    0,    0,    0,    0,    0,    0,    0,    0,    0,    3,    0,    0,    0,    0,    0,    0,    0,    0,    0,    0,    0,    0,    0,    0,    0,    0,    0,    0,    0,   -4,    0,    0,   -6,    0,    0,    0,    0,    0,    0,    0,    0,    0,    0,    0,    0,    0,    0,    0,    0,    0,    0,    0,    0,    0,    0,    0,    0,    0,    0,    0,    0,    0,    0,    0,    0,    0,    0,    0,    0,    0,    0,    0,    0,    0,    0,    0,    0,    0,    0,    0,    0,    0,    0,    0,    0,    0,    0,    0,    0,    0,    0,    0,    0,    0,    0,    0,    0,    0,    5,    5,    0,
       0,  -20,    0,    0,  -11,   -8,    0,    7,   -6,    0,  -11,    0,    0,    0,    0,    0,    0,    0,    0,    0,    0,    0,    0,    0,    0,    0,    0,   -5,    0,  -13,    0,    0,    0,    0,    0,    0,    0,    0,    0,    0,    0,    0,    0,    0,    0,    0,    0,    0,   -9,    0,    0,    0,    0,    0,    0,    0,    0,    0,    0,    0,    0,    0,    0,    0,    0,    0,    0,  -21,    0,   -5,    0,    0,   -4,    0,    0,   -6,    0,    0,    0,    0,   -5,   -4,   -4,   -9,    0,    0,    0,    0,    0,    0,   -6,    0,    0,    0,    0,    0,    0,   -4,   -4,    0,   -5,    0,    0,   -4,    0,    0,    0,    0,    0,    0,    0,    0,    0,    0,   -5,    0,    0,    0,  -24,   -4,    0,    0,    0,    0,    0,    0,    0,    0,  -10,    0,    0,    0,    0,    0,    0,    0,    0,    0,    0,  -20,  -17,    0,
       0,  -14,    0,    0,    0,   -9,    7,    7,    0,    0,   -6,    0,    0,    0,    0,    0,    0,    0,    0,    0,    0,    0,    0,    0,    0,    0,    0,    0,    0,  -10,    0,    0,    0,    0,    0,    0,    0,    0,    0,    0,    0,    0,    0,    0,    0,    0,    0,    0,   -7,    0,    0,    0,    0,    0,    0,    0,    0,    0,    0,    0,    0,    0,    0,    0,    0,    0,    0,  -15,    0,    0,    0,    0,    0,    0,    0,    0,    0,    0,    0,    0,    0,   -4,    0,    0,    0,    0,    0,    0,    0,    0,    0,    0,    0,    0,    0,    0,    0,   -5,    0,    0,    0,    0,    0,    0,    0,    0,    0,    0,    0,    0,    0,    0,    0,    0,   -5,    0,    0,    0,  -12,   -4,    0,   -4,    0,    8,    0,    0,    0,    0,  -10,    0,    0,    0,    0,    0,    0,    0,    0,    0,    0,  -11,  -11,    0,
       0,    0,    0,   -6,    8,  -13,   10,  -17,    8,    3,    0,   -5,    0,    0,    0,    0,    0,    0,    0,    0,    0,    0,    0,    0,    0,    0,    0,    0,    0,    9,    0,    0,    0,    0,    0,    0,    0,    0,    0,    0,    0,    0,    0,    0,    0,    0,    0,   -5,    6,  -17,    0,    0,    0,    0,    0,    0,    0,    0,    0,    0,    0,    0,    0,    0,    0,    0,    0,    8,  -12,    0,    7,    4,    4,    8,    6,    8,    0,    0,  -18,  -18,   12,    0,    0,    0,   -3,   -7,    0,    0,    6,   -7,    8,    0,    6,    0,  -13,    0,   -7,  -13,  -12,   -9,   11,  -17,    0,   -8,    5,    0,    5,    4,   -6,    3,    0,    0,    0,    4,   -6,    0,  -13,   -7,    6,  -13,    0,   -8,  -18,   13,    0,   -6,   -5,    0,  -19,    0,    0,    0,    0,    0,    0,    0,    0,    0,    0,    0,    0,    0,
       0,    4,    0,  -10,   11,    0,  -27,  -10,  -31,   -4,    9,  -10,    0,    0,    0,    0,    0,    0,    0,    0,    0,    0,    0,    0,    0,    0,    0,    0,    0,   12,    0,    0,    0,    0,    0,    0,    0,    0,    0,    0,    0,    0,    0,    0,    0,    0,    0,   -6,    8,  -13,    0,    0,    0,    0,    0,    0,    0,    0,    0,    0,    0,    0,    0,    0,    0,    0,    0,   11,   -7,    0,  -29,  -22,    6,  -22,  -20,    8,    0,   -3,   -8,   -7,   11,    0,    0,   -7,  -14,   -5,   -6,   -6,  -19,  -12,    0,    0,  -19,  -10,  -18,   -6,  -13,    0,    0,  -13,    0,    0,   -6,    0,    0,   -5,  -10,    7,  -11,  -13,    0,   18,    0,    7,    0,    0,   -7,  -12,    9,    0,    0,    0,    0,  -26,   -8,    0,   -7,    0,    0,    0,    0,    0,    0,    0,    0,    0,    0,    0,    0,    9,   12,    0,
       0,  -19,    0,   -6,    0,  -27,   10,    0,    8,    6,  -11,    0,    0,    0,    0,    0,    0,    0,    0,    0,    0,    0,    0,    0,    0,    0,    0,    0,    0,   -9,    0,    0,    0,    0,    0,    0,    0,    0,    0,    0,    0,    0,    0,    0,    0,    0,    0,   -3,    0,   -5,    4,    0,    0,    0,    0,    0,    0,    0,    0,    0,    0,    0,    0,    0,    0,    0,    0,  -27,   -6,    6,   11,    4,    0,   12,    6,    8,    4,    0,   -8,   -9,   12,  -14,    0,    0,    0,    0,    0,    0,    6,    0,    8,    0,    6,    0,   -4,    0,    0,   -9,   -7,    0,    8,   -8,    0,   -7,    5,    0,    5,    0,    0,    3,    0,    0,    0,    0,   -6,    0,   -7,    0,  -23,   -8,    0,  -12,   -6,   13,    0,   -6,    0,    0,  -14,    0,    0,    0,    0,    0,    0,    0,    0,    0,    0,  -25,  -22,    0,
       0,    0,    0,    0,   -4,   -4,    0,    4,  -10,    4,   -7,    0,    0,    0,    0,    0,    0,    0,    0,    0,    0,    0,    0,    0,    0,    0,    0,    0,    0,   -8,    0,    0,    0,    0,    0,    0,    0,    0,    0,    0,    0,    0,    0,    0,    0,    0,    0,    0,   -6,    3,    4,    0,    0,    0,    0,    0,    0,    0,    0,    0,    0,    0,    0,    0,    0,    0,    0,   -6,    0,   -3,    0,    0,    0,   -3,    0,   -4,    0,    0,    0,    0,   -7,    0,   -4,   -6,    0,    0,    0,    0,    0,    0,    0,    0,    0,    0,    0,    0,    0,    0,    0,    0,   -3,    0,    0,    0,    0,    0,    0,    0,    0,    0,    0,    0,    0,    0,    0,    0,    0,    0,   -7,    0,    0,    0,    0,    0,    0,    0,    0,    0,    0,    0,    0,    0,    0,    0,    0,    0,    0,    0,    0,    0,    0,    0,
       0,   -6,    0,    0,    7,  -12,    9,    0,   12,    0,   -4,    0,    0,    0,    0,    0,    0,    0,    0,    0,    0,    0,    0,    0,    0,    0,    0,    0,    0,    6,    0,    0,    0,    0,    0,    0,    0,    0,    0,    0,    0,    0,    0,    0,    0,    0,    0,   -5,    6,   -5,    0,    0,    0,    0,    0,    0,    0,    0,    0,    0,    0,    0,    0,    0,    0,    0,    0,   -9,    0,    0,    6,    5,    0,    6,    5,    6,    4,    0,    0,  -10,    6,  -10,    0,    0,    0,    0,    0,    0,    5,    0,    6,    0,    6,    0,    0,    0,    0,    0,    7,    0,    6,   -7,    0,    0,    0,    0,    0,    0,    0,    0,    0,    0,   20,    0,    0,    0,    0,    0,   -7,    0,    0,   -7,    0,   11,    0,    0,    0,    0,    0,    0,    0,    0,    0,    0,    0,    0,    0,    0,    0,   -4,   -4,    0,
       0,    0,    0,   -6,    8,  -13,   10,  -17,    8,    3,    4,   -5,    0,    0,    0,    0,    0,    0,    0,    0,    0,    0,    0,    0,    0,    0,    0,    0,    0,    9,    0,    0,    0,    0,    0,    0,    0,    0,    0,    0,    0,    0,    0,    0,    0,    0,    0,   -4,    7,  -17,    0,    0,    0,    0,    0,    0,    0,    0,    0,    0,    0,    0,    0,    0,    0,    0,    0,    8,  -11,    0,    7,    4,    6,    8,    6,    8,    0,    0,  -18,  -15,   12,    0,    0,    0,   -3,   -6,    0,    0,    6,   -6,    8,    0,    6,    0,  -13,    0,   -6,   -9,   -7,   -8,   11,  -12,    0,   -8,    0,    0,    0,    6,   -5,    3,    0,    0,    0,    6,   -6,    0,  -11,   -6,    8,   -9,    0,   -4,  -14,   13,    0,   -3,   -5,    0,  -15,    0,    0,    0,    0,    0,    0,    0,    0,    0,    0,    0,    0,    0,
       0,    0,    0,    0,   -4,   -4,    0,    4,  -10,    4,   -7,    0,    0,    0,    0,    0,    0,    0,    0,    0,    0,    0,    0,    0,    0,    0,    0,    0,    0,   -8,    0,    0,    0,    0,    0,    0,    0,    0,    0,    0,    0,    0,    0,    0,    0,    0,    0,    0,   -6,    3,    4,    0,    0,    0,    0,    0,    0,    0,    0,    0,    0,    0,    0,    0,    0,    0,    0,   -6,    0,   -4,    0,    0,    0,   -3,    0,   -3,    0,    0,    0,    0,   -7,    0,    0,   -5,    0,    0,    0,    0,    0,    0,    0,    0,    0,    0,    0,    0,    0,    0,    0,    0,   -3,    0,    0,    0,    0,    0,    0,    0,    0,    0,    0,    0,    0,    0,    0,    0,    0,    0,   -6,    0,    0,    0,    0,    0,    0,    0,    0,    0,    0,    0,    0,    0,    0,    0,    0,    0,    0,    0,    0,    0,    0,    0,
       0,    0,    0,   -4,   -5,   -3,    0,    0,    0,    0,   -5,    0,    0,    0,    0,    0,    0,    0,    0,    0,    0,    0,    0,    0,    0,    0,    0,   -3,    0,   -4,    0,    0,    0,    0,    0,    0,    0,    0,    0,    0,    0,    0,    0,    0,    0,    0,    0,    0,   -4,    0,    0,    0,    0,    0,    0,    0,    0,    0,    0,    0,    0,    0,    0,    0,    0,    0,    0,   -3,    0,    0,    0,    0,    0,    0,    0,    0,    0,    0,    0,    0,    0,    0,    0,    0,    0,    0,    0,    0,    0,    0,    0,    0,    0,    0,    0,    0,    0,    0,    0,   -4,    0,   -4,    0,    0,    0,    0,    0,    0,    0,    0,    0,    0,    0,    0,    0,    0,    0,    0,   -4,    0,    0,    0,    0,    0,    0,    0,    0,    0,    0,    0,    0,    0,    0,    0,    0,    0,    0,    0,    0,   -7,   -5,    0,
       0,    0,    0,    0,   -7,    0,  -13,    7,  -17,    0,   -6,    0,    0,    0,    0,    0,    0,    0,    0,    0,    0,    0,    0,    0,    0,    0,    0,   -3,    0,   -7,    0,    0,    0,    0,    0,    0,    0,    0,    0,    0,    0,    0,    0,    0,    0,    0,    0,    0,   -8,    3,    0,    0,    0,    0,    0,    0,    0,    0,    0,    0,    0,    0,    0,    0,    0,    0,    0,   -8,    0,    0,   -8,    0,   -8,   -8,    0,  -12,   -7,    0,    0,    0,  -13,    0,   -9,   -5,    0,    0,    0,    0,    0,    0,    0,    0,    0,    0,    0,    0,    0,    0,    0,    0,    0,    0,    0,    0,    0,    0,    0,    0,    0,    0,    0,    0,    0,    0,    0,    0,    0,    0,  -10,    0,    0,    0,    0,   -7,    0,    0,    0,   -8,    0,    0,    0,    0,    0,    0,    0,    0,    0,    0,    0,    0,    3,    0,
       0,    0,    0,    0,   -3,    0,  -35,    0,  -26,    4,    0,    0,    0,    0,    0,    0,    0,    0,    0,    0,    0,    0,    0,    0,    0,    0,    0,   -5,    0,   -4,    0,    0,    0,    0,    0,    0,    0,    0,    0,    0,    0,    0,    0,    0,    0,    0,    0,    0,   -3,   -3,    4,    0,    0,    0,    0,    0,    0,    0,    0,    0,    0,    0,    0,    0,    0,    0,    0,    4,    0,    0,  -30,  -20,    0,  -23,  -19,   -5,   -4,    0,    0,    0,   -7,    0,   -3,    0,   -7,    0,    0,    0,  -14,    0,    0,    0,  -14,   -4,   -5,    0,    0,    0,    4,    0,    4,    0,    0,    0,    0,    0,    0,    0,    0,    0,    0,    0,    0,    0,    0,    4,    0,    0,    0,    4,    0,    4,    0,  -20,    0,    0,    0,    0,    0,    0,    0,    0,    0,    0,    0,    0,    0,    0,    0,   10,   10,    0,
       0,    6,    0,   -6,    8,    0,  -27,  -18,  -33,  -20,    9,  -12,    0,    0,    0,    0,    0,    0,    0,    0,    0,    0,    0,    0,    0,    0,    0,    0,    0,   10,    0,    0,    0,    0,    0,    0,    0,    0,    0,    0,    0,    0,    0,    0,    0,    0,    0,   -6,    6,  -25,  -22,    0,    0,    0,    0,    0,    0,    0,    0,    0,    0,    0,    0,    0,    0,    0,    0,    9,    0,    0,  -28,  -22,    5,  -27,  -21,    6,    0,   -3,   -8,   -4,    9,    0,    0,    0,  -25,    0,    0,    0,  -15,  -16,    0,    0,  -16,   -7,  -25,    0,  -16,    0,    0,  -19,  -25,    0,    0,    0,    0,    0,  -12,    5,  -14,  -24,    0,   16,    0,    5,    0,    0,    0,  -16,    7,    0,    0,    6,    0,  -17,   -4,    0,   -5,    0,    0,    0,    0,    0,    0,    0,    0,    0,    0,    0,    0,    9,    7,    0,
       0,   -4,    0,    0,  -11,    0,  -13,    6,  -13,    0,   -8,    0,    0,    0,    0,    0,    0,    0,    0,    0,    0,    0,    0,    0,    0,    0,    0,   -5,    0,  -12,    0,    0,    0,    0,    0,    0,    0,    0,    0,    0,    0,    0,    0,    0,    0,    0,    0,    0,   -9,    0,    0,    0,    0,    0,    0,    0,    0,    0,    0,    0,    0,    0,    0,    0,    0,    0,    0,   -3,    0,    0,  -12,  -11,  -11,   -9,  -10,  -14,   -9,    0,    0,    0,  -13,    0,  -11,   -4,    0,    0,    0,    0,   -8,    0,    0,    0,   -9,   -3,    0,    0,    0,    0,    0,    0,    0,    0,    0,    0,    0,    0,    0,   -3,    0,    0,    0,    0,    0,   -3,    0,    0,    0,    0,  -11,    0,    0,    0,    0,  -12,    0,    0,    0,  -11,    0,    0,    0,    0,    0,    0,    0,    0,    0,    0,    0,    0,    0,    0,
       0,    0,    0,   -6,    9,   -9,    8,  -11,    8,    6,    7,   -5,    0,    0,    0,    0,    0,    0,    0,    0,    0,    0,    0,    0,    0,    0,    0,    0,    0,   10,    0,    0,    0,    0,    0,    0,    0,    0,    0,    0,    0,    0,    0,    0,    0,    0,    0,   -5,    6,  -12,    0,    0,    0,    0,    0,    0,    0,    0,    0,    0,    0,    0,    0,    0,    0,    0,    0,    9,   -9,    6,    8,    4,    5,   12,    6,    8,    3,    0,  -13,  -13,   12,    0,    0,    0,    0,   -6,    0,    0,    6,   -6,    8,    0,    6,    0,  -10,    0,   -6,   -7,   -6,   -7,    8,  -11,    0,   -7,    0,    0,    0,    5,   -5,    3,    0,    0,    0,    5,   -4,    0,  -10,   -6,    7,   -6,    0,    0,  -12,   13,    0,   -4,   -4,    0,  -13,    0,    0,    0,    0,    0,    0,    0,    0,    0,    0,    3,    5,    0,
       0,    0,    0,    0,   -7,    0,  -13,    7,  -17,    0,   -6,    0,    0,    0,    0,    0,    0,    0,    0,    0,    0,    0,    0,    0,    0,    0,    0,   -3,    0,   -7,    0,    0,    0,    0,    0,    0,    0,    0,    0,    0,    0,    0,    0,    0,    0,    0,    0,    0,   -8,    3,    0,    0,    0,    0,    0,    0,    0,    0,    0,    0,    0,    0,    0,    0,    0,    0,    0,   -8,    0,    0,   -8,    0,   -8,   -8,    0,  -11,   -7,    0,    0,    0,  -13,    0,   -8,   -5,    0,    0,    0,    0,    0,    0,    0,    0,    0,    0,    0,    0,    0,    0,    0,    0,    0,    0,    0,    0,    0,    0,    0,    0,    0,    0,    0,    0,    0,    0,    0,    0,    0,    0,  -10,    0,    0,    0,    0,   -7,    0,    0,    0,   -8,    0,    0,    0,    0,    0,    0,    0,    0,    0,    0,    0,    0,    3,    0,
       0,   -8,    0,    0,   -7,  -10,    0,    5,    0,    0,  -11,    0,    0,    0,    0,    0,    0,    0,    0,    0,    0,    0,    0,    0,    0,    0,    0,    0,    0,  -11,    0,    0,    0,    0,    0,    0,    0,    0,    0,    0,    0,    0,    0,    0,    0,    0,    0,    0,   -6,    0,    0,    0,    0,    0,    0,    0,    0,    0,    0,    0,    0,    0,    0,    0,    0,    0,    0,    0,    0,    0,    0,    0,    0,    0,    0,    0,    0,    0,    0,    0,    0,    0,    0,    0,    0,    0,    0,    0,    0,    0,    0,    0,    0,    0,    0,    0,    0,    0,    0,    0,    0,    0,    0,    0,    0,    0,    0,    0,    0,    0,    0,    0,    0,    0,    0,    0,    0,    0,    0,    0,    0,    0,    0,    0,    0,    0,    0,    0,   -5,    0,    0,    0,    0,    0,    0,    0,    0,    0,    0,   -7,   -7,    0,
       0,    0,    0,    0,    0,   -6,    0,    8,   -6,    0,    0,    0,    0,    0,    0,    0,    0,    0,    0,    0,    0,    0,    0,    0,    0,    0,    0,   -4,    0,    0,    0,    0,    0,    0,    0,    0,    0,    0,    0,    0,    0,    0,    0,    0,    0,    0,    0,    0,    0,    0,    0,    0,    0,    0,    0,    0,    0,    0,    0,    0,    0,    0,    0,    0,    0,    0,    0,    0,    0,    0,    0,    0,    0,    0,    0,    0,    0,    0,    0,    0,    0,    0,    0,    0,    0,    0,    0,    0,    0,    0,   -5,    0,    0,    0,    0,    0,    0,    0,    0,    0,   -4,    0,    0,    0,    0,    0,    0,    0,    0,    0,    0,    0,    0,    0,    0,    0,    0,    0,    0,    0,    0,    0,    0,    0,    0,    0,    0,    0,   -5,    0,    0,    0,    0,    0,    0,    0,    0,    0,    0,    0,    0,    0,
       0,   -7,    0,    0,   -6,   -5,    0,    0,    0,    0,   -6,    0,    0,    0,    0,    0,    0,    0,    0,    0,    0,    0,    0,    0,    0,    0,    0,    0,    0,   -9,    0,    0,    0,    0,    0,    0,    0,    0,    0,    0,    0,    0,    0,    0,    0,    0,    0,    0,   -6,    0,    0,    0,    0,    0,    0,    0,    0,    0,    0,    0,    0,    0,    0,    0,    0,    0,    0,    0,    0,    0,    0,    0,    0,    0,    0,    0,    0,    0,    0,    0,    0,    0,    0,    0,    0,    0,    0,    0,    0,    0,    0,    0,    0,    0,    0,    0,    0,    0,    0,    0,    0,    0,    0,    0,    0,    0,    0,    0,    0,    0,    0,    0,    0,    0,    0,    0,    0,    0,    0,    0,    0,    0,    0,    0,    0,    0,    0,    0,   -4,    0,    0,    0,    0,    0,    0,    0,    0,    0,    0,   -5,   -4,    0,
       0,    0,    0,    0,    0,    0,  -19,    0,  -13,    5,    0,    0,    0,    0,    0,    0,    0,    0,    0,    0,    0,    0,    0,    0,    0,    0,    0,    0,    0,   -7,    0,    0,    0,    0,    0,    0,    0,    0,    0,    0,    0,    0,    0,    0,    0,    0,    0,    0,    0,    0,    5,    0,    0,    0,    0,    0,    0,    0,    0,    0,    0,    0,    0,    0,    0,    0,    0,    0,    0,    0,    0,    0,    0,    0,    0,    0,    0,    0,    0,    0,    0,    0,    0,    0,    0,    0,    0,    0,  -10,    0,    6,    0,  -11,    0,    0,    0,    0,    6,    8,    0,    7,    0,    0,    6,    0,    0,    0,    0,    0,    0,    0,    0,    0,    0,    8,    8,    0,    0,    0,    8,    0,    0,    8,    0,    0,    0,    0,    0,    0,    0,    0,    0,    0,    0,    0,    0,    0,    0,    0,    6,    7,    0,
       0,   -7,    0,    0,    7,   -7,    9,    0,   11,    0,   -4,    0,    0,    0,    0,    0,    0,    0,    0,    0,    0,    0,    0,    0,    0,    0,    0,    0,    0,    6,    0,    0,    0,    0,    0,    0,    0,    0,    0,    0,    0,    0,    0,    0,    0,    0,    0,    0,    6,   -3,    0,    0,    0,    0,    0,    0,    0,    0,    0,    0,    0,    0,    0,    0,    0,    0,    0,    0,    0,    0,    0,    0,    0,    0,    0,    0,    0,    0,    0,    0,    0,    0,    0,    0,    0,    0,    0,    0,    5,    0,    6,    0,    6,    0,    0,    0,    0,   -4,    7,    0,    6,   -4,    0,   -3,    3,    0,    0,    0,    0,    0,    0,    0,   20,    0,    0,    0,    0,    0,    0,    0,    0,    0,    0,    0,    0,    0,    0,    0,    0,    0,    0,    0,    0,    0,    0,    0,    0,    0,    0,   -6,   -4,    0,
       0,   -8,    0,    0,   -7,  -10,   -7,    4,   -4,    0,   -8,    0,    0,    0,    0,    0,    0,    0,    0,    0,    0,    0,    0,    0,    0,    0,    0,    0,    0,  -11,    0,    0,    0,    0,    0,    0,    0,    0,    0,    0,    0,    0,    0,    0,    0,    0,    0,    0,   -6,    4,    0,    0,    0,    0,    0,    0,    0,    0,    0,    0,    0,    0,    0,    0,    0,    0,    0,    0,    0,    0,    0,    0,    0,    0,    0,    0,    0,    0,    0,    0,    0,    0,    0,    0,    0,    0,    0,    0,    0,    0,    0,    0,    0,    0,    0,    0,    0,    0,    0,    0,   -5,    0,    0,    0,    0,    0,    0,    0,    0,    0,    0,    0,    0,    0,    0,    0,    0,    0,    0,    0,    0,    0,    0,    0,    0,    0,    0,    0,   -3,    0,    0,    0,    0,    0,    0,    0,    0,    0,    0,   -3,   -6,    0,
       0,    0,    0,   -4,    0,    4,    4,  -15,    7,    3,    0,   -7,    0,    0,    0,    0,    0,    0,    0,    0,    0,    0,    0,    0,    0,    0,    0,    0,    0,   -9,    0,    0,    0,    0,    0,    0,    0,    0,    0,    0,    0,    0,    0,    0,    0,    0,    0,   -4,    0,  -12,    0,    0,    0,    0,    0,    0,    0,    0,    0,    0,    0,    0,    0,    0,    0,    0,    0,    0,    0,    0,    0,    0,    0,    0,    0,    0,    0,    0,    0,    0,    0,    0,    0,    0,   -3,    0,    0,    0,    6,   -5,    8,    4,    6,    0,  -12,    0,   -5,    5,    6,   -6,    7,    0,    0,    5,    5,    0,    5,    0,    0,    0,    0,    0,    0,    0,    6,    3,    0,   -5,    0,    6,    0,    0,    0,    0,    0,    0,    0,    0,    0,    0,    0,    0,    0,    0,    0,    0,    0,    0,    0,    4,    8,    0,
       0,   -4,    0,    0,   -4,    0,    3,    5,    0,    0,   -4,    0,    0,    0,    0,    0,    0,    0,    0,    0,    0,    0,    0,    0,    0,    0,    0,    0,    0,   -8,    0,    0,    0,    0,    0,    0,    0,    0,    0,    0,    0,    0,    0,    0,    0,    0,    0,    0,   -4,    0,    0,    0,    0,    0,    0,    0,    0,    0,    0,    0,    0,    0,    0,    0,    0,    0,    0,    0,    0,    0,    0,    0,    0,    0,    0,    0,    0,    0,    0,    0,    0,    0,    0,    0,    0,    0,    0,    0,    0,    0,    0,    0,    4,    0,    0,    0,    0,    0,    0,    0,    0,    0,    0,    0,    0,    0,    0,    0,    0,    0,    0,    0,    0,    0,    0,    0,    0,    0,    0,    0,    0,    0,    0,    0,    0,    0,    0,    0,    0,    0,    0,    0,    0,    0,    0,    0,    0,    0,    0,    0,    0,    0,
       0,    0,    0,   -4,    0,    4,    4,  -15,    7,    3,    0,   -7,    0,    0,    0,    0,    0,    0,    0,    0,    0,    0,    0,    0,    0,    0,    0,    0,    0,   -9,    0,    0,    0,    0,    0,    0,    0,    0,    0,    0,    0,    0,    0,    0,    0,    0,    0,   -4,    0,  -12,    0,    0,    0,    0,    0,    0,    0,    0,    0,    0,    0,    0,    0,    0,    0,    0,    0,    0,    0,    0,    0,    0,    0,    0,    0,    0,    0,    0,    0,    0,    0,    0,    0,    0,   -3,    0,    0,    0,    6,   -6,    8,    4,    6,    0,  -12,    0,   -6,    6,    8,   -7,    7,    0,    0,    6,    5,    0,    5,    0,   -4,    0,    0,    0,    0,    0,    8,    4,    0,   -6,    0,    7,    0,    0,    0,    0,    0,    0,    0,    0,    0,    0,    0,    0,    0,    0,    0,    0,    0,    0,    0,    4,    8,    0,
       0,    0,    0,    0,   -5,    0,    0,    4,    0,    0,   -5,    0,    0,    0,    0,    0,    0,    0,    0,    0,    0,    0,    0,    0,    0,    0,    0,    0,    0,   -7,    0,    0,    0,    0,    0,    0,    0,    0,    0,    0,    0,    0,    0,    0,    0,    0,    0,    0,   -4,    0,    0,    0,    0,    0,    0,    0,    0,    0,    0,    0,    0,    0,    0,    0,    0,    0,    0,    0,    0,    0,    0,    0,    0,    0,    0,    0,    0,    0,    0,    0,    0,    0,    0,    0,    0,    0,    0,    0,    0,    0,    0,    0,    0,    0,    0,    0,    0,    0,    0,    0,    0,    0,    0,    0,    0,    0,    0,    0,    0,    0,    0,    0,    0,    0,    0,    0,    0,    0,    0,    0,    0,    0,    0,    0,    0,    0,    0,    0,   -5,    0,    0,    0,    0,    0,    0,    0,    0,    0,    0,    0,    0,    0,
       0,   -4,    0,    0,   -4,   -5,    0,    0,    0,    0,   -5,    0,    0,    0,    0,    0,    0,    0,    0,    0,    0,    0,    0,    0,    0,    0,    0,    0,    0,   -9,    0,    0,    0,    0,    0,    0,    0,    0,    0,    0,    0,    0,    0,    0,    0,    0,    0,    0,   -6,    0,    0,    0,    0,    0,    0,    0,    0,    0,    0,    0,    0,    0,    0,    0,    0,    0,    0,    0,    0,    0,    0,    0,    0,    0,    0,    0,    0,    0,    0,    0,    0,    0,    0,    0,    0,    0,    0,    0,    0,    0,    0,    0,    0,    0,    0,    0,    0,    0,    0,    0,    0,    0,    0,    0,    0,    0,    0,    0,    0,    0,    0,    0,    0,    0,    0,    0,    0,    0,    0,    0,    0,    0,    0,    0,    0,    0,    0,    0,   -7,    0,    0,    0,    0,    0,    0,    0,    0,    0,    0,    0,    0,    0,
       0,    0,    0,    0,   -5,    0,    0,    4,    0,    0,   -5,    0,    0,    0,    0,    0,    0,    0,    0,    0,    0,    0,    0,    0,    0,    0,    0,    0,    0,   -8,    0,    0,    0,    0,    0,    0,    0,    0,    0,    0,    0,    0,    0,    0,    0,    0,    0,    0,   -5,    0,    0,    0,    0,    0,    0,    0,    0,    0,    0,    0,    0,    0,    0,    0,    0,    0,    0,    0,    0,    0,    0,    0,    0,    0,    0,    0,    0,    0,    0,    0,    0,    0,    0,    0,    0,    0,    0,    0,    0,    0,    0,    0,    0,    0,    0,    0,    0,    0,    0,    0,    0,    0,    0,    0,    0,    0,    0,    0,    0,    0,    0,    0,    0,    0,    0,    0,    0,    0,    0,    0,    0,    0,    0,    0,    0,    0,    0,    0,   -5,    0,    0,    0,    0,    0,    0,    0,    0,    0,    0,    0,    0,    0,
       0,  -10,    0,    0,   -8,  -10,  -10,    4,   -9,    0,   -9,    0,    0,    0,    0,    0,    0,    0,    0,    0,    0,    0,    0,    0,    0,    0,    0,    0,    0,  -12,    0,    0,    0,    0,    0,    0,    0,    0,    0,    0,    0,    0,    0,    0,    0,    0,    0,    0,   -7,    4,    0,    0,    0,    0,    0,    0,    0,    0,    0,    0,    0,    0,    0,    0,    0,    0,    0,    0,    0,    0,    0,    0,    0,    0,    0,    0,    0,    0,    0,    0,    0,    0,    0,    0,    0,    0,    0,    0,    0,    0,   -5,    0,    0,    0,    0,    0,    0,    0,    0,    0,   -6,    0,    0,    0,    0,    0,    0,    0,    0,    0,    0,    0,    0,    0,    0,    0,    0,    0,    0,    0,    0,    0,    0,    0,    0,    0,    0,    0,   -5,    0,    0,    0,    0,    0,    0,    0,    0,    0,    0,   -9,   -8,    0,
       0,  -10,    0,    0,  -10,   -5,    0,    8,   -6,    0,   -6,    0,    0,    0,    0,    0,    0,    0,    0,    0,    0,    0,    0,    0,    0,    0,    0,   -5,    0,  -12,    0,    0,    0,    0,    0,    0,    0,    0,    0,    0,    0,    0,    0,    0,    0,    0,    0,    0,   -9,    0,    0,    0,    0,    0,    0,    0,    0,    0,    0,    0,    0,    0,    0,    0,    0,    0,    0,    0,    0,    0,    0,    0,    0,    0,    0,    0,    0,    0,    0,    0,    0,    0,    0,    0,    0,    0,    0,    0,    0,    0,   -5,    0,    0,    0,    0,    0,    0,    0,    0,    0,    0,    0,    0,    0,    0,    0,    0,   -4,    0,    0,    0,    0,    0,    0,    0,    0,    0,    0,    0,    0,    0,    0,    0,    0,    0,    0,    0,    0,   -4,    0,    0,    0,    0,    0,    0,    0,    0,    0,    0,   -7,   -8,    0,
       0,    0,    0,    0,    0,    0,    6,   -3,    0,    3,   -4,   -3,    0,    0,    0,    0,    0,    0,    0,    0,    0,    0,    0,    0,    0,    0,    0,    0,    0,  -12,    0,    0,    0,    0,    0,    0,    0,    0,    0,    0,    0,    0,    0,    0,    0,    0,    0,    0,   -6,   -5,    0,    0,    0,    0,    0,    0,    0,    0,    0,    0,    0,    0,    0,    0,    0,    0,    0,    0,    0,    0,    0,    0,    0,    0,    0,    0,    0,    0,    0,    0,    0,    0,    0,    0,    0,    0,    0,    0,    0,    0,    5,    0,    0,    0,   -8,    0,    0,    0,    0,    0,    4,    0,    0,    0,    0,    0,    0,    0,    0,    0,    0,    0,    0,    0,    3,    0,    0,    0,    0,    3,    0,    0,    0,    0,    0,    0,    0,    0,    0,    0,    0,    0,    0,    0,    0,    0,    0,    0,    0,    4,    8,    0,
       0,    0,    0,    0,    0,    0,  -12,    0,  -14,    0,    0,    0,    0,    0,    0,    0,    0,    0,    0,    0,    0,    0,    0,    0,    0,    0,    0,    0,    0,   -9,    0,    0,    0,    0,    0,    0,    0,    0,    0,    0,    0,    0,    0,    0,    0,    0,    0,    0,   -5,    0,    0,    0,    0,    0,    0,    0,    0,    0,    0,    0,    0,    0,    0,    0,    0,    0,    0,    0,    0,    0,    0,    0,    0,    0,    0,    0,    0,    0,    0,    0,    0,    0,    0,    0,    0,    0,    0,    0,  -10,    0,    5,    0,   -9,    0,    0,    0,    0,    5,    6,   -3,    6,    0,    0,    5,    0,    0,    0,    0,    0,    0,    0,    0,    0,    0,    6,    6,    0,    0,    0,    6,    0,    0,    6,    0,    0,    0,    0,    0,    0,    0,    0,    0,    0,    0,    0,    0,    0,    0,    0,    4,    6,    0,
       0,    0,    0,    0,    0,    0,  -10,    0,  -11,    0,    0,    0,    0,    0,    0,    0,    0,    0,    0,    0,    0,    0,    0,    0,    0,    0,    0,    0,    0,   -7,    0,    0,    0,    0,    0,    0,    0,    0,    0,    0,    0,    0,    0,    0,    0,    0,    0,    0,    0,    0,    0,    0,    0,    0,    0,    0,    0,    0,    0,    0,    0,    0,    0,    0,    0,    0,    0,    0,    0,    0,    0,    0,    0,    0,    0,    0,    0,    0,    0,    0,    0,    0,    0,    0,    0,    0,    0,    0,   -8,    0,    6,    0,   -7,    0,    0,    0,    0,    6,    8,   -4,    7,    0,    0,    6,    0,    0,    0,    0,    0,    0,    0,    0,    0,    0,    8,    7,    0,    0,    0,    8,    0,    0,    4,    0,    0,    0,    0,    0,    0,    0,    0,    0,    0,    0,    0,    0,    0,    0,    0,    4,    7,    0,
       0,  -15,    0,    0,  -12,   -6,    0,    8,   -7,    0,  -10,    0,    0,    0,    0,    0,    0,    0,    0,    0,    0,    0,    0,    0,    0,    0,    0,   -5,    0,  -13,    0,    0,    0,    0,    0,    0,    0,    0,    0,    0,    0,    0,    0,    0,    0,    0,    0,    0,   -9,    0,    0,    0,    0,    0,    0,    0,    0,    0,    0,    0,    0,    0,    0,    0,    0,    0,    0,    0,    0,    0,    0,    0,    0,    0,    0,    0,    0,    0,    0,    0,    0,    0,    0,    0,    0,    0,    0,    0,    0,    0,   -7,   -3,    0,    0,    0,    0,    0,   -3,   -4,    0,   -5,   -2,    0,    0,    0,    0,   -3,   -4,    0,    0,    0,    0,    0,   -4,    0,    0,    0,    0,    0,    0,    0,    0,    0,    0,    0,    0,    0,    0,   -6,    0,    0,    0,    0,    0,    0,    0,    0,    0,    0,  -15,  -12,    0,
       0,    0,    0,   -4,    0,    4,    6,   -7,    7,    5,    0,   -3,    0,    0,    0,    0,    0,    0,    0,    0,    0,    0,    0,    0,    0,    0,    0,    0,    0,  -10,    0,    0,    0,    0,    0,    0,    0,    0,    0,    0,    0,    0,    0,    0,    0,    0,    0,   -3,    0,   -9,    0,    0,    0,    0,    0,    0,    0,    0,    0,    0,    0,    0,    0,    0,    0,    0,    0,    0,    0,    0,    0,    0,    0,    0,    0,    0,    0,    0,    0,    0,    0,    0,    0,    0,    0,    0,    0,    0,    6,   -4,    8,    4,    6,    0,   -8,    0,   -4,    5,    7,   -5,   11,    0,    0,    5,    5,    0,    5,    0,    0,    0,    0,    0,    0,    0,    7,    4,    0,   -4,    0,    6,    0,    0,    0,    0,    0,    0,    0,    0,    0,    0,    0,    0,    0,    0,    0,    0,    0,    0,    0,    5,    9,    0,
       0,  -24,    0,    0,   -7,  -18,    0,    4,    0,    0,   -7,    0,    0,    0,    0,    0,    0,    0,    0,    0,    0,    0,    0,    0,    0,    0,    0,   -4,    0,  -11,    0,    0,    0,    0,    0,    0,    0,    0,    0,    0,    0,    0,    0,    0,    0,    0,    0,    0,   -7,    0,    0,    0,    0,    0,    0,    0,    0,    0,    0,    0,    0,    0,    0,    0,    0,    0,    0,    0,    0,    0,    0,    0,    0,    0,    0,    0,    0,    0,    0,    0,    0,    0,    0,    0,    0,    0,    0,    0,    0,    0,    0,    0,    4,    0,    0,    0,    0,  -12,   -7,    0,    0,    0,    0,   -9,    0,    0,    0,    0,    0,    0,    0,    0,    0,    0,   -8,    0,    0,    0,    0,   -7,    0,    0,    0,    0,    0,    0,    0,    0,  -13,    0,    0,    0,    0,    0,    0,    0,    0,    0,    0,  -21,  -24,    0,
       0,   -8,    0,    0,   -8,  -10,  -10,    4,   -9,    0,   -9,    0,    0,    0,    0,    0,    0,    0,    0,    0,    0,    0,    0,    0,    0,    0,    0,    0,    0,  -12,    0,    0,    0,    0,    0,    0,    0,    0,    0,    0,    0,    0,    0,    0,    0,    0,    0,    0,   -6,    4,    0,    0,    0,    0,    0,    0,    0,    0,    0,    0,    0,    0,    0,    0,    0,    0,    0,    0,    0,    0,    0,    0,    0,    0,    0,    0,    0,    0,    0,    0,    0,    0,    0,    0,    0,    0,    0,    0,    0,    0,    0,    0,    0,    0,    0,    0,    0,    0,    0,    0,   -6,    0,    0,    0,    0,    0,    0,    0,    0,    0,    0,    0,    0,    0,    0,    0,    0,    0,    0,    0,    0,    0,    0,    0,    0,    0,    0,    0,    0,    0,    0,    0,    0,    0,    0,    0,    0,    0,    0,   -9,   -8,    0,
       0,  -10,    0,    0,   -8,  -10,  -10,    4,   -9,    0,   -9,    0,    0,    0,    0,    0,    0,    0,    0,    0,    0,    0,    0,    0,    0,    0,    0,    0,    0,  -12,    0,    0,    0,    0,    0,    0,    0,    0,    0,    0,    0,    0,    0,    0,    0,    0,    0,    0,   -7,    4,    0,    0,    0,    0,    0,    0,    0,    0,    0,    0,    0,    0,    0,    0,    0,    0,    0,    0,    0,    0,    0,    0,    0,    0,    0,    0,    0,    0,    0,    0,    0,    0,    0,    0,    0,    0,    0,    0,    0,    0,   -5,    0,    0,    0,    0,    0,    0,    0,    0,    0,   -6,    0,    0,    0,    0,    0,    0,    0,    0,    0,    0,    0,    0,    0,    0,    0,    0,    0,    0,    0,    0,    0,    0,    0,    0,    0,    0,    0,   -4,    0,    0,    0,    0,    0,    0,    0,    0,    0,    0,   -9,   -8,    0,
       0,    0,    0,    0,   -5,    0,    0,    4,    0,    0,   -5,    0,    0,    0,    0,    0,    0,    0,    0,    0,    0,    0,    0,    0,    0,    0,    0,    0,    0,   -9,    0,    0,    0,    0,    0,    0,    0,    0,    0,    0,    0,    0,    0,    0,    0,    0,    0,    0,   -6,    0,    0,    0,    0,    0,    0,    0,    0,    0,    0,    0,    0,    0,    0,    0,    0,    0,    0,    0,    0,    0,    0,    0,    0,    0,    0,    0,    0,    0,    0,    0,    0,    0,    0,    0,    0,    0,    0,    0,    0,    0,    0,    0,    0,    0,    0,    0,    0,    0,    0,    0,    0,    0,    0,    0,    0,    0,    0,    0,    0,    0,    0,    0,    0,    0,    0,    0,    0,    0,    0,    0,    0,    0,    0,    0,    0,    0,    0,    0,   -5,    0,    0,    0,    0,    0,    0,    0,    0,    0,    0,    0,    0,    0,
       0,  -12,    0,   -5,    0,   -7,    0,    5,    0,    0,   -7,    0,    0,    0,    0,    0,    0,    0,    0,    0,    0,    0,    0,    0,    0,    0,    0,    0,    0,    0,    0,    0,    0,    0,    0,    0,    0,    0,    0,    0,    0,    0,    0,    0,    0,    0,    0,    0,    0,    0,    0,    0,    0,    0,    0,    0,    0,    0,    0,    0,    0,    0,    0,    0,    0,    0,    0,    0,    0,    0,    0,    0,    0,    0,    0,    0,    0,    0,    0,    0,    0,    0,    0,    0,    0,    0,    0,    0,    0,    0,    0,    0,    0,    0,    0,    0,    0,    0,    0,    0,    0,    0,    0,    0,    0,    0,    0,   -5,    0,    0,    0,    0,    9,    0,    0,    0,    0,    0,    0,    0,    0,    0,    0,    0,    0,    0,    0,    0,   -4,    0,    0,    0,    0,    0,    0,    0,    0,    0,    0,  -12,   -9,    0,
       0,    0,    0,    0,    0,    0,    5,    0,    0,    0,   -3,    0,    0,    0,    0,    0,    0,    0,    0,    0,    0,    0,    0,    0,    0,    0,    0,    0,    0,   -8,    0,    0,    0,    0,    0,    0,    0,    0,    0,    0,    0,    0,    0,    0,    0,    0,    0,    0,   -6,   -4,    0,    0,    0,    0,    0,    0,    0,    0,    0,    0,    0,    0,    0,    0,    0,    0,    0,    0,    0,    0,    0,    0,    0,    0,    0,    0,    0,    0,    0,    0,    0,    0,    0,    0,    0,    0,    0,    0,    0,    0,    5,    0,    0,    0,    0,    0,    0,    0,    0,   -3,    5,    0,    0,    0,    0,    0,    0,    0,    0,    0,    0,    0,    0,    0,    0,    0,    0,    0,    0,    0,    0,    0,    0,    0,    0,    0,    0,    0,    0,    0,    0,    0,    0,    0,    0,    0,    0,    0,    0,    0,    0,    0,
       0,    0,    0,    0,   -4,   -3,    0,    0,   -4,    0,  -12,    0,    0,    0,    0,    0,    0,    0,    0,    0,    0,    0,    0,    0,    0,    0,    0,    0,    0,  -11,    0,    0,    0,    0,    0,    0,    0,    0,    0,    0,    0,    0,    0,    0,    0,    0,    0,    0,   -6,    0,    0,    0,    0,    0,    0,    0,    0,    0,    0,    0,    0,    0,    0,    0,    0,    0,    0,    0,    0,    0,    0,    0,    0,    0,    0,    0,    0,    0,    0,    0,    0,    0,    0,    0,    0,    0,    0,    0,    0,    0,    0,    0,    0,    0,    0,    0,    0,    0,    0,    0,    0,    0,    0,    0,    0,    0,    0,    0,    0,    0,    0,    0,    0,    0,    0,    0,    0,    0,    0,    0,    0,    0,    0,    0,    0,    0,    0,    0,   -3,    0,    0,    0,    0,    0,    0,    0,    0,    0,    0,    0,    0,    0,
       0,    0,    0,    0,    4,    0,    0,    4,    0,    0,    0,    0,    0,    0,    0,    0,    0,    0,    0,    0,    0,    0,    0,    0,    0,    0,    0,    0,    0,    0,    0,    0,    0,    0,    0,    0,    0,    0,    0,    0,    0,    0,    0,    0,    0,    0,    0,    0,    0,    0,    0,    0,    0,    0,    0,    0,    0,    0,    0,    0,    0,    0,    0,    0,    0,    0,    0,    0,    0,    0,    0,    0,    0,    0,    0,    0,    0,    0,    0,    0,    0,    0,    0,    0,    0,    0,    0,    0,    0,    0,    0,    0,    0,    0,    0,    0,    0,    0,    0,    0,    0,    0,    0,    0,    0,    0,    0,    0,    0,    0,    0,    0,    0,    0,    0,    0,    0,    0,    0,    0,    0,    0,    0,    0,    0,    0,    0,    0,   -5,    0,    0,    0,    0,    0,    0,    0,    0,    0,    0,    0,    0,    0,
       0,    0,    0,   -4,    4,    0,    0,    4,    0,    0,    0,    0,    0,    0,    0,    0,    0,    0,    0,    0,    0,    0,    0,    0,    0,    0,    0,    0,    0,    3,    0,    0,    0,    0,    0,    0,    0,    0,    0,    0,    0,    0,    0,    0,    0,    0,    0,    0,    0,    0,    0,    0,    0,    0,    0,    0,    0,    0,    0,    0,    0,    0,    0,    0,    0,    0,    0,    0,    0,    0,    0,    0,    0,    0,    0,    0,    0,    0,    0,    0,    0,    0,    0,    0,    0,    0,    0,    0,    0,    0,    0,    0,    0,    0,    0,    0,    0,    0,    0,    0,    0,    0,    0,    0,    0,    0,    0,    0,    0,    0,    0,    0,   10,    0,    0,    0,    0,    0,    0,    0,    0,    0,    0,    0,    0,    0,    0,    0,   -5,    0,    0,    0,    0,    0,    0,    0,    0,    0,    0,    0,    0,    0,
       0,  -12,    0,   -4,   -5,   -7,    0,    5,    0,    0,   -7,    0,    0,    0,    0,    0,    0,    0,    0,    0,    0,    0,    0,    0,    0,    0,    0,    0,    0,  -11,    0,    0,    0,    0,    0,    0,    0,    0,    0,    0,    0,    0,    0,    0,    0,    0,    0,    0,   -9,    0,    0,    0,    0,    0,    0,    0,    0,    0,    0,    0,    0,    0,    0,    0,    0,    0,    0,    0,    0,    0,    0,    0,    0,    0,    0,    0,    0,    0,    0,    0,    0,    0,    0,    0,    0,    0,    0,    0,    0,    0,    0,    0,    0,    0,    0,    0,    0,    0,    0,    0,    0,    0,    0,    0,    0,    0,    0,    0,    0,    0,    0,    0,   -3,    0,    0,    0,    0,    0,    0,    0,    0,    0,    0,    0,    0,    0,    0,    0,   -6,    0,    0,    0,    0,    0,    0,    0,    0,    0,    0,  -11,   -9,    0,
       0,    0,    0,    0,   -5,    0,    0,    4,    0,    0,   -5,    0,    0,    0,    0,    0,    0,    0,    0,    0,    0,    0,    0,    0,    0,    0,    0,    0,    0,   -4,    0,    0,    0,    0,    0,    0,    0,    0,    0,    0,    0,    0,    0,    0,    0,    0,    0,    0,   -4,    0,    0,    0,    0,    0,    0,    0,    0,    0,    0,    0,    0,    0,    0,    0,    0,    0,    0,    0,    0,    0,    0,    0,    0,    0,    0,    0,    0,    0,    0,    0,    0,    0,    0,    0,    0,    0,    0,    0,    0,    0,    0,    0,    0,    0,    0,    0,    0,    0,    0,    0,    0,    0,    0,    0,    0,    0,    0,    0,    0,    0,    0,    0,    0,    0,    0,    0,    0,    0,    0,    0,    0,    0,    0,    0,    0,    0,    0,    0,   -5,    0,    0,    0,    0,    0,    0,    0,    0,    0,    0,    0,    0,    0,
       0,  -17,    0,    0,   -9,  -15,    0,    0,    0,    0,   -9,    0,    0,    0,    0,    0,    0,    0,    0,    0,    0,    0,    0,    0,    0,    0,    0,   -5,    0,  -13,    0,    0,    0,    0,    0,    0,    0,    0,    0,    0,    0,    0,    0,    0,    0,    0,    0,    0,   -9,    0,    0,    0,    0,    0,    0,    0,    0,    0,    0,    0,    0,    0,    0,    0,    0,    0,    0,    0,    0,    0,    0,    0,    0,    0,    0,    0,    0,    0,    0,    0,    0,    0,    0,    0,    0,    0,    0,    0,    0,    0,    0,    0,    0,    0,    0,    0,    0,  -11,   -8,    0,    0,   -3,    0,   -7,    0,    0,   -3,   -4,    0,    0,    0,    0,    0,   -4,  -11,    0,    0,    0,    0,   -8,    0,    0,    0,    0,    0,    0,    0,    0,  -15,    0,    0,    0,    0,    0,    0,    0,    0,    0,    0,  -15,  -12,    0,
       4,    7,    0,   -4,    9,    0,  -33,  -17,  -21,    0,   11,   -9,    0,    0,    0,    0,    0,    0,    0,    0,    0,    0,    0,    0,    0,    0,    0,    0,    0,   13,    0,    0,    0,    0,    0,    0,    0,    0,    0,    0,    0,    0,    0,    0,    0,    0,    0,    0,   13,  -20,    0,    0,    0,    0,    0,    0,    0,    0,    0,    0,    0,    0,    0,    0,    0,    0,    0,   11,   -4,    0,  -27,  -17,   10,  -21,  -16,   10,    7,    0,   -4,   -5,    9,    8,    7,    0,   -6,    0,   -4,   -4,  -17,  -17,    0,    0,  -18,   -8,  -17,   -5,  -18,    0,    0,  -20,    0,    0,   -4,    0,    0,    0,  -14,   12,  -15,  -11,    0,    0,    0,   12,    0,    0,   -4,  -17,   12,    0,    0,    4,   -4,  -31,   -6,    0,   -6,    4,    0,    0,    0,    0,    0,    0,    0,    0,    0,    0,    0,   10,   10,    0,
       0,    5,    0,    0,    0,    6,  -18,    0,  -14,    6,    0,    0,    0,    0,    0,    0,    0,    0,    0,    0,    0,    0,    0,    0,    0,    0,    0,    0,    0,   -4,    0,    0,    0,    0,    0,    0,    0,    0,    0,    0,    0,    0,    0,    0,    0,    0,    0,    0,    0,    0,    7,    0,    0,    0,    0,    0,    0,    0,    0,    0,    0,    0,    0,    0,    0,    0,    0,    0,    0,    0,    0,    0,    0,    0,    0,    0,    0,    0,    0,    0,    0,    0,    0,    0,    0,    0,    0,    0,   -7,    0,    9,    6,   -8,    0,    0,    0,    0,   10,   11,    0,   10,    6,    0,   10,    6,    0,    0,    0,    0,    0,    0,    0,    0,    0,   11,   11,    0,    0,    0,   11,    0,    0,    8,    0,    0,    0,    0,    0,    0,    0,    0,    0,    0,    0,    0,    0,    0,    0,    0,    7,   11,    0,
       0,   -6,    0,   -4,    0,   -6,    7,    0,    0,    0,   -6,    0,    0,    0,    0,    0,    0,    0,    0,    0,    0,    0,    0,    0,    0,    0,    0,    0,    0,    0,    0,    0,    0,    0,    0,    0,    0,    0,    0,    0,    0,    0,    0,    0,    0,    0,    0,    0,    0,    0,    0,    0,    0,    0,    0,    0,    0,    0,    0,    0,    0,    0,    0,    0,    0,    0,    0,    0,    0,    0,    0,    0,    0,    0,    0,    0,    0,    0,    0,    0,    0,    0,    0,    0,    0,    0,    0,    0,    0,    0,    4,    0,    4,    0,    0,    0,    0,    0,    0,    0,    4,   -5,    0,    0,    0,    0,    0,    0,    0,    0,    0,    0,   12,    0,    0,    0,    0,    0,    0,    0,    0,    0,    0,    0,    0,    0,    0,    0,    0,    0,    0,    0,    0,    0,    0,    0,    0,    0,    0,   -5,    0,    0,
       0,  -31,    0,   -4,    0,  -24,    7,    0,    0,    0,   -6,    0,    0,    0,    0,    0,    0,    0,    0,    0,    0,    0,    0,    0,    0,    0,    0,   -4,    0,    0,    0,    0,    0,    0,    0,    0,    0,    0,    0,    0,    0,    0,    0,    0,    0,    0,    0,    0,    0,    0,    0,    0,    0,    0,    0,    0,    0,    0,    0,    0,    0,    0,    0,    0,    0,    0,    0,    0,    0,    0,    0,    0,    0,    0,    0,    0,    0,    0,    0,    0,    0,    0,    0,    0,    0,    0,    0,    0,    0,    0,    4,    0,    4,    0,    0,    0,    0,  -14,    0,    0,    4,   -7,    0,  -11,    0,    0,    0,    0,    0,    0,    0,    0,   12,    0,  -10,    0,    0,    0,    0,  -12,    0,    0,   -7,    0,    0,    0,    0,    0,    0,    0,    0,    0,    0,    0,    0,    0,    0,    0,    0,  -27,  -30,    0,
       0,  -11,    0,    0,    0,   -3,    0,   10,    0,    0,   -7,    0,    0,    0,    0,    0,    0,    0,    0,    0,    0,    0,    0,    0,    0,    0,    0,   -4,    0,    0,    0,    0,    0,    0,    0,    0,    0,    0,    0,    0,    0,    0,    0,    0,    0,    0,    0,    0,    0,    0,    0,    0,    0,    0,    0,    0,    0,    0,    0,    0,    0,    0,    0,    0,    0,    0,    0,  -15,    0,   -6,    0,    0,   -5,    0,    0,   -8,    0,    0,    0,    0,   -7,    0,   -5,   -6,    0,    0,    0,    0,    0,    0,   -4,    0,    0,    0,    0,    0,    0,    0,    0,    0,    0,    0,    0,    0,    0,    0,    0,    0,    0,    0,    0,    0,   11,    0,    0,    0,    0,    0,  -18,    0,    0,    0,    0,    0,    0,    0,    0,    0,    0,    0,    0,    0,    0,    0,    0,    0,    0,    0,    0,  -11,   -8,    0,
       0,  -17,    0,    0,    0,  -11,    0,    8,    5,    0,   -8,    0,    0,    0,    0,    0,    0,    0,    0,    0,    0,    0,    0,    0,    0,    0,    0,    0,    0,    0,    0,    0,    0,    0,    0,    0,    0,    0,    0,    0,    0,    0,    0,    0,    0,    0,    0,    0,    0,    0,    0,    0,    0,    0,    0,    0,    0,    0,    0,    0,    0,    0,    0,    0,    0,    0,    0,    0,    0,    0,    0,    0,    0,    0,    0,    0,    0,    0,    0,    0,    0,    0,    0,    0,    0,    0,    0,    0,    0,    0,    0,    0,    0,    0,    0,    0,    0,   -7,    0,    0,    0,    0,    0,   -5,    0,    0,    0,    0,    0,    0,    0,    0,   14,    0,   -5,    0,    0,    0,    0,   -4,    0,    0,    0,    0,    0,    0,    0,    0,    0,    0,    0,    0,    0,    0,    0,    0,    0,    0,    0,  -15,  -15,    0,
       0,    0,    0,  -11,    8,    0,  -21,  -15,  -25,   -7,    6,  -15,    0,    0,    0,    0,    0,    0,    0,    0,    0,    0,    0,    0,    0,    0,    0,    0,    0,    9,    0,    0,    0,    0,    0,    0,    0,    0,    0,    0,    0,    0,    0,    0,    0,    0,    0,   -5,    9,  -21,   -7,    0,    0,    0,    0,    0,    0,    0,    0,    0,    0,    0,    0,    0,    0,    0,    0,    7,  -11,   -4,  -24,  -21,    7,  -23,  -20,    9,    0,   -4,  -11,  -12,    7,    4,    0,   -9,  -11,   -7,   -9,   -9,  -22,  -19,    0,   -6,  -23,  -14,  -19,  -10,  -20,    0,    0,  -21,    0,   -6,   -9,    0,   -6,   -8,  -16,    7,  -18,  -14,    0,    0,    0,    7,    0,    0,  -11,  -19,   10,    0,    0,    0,   -6,  -20,  -11,    0,  -11,    0,    0,    0,    0,    0,    0,    0,    0,    0,    0,    0,    0,    0,    4,    0,
       0,    0,    0,    0,    0,    0,  -11,    0,   -9,    0,    0,    0,    0,    0,    0,    0,    0,    0,    0,    0,    0,    0,    0,    0,    0,    0,    0,    0,    0,   -7,    0,    0,    0,    0,    0,    0,    0,    0,    0,    0,    0,    0,    0,    0,    0,    0,    0,    0,    0,    0,    3,    0,    0,    0,    0,    0,    0,    0,    0,    0,    0,    0,    0,    0,    0,    0,    0,    0,    0,    0,    0,    0,    0,    0,    0,    0,    0,    0,    0,    0,    0,    0,    0,    0,    0,    0,    0,    0,   -8,    0,    6,    0,   -8,    0,    0,    0,    0,    6,    8,    0,    7,    0,    0,    6,    0,    0,    0,    0,    0,    0,    0,    0,    0,    0,    8,    7,    0,    0,    0,    8,    0,    0,    4,    0,    0,    0,    0,    0,    0,    0,    0,    0,    0,    0,    0,    0,    0,    0,    0,    0,    7,    0,
       0,  -20,    0,   -5,   -4,   -9,    4,    5,    0,    0,  -10,    0,    0,    0,    0,    0,    0,    0,    0,    0,    0,    0,    0,    0,    0,    0,    0,   -5,    0,  -14,    0,    0,    0,    0,    0,    0,    0,    0,    0,    0,    0,    0,    0,    0,    0,    0,    0,    0,  -10,    0,    0,    0,    0,    0,    0,    0,    0,    0,    0,    0,    0,    0,    0,    0,    0,    0,    0,  -21,    0,    0,    0,    0,    0,    0,    0,    0,    0,    0,    0,    0,    0,   -6,    0,    0,    0,    0,    0,    0,    0,    0,    0,    0,    0,    0,    0,    0,    0,    0,    0,    0,    0,    0,    0,    0,    0,    0,    0,    0,    0,    0,    0,    0,    0,    0,    0,    0,    0,    0,  -23,    0,    0,   -4,    0,    5,    0,    0,    0,    0,    0,    0,    0,    0,    0,    0,    0,    0,    0,    0,    0,  -20,  -17,    0,
       0,  -11,    0,   -4,   -5,   -7,    0,    5,    0,    0,   -7,    0,    0,    0,    0,    0,    0,    0,    0,    0,    0,    0,    0,    0,    0,    0,    0,    0,    0,  -11,    0,    0,    0,    0,    0,    0,    0,    0,    0,    0,    0,    0,    0,    0,    0,    0,    0,    0,   -9,    0,    0,    0,    0,    0,    0,    0,    0,    0,    0,    0,    0,    0,    0,    0,    0,    0,    0,    0,    0,    0,    0,    0,    0,    0,    0,    0,    0,    0,    0,    0,    0,    0,    0,    0,    0,    0,    0,    0,    0,    0,    0,    0,    0,    0,    0,    0,    0,    0,    0,    0,    0,    0,    0,    0,    0,    0,    0,    0,    0,    0,    0,    0,   -3,    0,    0,    0,    0,    0,    0,    0,    0,    0,    0,    0,    0,    0,    0,    0,   -6,    0,    0,    0,    0,    0,    0,    0,    0,    0,    0,   -9,   -6,    0,
       0,    0,    0,    0,   -7,    0,    0,    4,   -6,    0,   -5,    0,    0,    0,    0,    0,    0,    0,    0,    0,    0,    0,    0,    0,    0,    0,    0,   -3,    0,   -9,    0,    0,    0,    0,    0,    0,    0,    0,    0,    0,    0,    0,    0,    0,    0,    0,    0,    0,   -6,    0,    0,    0,    0,    0,    0,    0,    0,    0,    0,    0,    0,    0,    0,    0,    0,    0,    0,    0,    0,    0,    0,    0,   -6,    0,    0,    0,    0,    0,    0,    0,    0,    0,   -5,   -5,    0,    0,    0,    0,    0,    0,    0,    0,    0,    0,    0,    0,    0,    0,    0,    0,    0,    0,    0,    0,    0,    0,    0,    0,    0,    0,    0,    0,    0,    0,    0,    0,    0,    0,   -9,    0,    0,    0,    0,    0,    0,    0,    0,    0,    0,    0,    0,    0,    0,    0,    0,    0,    0,    0,    0,    0,    0,    0,
       0,    0,    0,   -6,    0,  -12,    0,    0,    0,    0,    0,    0,    0,    0,    0,    0,    0,    0,    0,    0,    0,    0,    0,    0,    0,    0,    0,   -6,    0,    0,    0,    0,    0,    0,    0,    0,    0,    0,    0,    0,    0,    0,    0,    0,    0,    0,    0,    0,    0,    0,    0,    0,    0,    0,    0,    0,    0,    0,    0,    0,    0,    0,    0,    0,    0,    0,    0,    0,   -5,    0,    0,    0,    0,    0,    0,    0,    0,    0,   -6,   -8,    0,    0,    0,    0,    0,    0,    0,    0,    0,    0,    0,    0,    0,    0,    0,    0,    0,  -12,    0,    0,    0,   -7,    0,  -10,    0,    0,    0,    0,    0,    0,    0,    0,    5,    0,   -9,    0,   -6,    0,    0,  -12,    0,  -11,   -5,    0,    0,   -5,    0,    0,    0,    0,    0,    0,    0,    0,    0,    0,    0,    0,    0,    0,    0,    0,
       0,    0,    0,   -4,    0,    0,    6,    0,    0,    0,    0,    0,    0,    0,    0,    0,    0,    0,    0,    0,    0,    0,    0,    0,    0,    0,    0,    0,    0,    0,    0,    0,    0,    0,    0,    0,    0,    0,    0,    0,    0,    0,    0,    0,    0,    0,    0,    0,    0,   -3,    0,    0,    0,    0,    0,    0,    0,    0,    0,    0,    0,    0,    0,    0,    0,    0,    0,    0,    0,    0,    0,    0,    0,    0,    0,    0,    0,    0,    0,    0,    0,    0,    0,    0,    0,    0,    0,    0,    0,    0,    4,    0,    4,    0,    0,    0,    0,    3,    5,    0,    4,    0,    0,    3,    0,    0,    0,    0,    0,    0,    0,    0,   12,    0,    5,    0,    0,    0,    0,    4,    0,    0,    0,    0,    0,    0,    0,    0,    0,    0,    0,    0,    0,    0,    0,    0,    0,    0,    0,    0,    4,    0,
       0,    0,    0,    0,    0,    0,    0,    4,    0,    0,   -5,    0,    0,    0,    0,    0,    0,    0,    0,    0,    0,    0,    0,    0,    0,    0,    0,    0,    0,    0,    0,    0,    0,    0,    0,    0,    0,    0,    0,    0,    0,    0,    0,    0,    0,    0,    0,    0,    0,    0,    0,    0,    0,    0,    0,    0,    0,    0,    0,    0,    0,    0,    0,    0,    0,    0,    0,    0,    0,    0,    0,    0,    0,    0,    0,    0,    0,    0,    0,    0,    0,    0,    0,    0,    0,    0,    0,    0,    0,    0,    0,    0,    0,    0,    0,    0,    0,    0,    0,    0,    0,    0,    0,    0,    0,    0,    0,    0,    0,    0,    0,    0,    8,    0,    0,    0,    0,    0,    0,    0,    0,    0,    0,    0,    0,    0,    0,    0,   -5,    0,    0,    0,    0,    0,    0,    0,    0,    0,    0,    0,    0,    0,
       0,    0,    0,    0,    0,    0,    8,    0,    0,    0,    0,    0,    0,    0,    0,    0,    0,    0,    0,    0,    0,    0,    0,    0,    0,    0,    0,    0,    0,    0,    0,    0,    0,    0,    0,    0,    0,    0,    0,    0,    0,    0,    0,    0,    0,    0,    0,    0,    0,    0,    0,    0,    0,    0,    0,    0,    0,    0,    0,    0,    0,    0,    0,    0,    0,    0,    0,    0,    0,    0,    4,    0,    0,    4,    0,    4,    0,    0,    0,   -6,    4,    0,    0,    0,    0,    0,    0,    0,    0,    0,    0,    0,    0,    0,    0,    0,    0,    0,    0,    0,    0,    0,    0,    0,    0,    0,    0,    0,    0,    0,    0,    0,    0,    0,    0,    0,    0,    0,    0,    0,    0,    0,    0,    9,    0,    0,    0,    0,    0,    0,    0,    0,    0,    0,    0,    0,    0,    0,    0,    0,    0,    0,
       0,   -8,    0,    0,   -6,   -4,    0,    8,    0,    0,   -6,    0,    0,    0,    0,    0,    0,    0,    0,    0,    0,    0,    0,    0,    0,    0,    0,    0,    0,   -9,    0,    0,    0,    0,    0,    0,    0,    0,    0,    0,    0,    0,    0,    0,    0,    0,    0,    0,   -6,    0,    0,    0,    0,    0,    0,    0,    0,    0,    0,    0,    0,    0,    0,    0,    0,    0,    0,    0,    0,    0,    0,    0,    0,    0,    0,    0,    0,    0,    0,    0,    0,    0,    0,    0,    0,    0,    0,    0,    0,    0,    0,    0,    0,    0,    0,    0,    0,    0,    0,    0,    0,    0,    0,    0,    0,    0,    0,    0,    0,    0,    0,    0,    0,    0,    0,    0,    0,    0,    0,    0,    0,    0,    0,    0,    0,    0,    0,    0,   -3,    0,    0,    0,    0,    0,    0,    0,    0,    0,    0,   -6,   -6,    0,
       0,    0,    0,    0,   -7,    0,   -5,    7,  -11,    0,   -5,    0,    0,    0,    0,    0,    0,    0,    0,    0,    0,    0,    0,    0,    0,    0,    0,    0,    0,   -9,    0,    0,    0,    0,    0,    0,    0,    0,    0,    0,    0,    0,    0,    0,    0,    0,    0,    0,   -7,    0,    0,    0,    0,    0,    0,    0,    0,    0,    0,    0,    0,    0,    0,    0,    0,    0,    0,    0,    0,    0,   -6,    0,   -7,   -6,    0,  -10,   -6,    0,    0,    0,   -9,    0,   -8,   -5,    0,    0,    0,    0,    0,    0,    0,    0,    0,    0,    0,    0,    0,    0,    0,    0,    0,    0,    0,    0,    0,    0,    0,    0,    0,    0,    0,    0,    0,    0,    0,    0,    0,    0,  -10,    0,    0,    0,    0,   -6,    0,    0,    0,   -7,    0,    0,    0,    0,    0,    0,    0,    0,    0,    0,    0,    0,    0,    0,
       0,    0,    0,    0,    0,   -5,    0,    6,   -5,    0,    0,    0,    0,    0,    0,    0,    0,    0,    0,    0,    0,    0,    0,    0,    0,    0,    0,    0,    0,    0,    0,    0,    0,    0,    0,    0,    0,    0,    0,    0,    0,    0,    0,    0,    0,    0,    0,    0,    0,    0,    0,    0,    0,    0,    0,    0,    0,    0,    0,    0,    0,    0,    0,    0,    0,    0,    0,    0,    0,   -4,    0,    0,    0,    0,    0,    0,    0,    0,    0,    0,    0,    0,    0,   -6,    0,    0,    0,    0,    0,    0,   -5,    0,    0,    0,    0,    0,    0,   -6,   -5,    0,   -4,    0,    0,   -6,    0,    0,    0,    0,    0,    0,    0,    0,    0,    0,   -3,    0,    0,    0,    0,   -6,    0,    0,    0,    0,    0,    0,    0,    0,  -12,    0,    0,    0,    0,    0,    0,    0,    0,    0,    0,    0,    0,    0,
       0,    0,    0,   -4,    0,    0,    6,    0,    0,    0,   -5,    0,    0,    0,    0,    0,    0,    0,    0,    0,    0,    0,    0,    0,    0,    0,    0,    0,    0,    0,    0,    0,    0,    0,    0,    0,    0,    0,    0,    0,    0,    0,    0,    0,    0,    0,    0,   -4,    0,   -5,    0,    0,    0,    0,    0,    0,    0,    0,    0,    0,    0,    0,    0,    0,    0,    0,    0,    0,    0,    0,    0,    0,    0,    0,    0,    0,    0,    0,    0,    0,    0,    0,    0,    0,    0,    0,    0,    0,    0,    0,    4,    0,    0,    0,    0,    0,    0,    0,    0,   -4,    4,    0,    0,    0,    0,    0,    0,    0,    0,    0,    0,    0,   13,    0,    0,    0,    0,    0,    0,    0,    0,    0,    0,    0,    0,    0,    0,    0,    0,    0,    0,    0,    0,    0,    0,    0,    0,    0,    0,    0,    0,    0,
       0,    0,    0,    0,    0,    0,    0,    0,    0,    0,    0,    0,    0,    0,    0,    0,    0,    0,    0,    0,    0,    0,    0,    0,    0,    0,    0,    0,    0,    0,    0,    0,    0,    0,    0,    0,    0,    0,    0,    0,    0,    0,    0,    0,    0,    0,    0,    0,    0,    0,    0,    0,    0,    0,    0,    0,    0,    0,    0,    0,    0,    0,    0,    0,    0,    0,    0,    0,    0,    0,    0,    0,    0,    0,    0,    0,    0,    0,    0,    0,    0,    0,    0,    0,    0,    0,    0,    0,    0,    0,    0,    0,    0,    0,    0,    0,    0,    0,    0,    0,    0,    0,    0,    0,    0,    0,    0,    0,    0,    0,    0,    0,    0,    0,    0,    0,    0,    0,    0,    0,    0,    0,    0,    0,    0,    0,    0,    0,    0,  -11,   -3,   -9,   -2,   -5,   -6,   -1,    0,    0,    0,    0,    0,    0,
       0,    0,    0,    0,    0,    0,    0,    0,    0,    0,    0,    0,    0,    0,    0,    0,    0,    0,    0,    0,    0,    0,    0,    0,    0,    0,    0,    0,    0,    0,    0,    0,    0,    0,    0,    0,    0,    0,    0,    0,    0,    0,    0,    0,    0,    0,    0,    0,    0,    0,    0,    0,    0,    0,    0,    0,    0,    0,    0,    0,    0,    0,    0,    0,    0,    0,    0,    0,    0,    0,    0,    0,    0,    0,    0,    0,    0,    0,    0,    0,    0,    0,    0,    0,    0,    0,    0,    0,    0,    0,    0,    0,    0,    0,    0,    0,    0,    0,    0,    0,    0,    0,    0,    0,    0,    0,    0,    0,    0,    0,    0,    0,    0,    0,    0,    0,    0,    0,    0,    0,    0,    0,    0,    0,    0,    0,    0,    0,    0,    0,    0,    0,    0,    0,    0,    0,    0,    0,   -7,    0,    0,    0,
       0,    0,    0,    0,    0,    0,    0,    0,    0,    0,    0,    0,    0,    0,    0,    0,    0,    0,    0,    0,    0,    0,    0,    0,    0,    0,    0,    0,    0,    0,    0,    0,    0,    0,    0,    0,    0,    0,    0,    0,    0,    0,    0,    0,    0,    0,    0,    0,    0,    0,    0,    0,    0,    0,    0,    0,    0,    0,    0,    0,    0,    0,    0,    0,    0,    0,    0,    0,    0,    0,    0,    0,    0,    0,    0,    0,    0,    0,    0,    0,    0,    0,    0,    0,    0,    0,    0,    0,    0,    0,    0,    0,    0,    0,    0,    0,    0,    0,    0,    0,    0,    0,    0,    0,    0,    0,    0,    0,    0,    0,    0,    0,    0,    0,    0,    0,    0,    0,    0,    0,    0,    0,    0,    0,    0,    0,    0,    0,    0,    0,    0,    0,    0,    0,    0,    0,   -3,    0,    0,    0,    0,    0,
       0,    0,    0,    0,    0,    0,    0,    0,    0,    0,    0,    0,    0,    0,    0,    0,    0,    0,    0,    0,    0,    0,    0,    0,    0,    0,    0,    0,    0,    0,    0,    0,    0,    0,    0,    0,    0,    0,    0,    0,    0,    0,    0,    0,    0,    0,    0,    0,    0,    0,    0,    0,    0,    0,    0,    0,    0,    0,    0,    0,    0,    0,    0,    0,    0,    0,    0,    0,    0,    0,    0,    0,    0,    0,    0,    0,    0,    0,    0,    0,    0,    0,    0,    0,    0,    0,    0,    0,    0,    0,    0,    0,    0,    0,    0,    0,    0,    0,    0,    0,    0,    0,    0,    0,    0,    0,    0,    0,    0,    0,    0,    0,    0,    0,    0,    0,    0,    0,    0,    0,    0,    0,    0,    0,    0,    0,    0,    0,    0,    0,    0,    0,    0,    0,    0,    0,   -3,   -3,    3,    0,    0,    0,
       0,    0,    0,    0,    0,    0,    0,    0,    0,    0,    0,    0,  -27,    0,  -10,  -10,  -32,   -7,  -10,    5,    6,    6,    9,   11,    5,    9,    7,    0,    0,    0,   -9,    0,  -11,  -14,    0,    0,    0,    0,    0,   -7,    0,    0,    4,    4,    0,    4,    0,    0,    0,    0,    0,  -65,    0,   -9,    0,    0,    0,  -23,    0,    0,    0,    0,    0,    0,    0,    0,    0,    6,    0,    5,  -32,  -20,    0,  -27,  -18,    4,    0,   -7,  -10,   -4,    5,    5,    0,    0,   -9,    0,    0,    0,  -14,  -11,    0,    0,  -15,   -5,  -14,    0,  -10,    0,    0,  -18,    0,    0,    0,    0,    0,    0,   -7,    5,   -8,   -7,    0,    0,    0,    5,    0,    0,    0,   -9,    5,    0,    0,    0,    0,  -34,   -5,    0,   -3,    0,    0,    0,    0,    0,    0,    0,    0,    0,    0,    0,    0,    0,    0,    0,
       0,    0,    0,    0,    0,    0,    0,    0,    0,    0,    0,    0,  -33,    0,  -12,  -12,  -35,    0,  -12,   -7,    6,    4,    9,   10,    5,    7,    6,    0,    0,    0,  -21,   -3,  -24,  -24,   -6,   -3,   -3,    0,  -14,  -26,    0,  -11,   -3,   -3,    0,   -3,  -11,    0,    0,    0,    0,  -43,   -7,  -21,   -3,   -3,   -3,  -24,   -3,   -3,   -3,    0,    0,    0,    0,    0,    0,    6,   -6,   -7,  -35,  -22,    0,  -33,  -21,    0,    0,    0,  -12,   -8,    5,    0,    0,   -4,  -21,    0,   -7,   -7,  -19,  -16,    0,   -5,  -21,  -10,  -24,   -8,  -16,    0,    0,  -23,    0,    0,   -7,    0,   -5,   -6,  -13,    0,  -15,  -26,    0,    0,    0,    0,    0,    0,   -6,  -16,    4,    0,    0,    0,   -4,  -36,  -10,   -4,   -9,    0,   -6,    0,    0,    0,    0,    0,    0,    0,    0,    0,    0,    0,    0,    0,
       0,    0,    0,    0,    0,    0,    0,    0,    0,    0,    0,    0,    7,    0,  -11,  -11,    7,    0,  -11,    3,  -25,   -7,  -42,  -25,    8,  -36,    7,    0,    0,    0,    3,    3,    0,    0,    3,    3,    3,   10,    3,    4,    0,    3,  -14,  -10,    7,  -14,    8,    0,    0,    0,    0,    8,    0,    3,    3,    3,    3,    0,    3,    3,    3,    0,    0,    0,    0,    0,    0,    0,    0,    0,    0,    0,    0,    0,    0,    0,    0,    0,    0,    0,    0,    0,    0,    0,    0,    0,    0,    0,    0,    0,    0,    0,    0,    0,    0,    0,    0,    0,    0,    0,    0,    0,    0,    0,    0,    0,    0,    0,    0,    0,    0,    0,    0,    0,    0,    0,    0,    0,    0,    0,    0,    0,    0,    0,    0,    0,    0,    0,    0,    0,    0,    0,    0,    0,    0,    0,    0,    0,    0,    0,    0,    0,
};

static const EpdLigaturePair ubuntu_10_boldLigaturePairs[] = {
    { 0x00660066, 0xFB00 }, // f f -> U+FB00
    { 0x00660069, 0xFB01 }, // f i -> U+FB01
    { 0x0066006C, 0xFB02 }, // f l -> U+FB02
    { 0xFB000069, 0xFB03 }, // U+FB00 i -> U+FB03
    { 0xFB00006C, 0xFB04 }, // U+FB00 l -> U+FB04
};

static const EpdFontData ubuntu_10_bold = {
    ubuntu_10_boldBitmaps,
    ubuntu_10_boldGlyphs,
    ubuntu_10_boldIntervals,
    52,
    24,
    20,
    -4,
    true,
    ubuntu_10_boldGroups,
    13,
    nullptr,
    ubuntu_10_boldKernLeftClasses,
    ubuntu_10_boldKernRightClasses,
    ubuntu_10_boldKernMatrix,
    563,
    575,
    157,
    142,
    ubuntu_10_boldLigaturePairs,
    5,
};
