/**
 * generated by fontconvert.py
 * name: ubuntu_12_bold
 * size: 12
 * mode: 2-bit  compressed: true
 * Command used: fontconvert.py ubuntu_12_bold 12 ../builtinFonts/source/Ubuntu/Ubuntu-Bold.ttf ../builtinFonts/source/NotoSansThai/NotoSansThai-Bold.ttf --additional-intervals 0x0E01,0x0E5B --2bit --compress
 */
#pragma once
#include "EpdFontData.h"

static const uint8_t ubuntu_12_boldBitmaps[18694] = {
    0x9D, 0x58, 0x3D, 0x92, 0xDC, 0xC6, 0x15, 0x7E, 0x33, 0x50, 0x2D, 0x5C, 0x82, 0x6C, 0x28, 0x50,
    0xA0, 0xAA, 0x55, 0x19, 0x89, 0x03, 0x55, 0xB1, 0x6C, 0x28, 0x70, 0xE0, 0x44, 0x6A, 0x94, 0x19,
    0x32, 0xB0, 0x23, 0xA7, 0x3E, 0x02, 0x6F, 0xB0, 0x0D, 0x91, 0x81, 0x03, 0x07, 0xE4, 0x11, 0x78,
    0x03, 0x5E, 0x80, 0xDC, 0x6E, 0x33, 0x71, 0xA0, 0x40, 0xA8, 0x62, 0xE8, 0x80, 0xB0, 0xC5, 0x03,
    0xA0, 0xCA, 0xB0, 0x8D, 0xF5, 0x36, 0xF0, 0xFC, 0x7D, 0xDD, 0xC0, 0xCE, 0x6C, 0xED, 0x2E, 0x45,
    0x7A, 0x80, 0xD7, 0x33, 0xD3, 0xDD, 0xE8, 0x7E, 0xBF, 0xDF, 0x7B, 0x0D, 0xDB, 0xDA, 0xC3, 0xD5,
    0xD8, 0xC6, 0x34, 0x46, 0x8C, 0x88, 0xFC, 0x4A, 0x5C, 0xEB, 0xBC, 0x6B, 0x6B, 0xD1, 0xAA, 0x73,
    0xE9, 0x2E, 0xFD, 0x79, 0xE9, 0xCF, 0x4A, 0xFF, 0x75, 0xE9, 0xC5, 0xE6, 0x83, 0x9C, 0x83, 0xE6,
    0xA2, 0x97, 0xB9, 0xEC, 0x9C, 0x6A, 0xD8, 0x28, 0x1B, 0xEB, 0x36, 0x1B, 0x4D, 0x93, 0x0D, 0x46,
    0x8E, 0xFB, 0xCB, 0x6E, 0x96, 0xD2, 0xCF, 0x52, 0xF9, 0x20, 0xF5, 0xB7, 0x41, 0xA4, 0x6A, 0x0F,
    0xE4, 0x2E, 0x24, 0x57, 0x95, 0x12, 0x54, 0xF5, 0x27, 0x52, 0x7B, 0x91, 0xBA, 0xC7, 0xD0, 0xD2,
    0xA0, 0x6F, 0x8A, 0x63, 0x62, 0xB5, 0x95, 0x9D, 0x62, 0xC4, 0x44, 0xFA, 0xB9, 0x58, 0x5F, 0xAB,
    0x36, 0x46, 0x17, 0x39, 0xD1, 0xB7, 0xD7, 0xD6, 0xDB, 0x2F, 0x52, 0x0C, 0x78, 0xD2, 0x57, 0x5E,
    0xCC, 0x83, 0xCE, 0xB4, 0x62, 0xB2, 0xDE, 0x8A, 0x7C, 0x93, 0xF5, 0x33, 0x9E, 0xCD, 0xFE, 0x81,
    0xED, 0xCD, 0x83, 0xD7, 0xA3, 0x60, 0xCE, 0x77, 0x83, 0x60, 0x7E, 0xF5, 0x6A, 0x81, 0xD8, 0xE6,
    0x09, 0xD7, 0xB7, 0xD5, 0x9F, 0xB0, 0xF7, 0x5C, 0x67, 0x83, 0xEC, 0x83, 0x41, 0x0B, 0x91, 0xD0,
    0x16, 0x3D, 0xFB, 0x2B, 0x8F, 0x65, 0xC5, 0xB4, 0xD8, 0x42, 0x6A, 0xEC, 0xBA, 0xC3, 0xF6, 0x92,
    0x91, 0x3F, 0x0A, 0x2D, 0x90, 0x1A, 0xCD, 0xE4, 0x38, 0x30, 0xB3, 0xC1, 0x1E, 0xB9, 0xF6, 0x67,
    0x52, 0x5D, 0x4E, 0x56, 0xCC, 0xAB, 0xE5, 0x5C, 0x4C, 0xE3, 0x02, 0x16, 0xA8, 0xD1, 0x74, 0xD5,
    0x24, 0x90, 0x61, 0x96, 0x42, 0x21, 0xC9, 0xCE, 0xBD, 0x35, 0x5E, 0x9D, 0x73, 0xE7, 0x67, 0x5F,
    0xCB, 0x57, 0x32, 0xEF, 0xE7, 0x6C, 0x2A, 0x86, 0x72, 0xA8, 0xBA, 0xDA, 0x1B, 0x6F, 0x5A, 0x5C,
    0x4D, 0xBC, 0xF8, 0xCB, 0xD7, 0xBE, 0xEA, 0xCA, 0xA1, 0x18, 0xB2, 0x69, 0x3F, 0xCB, 0x2C, 0x5F,
    0x7D, 0x22, 0x4E, 0x60, 0xC0, 0xB5, 0x37, 0x9F, 0xB2, 0x90, 0x85, 0xFD, 0xD5, 0xC5, 0x7F, 0xF9,
    0xBA, 0x9A, 0xF1, 0xB6, 0x71, 0xF2, 0x89, 0xEC, 0xA0, 0x85, 0x20, 0xBF, 0x9E, 0x9E, 0x9D, 0x5D,
    0x0E, 0xAA, 0xE3, 0x1F, 0x96, 0xDF, 0xE7, 0x2A, 0xF5, 0x1B, 0x5F, 0x3D, 0xF1, 0xD9, 0x09, 0x6C,
    0x72, 0xB8, 0x75, 0xFB, 0x1C, 0x77, 0xD6, 0x1D, 0x2E, 0x1F, 0x59, 0x6B, 0x2C, 0x3C, 0xC6, 0x2A,
    0xAF, 0x0A, 0x2C, 0x18, 0x6C, 0x51, 0x35, 0x50, 0x64, 0x13, 0xA7, 0x0A, 0x34, 0xB4, 0x83, 0x32,
    0xF6, 0xD8, 0x2F, 0x9B, 0xA0, 0x0F, 0xE8, 0x04, 0xE6, 0x91, 0x92, 0x16, 0xEE, 0x56, 0x7B, 0xB6,
    0x69, 0xBA, 0x1E, 0xA6, 0x67, 0x47, 0xD3, 0xCB, 0x3B, 0xA6, 0x8B, 0xED, 0x64, 0xAF, 0x81, 0xFA,
    0xC3, 0x1C, 0xD7, 0x44, 0x6E, 0x22, 0x4F, 0xA0, 0xB6, 0x86, 0xE5, 0x21, 0x2E, 0xBF, 0xD7, 0x3E,
    0xB6, 0x9C, 0xC7, 0xF9, 0x19, 0x9E, 0x13, 0xCB, 0x45, 0xBD, 0x38, 0x7F, 0xAA, 0xDE, 0xA8, 0xAF,
    0x9F, 0xFB, 0xCF, 0xE1, 0x7C, 0x3F, 0x76, 0xEF, 0x5C, 0x0F, 0xCF, 0x81, 0x01, 0xE9, 0xAF, 0xAD,
    0x36, 0x1F, 0x25, 0x51, 0x13, 0xFF, 0x19, 0x78, 0x2F, 0xC1, 0xB7, 0x01, 0xCF, 0x70, 0xD9, 0x0C,
    0xE2, 0x14, 0x53, 0x12, 0x01, 0xB6, 0xF6, 0x1B, 0x9D, 0xE8, 0x53, 0x3C, 0x4F, 0xFB, 0xCF, 0xF2,
    0xB3, 0x1D, 0xE5, 0x06, 0xED, 0x16, 0xB8, 0x4C, 0x00, 0x0D, 0x9B, 0xFF, 0x48, 0x12, 0x34, 0x0A,
    0xDC, 0xFE, 0x62, 0x47, 0x7F, 0x57, 0x3C, 0x17, 0xE4, 0x14, 0xCF, 0x73, 0xBE, 0xE4, 0xA0, 0x12,
    0x64, 0x40, 0x6E, 0x91, 0xFD, 0xBC, 0xC0, 0x15, 0x17, 0xA8, 0x6B, 0x81, 0x64, 0x0B, 0xDC, 0x6D,
    0x81, 0x69, 0x94, 0x31, 0x1A, 0x29, 0xEA, 0xF7, 0x88, 0x18, 0x5B, 0x1B, 0xD1, 0x2A, 0x88, 0xE8,
    0x48, 0x25, 0x78, 0x67, 0xEC, 0x95, 0x74, 0xF0, 0x13, 0xA5, 0x39, 0xDB, 0xC4, 0x87, 0x69, 0x3F,
    0x03, 0x1F, 0xF5, 0x35, 0x3E, 0x60, 0xE6, 0x0A, 0xBC, 0x46, 0xB5, 0x3E, 0x4D, 0xF2, 0xF6, 0x94,
    0xF7, 0xAD, 0x24, 0x7E, 0x15, 0x1E, 0x6B, 0x93, 0x49, 0x7C, 0x15, 0xCD, 0x51, 0x0D, 0x16, 0xA1,
    0xA4, 0x4D, 0x46, 0x39, 0x61, 0x06, 0x7A, 0xD7, 0x46, 0x0C, 0x60, 0xC9, 0x43, 0x52, 0x5A, 0xD5,
    0x27, 0x9B, 0x73, 0x7B, 0xB7, 0xAA, 0x69, 0xF3, 0xA6, 0xCD, 0x45, 0x56, 0x37, 0xE1, 0x3A, 0x5C,
    0x2F, 0xE1, 0x08, 0xE0, 0x6B, 0x75, 0x04, 0xEC, 0xD5, 0x94, 0xCB, 0x12, 0x4D, 0x4E, 0x39, 0xAB,
    0xBF, 0x93, 0x1F, 0xC6, 0x54, 0x05, 0x67, 0xB5, 0xBE, 0x02, 0x7F, 0x74, 0x09, 0x44, 0x20, 0xF6,
    0xE8, 0x30, 0x27, 0x40, 0x1C, 0xF0, 0xDD, 0x29, 0xA3, 0xCD, 0x33, 0xAE, 0x0C, 0x57, 0x23, 0xE7,
    0xB0, 0x1D, 0xD6, 0x87, 0x0F, 0xB8, 0xE4, 0x84, 0xB4, 0xD1, 0x29, 0xF7, 0x1C, 0x89, 0x38, 0x52,
    0x12, 0x8A, 0x8E, 0x82, 0x20, 0x7D, 0x0E, 0x3D, 0x37, 0xC7, 0xE4, 0x46, 0x28, 0x89, 0x7C, 0x21,
    0xF9, 0x0C, 0x68, 0xB1, 0x0C, 0xBA, 0xB7, 0x7A, 0x41, 0x47, 0x62, 0xAB, 0x6F, 0xD1, 0x43, 0xC8,
    0xC9, 0xA1, 0x81, 0x2F, 0x0E, 0x61, 0x19, 0x3F, 0x57, 0x7F, 0x7F, 0x03, 0x85, 0xF5, 0xC4, 0x4B,
    0xA7, 0xCB, 0x29, 0x46, 0x1F, 0x2A, 0x82, 0x04, 0x2D, 0x7E, 0x3B, 0x9D, 0xD1, 0x8F, 0x51, 0xCC,
    0x29, 0x96, 0xC6, 0x6A, 0x6F, 0x74, 0xF8, 0x12, 0xF6, 0x82, 0x1A, 0xA1, 0xC5, 0x72, 0xA4, 0xDB,
    0x3A, 0x0F, 0x25, 0x03, 0x55, 0xA0, 0xE2, 0xFD, 0xC4, 0x95, 0x77, 0x23, 0x55, 0x8D, 0x3D, 0xD1,
    0xE2, 0x37, 0xF4, 0x74, 0x41, 0x99, 0x54, 0xFB, 0xB8, 0x6B, 0x80, 0x62, 0x1B, 0x60, 0x47, 0x31,
    0xD2, 0x4A, 0x08, 0x27, 0x00, 0xBD, 0x69, 0x1E, 0x5E, 0x14, 0xBD, 0xD9, 0xAB, 0x66, 0xC3, 0x59,
    0xC1, 0xF6, 0x65, 0x39, 0x00, 0x4C, 0x5F, 0x40, 0xE3, 0x68, 0x6B, 0xB6, 0x2F, 0xF9, 0xBB, 0x7F,
    0x59, 0xF6, 0xA6, 0xE8, 0x2C, 0x74, 0x8A, 0x10, 0xBC, 0x4F, 0x69, 0x6A, 0xEF, 0xFE, 0x16, 0x79,
    0x11, 0x82, 0x67, 0xB3, 0x63, 0x1C, 0x44, 0x21, 0x89, 0xF7, 0xDC, 0x9D, 0x9E, 0x4B, 0xDB, 0x43,
    0x04, 0xA1, 0xA7, 0x46, 0x66, 0x18, 0x25, 0x2E, 0xC2, 0x37, 0x7C, 0x5C, 0xE9, 0x39, 0x73, 0x41,
    0x04, 0xCF, 0x28, 0x5C, 0x16, 0x0D, 0x9F, 0x80, 0x96, 0xEE, 0xA1, 0x84, 0x12, 0x07, 0xD3, 0x0A,
    0xFD, 0x00, 0x0D, 0x82, 0xB7, 0xEE, 0x9F, 0xC3, 0x77, 0x39, 0x2B, 0xFA, 0x21, 0x86, 0xE1, 0x01,
    0x1E, 0x84, 0x6F, 0xD7, 0x28, 0xB4, 0x9E, 0x48, 0xD1, 0x67, 0x3B, 0x7A, 0x58, 0x22, 0xFC, 0x66,
    0x1F, 0x9E, 0x79, 0xCE, 0x3C, 0x74, 0xBA, 0x34, 0x60, 0x77, 0xC4, 0x76, 0x43, 0x75, 0xB1, 0x7B,
    0x06, 0x5D, 0x23, 0x53, 0xC1, 0xAD, 0xDA, 0x84, 0x10, 0x57, 0xD4, 0xA6, 0x7E, 0x8E, 0xD7, 0x17,
    0xF2, 0x0C, 0x4C, 0x0D, 0xD0, 0x16, 0x01, 0xA1, 0x4D, 0x7C, 0x6C, 0x7B, 0xB9, 0x01, 0x2C, 0x8F,
    0x88, 0xD0, 0x09, 0xD1, 0x15, 0x6E, 0x52, 0x81, 0xFE, 0x6A, 0x54, 0x80, 0x52, 0xE2, 0x63, 0x41,
    0xDE, 0xDD, 0x9E, 0x5F, 0x29, 0x85, 0xCD, 0x81, 0x60, 0xB2, 0x2B, 0xBA, 0x31, 0xA6, 0xCD, 0x81,
    0x96, 0xF5, 0x8E, 0x63, 0xEB, 0xAD, 0x61, 0xBD, 0x8F, 0x3B, 0xB7, 0x1B, 0x78, 0xD0, 0xBE, 0x5B,
    0xFC, 0x2C, 0x44, 0x6A, 0xB3, 0x60, 0x7D, 0x16, 0x4C, 0x9F, 0x85, 0x0A, 0xE6, 0x81, 0x61, 0xC2,
    0x4E, 0x23, 0x9E, 0x3C, 0xA3, 0x27, 0xDD, 0x49, 0x58, 0xFB, 0x8A, 0xDE, 0x3D, 0xEF, 0xFA, 0x87,
    0xA0, 0xF1, 0xA3, 0xF7, 0x7E, 0xFE, 0x32, 0x0F, 0x40, 0x65, 0xA7, 0x03, 0xCC, 0x08, 0x4F, 0x84,
    0xEA, 0x9D, 0x57, 0x44, 0x8F, 0x16, 0x50, 0x55, 0x3D, 0x88, 0x32, 0x38, 0x28, 0xEA, 0x2C, 0xE9,
    0x1B, 0x21, 0xAF, 0x88, 0x19, 0x05, 0xE4, 0x2B, 0x22, 0x04, 0xD1, 0x29, 0xF1, 0x19, 0x18, 0x36,
    0x99, 0x4D, 0xDE, 0xF7, 0xDE, 0x94, 0x0D, 0xD7, 0xCD, 0xA7, 0x0A, 0x68, 0x32, 0x55, 0x80, 0xA1,
    0x50, 0xCF, 0x62, 0x42, 0x0D, 0x37, 0x43, 0x83, 0xD2, 0x01, 0x59, 0x6A, 0x09, 0xE6, 0xCD, 0xAB,
    0x79, 0x36, 0x4F, 0x7E, 0xF8, 0xD7, 0x6C, 0xFE, 0x7C, 0x39, 0xCC, 0xE6, 0xB1, 0xF6, 0x8B, 0x79,
    0x84, 0x11, 0xDB, 0x68, 0xCB, 0x46, 0xD0, 0x58, 0xD1, 0x98, 0x52, 0x63, 0xB3, 0xD0, 0x55, 0xA0,
    0x73, 0xED, 0x40, 0x23, 0x08, 0x05, 0x01, 0xA2, 0x32, 0xA8, 0x7B, 0x1C, 0xD4, 0xBC, 0x0E, 0x5A,
    0xFE, 0x33, 0x68, 0x7E, 0x19, 0x20, 0x2B, 0x0C, 0x4B, 0x32, 0xA0, 0x1A, 0x54, 0x82, 0x72, 0x10,
    0xD0, 0x00, 0x3A, 0x61, 0x28, 0x0E, 0x29, 0x96, 0xAA, 0x29, 0xA7, 0x94, 0xC0, 0x26, 0x1B, 0x23,
    0x08, 0x55, 0x56, 0xC7, 0x30, 0x3A, 0x6E, 0xD8, 0x17, 0x47, 0xE3, 0xBC, 0xF8, 0x44, 0xC1, 0x67,
    0xE9, 0x22, 0x31, 0x54, 0x56, 0x5F, 0x9D, 0x93, 0xDF, 0xED, 0xE8, 0xEF, 0xE6, 0x40, 0xBB, 0x18,
    0x57, 0x4D, 0x1A, 0x7F, 0x7A, 0xD3, 0x57, 0x57, 0xBA, 0x93, 0x31, 0xF3, 0xC1, 0x8C, 0xED, 0x23,
    0x63, 0x75, 0xC4, 0x99, 0x25, 0xA2, 0x6A, 0xC7, 0xBC, 0x92, 0x20, 0x86, 0x50, 0x78, 0x2E, 0xD7,
    0x50, 0x62, 0xA7, 0xED, 0x2D, 0x1C, 0xAF, 0xE3, 0x74, 0x0B, 0xB8, 0x0D, 0x4A, 0x80, 0x23, 0xB7,
    0xE8, 0xE8, 0x56, 0x62, 0x63, 0xC5, 0xDB, 0x32, 0x53, 0xD5, 0xFD, 0xC7, 0xE0, 0x68, 0xAB, 0x78,
    0x25, 0x66, 0x92, 0x3D, 0x7D, 0xAB, 0x86, 0x6F, 0xED, 0xB8, 0xBF, 0x89, 0xA3, 0x3F, 0x05, 0xD2,
    0x30, 0xFB, 0x30, 0xA3, 0xB2, 0xE2, 0x3D, 0xAE, 0xAE, 0x63, 0x96, 0xFC, 0x3F, 0xC8, 0x32, 0x0C,
    0xDF, 0x83, 0x0C, 0x89, 0xE1, 0xEA, 0xF3, 0xA9, 0x1E, 0xAB, 0x11, 0x7C, 0xF7, 0xA8, 0x7A, 0x5B,
    0x79, 0x78, 0xC1, 0xD0, 0xAE, 0xFB, 0x84, 0xA4, 0x1D, 0x62, 0xBD, 0x42, 0x02, 0x69, 0xE0, 0xC3,
    0x04, 0x26, 0xA8, 0x30, 0x0F, 0x7B, 0xE6, 0x0D, 0x66, 0x8E, 0x85, 0x79, 0x3A, 0x22, 0xB3, 0xFB,
    0x1D, 0x61, 0xE1, 0x39, 0x45, 0x63, 0xC5, 0x1D, 0xC1, 0x3B, 0xC2, 0x78, 0xB1, 0x41, 0x3B, 0x31,
    0x83, 0xDB, 0xA5, 0xB6, 0x44, 0x41, 0x5B, 0xA3, 0xB0, 0xCD, 0xC7, 0xAA, 0xAF, 0x46, 0x96, 0xB1,
    0xF5, 0x54, 0xA2, 0x35, 0xA1, 0xEC, 0xCB, 0xC1, 0xCE, 0x55, 0x57, 0x8C, 0x2F, 0xCF, 0x2B, 0x30,
    0x17, 0x6C, 0xED, 0xB3, 0x39, 0x18, 0xDB, 0xEE, 0x75, 0x34, 0x48, 0x1E, 0x80, 0x21, 0x06, 0xD7,
    0xC0, 0xE5, 0xB5, 0xE3, 0xFA, 0xCE, 0xB3, 0xB4, 0xA0, 0x44, 0x70, 0x12, 0xD8, 0xA5, 0x1A, 0x50,
    0xB2, 0x95, 0x01, 0x01, 0x9C, 0x2D, 0x15, 0x0B, 0x2F, 0xCB, 0x04, 0xA2, 0xAC, 0x74, 0xA2, 0xD9,
    0x99, 0x68, 0x4A, 0x36, 0xF5, 0x12, 0x5D, 0xA1, 0x49, 0x51, 0x9F, 0x2D, 0x08, 0xFB, 0x82, 0x8F,
    0x81, 0x2F, 0x2E, 0x05, 0x33, 0x5B, 0x8F, 0xCA, 0x28, 0xA6, 0x4F, 0xD3, 0xA1, 0x86, 0xC1, 0xCA,
    0x01, 0x18, 0x80, 0x4C, 0x96, 0x07, 0xAC, 0x8C, 0x27, 0xB6, 0x95, 0x1D, 0x57, 0x36, 0xF3, 0xD5,
    0xF2, 0xCC, 0x75, 0xAC, 0xBE, 0xEE, 0x6C, 0x60, 0xF8, 0x61, 0xA3, 0x58, 0xF6, 0x0A, 0xF8, 0x88,
    0xB5, 0x25, 0x8F, 0x52, 0x43, 0xF2, 0x11, 0xD7, 0xC6, 0x6A, 0x84, 0x15, 0x28, 0x4B, 0xB0, 0xD8,
    0x8D, 0x94, 0xB2, 0x11, 0xA2, 0x3A, 0xC4, 0xE8, 0x7E, 0x9F, 0x2B, 0xCE, 0xDD, 0x4A, 0x4F, 0xDA,
    0x81, 0x69, 0x95, 0x45, 0x1D, 0xED, 0xC7, 0x62, 0x8B, 0x85, 0x17, 0x2D, 0xC5, 0x62, 0x2C, 0xD6,
    0x92, 0xC7, 0xB5, 0xEA, 0x07, 0x3C, 0x90, 0x76, 0xDA, 0xBF, 0xD7, 0x95, 0xE6, 0xC6, 0xF3, 0x61,
    0x54, 0x01, 0xF2, 0xBB, 0xD2, 0x6C, 0x48, 0xEC, 0x03, 0x93, 0xB1, 0x8D, 0x65, 0x9D, 0x6D, 0xAA,
    0x2E, 0x97, 0x8F, 0x19, 0xA0, 0xED, 0x46, 0x3F, 0xC1, 0xB9, 0x96, 0x7E, 0x84, 0x83, 0x5C, 0x7B,
    0xA2, 0xA9, 0x7C, 0x2F, 0x80, 0x8A, 0xBB, 0x54, 0x62, 0x13, 0x3D, 0x62, 0xD9, 0x18, 0xCB, 0x55,
    0x6F, 0x13, 0xB1, 0x4C, 0x50, 0x16, 0x4F, 0x17, 0x72, 0x6F, 0x3D, 0xCF, 0xDC, 0x20, 0xC7, 0x4A,
    0x2B, 0xB0, 0xC4, 0x46, 0x30, 0x29, 0xCF, 0xD0, 0x2D, 0xCB, 0xC5, 0x03, 0xE1, 0x64, 0xFD, 0x2D,
    0xFA, 0x95, 0x65, 0xF8, 0x94, 0xCA, 0x65, 0xD7, 0x17, 0x3A, 0xD6, 0x3A, 0x98, 0xEE, 0x53, 0xA0,
    0xD1, 0x55, 0x06, 0xC0, 0x6F, 0xDB, 0x7D, 0x5A, 0xEB, 0x58, 0xE8, 0x14, 0x4B, 0xD1, 0xDB, 0x37,
    0xDD, 0x2B, 0xE2, 0x2B, 0x9E, 0x7C, 0xB1, 0x2C, 0xE0, 0xCC, 0x35, 0x04, 0xFC, 0x03, 0xF1, 0xBF,
    0xED, 0x2C, 0x2B, 0x74, 0x1E, 0x74, 0x1A, 0x56, 0x6B, 0x3B, 0x87, 0xAA, 0x7C, 0x3D, 0x6D, 0x10,
    0xA9, 0x70, 0x56, 0xBC, 0x96, 0xE9, 0x5D, 0x3C, 0x4B, 0x7D, 0x14, 0xC7, 0xA3, 0x5A, 0xDC, 0x04,
    0x95, 0x3C, 0x2D, 0x15, 0x88, 0x83, 0xB0, 0x6E, 0x78, 0x84, 0x06, 0x77, 0xEA, 0xD7, 0xBB, 0x91,
    0x77, 0xDC, 0xDC, 0x90, 0xE5, 0x74, 0x3C, 0x22, 0x74, 0x0E, 0x72, 0x39, 0x82, 0xDF, 0x15, 0xF1,
    0xBF, 0xF5, 0x7A, 0xD0, 0xEF, 0x92, 0x80, 0xFC, 0x33, 0x84, 0x8C, 0x89, 0xC7, 0xAA, 0x91, 0x65,
    0xC4, 0xDD, 0x3A, 0x07, 0x26, 0x52, 0x97, 0x16, 0xCC, 0x42, 0xB7, 0x9B, 0xD8, 0xEF, 0xA4, 0x9A,
    0x6F, 0x34, 0xDA, 0x3A, 0x16, 0xCA, 0x7C, 0xD3, 0x71, 0xFB, 0x25, 0x2F, 0xF6, 0x0B, 0x98, 0x78,
    0x11, 0x8B, 0xDE, 0xF9, 0xEE, 0x6B, 0x3F, 0xDB, 0xE0, 0x46, 0xD7, 0xDE, 0xC9, 0x21, 0xD2, 0xB0,
    0xFD, 0x2D, 0x2C, 0xFE, 0x00, 0x5C, 0x3E, 0x8F, 0xB5, 0x78, 0xCC, 0x21, 0xE9, 0x1B, 0xFF, 0xFF,
    0x38, 0x62, 0x0C, 0x5E, 0x73, 0x7F, 0xE1, 0x5C, 0xEE, 0xED, 0xEF, 0x35, 0x77, 0xF3, 0xC5, 0x43,
    0x88, 0x01, 0xEC, 0x9E, 0x0C, 0xA7, 0xFA, 0x88, 0xCE, 0x04, 0xF8, 0x65, 0x33, 0xDA, 0x47, 0x4B,
    0x31, 0xD9, 0x66, 0x01, 0x4A, 0xBF, 0x67, 0x43, 0x07, 0xFC, 0x50, 0xE5, 0x25, 0xEF, 0x09, 0xAB,
    0x41, 0xE1, 0x2D, 0x8D, 0xB9, 0x96, 0xA7, 0x5D, 0x3C, 0xD3, 0xA4, 0x33, 0x21, 0xE7, 0x71, 0xFE,
    0x61, 0x1F, 0x95, 0x18, 0x00, 0x0C, 0x84, 0x6B, 0x81, 0x81, 0x40, 0x69, 0xA3, 0x2C, 0x29, 0x80,
    0x18, 0x48, 0xB7, 0xA8, 0x52, 0x92, 0x33, 0x45, 0x6F, 0x46, 0xCA, 0xBE, 0xDD, 0xDB, 0xC9, 0x01,
    0xC6, 0x19, 0x15, 0x8C, 0x8E, 0xDB, 0x0C, 0x02, 0x87, 0x5A, 0x7D, 0xB7, 0x7D, 0xB7, 0xEF, 0x32,
    0x36, 0x2B, 0x00, 0x2D, 0x22, 0xB1, 0x83, 0xC4, 0x48, 0x1C, 0x13, 0xCF, 0x83, 0x79, 0xF8, 0x3C,
    0x43, 0x05, 0x06, 0x20, 0x85, 0x0D, 0x9A, 0x7B, 0xC7, 0x4F, 0xDD, 0x1D, 0x15, 0xC6, 0x83, 0x2F,
    0x1C, 0x2F, 0xFD, 0x1E, 0xBB, 0x37, 0x7A, 0xFB, 0xDD, 0x2A, 0x74, 0x07, 0xF1, 0x4A, 0x1E, 0xED,
    0x2E, 0x1C, 0xC0, 0xCB, 0xB6, 0xE9, 0x8D, 0x4F, 0x1D, 0xA1, 0xCC, 0x01, 0x41, 0xF9, 0x42, 0x0B,
    0x69, 0xF4, 0xDF, 0x38, 0x91, 0x21, 0x38, 0xF8, 0x7E, 0x40, 0x74, 0xAD, 0xAC, 0x11, 0x9A, 0xAE,
    0x79, 0xB9, 0x47, 0x9A, 0x5E, 0x98, 0xA7, 0x35, 0x9B, 0xEA, 0xBF, 0x28, 0x12, 0xE5, 0x2B, 0x7D,
    0x30, 0x94, 0xAF, 0xF5, 0x49, 0x5F, 0xFE, 0xF0, 0xE6, 0xFB, 0x2E, 0xFF, 0xCF, 0x77, 0x6F, 0x7C,
    0xA6, 0x7F, 0x55, 0xE4, 0xC5, 0xC7, 0x4C, 0x8B, 0xF7, 0x89, 0x39, 0x2C, 0x71, 0xCE, 0x05, 0xCA,
    0xE7, 0x0B, 0x25, 0x28, 0x97, 0x1B, 0x65, 0xEB, 0x0B, 0x08, 0x1E, 0x84, 0xE3, 0x06, 0x2B, 0xCA,
    0xE6, 0x97, 0xC8, 0x92, 0x7D, 0x44, 0x47, 0xC8, 0xC2, 0x3A, 0x0A, 0x4F, 0xAC, 0xC7, 0xE8, 0xC8,
    0x68, 0x7F, 0xC4, 0xE8, 0x7F, 0x79, 0x26, 0x9C, 0x8E, 0x18, 0xDD, 0x5E, 0xDC, 0xA4, 0x77, 0x24,
    0x16, 0x29, 0x00, 0x08, 0x13, 0xB7, 0x30, 0xBA, 0xC4, 0x7B, 0x66, 0xCE, 0x62, 0x49, 0xC2, 0xF4,
    0x89, 0x14, 0x86, 0xD3, 0x24, 0x32, 0x07, 0xCC, 0x9A, 0x6E, 0x82, 0x3E, 0xF5, 0x88, 0x22, 0x44,
    0xE2, 0x91, 0x6E, 0xBB, 0x47, 0xDE, 0x48, 0x91, 0xC8, 0xC6, 0x2C, 0x42, 0x06, 0xFE, 0x4E, 0x9D,
    0xD7, 0xA6, 0x51, 0x73, 0x5C, 0x01, 0xEB, 0xE8, 0x5D, 0x9F, 0xF3, 0x58, 0xEE, 0x69, 0x5C, 0x22,
    0x1F, 0xB7, 0x55, 0xAE, 0x6E, 0xEA, 0x05, 0x70, 0x0D, 0xE5, 0x35, 0x64, 0xE2, 0xFA, 0x68, 0x1E,
    0x99, 0x60, 0xC9, 0xD7, 0x41, 0xA5, 0xF8, 0x9B, 0xB5, 0x95, 0x3E, 0xE8, 0xC0, 0xB9, 0xFF, 0xA6,
    0xD0, 0xE6, 0x97, 0xC8, 0x7A, 0xFF, 0x03, 0xB5, 0x59, 0xBF, 0x6F, 0xDF, 0xC6, 0x15, 0x7F, 0x24,
    0x1D, 0x31, 0x2E, 0x5D, 0xD0, 0x83, 0x03, 0xA8, 0x75, 0x81, 0xD3, 0xE0, 0xA1, 0x40, 0x01, 0xD3,
    0x43, 0x96, 0x0E, 0xD1, 0x5D, 0x2B, 0x14, 0x19, 0x3C, 0x64, 0xEE, 0xE4, 0xFE, 0x07, 0xE9, 0x1F,
    0x20, 0x99, 0x6C, 0x3C, 0x64, 0xE8, 0x22, 0x14, 0xE8, 0x1C, 0x0F, 0xD9, 0xBB, 0x76, 0x90, 0x4B,
    0xA6, 0x05, 0xD2, 0x31, 0x6C, 0x32, 0x74, 0x65, 0x50, 0x6F, 0x1D, 0x4C, 0x34, 0x1C, 0xE8, 0x84,
    0xE4, 0xF5, 0xF3, 0x79, 0xE4, 0xF7, 0x87, 0x1C, 0xD9, 0x91, 0x65, 0x89, 0xBC, 0xF7, 0xC4, 0x2F,
    0xEF, 0xF8, 0xDE, 0xBD, 0xBB, 0xF7, 0xF3, 0x74, 0x57, 0xCA, 0xA2, 0xAC, 0xCA, 0x22, 0x13, 0x11,
    0xCB, 0xDB, 0x59, 0x97, 0xBB, 0xBC, 0xD8, 0xBE, 0x25, 0x97, 0xB9, 0x05, 0xBE, 0x49, 0x7C, 0x97,
    0xF9, 0x36, 0xAF, 0x6F, 0x96, 0x4E, 0xBC, 0xB0, 0xE1, 0x01, 0x3F, 0xAD, 0xEF, 0x52, 0xDF, 0x07,
    0xBE, 0x5B, 0x0F, 0x96, 0xDB, 0x13, 0x3A, 0xBD, 0x84, 0x7E, 0x92, 0x68, 0x14, 0x89, 0x7A, 0x40,
    0x27, 0x12, 0x03, 0x72, 0xDF, 0xAF, 0x21, 0x5E, 0xDE, 0xC5, 0xED, 0x0C, 0x89, 0xF7, 0x45, 0xBA,
    0x00, 0x26, 0x25, 0x3F, 0x92, 0x1D, 0xC9, 0xFC, 0xB3, 0xCA, 0x7A, 0x5F, 0xE1, 0x9D, 0xA4, 0x4D,
    0x29, 0x69, 0x65, 0x67, 0xE0, 0x33, 0xDE, 0xB1, 0x8F, 0x63, 0x38, 0xD6, 0xD6, 0xD1, 0x60, 0xDA,
    0xA4, 0x4F, 0xBB, 0xB4, 0x8D, 0x87, 0xAC, 0x89, 0x46, 0x5B, 0x05, 0x1E, 0x52, 0x60, 0x9C, 0xD8,
    0x51, 0x62, 0xEF, 0x1B, 0x82, 0xA4, 0x60, 0x06, 0x78, 0xF1, 0x37, 0x61, 0x5A, 0x5F, 0x9C, 0xC1,
    0xF6, 0xCF, 0xF2, 0x29, 0x3E, 0x18, 0xC1, 0x74, 0x00, 0xF3, 0x5D, 0x31, 0x0D, 0xC6, 0x3F, 0xE7,
    0xA4, 0x6B, 0x40, 0x2F, 0x06, 0x7D, 0xF6, 0x63, 0x4C, 0xC8, 0x95, 0x62, 0x8B, 0x5C, 0xEC, 0xD3,
    0x09, 0xEF, 0x06, 0xF4, 0x75, 0x58, 0xBD, 0x01, 0x03, 0xB1, 0x12, 0xC1, 0x24, 0x3F, 0x01, 0x58,
    0x8E, 0xC5, 0x37, 0x89, 0x3F, 0x16, 0x13, 0x36, 0xF6, 0xE3, 0x0E, 0x0D, 0x0F, 0x58, 0x38, 0x87,
    0x95, 0xF5, 0x2D, 0x96, 0x2C, 0x04, 0x9B, 0x0A, 0xDB, 0x92, 0x85, 0x53, 0x5A, 0xEC, 0xA7, 0x3E,
    0xA9, 0x0E, 0xB3, 0x29, 0xAE, 0x4F, 0xAC, 0x8B, 0x9A, 0x93, 0x7D, 0x59, 0x21, 0xFB, 0xAB, 0xA8,
    0x39, 0xB4, 0x3E, 0xAE, 0x75, 0x88, 0x0E, 0xD6, 0xCF, 0x94, 0x80, 0x92, 0x52, 0xA2, 0x66, 0xC4,
    0x64, 0x1C, 0x29, 0x3E, 0xA8, 0x8C, 0xAF, 0xEC, 0xB3, 0xEA, 0x61, 0xC2, 0x66, 0x7D, 0x95, 0xCC,
    0x8B, 0x2D, 0x5D, 0x54, 0x87, 0x03, 0x16, 0xAE, 0xCF, 0xEA, 0xB4, 0xCD, 0x2B, 0x5B, 0x7B, 0xC9,
    0xFF, 0x0E, 0x79, 0xF0, 0x97, 0xBF, 0xF9, 0x9E, 0xFD, 0x1C, 0xC7, 0xE1, 0x7E, 0x75, 0xC9, 0x66,
    0xDF, 0x97, 0x96, 0x7B, 0xDE, 0x67, 0x0A, 0x63, 0x7A, 0x08, 0x63, 0x28, 0x8C, 0x49, 0xDF, 0xAF,
    0x4F, 0x4C, 0xFA, 0xA8, 0x39, 0x31, 0xFE, 0x00, 0x68, 0x82, 0x30, 0xE6, 0x2E, 0x84, 0x31, 0x06,
    0xC2, 0x98, 0xF4, 0x7E, 0x95, 0x99, 0xE4, 0x8B, 0x59, 0x98, 0xF8, 0xB4, 0x30, 0xB9, 0x2F, 0xE6,
    0x16, 0xF7, 0xD0, 0x0F, 0x79, 0x98, 0xB9, 0xC3, 0xB4, 0x00, 0xC6, 0x73, 0x02, 0x55, 0x2B, 0x37,
    0x6D, 0x33, 0xC9, 0xAD, 0x97, 0xDB, 0x93, 0x4F, 0xA0, 0xB5, 0xA3, 0xDC, 0x79, 0x28, 0xF2, 0x50,
    0x02, 0x68, 0x48, 0x8F, 0xBD, 0x95, 0xAC, 0xC0, 0xEE, 0xB0, 0x99, 0xCE, 0x0E, 0xB7, 0x8E, 0xE4,
    0x28, 0x1E, 0x62, 0x6C, 0xDA, 0x4D, 0x9B, 0x4F, 0x59, 0x17, 0x14, 0x51, 0x9B, 0xB6, 0x16, 0x2A,
    0xF8, 0xB6, 0xE4, 0xD8, 0xEB, 0x57, 0x42, 0x01, 0xA8, 0x01, 0x98, 0xC0, 0x0C, 0xCF, 0xF1, 0x5E,
    0xBE, 0x07, 0xF2, 0xCE, 0x9F, 0xA9, 0x8C, 0x7D, 0xE6, 0xFD, 0x90, 0xFB, 0xFF, 0x0E, 0xDE, 0xFF,
    0xE3, 0x14, 0x94, 0x00, 0x0B, 0x48, 0x00, 0x92, 0x03, 0xB2, 0x73, 0xC2, 0x4F, 0x3F, 0xFA, 0xD4,
    0x38, 0xCC, 0xB5, 0xB6, 0x95, 0x71, 0x3B, 0x8E, 0xBA, 0x11, 0x35, 0x79, 0x53, 0x56, 0xBF, 0x15,
    0x19, 0x92, 0xC1, 0x0E, 0xBB, 0x83, 0x6C, 0xDD, 0xE1, 0x04, 0xF5, 0xAE, 0xB3, 0x47, 0xAD, 0x0D,
    0xBB, 0xFD, 0xA0, 0x47, 0xC3, 0x03, 0x7E, 0xE2, 0x65, 0x38, 0xDB, 0x83, 0x91, 0x43, 0xB1, 0x15,
    0x34, 0xBB, 0x29, 0x5D, 0xDA, 0xD9, 0x6A, 0x36, 0xB3, 0xD9, 0xDC, 0xF8, 0x9B, 0xEF, 0xB5, 0x1F,
    0xE3, 0x78, 0x85, 0x9D, 0xBC, 0x05, 0xED, 0xEB, 0x60, 0x12, 0x92, 0xAB, 0x87, 0xF8, 0x65, 0x27,
    0x20, 0x15, 0x74, 0xC1, 0x40, 0x4C, 0xB7, 0x10, 0x74, 0x34, 0xFE, 0xA0, 0x4B, 0x6B, 0xE3, 0x82,
    0xCE, 0x54, 0x39, 0xB0, 0x75, 0xD0, 0x56, 0x29, 0xA3, 0x67, 0xC0, 0x63, 0xF2, 0x85, 0x13, 0xA8,
    0xDE, 0x07, 0x0E, 0x5E, 0x24, 0x83, 0xB9, 0x26, 0x2D, 0x71, 0x5A, 0x4B, 0xEA, 0x24, 0xAB, 0x88,
    0xAD, 0x9B, 0x79, 0xBD, 0x23, 0xE4, 0x85, 0x2D, 0x06, 0xAF, 0x91, 0xBC, 0xC2, 0x2D, 0x2E, 0xC9,
    0xC2, 0x85, 0x38, 0xFB, 0x7C, 0x04, 0xB6, 0xC6, 0x03, 0xFF, 0xED, 0xBA, 0x81, 0x05, 0x0C, 0x02,
    0x1C, 0xF6, 0xDC, 0x8F, 0xA8, 0x85, 0x8D, 0x42, 0x11, 0xE8, 0x9B, 0x4C, 0xC5, 0x0F, 0x2C, 0x7C,
    0x52, 0x85, 0xD9, 0xC3, 0x74, 0x44, 0x17, 0xE2, 0xB6, 0xCA, 0x05, 0x9F, 0x62, 0x2A, 0xB9, 0xB5,
    0x4F, 0xE9, 0xE4, 0x88, 0xD2, 0xC5, 0x03, 0xFB, 0xE3, 0x89, 0xD2, 0x89, 0x25, 0xDF, 0x9B, 0x36,
    0x6E, 0xB1, 0x07, 0x53, 0x5A, 0xE7, 0x2E, 0xEB, 0x4D, 0x45, 0xB9, 0xEC, 0x01, 0xE5, 0x2A, 0x29,
    0x97, 0x8C, 0x94, 0x2B, 0x1C, 0x28, 0xD1, 0x4A, 0x3A, 0x4A, 0xB4, 0x96, 0x0E, 0xD7, 0x3E, 0x14,
    0x16, 0x3E, 0xB7, 0x20, 0xDE, 0xD7, 0x65, 0xB5, 0x6A, 0x68, 0x9E, 0xDE, 0x35, 0x85, 0x0D, 0x34,
    0xD8, 0x13, 0x28, 0x1B, 0xF0, 0xEF, 0xE1, 0x8D, 0x8D, 0xEF, 0x43, 0x38, 0x96, 0x80, 0x66, 0x9D,
    0x34, 0x44, 0x1D, 0x57, 0x67, 0xE4, 0x87, 0x4F, 0x88, 0x6E, 0xC9, 0x72, 0x45, 0x9C, 0x65, 0x42,
    0x81, 0x52, 0xCF, 0xCD, 0xD5, 0xB9, 0x95, 0xE0, 0x99, 0x1B, 0x08, 0xED, 0xE9, 0x12, 0x47, 0x4C,
    0x27, 0x1C, 0xE0, 0xC1, 0xA3, 0x1E, 0xA3, 0xA1, 0xA4, 0x23, 0xDD, 0xB4, 0xA7, 0xEF, 0x85, 0x7D,
    0xD4, 0x88, 0x21, 0x60, 0x0D, 0x0D, 0x23, 0x42, 0x3C, 0xC0, 0x54, 0xE4, 0xCE, 0x8A, 0x91, 0xB2,
    0xE4, 0x22, 0x4A, 0x42, 0x97, 0x11, 0xBA, 0xAB, 0xE5, 0xFB, 0x98, 0x3C, 0xFA, 0x15, 0xD1, 0xEC,
    0x01, 0xE4, 0xBF, 0x11, 0x5D, 0x29, 0xCB, 0xF4, 0x4F, 0xE0, 0x61, 0xB1, 0x67, 0xB0, 0x6C, 0x90,
    0xDA, 0xCD, 0x64, 0xFB, 0xBA, 0x12, 0x96, 0xEF, 0x25, 0x05, 0xBF, 0xAD, 0x17, 0xA4, 0x3F, 0xAF,
    0x98, 0xA5, 0xAE, 0xE9, 0x4C, 0x34, 0x5D, 0xA1, 0x98, 0x5B, 0xCB, 0xD8, 0xBE, 0xC5, 0x2D, 0x63,
    0x20, 0xB1, 0x7F, 0xD9, 0xE6, 0x16, 0x8C, 0xD0, 0xBD, 0x17, 0xB8, 0xA5, 0x6B, 0x6E, 0xD9, 0x99,
    0xDB, 0xA8, 0x83, 0x38, 0x60, 0xE4, 0xDA, 0x12, 0x97, 0xA4, 0x2E, 0xA3, 0x57, 0x01, 0xBD, 0xEA,
    0x14, 0x71, 0xDA, 0xC0, 0x65, 0xC2, 0x44, 0x88, 0xF3, 0x82, 0x58, 0xA3, 0x51, 0xA8, 0x38, 0x52,
    0x0C, 0xEE, 0xC0, 0xA6, 0x65, 0x8F, 0xAD, 0x89, 0xF3, 0x4A, 0x47, 0x21, 0x8C, 0x04, 0xDE, 0x77,
    0xE0, 0xD5, 0x9A, 0xE7, 0xC1, 0x63, 0xCB, 0x2D, 0xC4, 0xC4, 0xCB, 0x42, 0xB3, 0x9A, 0x0D, 0x14,
    0xF3, 0x7B, 0xF6, 0x9B, 0xE7, 0xF2, 0x18, 0x2B, 0xD5, 0x06, 0xE4, 0x74, 0x1B, 0x06, 0x16, 0x35,
    0x8B, 0xBE, 0x61, 0xD1, 0x0D, 0xFE, 0x2E, 0x3A, 0x08, 0x37, 0x34, 0x6B, 0x3E, 0x23, 0x0D, 0x35,
    0xE2, 0xFA, 0xBC, 0x37, 0x1E, 0xD9, 0xD0, 0x1A, 0x44, 0x4E, 0x03, 0x12, 0x84, 0x35, 0x7C, 0xAF,
    0xCF, 0xBB, 0x15, 0x28, 0xAD, 0x6C, 0x8E, 0x1A, 0x01, 0xF3, 0x09, 0x1A, 0xD7, 0xF1, 0x25, 0xD2,
    0xA7, 0xED, 0x4E, 0x5C, 0xBD, 0x42, 0xD2, 0x7F, 0xC3, 0x23, 0x05, 0xC5, 0xA5, 0xD1, 0x36, 0xBF,
    0x86, 0x9B, 0xFA, 0x67, 0xA7, 0xC0, 0xE7, 0xD5, 0x75, 0x19, 0xB4, 0x91, 0x27, 0xBA, 0xAC, 0x4E,
    0x3A, 0xAC, 0xFD, 0x31, 0xD3, 0xB8, 0x1F, 0xBA, 0x43, 0x97, 0xD4, 0xA6, 0xC9, 0x8B, 0x23, 0xF5,
    0x85, 0xD4, 0xBF, 0x57, 0xDF, 0x61, 0x91, 0x34, 0x76, 0x78, 0xF2, 0xF0, 0xDE, 0x8D, 0xF3, 0x50,
    0x7F, 0x2F, 0xAE, 0x4A, 0xE4, 0xA7, 0x69, 0x83, 0x87, 0xB5, 0x5D, 0xBE, 0x6E, 0xDB, 0xF1, 0xDF,
    0x6A, 0x46, 0xDC, 0x12, 0xC1, 0x46, 0xDB, 0xD8, 0x33, 0x34, 0xF8, 0x02, 0xC8, 0x56, 0x44, 0xB5,
    0x47, 0xAC, 0xDE, 0x42, 0xAB, 0x8E, 0xBC, 0x5A, 0xC6, 0x25, 0x9E, 0xDF, 0x32, 0x05, 0x85, 0x8B,
    0xDA, 0x41, 0xEE, 0x81, 0x20, 0x75, 0x03, 0xC9, 0x28, 0xE2, 0x06, 0xCD, 0xEA, 0xB3, 0x6E, 0xBD,
    0x07, 0x13, 0x0D, 0xAB, 0x00, 0x20, 0x83, 0xF6, 0x1D, 0x60, 0x00, 0x78, 0x40, 0xF9, 0x68, 0xF0,
    0xF6, 0xAB, 0xC1, 0xA7, 0xDF, 0x0C, 0x3E, 0xFE, 0x6E, 0xF0, 0xA1, 0x87, 0x01, 0x12, 0x2C, 0x20,
    0x03, 0xA4, 0x80, 0x18, 0x80, 0x40, 0x3B, 0x07, 0x9C, 0x7A, 0x1D, 0x70, 0xE8, 0x8B, 0xE4, 0x84,
    0xE8, 0xCE, 0x8A, 0x0F, 0xB3, 0xB7, 0x80, 0x32, 0xA9, 0x91, 0x9B, 0x1E, 0x32, 0xC1, 0xB4, 0x90,
    0xCB, 0xA9, 0xFD, 0x23, 0x80, 0xD5, 0x74, 0x02, 0xDB, 0x88, 0xEF, 0xB4, 0x57, 0xC7, 0xE9, 0x17,
    0xBA, 0x1E, 0xB4, 0xDE, 0x99, 0x9E, 0xC8, 0x9E, 0xBA, 0x87, 0x55, 0xC0, 0x49, 0x36, 0x01, 0x47,
    0xAE, 0x96, 0x2F, 0x0D, 0x2F, 0xD2, 0x80, 0x43, 0x1F, 0x68, 0x35, 0xE0, 0xEC, 0x5C, 0x29, 0xCB,
    0xF4, 0x23, 0x3A, 0x74, 0x54, 0x1C, 0xF0, 0x89, 0x50, 0xAD, 0x9F, 0x7F, 0x78, 0x2A, 0xE0, 0x5C,
    0x09, 0xCB, 0x43, 0x0D, 0x38, 0xEA, 0xD0, 0x89, 0x0E, 0x4F, 0x07, 0x9C, 0xAB, 0x60, 0x79, 0x5D,
    0xF6, 0x32, 0x37, 0xD8, 0xAF, 0xC6, 0x14, 0xAA, 0xE8, 0xEB, 0x00, 0x8A, 0xE9, 0x6B, 0x3C, 0xE3,
    0x0D, 0xDE, 0x5F, 0x97, 0x7B, 0xE0, 0x7B, 0x8D, 0x43, 0x1F, 0xD0, 0x87, 0x7B, 0x17, 0xD3, 0x73,
    0x2C, 0xAC, 0x13, 0xB2, 0x46, 0x96, 0x86, 0xB8, 0x42, 0xD6, 0x23, 0x18, 0x1E, 0xA0, 0x70, 0x29,
    0xEF, 0x37, 0x40, 0x9F, 0x20, 0x11, 0x46, 0x5D, 0x02, 0xD6, 0x03, 0x59, 0x8F, 0xB1, 0x9F, 0xC3,
    0x4C, 0x46, 0xD6, 0x19, 0x59, 0x5F, 0x53, 0xA1, 0x6E, 0xCC, 0x19, 0x16, 0x33, 0x2A, 0x2D, 0xF3,
    0xE8, 0xE8, 0x65, 0x16, 0x3B, 0x87, 0x91, 0x9C, 0x07, 0x2C, 0xA1, 0x22, 0xA0, 0x6E, 0xEA, 0x0C,
    0x2A, 0x64, 0xDF, 0x44, 0x2C, 0x6B, 0x3F, 0xA4, 0x15, 0xFE, 0x0E, 0x9E, 0x1B, 0x7A, 0x83, 0x6A,
    0x83, 0xE5, 0x86, 0xA4, 0xA0, 0xBD, 0xE8, 0xCD, 0xA5, 0xD0, 0x67, 0xA2, 0x45, 0xBA, 0x16, 0xF4,
    0x47, 0x24, 0x62, 0xF7, 0x76, 0x2F, 0x8F, 0x76, 0x77, 0x17, 0xAE, 0x02, 0x35, 0x28, 0x80, 0xCF,
    0xAB, 0xEB, 0x72, 0xD6, 0xE5, 0x2C, 0x43, 0xAE, 0xB6, 0x0D, 0x19, 0xA9, 0x0C, 0x2B, 0x52, 0x14,
    0x23, 0xA6, 0x85, 0x8F, 0x44, 0xA1, 0xDF, 0xC1, 0xFB, 0x20, 0xBE, 0x47, 0x93, 0xA5, 0x86, 0x32,
    0x03, 0xD1, 0x6C, 0xC1, 0x92, 0x80, 0xA1, 0x07, 0x4A, 0x95, 0x4A, 0xFB, 0x0A, 0xB4, 0x09, 0x28,
    0xC7, 0x42, 0x75, 0x60, 0x7E, 0xE0, 0x03, 0x5F, 0x51, 0x53, 0x4E, 0x01, 0x34, 0x51, 0xFB, 0x74,
    0xCC, 0xF1, 0xA9, 0x60, 0x14, 0x94, 0x48, 0xDC, 0xE1, 0x6A, 0x0D, 0x8F, 0x24, 0xEA, 0xE5, 0x04,
    0x40, 0xAB, 0xC0, 0x51, 0xF2, 0x03, 0xE4, 0x27, 0xF7, 0xDB, 0x05, 0x50, 0xC0, 0x1D, 0x40, 0x49,
    0x5D, 0xD9, 0xE4, 0xA8, 0xA0, 0x72, 0x17, 0x75, 0xF9, 0x6F, 0x92, 0x2E, 0xFF, 0xC0, 0xB7, 0x80,
    0x26, 0xBF, 0x3F, 0xCD, 0x41, 0x78, 0x58, 0x08, 0x23, 0x33, 0x62, 0xE9, 0xBC, 0x5A, 0x82, 0x1D,
    0x16, 0x3E, 0xEA, 0xD2, 0x27, 0x09, 0x02, 0x0E, 0xC8, 0xD5, 0xA1, 0x2F, 0x47, 0x21, 0x18, 0x9E,
    0xCF, 0xC0, 0x64, 0xCE, 0xF3, 0x08, 0x66, 0xD1, 0x07, 0x3A, 0x44, 0xE4, 0x5B, 0x5A, 0x6E, 0x1E,
    0x6D, 0x5C, 0xF2, 0x85, 0xE8, 0xD1, 0x3E, 0x98, 0x80, 0xC0, 0x0F, 0x45, 0xDF, 0x20, 0xC9, 0x2B,
    0x8E, 0x2F, 0x4C, 0x2B, 0xE8, 0xEF, 0x20, 0x18, 0x0D, 0x7A, 0x82, 0x12, 0xBE, 0xBF, 0x49, 0x0A,
    0x2E, 0x42, 0x2B, 0xAE, 0xFE, 0x2A, 0xE9, 0xD7, 0xA3, 0x02, 0x9F, 0xDF, 0x84, 0x16, 0xCF, 0x00,
    0xA4, 0xC4, 0x7A, 0xB5, 0xED, 0x0C, 0x7C, 0xCE, 0x8A, 0x0B, 0xD3, 0xDB, 0xF1, 0xC7, 0xA0, 0x90,
    0xFA, 0xEF, 0xE6, 0x70, 0xCC, 0x2F, 0xC5, 0xD7, 0xA5, 0x2E, 0xA4, 0x55, 0x37, 0xA6, 0xC7, 0x5E,
    0xC0, 0x76, 0xC6, 0x15, 0x37, 0x8A, 0x95, 0xFB, 0x5B, 0xA4, 0x43, 0x07, 0xA7, 0xC7, 0x18, 0xA1,
    0xFF, 0xBA, 0xC4, 0xEC, 0xCA, 0xE5, 0x34, 0xCE, 0x6E, 0x9D, 0xC6, 0xCD, 0x07, 0x72, 0x78, 0x93,
    0x31, 0xAF, 0x85, 0xCA, 0x3D, 0x65, 0x8D, 0x68, 0x50, 0x7D, 0xC3, 0x7F, 0x3A, 0xE6, 0xEA, 0x30,
    0x2F, 0xAD, 0xBA, 0xA7, 0x95, 0x6F, 0x2B, 0xD6, 0x7A, 0x15, 0x94, 0xC7, 0xBA, 0x07, 0x19, 0x4F,
    0xA6, 0x2A, 0x1E, 0x97, 0xE4, 0xA7, 0x12, 0x2C, 0x9D, 0x69, 0x7D, 0x4D, 0xFB, 0x55, 0xEE, 0xB2,
    0x9F, 0x7D, 0x16, 0x75, 0x93, 0x3A, 0xEA, 0x17, 0x9D, 0xDD, 0x7B, 0x03, 0x7A, 0xBB, 0xBA, 0x94,
    0x90, 0xB1, 0x92, 0xF8, 0x3F, 0xA8, 0x52, 0x5C, 0x71, 0x61, 0x5A, 0x49, 0xD1, 0x49, 0xFA, 0xE5,
    0xA0, 0x90, 0x54, 0x9B, 0x44, 0xE7, 0x22, 0xB4, 0xAE, 0xF3, 0x70, 0xB4, 0x4A, 0xDB, 0xA8, 0x65,
    0x10, 0x30, 0xF5, 0xCB, 0xEE, 0x10, 0x46, 0xC6, 0x28, 0xF7, 0x44, 0x8D, 0x2B, 0x77, 0x2F, 0xBB,
    0xA5, 0xE6, 0x69, 0xA8, 0x99, 0xC4, 0x66, 0x6E, 0x57, 0xFD, 0x3E, 0x6A, 0xE4, 0xF3, 0x34, 0x13,
    0x35, 0xF6, 0x8F, 0x2D, 0x9A, 0x89, 0x16, 0x4B, 0x41, 0x0D, 0x70, 0x9E, 0x26, 0x3F, 0xA6, 0x27,
    0xF9, 0xBC, 0x80, 0x58, 0x15, 0xC0, 0xF1, 0xCC, 0x4B, 0xDE, 0x5D, 0x69, 0x6E, 0x49, 0xCD, 0xD3,
    0x43, 0xD6, 0x1C, 0x77, 0xB9, 0xF1, 0x78, 0x3C, 0xBD, 0x72, 0xF9, 0x67, 0x5E, 0xCF, 0x2B, 0x53,
    0xAC, 0x5A, 0x00, 0xAF, 0x17, 0x76, 0xF7, 0xD4, 0xD3, 0x21, 0x20, 0x4B, 0xAC, 0x69, 0xD6, 0x92,
    0x09, 0xA0, 0x6F, 0x3E, 0xD8, 0x85, 0xC7, 0xFB, 0x83, 0xC7, 0x97, 0xFE, 0x07, 0xCF, 0xC7, 0x54,
    0x5B, 0x5E, 0xE2, 0xE9, 0xE6, 0x9D, 0x1A, 0x18, 0x9C, 0x99, 0xEA, 0x3A, 0x9E, 0x2B, 0x6D, 0x7B,
    0xE3, 0x52, 0xCF, 0xB5, 0xBC, 0x63, 0x3F, 0xC7, 0x71, 0xBC, 0x7E, 0xBB, 0xD2, 0xC8, 0x72, 0xC9,
    0x3E, 0xF7, 0xDE, 0x80, 0x9E, 0x66, 0x02, 0x8B, 0xA7, 0xFB, 0xDF, 0xC6, 0xD3, 0x5D, 0x84, 0x56,
    0xD0, 0xBD, 0x8B, 0x24, 0x69, 0x5E, 0xB7, 0x28, 0x6E, 0x5E, 0xD0, 0xC8, 0xD7, 0xA3, 0x35, 0x7B,
    0xBA, 0x41, 0x61, 0xDB, 0xD3, 0x5D, 0x48, 0xC6, 0xA3, 0x95, 0xF7, 0x38, 0x7A, 0xE1, 0x58, 0xF7,
    0x85, 0xAE, 0x00, 0xC3, 0x3F, 0x71, 0x09, 0xEB, 0x76, 0x92, 0xFF, 0x17, 0xC8, 0x47, 0x08, 0x92,
    0xE9, 0xB3, 0x6A, 0xB2, 0x28, 0xC2, 0x4F, 0xB2, 0xAA, 0xEC, 0x98, 0xD5, 0xCD, 0xE4, 0x2D, 0xC8,
    0x1F, 0x95, 0x4B, 0x69, 0x4A, 0xAD, 0xD1, 0x7A, 0xA0, 0xD4, 0x8A, 0x58, 0x0B, 0x62, 0xE8, 0xC7,
    0xD9, 0xAD, 0x40, 0xA5, 0xEE, 0x41, 0x02, 0x4A, 0x19, 0xC0, 0x73, 0x86, 0xBA, 0xA3, 0x96, 0x81,
    0x9F, 0xAA, 0xB2, 0xF7, 0x3A, 0xDF, 0xFE, 0x8C, 0x0A, 0x1E, 0xFA, 0x1A, 0xDE, 0x24, 0x74, 0xC7,
    0xE7, 0xFF, 0x10, 0xDE, 0xC3, 0x7C, 0x39, 0xA0, 0xD1, 0x8D, 0xC8, 0xEB, 0x70, 0xA4, 0x87, 0x88,
    0xDA, 0x39, 0x77, 0xE1, 0xE1, 0x1D, 0xEB, 0xFF, 0xB7, 0x97, 0xDC, 0x05, 0x15, 0x6A, 0x5E, 0x68,
    0x3D, 0x59, 0x64, 0x70, 0xEF, 0x86, 0xFF, 0xC1, 0x68, 0x27, 0xA4, 0x20, 0xA3, 0x44, 0xDF, 0xA2,
    0xE6, 0x53, 0x03, 0x63, 0x3E, 0xC2, 0xC3, 0x88, 0x7A, 0x56, 0x62, 0x1E, 0x6C, 0xF2, 0x84, 0x9D,
    0xA7, 0x20, 0xFD, 0x1C, 0x85, 0x7E, 0x71, 0xC6, 0x01, 0xB2, 0xC2, 0xDA, 0x00, 0x3D, 0x0D, 0x70,
    0xFE, 0x5F, 0x8E, 0x63, 0x20, 0x59, 0x43, 0x81, 0xE9, 0xBA, 0xF9, 0x20, 0x1A, 0x69, 0x08, 0x52,
    0x96, 0xB3, 0xE8, 0x44, 0xF5, 0x09, 0xE6, 0x34, 0x29, 0xF0, 0x79, 0x9D, 0x7B, 0x5D, 0xD2, 0xFC,
    0xFF, 0x0F, 0xB5, 0x5A, 0xBF, 0x8E, 0xDC, 0xC6, 0x19, 0xFF, 0x48, 0x06, 0x4B, 0x2B, 0x54, 0x40,
    0x15, 0x29, 0x0C, 0xC8, 0x00, 0x55, 0x08, 0x88, 0x00, 0x07, 0x1E, 0x15, 0x69, 0x02, 0x58, 0x47,
    0x3A, 0x2A, 0x52, 0xA8, 0x70, 0xDE, 0x20, 0xF7, 0x06, 0x4A, 0x99, 0x22, 0x16, 0xC7, 0xD1, 0x03,
    0xE4, 0x90, 0x17, 0x88, 0xD2, 0x07, 0x70, 0xEB, 0xE2, 0x4E, 0xA4, 0x9D, 0xC2, 0x85, 0x0B, 0x33,
    0x72, 0x91, 0x22, 0x85, 0x99, 0xC8, 0x0F, 0x40, 0xC0, 0xB4, 0xB3, 0xA7, 0x70, 0x77, 0xF2, 0xFB,
    0xCD, 0x90, 0x47, 0x9E, 0x4E, 0xBB, 0xDA, 0xBD, 0xA3, 0xF6, 0xE6, 0x9B, 0x5B, 0x92, 0x33, 0xDF,
    0xFC, 0xE6, 0xE3, 0xCC, 0xF7, 0x6F, 0x56, 0x52, 0x53, 0x8A, 0x8C, 0xD5, 0x4B, 0x9F, 0xA0, 0x43,
    0x15, 0xAD, 0x51, 0xC5, 0x06, 0x55, 0x62, 0x32, 0xB4, 0x2B, 0xD0, 0x2E, 0x4F, 0x2A, 0x11, 0x13,
    0x37, 0x22, 0xAB, 0xA8, 0x11, 0xBF, 0x0B, 0x96, 0x12, 0x2C, 0xD1, 0x3A, 0x34, 0x66, 0x25, 0x91,
    0x31, 0x06, 0x1D, 0x50, 0xA1, 0x55, 0xA1, 0xD3, 0x52, 0xD2, 0xD2, 0x56, 0x45, 0x26, 0xAA, 0x0E,
    0x4C, 0x27, 0x03, 0x4D, 0x3F, 0x0B, 0x53, 0xA3, 0x53, 0x87, 0xDE, 0x6B, 0xF1, 0x3C, 0x0E, 0x97,
    0x8B, 0xE7, 0x18, 0x01, 0x1B, 0xA8, 0xCC, 0x1D, 0x91, 0x2F, 0xC8, 0x37, 0xA7, 0x00, 0x13, 0x02,
    0x87, 0x7A, 0x50, 0x12, 0x20, 0xB0, 0xF9, 0xAB, 0x37, 0x0F, 0xBF, 0x3A, 0x96, 0xA0, 0x59, 0x02,
    0x1A, 0x7A, 0xE7, 0xFA, 0x6A, 0xF0, 0xDF, 0x04, 0x40, 0x72, 0x44, 0x67, 0x51, 0xE0, 0x25, 0x29,
    0xA1, 0xE5, 0x0D, 0xBF, 0xB1, 0x4A, 0x9A, 0xFD, 0x61, 0xB2, 0x0D, 0x60, 0xFA, 0xE8, 0x1F, 0x80,
    0x42, 0x5C, 0x07, 0x20, 0xDB, 0xF7, 0x36, 0xE8, 0xC4, 0x89, 0x3D, 0x6C, 0x41, 0x18, 0xD7, 0xCF,
    0x9C, 0x3C, 0x6E, 0xAE, 0x33, 0xF0, 0x6D, 0x01, 0xB8, 0x49, 0x4E, 0xBD, 0x27, 0x29, 0x70, 0xE5,
    0x98, 0x58, 0x01, 0x89, 0x01, 0xE6, 0x48, 0xDA, 0xDD, 0xE7, 0x73, 0x75, 0x2A, 0x4F, 0x80, 0xA3,
    0xC1, 0x98, 0x4B, 0x51, 0x46, 0x8B, 0x0F, 0xB9, 0x54, 0xA2, 0x2A, 0xB6, 0xC4, 0x30, 0xB7, 0x2C,
    0xE3, 0xA2, 0x8E, 0x4C, 0xAB, 0x4C, 0x93, 0x56, 0x37, 0x70, 0x1B, 0x28, 0x5C, 0xC1, 0xF7, 0xBC,
    0xBA, 0xA1, 0x4C, 0x1B, 0x99, 0xA5, 0x57, 0x7C, 0x2B, 0x72, 0x04, 0x9C, 0x4B, 0x30, 0x80, 0x74,
    0xD3, 0x87, 0x99, 0x5C, 0x5F, 0xCC, 0x87, 0xEB, 0x3A, 0x9E, 0x81, 0x4B, 0x15, 0x7C, 0xD7, 0x78,
    0xFA, 0x68, 0x0F, 0x50, 0x5E, 0xE3, 0x40, 0x91, 0xF8, 0x7D, 0xF8, 0xCC, 0x01, 0xEA, 0x3D, 0x82,
    0x62, 0x79, 0x6F, 0xE0, 0xBA, 0x23, 0xA8, 0xB7, 0x16, 0x4E, 0x42, 0x94, 0x14, 0x81, 0xC9, 0xD1,
    0xAC, 0xC0, 0x20, 0x21, 0xCA, 0xC9, 0x54, 0xC4, 0x76, 0x7D, 0x4F, 0x6C, 0xE5, 0xA1, 0x04, 0x3F,
    0x60, 0x65, 0x61, 0xD5, 0x4A, 0x8A, 0x41, 0xAE, 0x8D, 0xD0, 0x3E, 0x31, 0x47, 0x62, 0xB0, 0x8A,
    0xB1, 0x0F, 0x4A, 0x23, 0x45, 0x83, 0x35, 0xDC, 0x1A, 0x09, 0x97, 0x06, 0xBB, 0xEA, 0x22, 0x45,
    0xB8, 0x9F, 0xB4, 0xC6, 0x2B, 0x6A, 0xDB, 0x1E, 0xFD, 0x0A, 0xC3, 0x79, 0xBE, 0xFB, 0x21, 0x77,
    0xDB, 0xA4, 0xD2, 0x67, 0x55, 0xE6, 0x1B, 0xC0, 0xC1, 0x54, 0x32, 0xEE, 0x06, 0x02, 0xC3, 0x65,
    0x91, 0xE5, 0x84, 0x7B, 0xAE, 0xB2, 0xF7, 0xF2, 0x0A, 0x95, 0x62, 0xBB, 0x88, 0x95, 0x57, 0x9C,
    0x52, 0x27, 0xBC, 0x10, 0x5E, 0x36, 0xAC, 0xB0, 0x6F, 0x1B, 0x6C, 0x1E, 0x6C, 0x67, 0xA3, 0x51,
    0xA5, 0x25, 0xAB, 0xCA, 0x98, 0x4A, 0x4D, 0xAA, 0xE1, 0x41, 0x5E, 0xF6, 0xED, 0x22, 0xC3, 0xBE,
    0xDC, 0xAF, 0x10, 0xC1, 0x82, 0x3A, 0x03, 0x98, 0x33, 0xFB, 0xAA, 0x53, 0xF0, 0x4D, 0xAD, 0x16,
    0xCA, 0xDC, 0x7A, 0x2C, 0x32, 0x82, 0x25, 0xD6, 0x1C, 0xAA, 0x80, 0xA8, 0x08, 0x6F, 0x20, 0x5E,
    0x13, 0x24, 0x31, 0x12, 0x22, 0x11, 0xC6, 0xE8, 0x3E, 0xD0, 0xF4, 0xE3, 0xE4, 0xDA, 0x93, 0xC8,
    0x79, 0x02, 0x9A, 0x33, 0xBA, 0xF0, 0xCC, 0x64, 0x03, 0xE1, 0xFD, 0xCA, 0x40, 0xD3, 0x8F, 0x57,
    0x1C, 0xE1, 0x1E, 0x97, 0xC6, 0x0A, 0x73, 0xC5, 0x9B, 0x83, 0x06, 0x9A, 0xF6, 0x2B, 0xA8, 0x93,
    0xAA, 0x1F, 0xD9, 0xE7, 0x56, 0x4B, 0x15, 0x4B, 0x89, 0xFF, 0x08, 0x8C, 0x7F, 0x6F, 0xA0, 0x78,
    0xF0, 0x8E, 0x9E, 0xCE, 0x8C, 0xF3, 0x33, 0x60, 0x7C, 0x46, 0xDE, 0xB5, 0x5B, 0xCC, 0x57, 0xC0,
    0x29, 0x1F, 0x4D, 0x06, 0xF9, 0x68, 0x5E, 0x9C, 0x72, 0xC0, 0x6D, 0xD3, 0xD3, 0xC1, 0xD5, 0xE4,
    0x39, 0x0B, 0x1E, 0x8C, 0xE3, 0x2C, 0x03, 0x15, 0x1A, 0xB5, 0xB5, 0xA1, 0x56, 0xD0, 0xFB, 0xE3,
    0x59, 0x39, 0xCB, 0x42, 0xAB, 0x15, 0xAF, 0x1C, 0x05, 0x2B, 0x09, 0x3C, 0x2D, 0xD1, 0x3F, 0xEB,
    0xF1, 0x9D, 0xDF, 0x99, 0x57, 0x9E, 0xD4, 0xDC, 0xC1, 0xF3, 0x46, 0xA8, 0x99, 0xEC, 0x16, 0xBA,
    0x7E, 0x35, 0x99, 0x6E, 0xB6, 0x38, 0xD0, 0x81, 0x5B, 0x75, 0x68, 0xD0, 0x59, 0xD2, 0x41, 0x97,
    0x97, 0x41, 0x97, 0xD6, 0x41, 0x97, 0xC0, 0xD6, 0x73, 0xDB, 0x7B, 0x9C, 0xC4, 0x4D, 0xF3, 0xC4,
    0xEA, 0x3D, 0xEA, 0x3F, 0xAC, 0x51, 0xFF, 0x7B, 0x8C, 0x01, 0xBD, 0xE8, 0x70, 0x9E, 0x52, 0x33,
    0x50, 0xEF, 0x40, 0x97, 0x14, 0xE0, 0x55, 0x08, 0xD1, 0x0E, 0xC4, 0xEB, 0xBC, 0x34, 0xA3, 0x35,
    0x5F, 0x3B, 0x49, 0xFC, 0xD4, 0x5F, 0xE3, 0x5E, 0x07, 0x6A, 0x09, 0x0F, 0x6B, 0x35, 0xD6, 0x72,
    0x90, 0x68, 0x30, 0x82, 0x15, 0x5F, 0x4E, 0xF4, 0xFF, 0xD5, 0xB1, 0x6F, 0x72, 0x98, 0x66, 0xC3,
    0xBE, 0xD1, 0xA8, 0xCE, 0x20, 0x77, 0xD5, 0xCB, 0x9D, 0xA4, 0x64, 0x7E, 0xEC, 0x73, 0x60, 0xB4,
    0x80, 0x96, 0x6E, 0x1F, 0xC6, 0xAD, 0x75, 0x99, 0xC4, 0x2F, 0xDD, 0x7F, 0x45, 0xA3, 0x9C, 0xF5,
    0x7E, 0xE0, 0xCC, 0xD8, 0xB9, 0xBC, 0xC9, 0xBF, 0xC0, 0x1E, 0x3A, 0x85, 0x1E, 0x38, 0xBA, 0xEB,
    0xF6, 0xA6, 0x44, 0xED, 0x46, 0xC2, 0x5C, 0xCF, 0x68, 0x4B, 0x3B, 0x0F, 0x6C, 0x43, 0xBC, 0x4A,
    0x05, 0x55, 0x70, 0x00, 0xEC, 0xB7, 0x7B, 0xBB, 0xDF, 0x5B, 0xBE, 0x8B, 0x44, 0xEF, 0x02, 0xFB,
    0x35, 0xC7, 0x7E, 0xCC, 0x3F, 0x3E, 0xB3, 0x78, 0x5B, 0x89, 0x56, 0x56, 0xDB, 0x0A, 0x68, 0xCC,
    0x72, 0xAC, 0xC6, 0x07, 0x74, 0xB4, 0xA7, 0xD5, 0xF8, 0x60, 0x53, 0xB5, 0xC0, 0x0B, 0x8C, 0x69,
    0x47, 0x00, 0x88, 0x14, 0xF7, 0xD7, 0x31, 0xC0, 0xC5, 0xCE, 0xCD, 0xD6, 0x71, 0x93, 0x97, 0x71,
    0xAD, 0x40, 0x49, 0xB5, 0x95, 0xFE, 0xAC, 0x53, 0x53, 0xE5, 0xA6, 0xBC, 0xA3, 0xC6, 0x78, 0x66,
    0xDF, 0x92, 0x3C, 0xCE, 0x72, 0xFA, 0x3B, 0xFA, 0xF6, 0xA3, 0x9E, 0x09, 0x1C, 0xF5, 0x5D, 0x0A,
    0xC2, 0x41, 0x57, 0xA6, 0xD1, 0xD4, 0xBE, 0x25, 0x37, 0xDA, 0x95, 0x33, 0x26, 0x3B, 0x8E, 0xDE,
    0x25, 0xD9, 0x89, 0x92, 0x14, 0xDA, 0x75, 0x70, 0x1E, 0x10, 0x0B, 0xED, 0x5B, 0xFE, 0x10, 0xEB,
    0x83, 0x04, 0xFE, 0xCE, 0xA8, 0xD1, 0x76, 0x1C, 0x3D, 0x6E, 0x5E, 0xF7, 0x17, 0x55, 0x49, 0x96,
    0x22, 0xA6, 0x4A, 0xDB, 0xA4, 0x89, 0x4A, 0x55, 0xAB, 0x3A, 0xB2, 0x82, 0x4A, 0xAA, 0x4D, 0x7F,
    0x71, 0x99, 0xC2, 0x88, 0x14, 0x75, 0xDE, 0xA8, 0x3A, 0xB1, 0x01, 0x5B, 0x62, 0x21, 0xF1, 0xDB,
    0xF6, 0xBF, 0x3C, 0xDB, 0xF4, 0x87, 0x8D, 0x09, 0xBF, 0xF1, 0x52, 0x15, 0x36, 0x38, 0x2D, 0x5B,
    0xA0, 0x8B, 0xD2, 0x84, 0xB4, 0x6A, 0x34, 0x63, 0x86, 0x2E, 0xB7, 0x92, 0x93, 0xE2, 0x63, 0x83,
    0xA2, 0x18, 0x73, 0xD9, 0xF8, 0x31, 0x5B, 0xEF, 0x52, 0x44, 0xD6, 0x8C, 0x04, 0x73, 0xBC, 0x76,
    0xEC, 0x44, 0x28, 0x1F, 0xE8, 0x03, 0x8F, 0x91, 0x21, 0x7C, 0x85, 0xF8, 0xAB, 0x52, 0x16, 0x7D,
    0x68, 0xC8, 0x7B, 0xFB, 0x10, 0x78, 0xDE, 0x09, 0xA9, 0x77, 0x96, 0xD8, 0x52, 0x0D, 0x43, 0x12,
    0x91, 0x5F, 0x20, 0x30, 0x26, 0xE3, 0xF8, 0xCB, 0x6A, 0xE1, 0x6B, 0xC7, 0x74, 0xC7, 0xE2, 0x20,
    0x16, 0x2D, 0x95, 0x2C, 0xB4, 0x20, 0xE2, 0x06, 0x88, 0xC0, 0x37, 0x62, 0x22, 0xF8, 0x0B, 0x0A,
    0x5E, 0x37, 0xE2, 0x6F, 0x06, 0xBD, 0x50, 0x25, 0xEE, 0x3F, 0xB6, 0x80, 0x41, 0xF4, 0x6C, 0x62,
    0xF8, 0x4D, 0xE1, 0x0A, 0x42, 0x32, 0x62, 0xFB, 0x20, 0xDA, 0x31, 0x56, 0xE1, 0xF2, 0xBD, 0xD3,
    0x3E, 0xD0, 0x3E, 0x67, 0x04, 0xB6, 0x59, 0x4F, 0x65, 0xD8, 0x0D, 0xBF, 0x5A, 0x4B, 0xFE, 0x00,
    0x12, 0xFA, 0xA4, 0xE6, 0xFE, 0x00, 0x49, 0xFF, 0x1F, 0xD7, 0xBF, 0x6D, 0xF1, 0x0C, 0x02, 0xBC,
    0xBF, 0x66, 0x5B, 0xBE, 0x64, 0xB7, 0xFF, 0x52, 0x47, 0x80, 0x69, 0xD5, 0xFC, 0x39, 0x3E, 0x0F,
    0xC9, 0xA7, 0x9C, 0xF0, 0x81, 0x2E, 0x7C, 0xD8, 0x5C, 0xE4, 0xA3, 0x9D, 0x9B, 0xC5, 0xA4, 0x02,
    0xD5, 0x36, 0x95, 0xCA, 0x5B, 0xFD, 0xBE, 0x48, 0xCB, 0x4B, 0x12, 0x14, 0xCB, 0x40, 0xF2, 0x24,
    0x6A, 0x8A, 0xFA, 0x97, 0x56, 0x4B, 0x6F, 0x5E, 0xB2, 0xA9, 0xC6, 0x92, 0x6E, 0x93, 0x76, 0xD1,
    0x9C, 0xC5, 0x7C, 0xAF, 0x2F, 0x66, 0xED, 0x4A, 0x2F, 0x89, 0xDC, 0xBA, 0x87, 0xED, 0x8E, 0xE3,
    0x60, 0xC6, 0x65, 0x52, 0x1A, 0x8D, 0xE5, 0x1D, 0x55, 0xB6, 0x94, 0x43, 0xD1, 0xAF, 0x1D, 0x11,
    0xE1, 0x61, 0x3E, 0x16, 0x8D, 0xA0, 0xD0, 0xC5, 0xD8, 0x17, 0x0B, 0x3C, 0x04, 0xE6, 0x60, 0x5A,
    0x44, 0x99, 0x82, 0x41, 0xCF, 0x71, 0xF3, 0x5A, 0x83, 0x18, 0x34, 0xEC, 0x58, 0xE3, 0xFB, 0xA6,
    0xB1, 0x2E, 0xB2, 0xFD, 0xA0, 0xCD, 0xEF, 0x77, 0xF9, 0xAF, 0x57, 0xAC, 0xF1, 0x7D, 0xC3, 0x58,
    0x83, 0xF3, 0x33, 0xD2, 0x0D, 0x09, 0x5E, 0xB4, 0x7D, 0x96, 0xAD, 0x16, 0x05, 0xC1, 0x19, 0xAE,
    0x1A, 0xD0, 0xCF, 0xA6, 0xED, 0x60, 0x85, 0x07, 0xF2, 0xFE, 0x26, 0x7E, 0x37, 0x2D, 0x88, 0x7E,
    0x6B, 0x94, 0x08, 0x01, 0x65, 0x27, 0xEA, 0xDC, 0x23, 0xF1, 0xE0, 0xF1, 0x72, 0x57, 0x94, 0x76,
    0xDD, 0xBF, 0xB4, 0xAE, 0xD2, 0x71, 0x5D, 0xAD, 0x19, 0x7A, 0xC3, 0x75, 0x31, 0x15, 0xA8, 0x05,
    0x75, 0x20, 0x0A, 0xA1, 0x78, 0xDC, 0x99, 0xF4, 0xEB, 0xCE, 0xC4, 0xDF, 0x41, 0x2C, 0xFF, 0xEB,
    0xB0, 0xFD, 0x10, 0xA2, 0x93, 0x52, 0x90, 0x02, 0xC5, 0x20, 0xC8, 0x8B, 0x83, 0x2D, 0xFA, 0xED,
    0x45, 0x17, 0x8C, 0x2B, 0x80, 0xBA, 0xFC, 0x70, 0xF0, 0xF0, 0x8E, 0xF6, 0x36, 0xFB, 0xB3, 0x60,
    0x92, 0x3E, 0xC9, 0x46, 0x17, 0x8B, 0x3B, 0xF4, 0xD1, 0xE5, 0xB0, 0x9C, 0x6D, 0x6D, 0x44, 0x52,
    0xC1, 0x59, 0xF6, 0xE5, 0x2E, 0x5C, 0xFC, 0xCE, 0xBA, 0x55, 0x56, 0x9E, 0x8B, 0xD1, 0x75, 0x9B,
    0x03, 0xBB, 0x9F, 0x69, 0x09, 0x11, 0xF6, 0xF8, 0x36, 0xEC, 0x01, 0xD3, 0xB7, 0xA7, 0x1E, 0xF3,
    0xFE, 0x73, 0x50, 0xBD, 0xE6, 0x53, 0xD9, 0x99, 0x96, 0x92, 0x9F, 0x93, 0xD9, 0xC3, 0x35, 0x96,
    0x90, 0xA9, 0x7C, 0xA6, 0x82, 0x56, 0xD1, 0x92, 0x39, 0x4C, 0x50, 0xB7, 0x8D, 0xF6, 0x9F, 0x5F,
    0xDE, 0xCF, 0x91, 0xF3, 0x8B, 0x6C, 0xAA, 0xC7, 0x25, 0x55, 0x69, 0xF1, 0x99, 0x77, 0x60, 0xCC,
    0x61, 0xF4, 0xE5, 0xDE, 0x4D, 0xE1, 0x82, 0x46, 0x66, 0x66, 0x13, 0xE8, 0xF4, 0xE4, 0xDB, 0x69,
    0xA2, 0xFC, 0x55, 0xD9, 0x72, 0x5A, 0x26, 0x8F, 0xD9, 0x1E, 0x9B, 0xA5, 0x4D, 0x96, 0x21, 0x4D,
    0x04, 0x86, 0xCF, 0x6D, 0x6E, 0x56, 0xD3, 0xDB, 0xCE, 0x60, 0x7E, 0x27, 0x15, 0xEF, 0xD9, 0xA7,
    0xB6, 0x9D, 0xED, 0x61, 0x33, 0x45, 0x8C, 0x09, 0x1C, 0xBF, 0x10, 0xB0, 0x07, 0xBA, 0x98, 0x45,
    0xE9, 0x7A, 0x2F, 0x1E, 0x11, 0x69, 0xC6, 0x38, 0x75, 0x24, 0x5E, 0xF3, 0x3E, 0x9F, 0xB3, 0x1D,
    0xDB, 0xCB, 0x3D, 0x3A, 0x29, 0x29, 0x42, 0x3D, 0x38, 0xF6, 0x72, 0x3E, 0xD0, 0x7B, 0x53, 0xF0,
    0xCB, 0xA5, 0x04, 0xFF, 0x6E, 0xB1, 0xDA, 0x5E, 0x0E, 0xFE, 0x2E, 0x01, 0xDF, 0xCB, 0x7E, 0x83,
    0xB7, 0x5B, 0x81, 0x75, 0xF4, 0x1F, 0x40, 0x4F, 0x1E, 0x33, 0x29, 0x18, 0x63, 0x4A, 0xEF, 0x84,
    0x6F, 0x72, 0x0E, 0x72, 0x0B, 0xEA, 0xEC, 0x18, 0xE6, 0xB2, 0x4B, 0xA1, 0xE8, 0x4E, 0x24, 0xFC,
    0x07, 0xE6, 0x93, 0x1D, 0x5D, 0x7E, 0x1E, 0x37, 0x19, 0xFE, 0x78, 0x8C, 0x35, 0x18, 0xF8, 0xA1,
    0x4E, 0x56, 0xD4, 0x29, 0x69, 0xCD, 0x3A, 0x2F, 0x59, 0x17, 0xDA, 0xD6, 0xDC, 0x41, 0xF5, 0xB9,
    0x5A, 0x8F, 0x6D, 0x5C, 0x7B, 0xD7, 0xD7, 0xF2, 0xE9, 0x2C, 0xCF, 0xCE, 0xF2, 0xEF, 0xBC, 0x42,
    0xAB, 0x1A, 0x63, 0x7E, 0x8F, 0xB9, 0x28, 0xDE, 0xCF, 0xF2, 0xCA, 0xD4, 0x0E, 0x51, 0xE2, 0xC2,
    0x3B, 0x57, 0x57, 0xAE, 0xE6, 0x7D, 0xE1, 0x1C, 0x5A, 0xCF, 0xB5, 0x47, 0xDF, 0x1F, 0x6C, 0x9A,
    0x50, 0xD3, 0x7E, 0x0C, 0x5A, 0x38, 0xBF, 0xA8, 0x85, 0x5D, 0x22, 0x76, 0xC5, 0x04, 0x09, 0x9D,
    0x23, 0x3D, 0x9D, 0x3F, 0xAE, 0x4B, 0x7B, 0xDF, 0x3E, 0xA7, 0x13, 0x05, 0x27, 0x2B, 0x58, 0x4F,
    0x9D, 0xA8, 0x8A, 0x4E, 0x18, 0x4F, 0x12, 0x1E, 0xD1, 0xAE, 0x60, 0x4D, 0x86, 0xB5, 0x78, 0xBA,
    0x0F, 0xE0, 0xE1, 0xD8, 0xB0, 0x68, 0xD9, 0x64, 0x76, 0x51, 0x66, 0x19, 0x5F, 0xFA, 0x13, 0x93,
    0x34, 0xB3, 0x27, 0x1B, 0x8C, 0xA7, 0x17, 0xA6, 0x4E, 0x10, 0x96, 0xA3, 0xD4, 0x3C, 0x68, 0xD9,
    0x54, 0x18, 0x9B, 0xC0, 0x10, 0x96, 0xF4, 0x27, 0x9F, 0x62, 0x7D, 0xCA, 0xE6, 0xB4, 0xD5, 0x1C,
    0x48, 0xAF, 0x05, 0x92, 0xFC, 0xA5, 0x8C, 0x9C, 0x19, 0x3A, 0x1C, 0x53, 0x1D, 0xBB, 0x48, 0xCA,
    0xDA, 0x6A, 0x9F, 0xFB, 0xA7, 0x65, 0x1C, 0xE0, 0x66, 0x3C, 0xA4, 0xD4, 0xF3, 0x53, 0xAE, 0x22,
    0xCD, 0x28, 0x55, 0xD5, 0x3F, 0x76, 0x8F, 0xB1, 0xC1, 0x92, 0x35, 0x55, 0x60, 0xEB, 0x0E, 0x82,
    0x14, 0x26, 0x65, 0xF3, 0x65, 0xA9, 0x7D, 0xFA, 0x13, 0xB8, 0xF9, 0x58, 0x2B, 0x25, 0x53, 0x05,
    0x0B, 0x03, 0xFD, 0xE8, 0x5B, 0x59, 0x60, 0x21, 0x15, 0x36, 0x33, 0x78, 0xCB, 0x6D, 0x11, 0xA6,
    0xFA, 0x21, 0x46, 0x55, 0xDD, 0x00, 0x53, 0x65, 0x1A, 0x04, 0xC3, 0x21, 0x96, 0x69, 0xD8, 0xBD,
    0x1D, 0x74, 0xCA, 0x2C, 0x53, 0xD3, 0xDC, 0x84, 0xDF, 0x1C, 0x48, 0x6F, 0x4F, 0x81, 0xAD, 0x3B,
    0xC6, 0xDC, 0xEE, 0xCC, 0x87, 0xEB, 0xBA, 0x3B, 0xE6, 0xAA, 0x82, 0xE7, 0x8D, 0x6F, 0x0F, 0x6C,
    0x76, 0x05, 0x35, 0xC7, 0xE0, 0x09, 0x84, 0x9C, 0x94, 0xEE, 0x74, 0x8C, 0xCD, 0xEC, 0xE9, 0xC0,
    0x6E, 0xC3, 0x1F, 0x5B, 0x13, 0xAD, 0x78, 0xE0, 0x46, 0x65, 0x7D, 0x08, 0x5B, 0xDD, 0x9D, 0x38,
    0x47, 0x8E, 0xA2, 0x0A, 0xC6, 0x6C, 0xF5, 0x1C, 0x48, 0x5F, 0x79, 0x52, 0xB3, 0x23, 0xD4, 0x02,
    0x2A, 0x67, 0x20, 0x49, 0x38, 0xF0, 0x25, 0x88, 0x96, 0x89, 0xFA, 0x1C, 0x1A, 0x40, 0x02, 0x66,
    0x51, 0x2A, 0x9B, 0x06, 0x3B, 0xE7, 0x18, 0xBB, 0x65, 0x8E, 0x72, 0xD1, 0x03, 0x2F, 0x33, 0x58,
    0xE5, 0xC4, 0x94, 0x0B, 0x04, 0x23, 0x9D, 0xCD, 0x91, 0xA7, 0x3C, 0xAE, 0x7C, 0x8D, 0xE4, 0xE6,
    0x42, 0x1E, 0xEB, 0x77, 0x11, 0x1D, 0x7C, 0x28, 0x2C, 0xBB, 0xE1, 0xF4, 0x8D, 0xDE, 0x36, 0x38,
    0x5E, 0x65, 0x39, 0xD0, 0xB6, 0xC1, 0xB7, 0x89, 0x67, 0xF2, 0x7D, 0x3A, 0xAC, 0x1C, 0x5C, 0x63,
    0xE0, 0x91, 0xD9, 0x55, 0xF1, 0xD7, 0x4F, 0xC7, 0x45, 0xC4, 0x3C, 0xE3, 0x0E, 0x94, 0x92, 0x98,
    0x8F, 0x2C, 0xC3, 0xA5, 0x42, 0x94, 0x05, 0x88, 0x75, 0xC0, 0x18, 0xF0, 0xE1, 0x29, 0xF4, 0xCB,
    0x21, 0x2C, 0x1D, 0xD6, 0x5C, 0x68, 0x8F, 0xA1, 0x6D, 0xFE, 0xC0, 0xBC, 0xBA, 0x68, 0x03, 0x9D,
    0x86, 0x15, 0x88, 0xEE, 0x9E, 0x39, 0xED, 0xA3, 0x6D, 0x47, 0x93, 0xCF, 0x1C, 0xA0, 0x22, 0x9E,
    0x28, 0xB6, 0xD3, 0xA3, 0xA8, 0x5D, 0x41, 0xB5, 0x34, 0xFC, 0x58, 0x4A, 0x79, 0xE7, 0x04, 0x3E,
    0x27, 0xA8, 0xB2, 0x0D, 0x9F, 0x35, 0x8C, 0xD0, 0x86, 0x63, 0xA7, 0x5D, 0x41, 0x51, 0xB2, 0x0A,
    0x73, 0x79, 0xFF, 0xF7, 0x8E, 0xF8, 0x1D, 0xF7, 0xE6, 0x00, 0xC5, 0x58, 0xC6, 0x94, 0xDE, 0x33,
    0x16, 0x46, 0x78, 0xF9, 0x3E, 0xB8, 0xAE, 0x79, 0x99, 0xC4, 0xF7, 0xA1, 0x25, 0x1E, 0xD4, 0xF2,
    0x08, 0xEE, 0xC2, 0x12, 0xD1, 0xC0, 0xEF, 0xDE, 0x99, 0x4D, 0x60, 0x72, 0x08, 0x4F, 0x6C, 0x79,
    0x20, 0x5E, 0x97, 0xC3, 0x13, 0xEB, 0x24, 0xFA, 0x1C, 0x8E, 0x9E, 0x94, 0x83, 0xE8, 0xB6, 0x93,
    0xEE, 0x2D, 0x68, 0xFF, 0x63, 0x07, 0xC2, 0xBD, 0x3A, 0xA6, 0x57, 0x1F, 0x5D, 0xED, 0x8F, 0x05,
    0x5A, 0xDA, 0x6B, 0x7B, 0x5E, 0xC6, 0xFD, 0xC8, 0xC2, 0xA7, 0x9B, 0xE5, 0x52, 0x66, 0xB1, 0x5D,
    0x77, 0xA9, 0x75, 0xD7, 0x57, 0xF6, 0xF8, 0xF3, 0xEE, 0x59, 0xD4, 0xC6, 0xF0, 0x93, 0xC8, 0x5C,
    0x1D, 0x37, 0x40, 0x58, 0xA1, 0x6E, 0x93, 0x3A, 0x69, 0xA3, 0x26, 0x6E, 0xD4, 0x92, 0xF9, 0xCA,
    0xB4, 0x8B, 0xEB, 0xB8, 0xC9, 0x57, 0x49, 0x15, 0xB5, 0x27, 0x4F, 0x13, 0xCC, 0xA3, 0xCB, 0x55,
    0x19, 0xAC, 0xBA, 0x34, 0xD7, 0xBE, 0x69, 0x53, 0xF8, 0x79, 0x74, 0x75, 0x18, 0x30, 0x31, 0xDE,
    0x31, 0x15, 0x7F, 0x94, 0x52, 0x94, 0x21, 0xDD, 0x4C, 0x6D, 0x7F, 0xA5, 0x72, 0xDB, 0x05, 0xA0,
    0xEE, 0xA8, 0x4F, 0xE2, 0x7F, 0x51, 0x89, 0x7A, 0xBD, 0x43, 0x5F, 0x64, 0x27, 0x3E, 0x04, 0xB5,
    0xA6, 0xA4, 0x4C, 0xB0, 0x54, 0x9F, 0x19, 0x8C, 0xFF, 0xB9, 0x79, 0xD0, 0xC4, 0x5F, 0x9B, 0x3F,
    0xD5, 0xF1, 0xF3, 0x6F, 0xBE, 0xAA, 0xC2, 0xFF, 0x7E, 0xF9, 0x4D, 0x19, 0x98, 0x2F, 0x0C, 0x86,
    0x7B, 0xCC, 0xD1, 0xEE, 0xDB, 0xC4, 0xC8, 0x9A, 0x3E, 0x12, 0xD8, 0x5B, 0x4E, 0xCC, 0xF8, 0x33,
    0xD5, 0x80, 0x35, 0xC8, 0x28, 0xF2, 0xF6, 0x90, 0x9D, 0x62, 0x42, 0x0E, 0xF2, 0x82, 0x40, 0x92,
    0x06, 0x58, 0xE2, 0x36, 0x6E, 0x61, 0x7D, 0x92, 0x06, 0x31, 0x33, 0x0D, 0x99, 0xB1, 0xE7, 0x8E,
    0xD4, 0x19, 0x29, 0x7F, 0xFE, 0x93, 0x90, 0x81, 0x4D, 0xCB, 0x45, 0xCD, 0xB6, 0x6A, 0x72, 0xA4,
    0x66, 0x7F, 0x62, 0xD0, 0x1F, 0xA9, 0x15, 0x99, 0xAA, 0x72, 0x6D, 0x33, 0xAF, 0x5A, 0x41, 0x75,
    0x26, 0x75, 0x21, 0x71, 0xB3, 0x46, 0x9F, 0x95, 0x04, 0x2F, 0x98, 0x50, 0xE9, 0x8F, 0xB2, 0x78,
    0x5C, 0xCC, 0x2C, 0x67, 0xDA, 0x1F, 0xB1, 0x30, 0xFD, 0x86, 0xF1, 0x79, 0x12, 0x48, 0xBB, 0x25,
    0x9F, 0xC6, 0xB0, 0xF3, 0x2B, 0x3C, 0xB5, 0x95, 0xBD, 0x1C, 0x3F, 0x6F, 0x66, 0x4A, 0x3C, 0x81,
    0xA4, 0x7B, 0x47, 0x8B, 0x47, 0xCF, 0x34, 0x19, 0xDD, 0x3B, 0x2C, 0xB5, 0x66, 0x20, 0x87, 0x9B,
    0x2E, 0x17, 0xC4, 0x1F, 0x51, 0xAF, 0x35, 0xCE, 0x25, 0x80, 0x07, 0x4B, 0xE7, 0x17, 0x2B, 0x58,
    0xA2, 0x65, 0x7F, 0xDB, 0xD0, 0xC2, 0x3B, 0x3A, 0xE7, 0xDE, 0x1D, 0xF7, 0xEE, 0x5D, 0x6A, 0xD6,
    0xB6, 0xAC, 0xD8, 0x05, 0x0A, 0x32, 0xE7, 0xCC, 0x02, 0x9B, 0xB8, 0x8F, 0xF9, 0xFB, 0x04, 0xE3,
    0x8A, 0x44, 0xBA, 0xC7, 0x04, 0x8A, 0xC6, 0xD8, 0x79, 0x16, 0x5C, 0xF7, 0x6C, 0xB0, 0x8E, 0x72,
    0x6F, 0xC8, 0x67, 0xEE, 0x08, 0xEA, 0x16, 0xB6, 0xD1, 0xEA, 0xC4, 0x6D, 0x2D, 0x6E, 0x32, 0x3F,
    0x9B, 0x15, 0x18, 0x7C, 0x4D, 0x78, 0x9C, 0xD6, 0xA1, 0x1A, 0x8F, 0x97, 0x77, 0xC4, 0x86, 0x5E,
    0xB1, 0x81, 0x7B, 0x86, 0xF0, 0x31, 0x63, 0xBE, 0x2F, 0xDB, 0xE6, 0xD8, 0x4F, 0xCB, 0xFF, 0x01,
    0xCD, 0x5A, 0x3D, 0x93, 0xDC, 0xC6, 0x11, 0x6D, 0x00, 0xE4, 0x81, 0x26, 0x48, 0x43, 0x01, 0x83,
    0x73, 0x51, 0x2E, 0x30, 0x60, 0xE0, 0x2A, 0x56, 0x09, 0x0C, 0x98, 0xF2, 0x06, 0x16, 0x03, 0x05,
    0x0C, 0xCC, 0x7F, 0x40, 0xFD, 0x03, 0xA7, 0x0A, 0x28, 0x02, 0xB6, 0x03, 0x07, 0x4E, 0x2E, 0x73,
    0x48, 0x86, 0xCE, 0x58, 0xCA, 0x18, 0x90, 0x37, 0xA0, 0x14, 0x3A, 0x81, 0xA4, 0x40, 0x29, 0x24,
    0xB9, 0xCA, 0xA1, 0x51, 0x36, 0x5C, 0x85, 0x2B, 0x61, 0x77, 0xFC, 0x5E, 0x0F, 0xF6, 0x83, 0x77,
    0x47, 0xEA, 0x96, 0xB7, 0xC7, 0xF2, 0x72, 0xA7, 0xFB, 0x76, 0xB1, 0x98, 0xE9, 0xE9, 0xE9, 0x8F,
    0xD7, 0x0D, 0x8A, 0x48, 0xDA, 0x88, 0x92, 0xEB, 0xF3, 0x87, 0x4D, 0xE0, 0x9C, 0xAB, 0x63, 0x10,
    0xC9, 0x86, 0xD8, 0x89, 0x69, 0xC5, 0x55, 0x65, 0x2D, 0xA6, 0xB6, 0x95, 0x98, 0xC6, 0x16, 0x92,
    0xAF, 0x13, 0x7E, 0xA7, 0x57, 0xF5, 0x77, 0x7A, 0x47, 0xE2, 0xDC, 0x4C, 0x30, 0x4B, 0x27, 0x98,
    0xAF, 0xC0, 0xC4, 0x51, 0xC7, 0x11, 0xD8, 0xBF, 0x76, 0xB8, 0xD4, 0xE4, 0xCE, 0x55, 0xA6, 0x71,
    0x85, 0x2D, 0x4C, 0x8D, 0xE9, 0x97, 0x83, 0x9F, 0xF9, 0x3D, 0xAE, 0x63, 0x8A, 0x51, 0x02, 0xBB,
    0x8F, 0x7B, 0x25, 0xC6, 0xCD, 0x92, 0x90, 0xA4, 0x6D, 0x59, 0x45, 0xAE, 0x21, 0x29, 0x40, 0x46,
    0x39, 0x05, 0x31, 0x4A, 0x6A, 0x25, 0xF1, 0x20, 0x79, 0x9F, 0xF5, 0x92, 0x3A, 0xD7, 0x4A, 0x04,
    0x29, 0x44, 0x7E, 0x7F, 0xC8, 0x25, 0x64, 0xF4, 0x23, 0x1C, 0xCA, 0xC2, 0xF5, 0x18, 0x0D, 0x86,
    0x9C, 0x38, 0x2A, 0x48, 0xDA, 0x38, 0xA1, 0x8C, 0x98, 0x06, 0xBB, 0xF4, 0x13, 0x48, 0x75, 0x5B,
    0x59, 0xF8, 0xDF, 0xC1, 0x7F, 0xE6, 0xE6, 0xF9, 0xCA, 0x2B, 0xCF, 0x2F, 0xCB, 0xB1, 0xD7, 0x33,
    0xB7, 0x2F, 0x25, 0xF4, 0xE1, 0xDC, 0x7C, 0xE2, 0xAE, 0x56, 0x2E, 0x16, 0x37, 0x3B, 0xAC, 0x94,
    0xF6, 0x12, 0xCD, 0xC5, 0x09, 0x04, 0x4F, 0x46, 0x70, 0xEC, 0x22, 0xEB, 0x3C, 0x37, 0x8D, 0xE7,
    0xD8, 0x04, 0x79, 0xE0, 0x44, 0x39, 0xBE, 0x01, 0x4F, 0x86, 0x74, 0x20, 0xCF, 0xFA, 0x8C, 0x33,
    0x05, 0xB6, 0x35, 0x35, 0x38, 0xE6, 0xB7, 0x38, 0x15, 0xAE, 0x87, 0xBF, 0x3B, 0x8B, 0xF5, 0x9D,
    0xF3, 0x82, 0x86, 0x85, 0xD7, 0xF5, 0x8F, 0xFE, 0x93, 0x6B, 0x28, 0x9C, 0x94, 0xC2, 0xDF, 0xCA,
    0x87, 0x7A, 0x2B, 0x37, 0xA5, 0x92, 0x09, 0x05, 0x33, 0x6E, 0x4E, 0xB9, 0x94, 0x45, 0xA3, 0x71,
    0x33, 0x95, 0x26, 0x19, 0x94, 0xE5, 0xAD, 0xB2, 0xB2, 0xF6, 0x22, 0xAA, 0x44, 0xFA, 0x47, 0xD6,
    0x27, 0xBD, 0xCA, 0x93, 0xB5, 0x3A, 0x27, 0x6F, 0xD7, 0xDD, 0xCF, 0xAD, 0x2A, 0x63, 0xCE, 0xD5,
    0x6F, 0x5E, 0x01, 0xB9, 0x55, 0xBC, 0x2C, 0xC1, 0xCA, 0x22, 0x1F, 0x95, 0xA9, 0x01, 0x94, 0x45,
    0x50, 0x29, 0x53, 0xFD, 0x29, 0x0B, 0x9D, 0xBD, 0x87, 0xE3, 0xC4, 0x59, 0x90, 0x19, 0x65, 0x4D,
    0x49, 0xDB, 0xB4, 0x95, 0x2D, 0xCA, 0x22, 0xA4, 0xFE, 0xCA, 0x22, 0x1E, 0x95, 0xA5, 0x9D, 0x32,
    0x68, 0x83, 0xD7, 0xF0, 0xA3, 0xB2, 0x29, 0x7F, 0x8B, 0x45, 0x73, 0x7F, 0x3B, 0xAC, 0xF3, 0x13,
    0xB0, 0xC0, 0x1E, 0xC2, 0xFC, 0xB1, 0x07, 0x91, 0x60, 0x7E, 0x66, 0x3A, 0x23, 0x0D, 0x49, 0x7F,
    0x13, 0x8F, 0xD8, 0xAD, 0x71, 0x83, 0xE3, 0x7E, 0x79, 0x0E, 0xDE, 0x3D, 0x12, 0xEA, 0x96, 0x3A,
    0xF3, 0x24, 0xA9, 0x9D, 0x5A, 0xD0, 0x44, 0xB2, 0x66, 0x33, 0xE2, 0xE6, 0xEB, 0x44, 0xF8, 0x1D,
    0xA7, 0xC7, 0x1A, 0x31, 0x0F, 0x31, 0x71, 0x58, 0x32, 0x19, 0xA0, 0xE0, 0x3D, 0x68, 0xC2, 0x56,
    0x7E, 0xEC, 0xA9, 0x36, 0xFD, 0x78, 0xFB, 0x3F, 0x53, 0x51, 0x7F, 0x18, 0xF0, 0x93, 0x0C, 0x63,
    0xA7, 0x5B, 0xDC, 0x49, 0xF9, 0x31, 0xCC, 0xC8, 0x7D, 0xC8, 0x9C, 0x47, 0x0F, 0x35, 0xBB, 0x6A,
    0xE2, 0xCD, 0xC4, 0xFB, 0x89, 0x8F, 0x13, 0x77, 0x13, 0xB7, 0x7F, 0xF2, 0xDC, 0x7C, 0xEB, 0x79,
    0xFA, 0x1F, 0xCF, 0xE3, 0x9F, 0x3C, 0x0F, 0x9D, 0xE7, 0xA2, 0x1C, 0xAB, 0x19, 0xB5, 0x75, 0xF8,
    0xE2, 0xF8, 0xCB, 0x90, 0x3C, 0x1D, 0x33, 0xC4, 0x1D, 0x58, 0xE5, 0x98, 0xBB, 0x01, 0x3C, 0x1C,
    0x77, 0x9C, 0x5A, 0xB5, 0x44, 0x2D, 0x69, 0x32, 0x50, 0x26, 0x98, 0x28, 0x24, 0x8A, 0x5A, 0x2F,
    0x8F, 0x97, 0x86, 0xB2, 0xC4, 0x3D, 0x25, 0x01, 0x85, 0x1C, 0xA0, 0x90, 0x02, 0x14, 0x32, 0x80,
    0x42, 0x02, 0x50, 0xAC, 0x0F, 0x2A, 0x9E, 0x1A, 0xA5, 0xB9, 0xD2, 0x54, 0x69, 0xAC, 0x34, 0x04,
    0x95, 0x45, 0xBC, 0x92, 0xB4, 0x53, 0x0B, 0x25, 0x8D, 0xD4, 0x81, 0x42, 0x35, 0x70, 0x61, 0x8C,
    0x88, 0x66, 0x0B, 0x22, 0xC3, 0x2A, 0x26, 0x5C, 0x77, 0xFB, 0xE1, 0x58, 0xBA, 0x81, 0x64, 0x06,
    0xF2, 0x07, 0x07, 0x52, 0x28, 0xB1, 0xA7, 0x22, 0x5C, 0x84, 0x84, 0xDB, 0x12, 0x3B, 0x2C, 0x22,
    0x11, 0xC2, 0xC4, 0x95, 0x1D, 0x9A, 0xC1, 0x43, 0x38, 0x50, 0x4A, 0x29, 0x42, 0x5D, 0x75, 0xFF,
    0xB5, 0x88, 0xA4, 0x37, 0x25, 0xBC, 0x9A, 0xD2, 0xFA, 0x32, 0x9A, 0x8A, 0xB1, 0x10, 0xBC, 0xA4,
    0x0D, 0x39, 0x6E, 0x67, 0x86, 0x9D, 0x85, 0x63, 0x34, 0x48, 0x44, 0x8F, 0x8E, 0x19, 0xE9, 0x13,
    0xE7, 0x83, 0xA1, 0xA3, 0xA5, 0xD9, 0xCA, 0x68, 0x32, 0xD0, 0x7C, 0x51, 0xD0, 0x10, 0xF6, 0x6F,
    0xFB, 0xA8, 0x48, 0x39, 0x18, 0x0D, 0xD7, 0x22, 0xE1, 0x0E, 0xE2, 0x70, 0x8A, 0xE3, 0x4C, 0xE0,
    0xF8, 0x01, 0x43, 0x18, 0x22, 0x4E, 0x30, 0x45, 0x56, 0xC3, 0x51, 0x97, 0x7E, 0x70, 0x6E, 0x8C,
    0x10, 0xD1, 0xF6, 0xF6, 0xA5, 0x97, 0x8F, 0xCD, 0x98, 0xB4, 0x61, 0xE5, 0x35, 0xFC, 0x73, 0xFF,
    0x76, 0x77, 0xC4, 0xE4, 0x45, 0x86, 0xA3, 0xC7, 0xC1, 0x34, 0xD3, 0xC2, 0x38, 0xA4, 0xD3, 0xBC,
    0xBD, 0xCE, 0xCC, 0x52, 0x67, 0xD1, 0x09, 0x3A, 0xA3, 0x0B, 0x6B, 0xAE, 0x53, 0x5D, 0x9C, 0x31,
    0x63, 0xF6, 0xD3, 0x7C, 0xD5, 0xBE, 0x44, 0xFF, 0xEE, 0xF0, 0x0D, 0x04, 0x36, 0x38, 0x84, 0x2B,
    0xAB, 0xF5, 0x98, 0x15, 0x99, 0x1D, 0x99, 0x81, 0x4E, 0x9D, 0x45, 0x6F, 0xEF, 0xE2, 0xE4, 0x5E,
    0x62, 0xAE, 0x81, 0x59, 0x94, 0xE1, 0x7E, 0x39, 0x1F, 0xB3, 0xE4, 0x69, 0x06, 0x13, 0x29, 0xF3,
    0x28, 0xD3, 0x28, 0xB3, 0x28, 0x93, 0xA8, 0xE6, 0x50, 0xA4, 0xD0, 0xB0, 0xA8, 0x90, 0x39, 0x90,
    0x35, 0x70, 0x7E, 0xB2, 0xBB, 0x98, 0xB8, 0x70, 0x27, 0xBF, 0x2B, 0x07, 0xF9, 0x20, 0x1E, 0x66,
    0x60, 0xFA, 0x2C, 0x61, 0x74, 0x1C, 0x7C, 0x3D, 0xBF, 0x8B, 0x3C, 0xFC, 0xD8, 0xF3, 0x2D, 0xCA,
    0x07, 0xD0, 0x10, 0x51, 0x95, 0x12, 0x7F, 0xD9, 0x26, 0xDF, 0x76, 0xA0, 0x9B, 0x89, 0x28, 0x0F,
    0xA0, 0x77, 0x98, 0x6F, 0xDC, 0x4A, 0xF8, 0xCF, 0x0C, 0x50, 0x26, 0x2F, 0xC2, 0x36, 0xDB, 0x9A,
    0x78, 0x3C, 0x8E, 0xB8, 0x91, 0x14, 0x36, 0x21, 0xE9, 0xEE, 0xF3, 0xBC, 0x1A, 0x53, 0x79, 0xBE,
    0x99, 0x84, 0x37, 0x6F, 0x88, 0xDC, 0x7D, 0xAE, 0x10, 0x2E, 0xFC, 0xE1, 0x77, 0x94, 0xB0, 0x0A,
    0xDB, 0x74, 0x7B, 0x12, 0x4A, 0x11, 0x7D, 0xD3, 0xF2, 0x80, 0xAD, 0xA4, 0x1F, 0x7E, 0xA6, 0x12,
    0x7E, 0xB6, 0x99, 0x84, 0x97, 0x18, 0x7D, 0x18, 0x54, 0x6A, 0x48, 0xF8, 0x64, 0xFB, 0x12, 0x56,
    0x44, 0x99, 0x01, 0xEC, 0xE8, 0x31, 0x24, 0x7C, 0x17, 0x1D, 0x5E, 0xC7, 0x44, 0x06, 0x1E, 0x08,
    0x2C, 0x23, 0xD7, 0x42, 0x06, 0x23, 0x4B, 0x8C, 0x52, 0x2C, 0x86, 0xC5, 0x67, 0xC4, 0x63, 0x5C,
    0x1F, 0x11, 0xA0, 0x7A, 0x38, 0x67, 0xC5, 0x10, 0x29, 0x13, 0xD1, 0xD7, 0x47, 0x29, 0x23, 0x26,
    0xB6, 0xE8, 0xFF, 0x3A, 0xDF, 0xC8, 0xCA, 0xC4, 0x12, 0x4E, 0x38, 0x33, 0x6A, 0x3A, 0x44, 0x8C,
    0x41, 0xF9, 0x59, 0xA2, 0xEB, 0xD1, 0x0D, 0x49, 0xB7, 0x4C, 0x15, 0x9D, 0xBC, 0xCF, 0x0D, 0x09,
    0xDD, 0x8B, 0xA1, 0x2F, 0x3B, 0x5B, 0xBA, 0x60, 0xE6, 0x1D, 0x8F, 0xD0, 0xE3, 0x2F, 0x15, 0x8E,
    0xF3, 0x80, 0x1A, 0xA5, 0x56, 0x55, 0xA0, 0xD8, 0x2D, 0x1A, 0x9D, 0xA6, 0x0C, 0xA7, 0x25, 0x88,
    0x03, 0xB6, 0xC8, 0x6B, 0x52, 0xD8, 0x0F, 0x71, 0x06, 0x16, 0xC2, 0x4A, 0xA4, 0x91, 0x52, 0x22,
    0x5C, 0x51, 0x9C, 0xEE, 0x1C, 0x51, 0xBA, 0x73, 0x08, 0xF6, 0x4E, 0xA3, 0x31, 0xF5, 0xB8, 0x4E,
    0x8F, 0xBD, 0x00, 0x58, 0x2C, 0x02, 0x81, 0xFB, 0x49, 0x77, 0x49, 0x68, 0x1C, 0x88, 0x6B, 0xAC,
    0x1A, 0xB1, 0x29, 0x58, 0x98, 0xB9, 0x2A, 0x55, 0x6A, 0x3C, 0xAD, 0x09, 0xBC, 0x18, 0xF0, 0x2F,
    0x52, 0x6E, 0xFC, 0x3E, 0xE3, 0xF7, 0x90, 0xE7, 0x7B, 0x7B, 0x48, 0x34, 0x51, 0xF9, 0xAC, 0x12,
    0x33, 0x41, 0x65, 0x87, 0xC1, 0x53, 0xE6, 0x26, 0x4C, 0x46, 0x2C, 0x62, 0x99, 0x40, 0x6D, 0x11,
    0xFE, 0x0D, 0x04, 0xE7, 0x03, 0x40, 0x8C, 0xF2, 0xA0, 0x02, 0x29, 0x51, 0x85, 0x20, 0x37, 0xB1,
    0xD8, 0xE0, 0xC1, 0x41, 0x8E, 0x91, 0xB3, 0x8C, 0x9C, 0xEF, 0x29, 0xF2, 0xC9, 0x21, 0xBF, 0x9A,
    0xF2, 0x0F, 0x9C, 0x02, 0x8E, 0xE1, 0x12, 0xA0, 0x59, 0x0E, 0xB1, 0xFA, 0x8F, 0xC0, 0x7F, 0x79,
    0x08, 0x8A, 0x82, 0x1D, 0x5C, 0x6A, 0xAE, 0xAE, 0x43, 0x17, 0xA3, 0x5C, 0x72, 0x25, 0xF2, 0x70,
    0x84, 0xF6, 0xA3, 0x16, 0xF6, 0x74, 0x1D, 0x06, 0x55, 0x94, 0x9B, 0x62, 0x53, 0x6A, 0x0A, 0x4D,
    0x99, 0x29, 0x32, 0x2C, 0x45, 0x05, 0xD6, 0xC1, 0xC0, 0xC0, 0x80, 0x00, 0x61, 0x29, 0x2B, 0x45,
    0x55, 0x49, 0x29, 0x68, 0xFD, 0xE9, 0x1B, 0x71, 0xC7, 0x89, 0x7B, 0x90, 0xD5, 0xE0, 0xE7, 0xD3,
    0xEC, 0x21, 0xA8, 0x3E, 0x85, 0xD7, 0x31, 0x14, 0xB4, 0xDE, 0x58, 0xAF, 0xAE, 0xD6, 0xC0, 0xEC,
    0xD4, 0x47, 0xED, 0x88, 0x4D, 0x59, 0xBD, 0xE5, 0xB0, 0x08, 0x4B, 0x4B, 0xC0, 0xB5, 0x99, 0x78,
    0x0E, 0x50, 0xE8, 0x0C, 0xBE, 0x47, 0xB9, 0xE6, 0x62, 0x60, 0xD7, 0x80, 0x38, 0xD6, 0x72, 0xE5,
    0x96, 0x45, 0xD6, 0x25, 0xC0, 0x0F, 0x83, 0xA0, 0x09, 0xF4, 0xA2, 0xF0, 0x65, 0x81, 0x5F, 0x6E,
    0x2D, 0xB1, 0xFA, 0xD1, 0x01, 0xDC, 0xF1, 0x31, 0xEA, 0xA9, 0xFB, 0xB0, 0xCE, 0x67, 0x2D, 0x0A,
    0xAA, 0x0A, 0x43, 0x26, 0x8E, 0xCF, 0x0F, 0x7B, 0x5C, 0x43, 0x61, 0x76, 0x6F, 0xCE, 0xDF, 0x12,
    0xCF, 0xD7, 0x5B, 0x03, 0x30, 0xE3, 0xA2, 0xE4, 0x67, 0x28, 0x90, 0x17, 0x54, 0xB3, 0xE2, 0x5C,
    0x7E, 0x0C, 0x9D, 0x37, 0xB6, 0x77, 0x40, 0x2F, 0x8D, 0x4F, 0x1B, 0x8F, 0x79, 0x7F, 0xEB, 0x47,
    0x4E, 0x6D, 0x13, 0x4F, 0xAF, 0xC8, 0x91, 0xD7, 0x7B, 0xDD, 0x53, 0x0C, 0x5F, 0x5E, 0x8C, 0xF5,
    0xD7, 0xD6, 0xF6, 0xFA, 0xF4, 0x26, 0x6A, 0x04, 0xA2, 0xA4, 0x5E, 0xD3, 0xA7, 0x44, 0xAB, 0x35,
    0x70, 0x6F, 0x3B, 0x8D, 0x5A, 0x2B, 0x30, 0xC6, 0x65, 0x06, 0x5F, 0xBA, 0x8C, 0x9D, 0x33, 0x8E,
    0x31, 0x26, 0xB7, 0x1A, 0x90, 0xF4, 0x42, 0xD6, 0x7D, 0x84, 0xCF, 0xC6, 0xF7, 0x1A, 0x10, 0x70,
    0xFE, 0x01, 0xF4, 0x51, 0x27, 0xDF, 0x01, 0xBD, 0xA1, 0x28, 0x5E, 0xA1, 0x37, 0x46, 0x5F, 0x37,
    0xD3, 0x37, 0xCB, 0x7A, 0xDE, 0x6E, 0x18, 0xB2, 0x61, 0xA1, 0x11, 0x9D, 0x13, 0x31, 0x05, 0x2B,
    0xCD, 0x75, 0x4D, 0x77, 0x33, 0x9E, 0x97, 0x6E, 0xB4, 0xAE, 0x87, 0x53, 0x84, 0x41, 0x95, 0xFE,
    0x1D, 0x70, 0xAB, 0x12, 0x18, 0xF9, 0xCD, 0x85, 0x2A, 0x66, 0xA7, 0x7D, 0x87, 0x33, 0x82, 0x41,
    0xDB, 0xD3, 0xD7, 0xFF, 0x5F, 0x1A, 0x24, 0xCF, 0x7C, 0x19, 0xE9, 0x7C, 0x7B, 0xE2, 0x3D, 0xF6,
    0x42, 0x6E, 0xAD, 0x35, 0x3A, 0xDE, 0xC6, 0xCE, 0xB1, 0x09, 0xE2, 0x2D, 0xC2, 0xC8, 0xD2, 0xB8,
    0xD8, 0xCB, 0x93, 0x6A, 0x7B, 0x61, 0x9A, 0xE5, 0x54, 0x08, 0xC3, 0xC6, 0x11, 0x4A, 0x46, 0x3B,
    0xC5, 0x8D, 0x17, 0xB7, 0x1B, 0xA6, 0x9D, 0x96, 0xE3, 0x27, 0x53, 0x26, 0xF7, 0x35, 0x8A, 0x9D,
    0x1C, 0xA1, 0x8B, 0xAB, 0xFD, 0x8A, 0xC6, 0xB3, 0x94, 0x67, 0x4B, 0x4B, 0xA1, 0x39, 0xB0, 0xEF,
    0x92, 0xCF, 0x15, 0x9D, 0x4C, 0x96, 0x53, 0xAD, 0x82, 0x78, 0xC6, 0xD1, 0x79, 0x4E, 0x53, 0xA0,
    0xEB, 0x43, 0x66, 0x06, 0xFA, 0x04, 0x01, 0x1F, 0x2E, 0xAD, 0x49, 0x80, 0x09, 0xA1, 0xF1, 0x3D,
    0x9F, 0xA3, 0x43, 0x6E, 0x4C, 0x0D, 0x4A, 0x7E, 0xA0, 0x99, 0xA2, 0x4E, 0x90, 0xD0, 0x6B, 0x88,
    0x0D, 0x0D, 0xB6, 0x33, 0xD8, 0xCC, 0x60, 0x2B, 0x83, 0x8D, 0x0C, 0xB6, 0x31, 0xD8, 0xC4, 0x60,
    0x0B, 0x83, 0x0D, 0x0C, 0xB6, 0x2F, 0xD8, 0xBC, 0x60, 0xEB, 0x82, 0x8D, 0x0B, 0xB6, 0x2D, 0xD8,
    0xB4, 0x60, 0xCB, 0x82, 0x0D, 0x8B, 0xC5, 0x01, 0x84, 0x33, 0x85, 0xBC, 0x3E, 0x04, 0xFD, 0x62,
    0xD9, 0x8E, 0x80, 0x25, 0x22, 0x99, 0x40, 0x40, 0x62, 0x5F, 0xDF, 0x06, 0xB5, 0x6F, 0x1D, 0xDE,
    0x62, 0x88, 0xC4, 0xF5, 0x4C, 0x25, 0x5A, 0x02, 0x61, 0xAE, 0x02, 0xE5, 0x11, 0xFE, 0xFC, 0x9A,
    0x7F, 0x91, 0x24, 0xB3, 0xD7, 0x21, 0xA4, 0x46, 0xF4, 0x67, 0x34, 0x22, 0x1A, 0x03, 0x71, 0x64,
    0x30, 0x83, 0x9F, 0x44, 0x4B, 0x1C, 0xA9, 0xA5, 0x72, 0xBA, 0xC4, 0x91, 0xF9, 0x6B, 0x38, 0xB2,
    0xF1, 0x2D, 0x07, 0xF6, 0x06, 0xD8, 0xF0, 0xA2, 0x11, 0xDE, 0x59, 0x44, 0x4A, 0xFC, 0xFD, 0x45,
    0xE3, 0x47, 0x5E, 0x9C, 0x11, 0x53, 0x4E, 0x1E, 0x10, 0xAD, 0xBA, 0x3C, 0xBA, 0x9E, 0x77, 0x14,
    0xD1, 0x5A, 0xE7, 0x7D, 0x22, 0xCB, 0xA9, 0x27, 0x11, 0xFA, 0xD6, 0x93, 0x52, 0x6D, 0xFA, 0xA9,
    0x33, 0x2D, 0x0F, 0x73, 0xFB, 0xF8, 0x52, 0x4D, 0x93, 0x71, 0xDE, 0x1B, 0x8F, 0xAE, 0x9C, 0x70,
    0xE1, 0xC9, 0x3C, 0x2F, 0x30, 0x13, 0x3F, 0xD4, 0x79, 0x8B, 0x58, 0xEF, 0xF6, 0x99, 0x38, 0x61,
    0x26, 0xCE, 0x08, 0x37, 0x0D, 0x8F, 0x6C, 0x86, 0xFC, 0x7B, 0x6F, 0x00, 0xB9, 0xDF, 0x82, 0x3C,
    0xC1, 0x6A, 0x25, 0x15, 0x6F, 0x18, 0xBC, 0xB3, 0x59, 0xEC, 0xBC, 0xFA, 0x72, 0x02, 0xD9, 0x9C,
    0x99, 0xFD, 0x82, 0xB7, 0x26, 0xF1, 0xAE, 0x40, 0x97, 0xB0, 0x53, 0x76, 0x56, 0x79, 0x02, 0x04,
    0x8E, 0x27, 0xC5, 0x32, 0x70, 0x7C, 0x8D, 0xCC, 0x1B, 0xB9, 0xDA, 0xA5, 0xFF, 0xAA, 0xE7, 0x06,
    0xFA, 0x7D, 0x91, 0xD7, 0xB6, 0x67, 0x9E, 0xF7, 0x99, 0x97, 0x81, 0xE2, 0x73, 0x3B, 0xF5, 0x74,
    0x6E, 0xF0, 0xE4, 0xFA, 0x3D, 0x3A, 0x1C, 0x4F, 0xF2, 0x71, 0xCA, 0x12, 0xEF, 0x13, 0xEC, 0xE8,
    0x72, 0x50, 0x9D, 0x63, 0xE1, 0x73, 0x31, 0x00, 0x8D, 0x6B, 0xC9, 0xFF, 0xD2, 0x4A, 0xF2, 0x25,
    0xAC, 0xBD, 0xC3, 0x22, 0xCD, 0x9D, 0x77, 0x37, 0x50, 0xC5, 0xD3, 0x5A, 0xC5, 0x19, 0xAA, 0x68,
    0x2F, 0xA9, 0xCF, 0xBD, 0xCD, 0x57, 0xB2, 0xD4, 0x40, 0x11, 0xDA, 0xB1, 0x08, 0x7D, 0x71, 0x26,
    0xFF, 0xBA, 0x84, 0xA3, 0xFD, 0x1C, 0xF5, 0x73, 0x09, 0xB0, 0x93, 0xFD, 0x99, 0x2A, 0x81, 0x30,
    0x95, 0x2F, 0x0F, 0x7C, 0x84, 0x9D, 0xC6, 0xD1, 0x68, 0x89, 0x75, 0x96, 0xE3, 0xD8, 0xB5, 0x55,
    0x25, 0x4F, 0x75, 0x67, 0x6F, 0x50, 0xB7, 0x07, 0x6D, 0x70, 0x44, 0xEC, 0x98, 0xB1, 0xDA, 0xEA,
    0x43, 0x90, 0xF5, 0x2E, 0x00, 0x76, 0xD0, 0x5C, 0xD0, 0xEB, 0xBA, 0x27, 0x3B, 0x48, 0x30, 0xF7,
    0xBD, 0xF5, 0xF4, 0x2B, 0xEC, 0xF5, 0xE3, 0x55, 0x9D, 0xBC, 0x0D, 0x59, 0x19, 0xC3, 0x42, 0xE8,
    0x30, 0xFE, 0xBA, 0x97, 0xA4, 0x1E, 0x8E, 0x80, 0xCB, 0xCD, 0xE4, 0x84, 0x5E, 0xA1, 0x56, 0x68,
    0x15, 0x4A, 0x85, 0x4E, 0x27, 0x95, 0xBA, 0x8D, 0xDF, 0xD0, 0x1F, 0xAC, 0x15, 0xDA, 0xC3, 0x24,
    0xD4, 0x9D, 0x57, 0x1D, 0x22, 0xC5, 0x29, 0xDE, 0xB0, 0x4C, 0x18, 0x1D, 0xAC, 0x72, 0x69, 0x93,
    0xB0, 0xAF, 0x4D, 0xDF, 0x7C, 0x90, 0xE7, 0x64, 0x2F, 0x2B, 0x1E, 0xA5, 0xD5, 0x66, 0x0D, 0xDD,
    0x07, 0xD7, 0xE0, 0x1C, 0xDD, 0x23, 0x7A, 0xC8, 0x01, 0x63, 0x06, 0x33, 0x81, 0xBA, 0xC8, 0xD5,
    0x65, 0x9A, 0x3A, 0x8F, 0x86, 0xEE, 0xCF, 0x5B, 0xDC, 0x86, 0x0D, 0xDD, 0x78, 0xCD, 0xC1, 0xA1,
    0x82, 0xBB, 0xAF, 0x3B, 0xF8, 0x79, 0x6C, 0x81, 0x0E, 0xCE, 0xE6, 0x4C, 0xF4, 0x3D, 0x34, 0x79,
    0xCC, 0x10, 0x37, 0x13, 0xFF, 0x1A, 0x00, 0xDE, 0xA3, 0x4C, 0xE4, 0x00, 0x75, 0x79, 0x7E, 0x1F,
    0x09, 0x09, 0x0E, 0x1E, 0x15, 0xCD, 0xF2, 0xA9, 0x28, 0x57, 0x66, 0xA0, 0x01, 0x4C, 0xAA, 0xD6,
    0xE7, 0xC2, 0xE7, 0x5A, 0xBF, 0xD7, 0xEB, 0xAC, 0x9B, 0xE1, 0x3C, 0x2C, 0x00, 0x56, 0x75, 0x33,
    0x9F, 0xCD, 0x76, 0xD7, 0x76, 0x38, 0xFD, 0x41, 0x56, 0x61, 0x72, 0xCC, 0xED, 0xA7, 0x46, 0x24,
    0xCA, 0x80, 0x53, 0xF1, 0x6E, 0x19, 0xC1, 0xDE, 0xF4, 0x96, 0x03, 0xA6, 0x5B, 0xC8, 0xF4, 0x55,
    0x27, 0xE9, 0x1F, 0xBB, 0xD7, 0x9E, 0xD6, 0x9E, 0x55, 0xAE, 0x90, 0xC8, 0xA5, 0xC8, 0x61, 0xFC,
    0x71, 0xBD, 0x44, 0xD0, 0xEC, 0xB8, 0xE0, 0x5D, 0xBD, 0xCD, 0x6F, 0x82, 0xE2, 0x81, 0xC4, 0xAF,
    0x3A, 0x49, 0x7E, 0x18, 0x60, 0xBE, 0x2F, 0x7D, 0x7A, 0xBA, 0x73, 0x75, 0x6B, 0xDD, 0x53, 0x44,
    0x86, 0xBB, 0x88, 0x0C, 0xA9, 0x46, 0x86, 0x57, 0x53, 0x64, 0x38, 0x6D, 0x67, 0x97, 0x40, 0x8D,
    0x0D, 0xFC, 0x11, 0x79, 0xB3, 0xCF, 0xB7, 0xDA, 0xB8, 0x67, 0x09, 0x81, 0x8A, 0xE4, 0x9B, 0x2E,
    0x79, 0xD5, 0x6F, 0xF8, 0x54, 0xE1, 0x90, 0xC6, 0x4F, 0x30, 0x83, 0xE4, 0x74, 0x99, 0x30, 0x51,
    0x4B, 0x69, 0x76, 0x52, 0xD8, 0xBC, 0x0D, 0x9D, 0x3E, 0xAD, 0xAC, 0xA7, 0x47, 0x2C, 0x7A, 0xF5,
    0x2A, 0x02, 0x66, 0xAE, 0x85, 0x98, 0xAF, 0x8B, 0xF5, 0xC5, 0xD8, 0xC0, 0x9A, 0x9B, 0xC5, 0xFE,
    0x8C, 0xD6, 0x0E, 0xF0, 0xD2, 0xC3, 0x88, 0xF2, 0xE6, 0x03, 0xCC, 0x99, 0xBB, 0x2E, 0x75, 0x70,
    0x16, 0x84, 0xA4, 0x71, 0x37, 0xE2, 0x73, 0x47, 0xE3, 0x3A, 0xDF, 0x2C, 0x60, 0x15, 0x7F, 0xC0,
    0x07, 0x7C, 0x11, 0x6A, 0x59, 0xC7, 0xEA, 0xD8, 0x0F, 0x5F, 0xE4, 0xBC, 0xC3, 0x58, 0x97, 0x86,
    0x15, 0xD6, 0x81, 0xD6, 0x87, 0x2B, 0x2B, 0xF1, 0x66, 0xE4, 0xEA, 0xE3, 0xD6, 0x63, 0xEA, 0x02,
    0xB8, 0x1A, 0x78, 0xCB, 0xB7, 0x2C, 0x50, 0x4C, 0x00, 0x9D, 0xA3, 0x74, 0xE6, 0xFF, 0xF7, 0xD0,
    0xCE, 0x90, 0x6F, 0x7A, 0xFF, 0x2A, 0x3A, 0x92, 0x88, 0x98, 0xAE, 0x81, 0xCF, 0x23, 0xA4, 0x99,
    0x08, 0xBF, 0x89, 0x88, 0x5E, 0x63, 0x37, 0xB5, 0x0E, 0xCD, 0x04, 0xBD, 0x58, 0xF0, 0x61, 0xC3,
    0xD7, 0x51, 0x18, 0x60, 0x73, 0xEC, 0x32, 0x11, 0x19, 0xE6, 0x2C, 0x64, 0xA1, 0xC9, 0xEE, 0x03,
    0xA0, 0x09, 0xE0, 0x42, 0xC0, 0x89, 0x1C, 0xA7, 0x5A, 0xE9, 0xBB, 0x43, 0xED, 0x3B, 0x45, 0xF2,
    0x64, 0x08, 0x2C, 0xEA, 0xEC, 0x06, 0xA0, 0x98, 0x61, 0x6D, 0xFF, 0xB6, 0x04, 0x87, 0x7C, 0xBC,
    0xDB, 0x79, 0x40, 0xBD, 0xB3, 0xDE, 0x4F, 0x4B, 0xFA, 0x37, 0x0E, 0x44, 0xA9, 0xE5, 0x78, 0xCB,
    0xEF, 0x36, 0xEE, 0xA7, 0xF1, 0x89, 0xD6, 0x86, 0xE5, 0xCF, 0xFF, 0x00, 0x1D, 0x8E, 0x31, 0x4E,
    0x03, 0x41, 0x10, 0x04, 0xFB, 0x6C, 0xC3, 0x49, 0xDE, 0x60, 0x49, 0x9C, 0xB2, 0x29, 0x42, 0xB2,
    0xF6, 0x05, 0xDC, 0x0C, 0x8F, 0xE0, 0x27, 0x84, 0x60, 0xCF, 0x7B, 0xFC, 0x02, 0x07, 0x48, 0x37,
    0x12, 0xA1, 0x93, 0xC9, 0x9C, 0xEE, 0x13, 0x56, 0xC2, 0x01, 0xC8, 0x87, 0x86, 0x3D, 0x5A, 0x95,
    0xB5, 0x54, 0xDD, 0x00, 0x59, 0xA8, 0xDD, 0x84, 0x1D, 0xB0, 0xFC, 0x0D, 0x97, 0xA4, 0x03, 0x5A,
    0x16, 0x2E, 0xBD, 0x5B, 0xFA, 0xBC, 0x0C, 0xF8, 0x08, 0x52, 0xE9, 0x5A, 0x76, 0x6E, 0xAF, 0x89,
    0x1F, 0x0F, 0x42, 0xAE, 0x8D, 0x3B, 0xF0, 0x71, 0x51, 0xF6, 0x6E, 0xD9, 0xE5, 0xF6, 0x07, 0x89,
    0x49, 0x49, 0xD7, 0xB8, 0x0F, 0x4C, 0x51, 0x1B, 0xAB, 0x0E, 0x59, 0xC6, 0x3A, 0x67, 0x2C, 0x59,
    0x9A, 0x32, 0x7E, 0x4D, 0xE9, 0x54, 0x29, 0xCA, 0x71, 0x3B, 0x2F, 0xD0, 0xF3, 0x14, 0xCF, 0x75,
    0xE9, 0xD6, 0x39, 0xF7, 0xDF, 0x48, 0x8E, 0x56, 0x3D, 0x05, 0xED, 0x2D, 0x6A, 0xD4, 0x2C, 0x24,
    0x7B, 0xDE, 0xE0, 0x86, 0x93, 0x64, 0x0C, 0x78, 0x40, 0x02, 0x69, 0x28, 0x7D, 0x71, 0x1B, 0xA5,
    0x43, 0xE4, 0x01, 0x6F, 0x78, 0x67, 0xB2, 0x64, 0xB3, 0xEC, 0xFF, 0xD3, 0xE6, 0x85, 0xFF, 0x00,
    0xCD, 0x5C, 0x3F, 0x93, 0xE4, 0xC6, 0x75, 0x6F, 0x0C, 0x8E, 0x3B, 0xD4, 0xA1, 0x44, 0x30, 0xB8,
    0x80, 0x55, 0x5B, 0x36, 0x18, 0x38, 0xB0, 0x8B, 0x55, 0x82, 0x03, 0x27, 0x0E, 0xB4, 0x8D, 0xBB,
    0x73, 0x15, 0x83, 0x0B, 0x4E, 0xDF, 0x80, 0xFA, 0x00, 0xA6, 0x37, 0x66, 0x95, 0x24, 0xE0, 0xC8,
    0x90, 0xC1, 0xED, 0x47, 0xB8, 0x0F, 0xE0, 0xAA, 0x55, 0x48, 0x57, 0x91, 0xD7, 0x90, 0x2E, 0x60,
    0xA0, 0x40, 0x90, 0x1D, 0x3A, 0x30, 0x68, 0x5F, 0x95, 0x03, 0x25, 0x38, 0x19, 0x32, 0x71, 0x3A,
    0x00, 0xED, 0xDF, 0xEF, 0x75, 0x63, 0x66, 0x30, 0xBB, 0x73, 0xBB, 0x3B, 0xBB, 0x6B, 0x7B, 0x16,
    0xEF, 0x01, 0x03, 0x34, 0x1A, 0x0F, 0xDD, 0xEF, 0xFF, 0xEB, 0x59, 0xF5, 0x4C, 0xA9, 0x45, 0x0B,
    0x18, 0x94, 0x52, 0x06, 0x90, 0x02, 0x7E, 0xA0, 0xE4, 0x63, 0xED, 0xB8, 0x06, 0x7E, 0xDF, 0x04,
    0xDB, 0xAF, 0xE1, 0xCC, 0x35, 0x9B, 0x4D, 0x90, 0x3C, 0xA8, 0x95, 0xFE, 0xB6, 0x15, 0xE0, 0xF1,
    0xF4, 0xB9, 0x89, 0xBE, 0x0D, 0x1B, 0xAC, 0x91, 0xD2, 0xA5, 0x9A, 0x21, 0xFB, 0x9A, 0xC8, 0x56,
    0x44, 0xA0, 0xA0, 0x8C, 0x7A, 0xA0, 0xC5, 0x1C, 0x2D, 0x81, 0x7E, 0x65, 0x3B, 0x22, 0x10, 0xFA,
    0xAB, 0x31, 0xE3, 0xCB, 0x27, 0x85, 0xCA, 0x0B, 0x35, 0x2A, 0xD5, 0x29, 0xF5, 0x53, 0x47, 0xED,
    0xF4, 0x11, 0x2A, 0x2E, 0xB3, 0xA9, 0xC3, 0x31, 0x0B, 0xAC, 0xED, 0x22, 0x3C, 0x3B, 0xE9, 0x82,
    0x5F, 0xEA, 0x4A, 0xA9, 0x1C, 0x64, 0x99, 0x02, 0x80, 0x97, 0x5E, 0x41, 0xE1, 0xCE, 0xF3, 0x3A,
    0xDB, 0xA1, 0x7D, 0xC7, 0xFB, 0xD4, 0xA1, 0x05, 0x15, 0xAF, 0xD5, 0xD2, 0xDA, 0x22, 0xC6, 0x73,
    0xD3, 0xFA, 0xAE, 0x4A, 0xD1, 0x26, 0xC5, 0x18, 0x26, 0x20, 0x2D, 0xC6, 0x2B, 0x2D, 0x48, 0x4F,
    0x6A, 0x4B, 0x15, 0xE0, 0x25, 0xA5, 0x87, 0xB4, 0xFE, 0xA1, 0xCA, 0xAB, 0xD4, 0xDA, 0x12, 0xEF,
    0xAC, 0x0E, 0xEC, 0xCB, 0x0D, 0xD2, 0xFD, 0xE7, 0xC7, 0xCB, 0xD2, 0xC4, 0x35, 0x36, 0x1C, 0xB8,
    0xB9, 0x08, 0xFB, 0x2B, 0x6F, 0x2A, 0x18, 0x2E, 0xDE, 0x16, 0xC3, 0x5F, 0x2E, 0x7B, 0x6D, 0x3B,
    0x63, 0x1B, 0x0C, 0x06, 0x28, 0xB6, 0x9C, 0xFF, 0xAD, 0x5D, 0x1D, 0xCB, 0xAE, 0x92, 0x5D, 0xB2,
    0xDA, 0x71, 0xEE, 0x92, 0x32, 0xE6, 0xEC, 0xA5, 0xDC, 0x71, 0xFE, 0xE2, 0x3A, 0xC1, 0x6C, 0x15,
    0x71, 0x0D, 0x02, 0x4C, 0x26, 0x3B, 0xAB, 0xB8, 0x8B, 0x46, 0xEC, 0x92, 0x2E, 0xEF, 0xD9, 0x6B,
    0x93, 0xD7, 0xDC, 0x55, 0x47, 0x4A, 0xDD, 0x45, 0x2F, 0x56, 0x45, 0xAD, 0xBA, 0x08, 0xE3, 0x33,
    0x66, 0x32, 0x3A, 0x8D, 0xE0, 0x9E, 0xE7, 0x97, 0x03, 0x71, 0x30, 0x4A, 0x9B, 0x71, 0x7D, 0x2C,
    0xE7, 0x5D, 0x1B, 0xBC, 0x03, 0x47, 0x79, 0x54, 0x17, 0xB2, 0x62, 0x27, 0xAC, 0x58, 0x78, 0x7E,
    0x2C, 0xD3, 0x86, 0xEF, 0x43, 0x14, 0xB5, 0xBB, 0x11, 0x99, 0x2F, 0xC0, 0x9D, 0xCB, 0x8E, 0x03,
    0x05, 0x00, 0xAF, 0x1C, 0x78, 0xF9, 0x51, 0x69, 0x63, 0x95, 0x29, 0xED, 0xC2, 0x2A, 0x0B, 0xC6,
    0xB6, 0xE8, 0xD1, 0x9A, 0x52, 0x09, 0x87, 0x0E, 0xCA, 0xED, 0xC1, 0x19, 0x56, 0xE3, 0x7C, 0xDC,
    0x29, 0xBB, 0x1C, 0x94, 0x0D, 0xD0, 0x96, 0xF7, 0x28, 0x0D, 0xB2, 0xE3, 0x56, 0xBD, 0x4B, 0xD2,
    0x3C, 0x8D, 0xEC, 0x3F, 0x6C, 0xF0, 0xA5, 0xF0, 0xFD, 0x2F, 0xF8, 0x82, 0x80, 0x14, 0x90, 0x03,
    0xF0, 0xC2, 0x21, 0x20, 0x7A, 0xD3, 0xDB, 0xE4, 0xBF, 0x7A, 0xAB, 0x5F, 0xF4, 0xD6, 0x86, 0xBD,
    0x1D, 0x00, 0x3D, 0xA0, 0x01, 0x54, 0x80, 0x12, 0x00, 0x0E, 0x19, 0xC9, 0x25, 0x1F, 0xBC, 0x83,
    0x9E, 0x9E, 0xC7, 0xE4, 0x6E, 0xBC, 0x3A, 0x38, 0x55, 0xB9, 0x77, 0x59, 0x7F, 0xF2, 0x12, 0x34,
    0xE9, 0x0A, 0xDA, 0x27, 0x41, 0x07, 0xA0, 0x09, 0x97, 0x97, 0x3D, 0x5E, 0x3D, 0x1C, 0x30, 0x3A,
    0x81, 0x4D, 0x40, 0x95, 0x39, 0x9E, 0x75, 0x10, 0x4B, 0x2F, 0x54, 0x57, 0x90, 0x5D, 0x75, 0x27,
    0xC1, 0x30, 0x25, 0x64, 0xA5, 0x94, 0x2D, 0x92, 0xD7, 0xCA, 0x4D, 0xEA, 0x5E, 0x00, 0x36, 0x9B,
    0x00, 0x5C, 0xA7, 0xCE, 0x00, 0x19, 0x5F, 0x81, 0xD9, 0x3C, 0x11, 0x89, 0xCD, 0x40, 0x18, 0x06,
    0x5D, 0xE5, 0x09, 0x64, 0xCF, 0x82, 0x62, 0x35, 0x44, 0x0D, 0x46, 0x2E, 0xEC, 0x54, 0xD8, 0xA1,
    0x35, 0x84, 0x77, 0x20, 0x97, 0x58, 0x72, 0xA4, 0x05, 0x5F, 0x43, 0xDC, 0x31, 0xD8, 0xBA, 0x14,
    0x64, 0x32, 0xC8, 0xEB, 0xA6, 0x22, 0x64, 0xCF, 0x13, 0x58, 0x7B, 0xA2, 0x78, 0x37, 0x15, 0xDD,
    0x18, 0xD8, 0x72, 0xC4, 0x0D, 0x2B, 0x08, 0x6C, 0xC1, 0xFE, 0x78, 0xFD, 0x14, 0xED, 0x4E, 0xD7,
    0x6D, 0x39, 0xC1, 0x05, 0x86, 0x94, 0x93, 0x8C, 0xBD, 0xC9, 0xD6, 0xFD, 0x5B, 0x9C, 0xCB, 0x2B,
    0x50, 0x51, 0x3B, 0xC0, 0x31, 0xCF, 0xE1, 0x9E, 0xD3, 0x99, 0x9E, 0xB8, 0xBC, 0x8A, 0x4B, 0xC8,
    0x61, 0x73, 0x5C, 0x71, 0x9C, 0x92, 0xD2, 0x8D, 0xD8, 0x1A, 0xEB, 0x4D, 0x5C, 0x10, 0xE7, 0x19,
    0xB1, 0x95, 0x71, 0x1D, 0x89, 0xC1, 0x03, 0xC0, 0x46, 0x28, 0x98, 0xE1, 0x8C, 0x86, 0x69, 0x17,
    0xBE, 0x09, 0x3B, 0x92, 0x57, 0x51, 0x13, 0x52, 0xA0, 0xA2, 0x06, 0x92, 0x14, 0xF7, 0x51, 0x03,
    0xA6, 0x0A, 0xC7, 0xA8, 0xD1, 0x35, 0x58, 0xF0, 0x51, 0xC3, 0x17, 0x33, 0xFF, 0xFA, 0x07, 0xDE,
    0x96, 0xDA, 0x37, 0xBD, 0x53, 0x5E, 0x2D, 0x15, 0xE7, 0x4A, 0x95, 0x91, 0xA9, 0xF5, 0xEF, 0xBF,
    0x97, 0x89, 0xFB, 0xCD, 0x2B, 0xF0, 0xC5, 0xC2, 0x46, 0x4D, 0x5E, 0x91, 0x97, 0x1B, 0x48, 0x66,
    0xDC, 0x46, 0x0D, 0x84, 0x50, 0xD7, 0x78, 0xD0, 0x00, 0xA6, 0x8F, 0x1A, 0xB0, 0xFD, 0x02, 0xA3,
    0x9E, 0x92, 0x2B, 0xA0, 0x17, 0xDE, 0xCB, 0x68, 0x03, 0x52, 0xAF, 0xC5, 0x0D, 0xA4, 0xC2, 0xE2,
    0xD1, 0x23, 0x80, 0x0F, 0xCF, 0x29, 0xFB, 0x0D, 0xE1, 0xCF, 0xB3, 0xE3, 0x86, 0x2A, 0x84, 0xBA,
    0xE4, 0x00, 0x4F, 0xBD, 0x11, 0x31, 0xFD, 0xE9, 0x3D, 0x68, 0x19, 0xE8, 0x01, 0x3C, 0x0F, 0x5D,
    0x60, 0xFA, 0x36, 0xCC, 0xF4, 0x0D, 0xF4, 0x7F, 0x23, 0xAA, 0x4A, 0xCC, 0xC5, 0x06, 0xA2, 0xD9,
    0x10, 0xA3, 0x91, 0xAC, 0x11, 0x0C, 0x04, 0x8D, 0x45, 0x2D, 0xA6, 0x42, 0x0C, 0x85, 0x98, 0x09,
    0x31, 0x12, 0x62, 0x22, 0x68, 0x20, 0x6A, 0x9A, 0x87, 0xFA, 0x48, 0x2C, 0x4F, 0x03, 0x6D, 0x84,
    0xA9, 0x8E, 0x3B, 0xD8, 0x95, 0xA4, 0x4F, 0x07, 0xA5, 0xFB, 0x94, 0x6F, 0x99, 0xC2, 0xB7, 0x80,
    0xE1, 0x2A, 0xC7, 0x5E, 0xFF, 0xDB, 0xAF, 0x87, 0x41, 0x3F, 0xFD, 0x8F, 0x3F, 0x0E, 0xFA, 0xCB,
    0x37, 0xCD, 0xA0, 0xBF, 0xB0, 0xF5, 0xA8, 0x3F, 0xC7, 0x95, 0x3C, 0xB3, 0x05, 0x91, 0x02, 0xCA,
    0x95, 0xCD, 0xC1, 0x8C, 0x0E, 0x5D, 0x56, 0xC1, 0xBC, 0xAD, 0x1D, 0x7D, 0x07, 0x4E, 0x7D, 0xE3,
    0x14, 0x48, 0xD2, 0x2D, 0x39, 0x0E, 0xCA, 0x16, 0xB9, 0xA8, 0x0D, 0x58, 0x91, 0x8A, 0xBA, 0x63,
    0x13, 0xF1, 0x9C, 0x5C, 0x95, 0x76, 0x72, 0x47, 0xC4, 0x7B, 0x03, 0xE1, 0x54, 0xF6, 0x77, 0xD9,
    0x87, 0xBF, 0x0D, 0xCC, 0x86, 0x52, 0xC2, 0x14, 0x95, 0x5E, 0xD1, 0x38, 0x08, 0x44, 0x99, 0x64,
    0xEE, 0xFA, 0xC9, 0x59, 0x89, 0xF3, 0xE0, 0x1D, 0xA3, 0x16, 0xAF, 0xD6, 0x24, 0xAF, 0x83, 0x67,
    0x20, 0x78, 0xED, 0x18, 0x65, 0x1B, 0x30, 0x39, 0x46, 0xD4, 0xED, 0xAF, 0xD5, 0x33, 0x9A, 0xF6,
    0x05, 0x25, 0x0D, 0x8A, 0x9E, 0x46, 0x76, 0x02, 0x61, 0xD7, 0x3D, 0xE0, 0x56, 0x4C, 0x8F, 0x7F,
    0x45, 0xA7, 0x2A, 0x5E, 0xD2, 0x41, 0xB3, 0x19, 0x55, 0x7F, 0x9D, 0xB6, 0x36, 0x69, 0xF3, 0x12,
    0xA2, 0x02, 0x95, 0xBC, 0x80, 0x07, 0x61, 0xE9, 0x4C, 0x00, 0xC9, 0x57, 0xB9, 0xA0, 0xD1, 0xA4,
    0x63, 0x63, 0x28, 0x23, 0xBA, 0x0A, 0xC7, 0xA2, 0x55, 0xA6, 0xFE, 0x74, 0x0D, 0x72, 0x13, 0xAA,
    0x8F, 0xB8, 0x87, 0x90, 0x84, 0x63, 0x42, 0x22, 0x73, 0xDA, 0x1D, 0x3E, 0x5D, 0x8B, 0x3E, 0x16,
    0xDD, 0x44, 0x94, 0x52, 0x13, 0xE5, 0x36, 0x73, 0x92, 0x15, 0x8E, 0x10, 0xAD, 0x88, 0xB7, 0xC5,
    0x0D, 0x1D, 0xDE, 0x3A, 0x1C, 0xE5, 0xF5, 0x33, 0x61, 0xB6, 0xEB, 0x23, 0x7C, 0xAA, 0x35, 0x52,
    0x4E, 0x91, 0x9D, 0x45, 0x90, 0xC3, 0xE6, 0x5C, 0xC8, 0xE2, 0xC6, 0x54, 0x31, 0x15, 0x5B, 0x93,
    0xB8, 0x59, 0x6E, 0x26, 0x85, 0xB7, 0x0D, 0x34, 0x6B, 0x34, 0x5E, 0x37, 0x8A, 0xF9, 0x99, 0x63,
    0x39, 0xAF, 0x6E, 0x73, 0x27, 0x9F, 0x62, 0xBE, 0x73, 0x2E, 0xD1, 0x5B, 0x77, 0xC6, 0x4A, 0xFC,
    0x30, 0x21, 0x74, 0x36, 0x47, 0x60, 0x3A, 0xFA, 0x98, 0x99, 0x77, 0x34, 0x8B, 0xBC, 0xA1, 0x22,
    0x9C, 0x23, 0x9E, 0x23, 0x5B, 0x48, 0xBB, 0x8F, 0x68, 0xFB, 0x95, 0xA8, 0xF9, 0x5D, 0xC8, 0x9E,
    0x10, 0x0D, 0x44, 0x16, 0x28, 0xB0, 0x9F, 0xE3, 0x82, 0xFE, 0xF5, 0x26, 0x92, 0x73, 0x72, 0xD5,
    0xF6, 0x8B, 0xFE, 0x58, 0xEE, 0xD8, 0x21, 0xFF, 0xF6, 0x5C, 0x1D, 0x42, 0xEE, 0x98, 0xEB, 0x10,
    0x74, 0x02, 0xD7, 0xFA, 0x04, 0xEF, 0x09, 0x8B, 0x89, 0xC1, 0xF9, 0x5B, 0x65, 0x18, 0x22, 0x91,
    0x0B, 0x20, 0x77, 0x51, 0x47, 0x5D, 0xB0, 0xE0, 0xE3, 0xC4, 0xFA, 0x8A, 0x8B, 0x4C, 0x79, 0x6C,
    0xD8, 0x0E, 0x7A, 0xA1, 0xE0, 0x7D, 0x77, 0x9D, 0x1E, 0x32, 0x7C, 0xC5, 0x25, 0xFB, 0xA5, 0xC1,
    0x15, 0xD7, 0x07, 0xF2, 0xC8, 0x73, 0xA0, 0x1C, 0x26, 0x6A, 0x00, 0xE1, 0x0A, 0xF2, 0x68, 0x57,
    0xD8, 0xFA, 0xE3, 0x50, 0xF0, 0x42, 0xDA, 0xB8, 0xF6, 0xE8, 0x9D, 0xF7, 0x6A, 0xE9, 0x27, 0x92,
    0x3E, 0x95, 0xC1, 0x83, 0x8F, 0xED, 0x33, 0x88, 0x6D, 0x43, 0x2D, 0x95, 0xC2, 0xDA, 0xC3, 0x7F,
    0x5F, 0x01, 0xBF, 0xF3, 0x3C, 0x35, 0x1E, 0xB5, 0x7A, 0x08, 0x27, 0x31, 0xEA, 0x70, 0x0E, 0x0E,
    0x47, 0x0A, 0x97, 0x80, 0xFE, 0x80, 0xCD, 0xA2, 0xE6, 0x40, 0xAC, 0x5B, 0x8F, 0x5E, 0x61, 0xF8,
    0x03, 0x8E, 0x55, 0x4E, 0x4A, 0x68, 0xF1, 0xF8, 0x3C, 0x8C, 0x4F, 0xEE, 0xC0, 0x39, 0x0D, 0xD0,
    0x2E, 0x54, 0x39, 0xC7, 0xA2, 0x9C, 0x18, 0x0A, 0x46, 0xE3, 0x4F, 0x44, 0xB9, 0x91, 0x13, 0xF2,
    0x53, 0x18, 0x3F, 0x17, 0x8E, 0x28, 0xD0, 0x08, 0x2A, 0xF3, 0xC9, 0x2D, 0x2C, 0x0D, 0x7B, 0xC9,
    0xF2, 0x42, 0x57, 0x36, 0x4B, 0xF1, 0x2C, 0x3E, 0x33, 0x30, 0x27, 0x60, 0x05, 0x68, 0x45, 0x37,
    0xDA, 0xE4, 0x34, 0xB8, 0x68, 0xC6, 0x7F, 0x1F, 0x79, 0x2E, 0xE3, 0x3D, 0xF8, 0x2B, 0xE5, 0x18,
    0xE7, 0xC8, 0x3A, 0x39, 0xE2, 0x2D, 0xB7, 0x65, 0xEA, 0x2D, 0x9B, 0x12, 0x91, 0x5E, 0x23, 0xBA,
    0xC9, 0x82, 0x02, 0xE7, 0x30, 0x4F, 0x28, 0xC4, 0xB0, 0x28, 0x8C, 0x4E, 0x23, 0xCE, 0x5F, 0xB6,
    0x46, 0xCF, 0xF1, 0x96, 0xDB, 0x88, 0x34, 0x47, 0x62, 0x10, 0x06, 0x79, 0x33, 0x50, 0x3B, 0xCF,
    0x0F, 0x70, 0x04, 0xAB, 0x3B, 0x72, 0x5D, 0xC6, 0xD4, 0x74, 0x34, 0x90, 0x18, 0x8D, 0xA4, 0xD1,
    0x0F, 0x46, 0x68, 0x44, 0xFD, 0x71, 0x4F, 0xE5, 0xF8, 0x09, 0xC9, 0x32, 0x64, 0xAF, 0xDC, 0x3A,
    0x65, 0x2F, 0x83, 0x2F, 0xC7, 0x36, 0x87, 0xC3, 0x10, 0x0E, 0xFA, 0x31, 0xFC, 0x84, 0x56, 0x3F,
    0xEC, 0xE1, 0xB2, 0xEB, 0xFB, 0x18, 0x1F, 0xF4, 0x63, 0x0A, 0xC4, 0xE8, 0x29, 0xC2, 0x7B, 0xDB,
    0xDF, 0x91, 0xB0, 0x38, 0xB4, 0x6D, 0x48, 0xED, 0xDD, 0xC3, 0x99, 0xBD, 0xB7, 0x18, 0xB4, 0x65,
    0xF4, 0x8B, 0x36, 0x79, 0x06, 0xA1, 0x43, 0xF3, 0xFC, 0x3E, 0x8E, 0x1F, 0x02, 0x1E, 0x03, 0x8E,
    0x01, 0x06, 0xC3, 0x39, 0xE2, 0x5A, 0x0F, 0x68, 0x01, 0x35, 0xA0, 0xD4, 0xD2, 0x3E, 0x28, 0x7E,
    0xA2, 0x96, 0x35, 0x7A, 0xC5, 0x0B, 0x06, 0x1C, 0x32, 0xAF, 0x02, 0x44, 0x0D, 0xEC, 0xD1, 0x1F,
    0xDA, 0x97, 0x39, 0x5E, 0x3A, 0x7F, 0xD4, 0xA9, 0xDC, 0x70, 0xA2, 0x0B, 0x95, 0x8F, 0xCE, 0x48,
    0xE4, 0x50, 0x06, 0xB9, 0x69, 0x54, 0xFE, 0x18, 0xD7, 0x1E, 0xA2, 0x4D, 0x26, 0x93, 0x5D, 0xCA,
    0x5C, 0x4D, 0x30, 0xC6, 0x2B, 0x08, 0x60, 0x21, 0x17, 0x7D, 0x0C, 0xB3, 0x19, 0x37, 0x30, 0x59,
    0x8D, 0x01, 0x2B, 0x1B, 0x84, 0xB3, 0x9F, 0x41, 0x41, 0xC3, 0x87, 0x87, 0x3B, 0x5F, 0x41, 0x64,
    0x52, 0x3A, 0xD5, 0xBA, 0x8B, 0x80, 0x7A, 0x58, 0x4E, 0x3D, 0x82, 0x4D, 0x75, 0xAE, 0xC1, 0x7D,
    0xC7, 0x23, 0x98, 0xF8, 0x71, 0x8F, 0x47, 0x44, 0x1D, 0x50, 0xD8, 0xD0, 0x87, 0x52, 0x5A, 0x50,
    0x21, 0x5C, 0xB7, 0x0D, 0xE4, 0xC8, 0x09, 0xCE, 0xB9, 0xEE, 0x38, 0xA1, 0x97, 0x89, 0x23, 0x57,
    0x9B, 0x4C, 0xCF, 0x7C, 0x13, 0x7E, 0x77, 0xDC, 0x6E, 0xA5, 0x1D, 0xDB, 0x5F, 0xD4, 0xE7, 0x79,
    0x70, 0x68, 0x79, 0x5F, 0xE7, 0xEE, 0x79, 0xE2, 0x25, 0x22, 0xA3, 0x34, 0xAD, 0x00, 0x12, 0x42,
    0xE9, 0x60, 0xBF, 0xBD, 0x1B, 0xE8, 0x4C, 0x9D, 0x01, 0x65, 0xEA, 0xC8, 0xB6, 0xA9, 0x6D, 0x74,
    0xF5, 0x3E, 0x7C, 0x9D, 0x55, 0x44, 0x85, 0xE3, 0xBC, 0x7A, 0x1F, 0x2C, 0x05, 0xB6, 0x0E, 0xCC,
    0x4B, 0xA7, 0xC6, 0x1C, 0x9C, 0xDB, 0xCF, 0x39, 0x60, 0xB2, 0xB4, 0x82, 0x68, 0x23, 0xC2, 0x64,
    0x9C, 0x95, 0x67, 0x49, 0x6D, 0x30, 0x2B, 0x60, 0xF6, 0x66, 0x50, 0xE1, 0x9F, 0x36, 0xF8, 0x89,
    0x8E, 0x0B, 0xDD, 0x07, 0x06, 0xFF, 0x3A, 0x93, 0xC7, 0xE7, 0x70, 0x6D, 0x20, 0x23, 0xA2, 0x68,
    0x55, 0xF0, 0x15, 0x23, 0x9C, 0x6E, 0x07, 0xA2, 0x76, 0x76, 0xCE, 0x29, 0x25, 0x4D, 0xFF, 0x4B,
    0x67, 0x4A, 0xF3, 0xB0, 0x83, 0x16, 0x0F, 0xBB, 0xB8, 0x5E, 0x23, 0x39, 0x27, 0x57, 0xA5, 0x9D,
    0xDC, 0x81, 0x91, 0x39, 0xD9, 0xDD, 0x33, 0x69, 0xC7, 0x1B, 0x64, 0xA4, 0x39, 0x14, 0x55, 0xDC,
    0x38, 0x82, 0xE8, 0x0B, 0xE2, 0x78, 0x01, 0xFA, 0x97, 0x6F, 0xE0, 0x05, 0xD5, 0xA2, 0x10, 0x31,
    0xFC, 0x6C, 0x7D, 0xB9, 0xE9, 0xC3, 0xB4, 0xB4, 0x13, 0xE0, 0x69, 0x33, 0xB0, 0xC1, 0x30, 0xDB,
    0xEE, 0x0F, 0x50, 0x7D, 0xDA, 0x0E, 0x4B, 0x3B, 0x4B, 0x6A, 0xE5, 0xD9, 0x18, 0xF6, 0x57, 0x43,
    0xB4, 0x25, 0x1B, 0x88, 0xE7, 0xD4, 0x9E, 0x98, 0x5E, 0x42, 0xB9, 0x89, 0xA9, 0x0D, 0xE2, 0x73,
    0xB0, 0xE1, 0x4C, 0x7A, 0x08, 0x08, 0x18, 0xFC, 0xC0, 0x99, 0x9F, 0x2E, 0x18, 0x96, 0x7D, 0x00,
    0x6B, 0x2E, 0x7B, 0x97, 0x6D, 0x6C, 0xD4, 0x29, 0x99, 0x19, 0x8C, 0xB2, 0x8D, 0x6C, 0x45, 0xD4,
    0x13, 0x41, 0xF0, 0xC1, 0xF3, 0xBC, 0x60, 0x80, 0x0A, 0x1E, 0x59, 0xEB, 0xAF, 0x1E, 0xDA, 0x5A,
    0xEE, 0x98, 0x73, 0x23, 0x3C, 0x10, 0x91, 0x02, 0xDA, 0x8F, 0x27, 0x5E, 0xCA, 0x8A, 0x49, 0xEA,
    0x7A, 0x48, 0x53, 0x2D, 0x91, 0x09, 0xE4, 0x00, 0x6C, 0xD4, 0xAB, 0x3B, 0x8B, 0xD1, 0x85, 0x9C,
    0x76, 0x0D, 0xFC, 0x7E, 0x0F, 0xE7, 0xA1, 0x4B, 0x01, 0x8D, 0xB4, 0xCF, 0xB3, 0x03, 0xEA, 0xA8,
    0xD4, 0xD6, 0xE8, 0x11, 0xB3, 0x79, 0xDF, 0x2E, 0xFB, 0xFC, 0xC1, 0x00, 0x37, 0x1A, 0x8D, 0xC6,
    0x0D, 0x24, 0xE7, 0xE4, 0x6A, 0xC6, 0x59, 0xCF, 0x34, 0xEF, 0xC0, 0xBD, 0xCA, 0x8C, 0x19, 0x4C,
    0x37, 0x79, 0x12, 0xBC, 0xA6, 0x05, 0x78, 0xCC, 0x73, 0x78, 0x28, 0x62, 0x57, 0xA6, 0xDF, 0x98,
    0xA0, 0x73, 0xD7, 0x24, 0x5F, 0xF3, 0x21, 0x46, 0x91, 0x89, 0xCF, 0xD1, 0xBB, 0x63, 0x09, 0x60,
    0xE1, 0xF4, 0xF1, 0x3E, 0x86, 0x28, 0x2A, 0x60, 0x50, 0xFE, 0xB9, 0x17, 0x88, 0xCA, 0x76, 0xA5,
    0xDB, 0xF7, 0xE9, 0xEB, 0xA0, 0x76, 0xF9, 0x3B, 0x83, 0x01, 0x27, 0xC4, 0xFE, 0x3B, 0x73, 0xC4,
    0xB1, 0x73, 0x20, 0xE0, 0xF9, 0xE5, 0x88, 0x8A, 0x19, 0x1E, 0x33, 0x58, 0xDE, 0x0D, 0xCC, 0xE1,
    0x48, 0xB6, 0x2B, 0x04, 0x77, 0x2D, 0x61, 0x1C, 0x96, 0x70, 0x32, 0xDE, 0x95, 0x3C, 0xA1, 0x95,
    0xE4, 0x6F, 0xE3, 0x53, 0x84, 0x97, 0xB5, 0xFC, 0xC7, 0xAF, 0xD1, 0x15, 0x9D, 0x0C, 0xE8, 0x8A,
    0xFA, 0x8E, 0x53, 0x37, 0xCC, 0xB5, 0x4F, 0xC0, 0x7C, 0x51, 0xFD, 0x8E, 0xD0, 0x19, 0x72, 0xC2,
    0xD1, 0x3E, 0x10, 0xF5, 0x98, 0xC0, 0x93, 0x82, 0x32, 0xAC, 0xC8, 0x1F, 0xB1, 0x45, 0x44, 0xDB,
    0xC3, 0xFF, 0xFA, 0x20, 0x44, 0x74, 0xDE, 0x81, 0x13, 0x0E, 0xA1, 0xCD, 0x11, 0x23, 0x9A, 0x22,
    0xF5, 0x26, 0x71, 0xD7, 0x5F, 0x12, 0xD6, 0xFA, 0xCB, 0x06, 0x1B, 0x0E, 0xFC, 0x10, 0x0F, 0x97,
    0xDA, 0xD4, 0xD7, 0x8B, 0x11, 0x9C, 0xF7, 0xB5, 0xBB, 0x65, 0xF7, 0x1F, 0x78, 0xAC, 0x37, 0x2D,
    0xC2, 0x55, 0xF1, 0x6C, 0x66, 0x98, 0xF6, 0x72, 0x8D, 0xE1, 0xAE, 0xC1, 0x72, 0x62, 0x2E, 0x60,
    0x3B, 0x2D, 0xB3, 0x24, 0xB0, 0x9E, 0x35, 0xED, 0x27, 0x74, 0x34, 0x1D, 0xC4, 0xCA, 0x30, 0xD3,
    0x5D, 0x7C, 0x06, 0xB7, 0xF7, 0xB5, 0x08, 0xCB, 0xF9, 0x08, 0x5C, 0x70, 0xB2, 0xD2, 0x27, 0x23,
    0xCE, 0x21, 0x0C, 0xF4, 0x48, 0xBE, 0x52, 0xC7, 0x7C, 0x64, 0x4F, 0x76, 0x33, 0x45, 0x77, 0x75,
    0xA6, 0x58, 0x60, 0x22, 0x97, 0x3E, 0x76, 0xA6, 0x7B, 0x79, 0x84, 0x17, 0xFA, 0x60, 0x72, 0x46,
    0xF6, 0x70, 0x2C, 0x4E, 0x7C, 0xD5, 0xA9, 0x3F, 0x5B, 0x75, 0xBA, 0x69, 0x67, 0xE9, 0xA6, 0x0C,
    0xE2, 0x15, 0x8C, 0xCC, 0x0A, 0x5C, 0x76, 0x7D, 0x03, 0x4C, 0xE6, 0x91, 0xA1, 0xF2, 0x5E, 0xA3,
    0xF5, 0x05, 0xC5, 0x1C, 0x8B, 0x04, 0x3D, 0xBC, 0x02, 0x7B, 0x7E, 0xDF, 0xA0, 0x4D, 0xA6, 0x2B,
    0x79, 0x91, 0x09, 0xC9, 0x57, 0x53, 0xFA, 0x26, 0x6C, 0x8C, 0x19, 0x57, 0xC1, 0x3F, 0xBA, 0x21,
    0xDD, 0x06, 0x97, 0x2B, 0x76, 0xB0, 0x3A, 0x6F, 0xC7, 0x0C, 0xBA, 0xAE, 0x06, 0xB4, 0x8B, 0x7E,
    0xD9, 0x09, 0xF0, 0x98, 0x56, 0xE2, 0x14, 0x5A, 0xF6, 0x2D, 0x39, 0xA8, 0xDC, 0xE7, 0xA0, 0x4E,
    0x2B, 0xCD, 0x50, 0xCB, 0x7A, 0x54, 0x1E, 0x5B, 0x9F, 0x83, 0x62, 0x9E, 0xFB, 0xBC, 0x1C, 0xD4,
    0xCC, 0x4F, 0x2B, 0xA9, 0xCC, 0x80, 0x3B, 0x5D, 0x4A, 0x22, 0x3A, 0xB2, 0x12, 0x99, 0x30, 0xB7,
    0xB5, 0xE9, 0xA7, 0xE1, 0x51, 0x11, 0xFD, 0x76, 0x46, 0x39, 0xE8, 0x38, 0xA7, 0x1A, 0x51, 0xF6,
    0xEF, 0x98, 0x0F, 0x00, 0x97, 0x45, 0x2D, 0x25, 0x75, 0xC9, 0x64, 0x3B, 0x1D, 0xF0, 0x8E, 0x95,
    0xCC, 0x48, 0x04, 0x50, 0x84, 0xCE, 0x52, 0x99, 0x21, 0x18, 0x72, 0x45, 0x98, 0x42, 0x72, 0xD6,
    0x6A, 0xCA, 0xE4, 0xA8, 0x68, 0xF0, 0xE5, 0x2F, 0x0E, 0xFD, 0xB2, 0xCB, 0x8B, 0x04, 0x8A, 0x5F,
    0x77, 0x6B, 0x2E, 0x81, 0x8A, 0x7D, 0x05, 0x0E, 0xF9, 0x53, 0x87, 0xE1, 0x6A, 0x3C, 0x97, 0x78,
    0x57, 0x84, 0x52, 0xF0, 0xCB, 0xBF, 0x52, 0x2E, 0x73, 0x2A, 0xA9, 0x53, 0xC9, 0x9D, 0x6E, 0x26,
    0x4F, 0x7D, 0xFE, 0x94, 0x49, 0x12, 0xA2, 0x94, 0x28, 0x27, 0x62, 0x3E, 0x9A, 0xBE, 0x0D, 0xB3,
    0xA8, 0x8A, 0x69, 0x54, 0xC5, 0x3C, 0xAA, 0x62, 0x22, 0x55, 0x31, 0x93, 0xAA, 0x98, 0x4A, 0x55,
    0xCC, 0xA5, 0x2A, 0xAA, 0x09, 0x05, 0x8B, 0xC4, 0x68, 0x13, 0x88, 0x3E, 0x91, 0x24, 0x53, 0xCA,
    0x29, 0xE2, 0xA7, 0xF4, 0x48, 0xC1, 0x00, 0xF2, 0x78, 0x50, 0xBC, 0x84, 0x3D, 0x81, 0x7F, 0x04,
    0x42, 0xA5, 0x9D, 0x30, 0xD4, 0x44, 0x49, 0xCE, 0x27, 0xF3, 0xC1, 0x78, 0x2E, 0x00, 0x03, 0x61,
    0x35, 0x79, 0x02, 0xE7, 0x7B, 0x40, 0x0B, 0x68, 0x00, 0x65, 0xDE, 0x62, 0x62, 0x10, 0xE2, 0x42,
    0x6E, 0x15, 0x87, 0x32, 0xA6, 0x3D, 0x90, 0xCA, 0x53, 0xDC, 0xF8, 0x4C, 0xAD, 0x87, 0x55, 0x5A,
    0x06, 0xFA, 0x8A, 0x69, 0x59, 0x26, 0xC2, 0xE1, 0x0B, 0x30, 0x32, 0x60, 0x84, 0x30, 0xB8, 0x7D,
    0x44, 0x6D, 0xD7, 0x52, 0xBF, 0x51, 0xAF, 0x4D, 0x6A, 0x68, 0xD5, 0xC7, 0x5C, 0x25, 0x41, 0x15,
    0x69, 0xAF, 0x8E, 0x74, 0x29, 0xDF, 0xA5, 0x8E, 0xD9, 0x29, 0x97, 0x7A, 0x94, 0x3A, 0x46, 0xE1,
    0x33, 0xC3, 0x95, 0x7D, 0x0F, 0x0E, 0xA7, 0xCE, 0x2B, 0xBC, 0xCB, 0x46, 0xEA, 0x91, 0x23, 0x8C,
    0xBD, 0xFA, 0x05, 0xE0, 0xC3, 0x59, 0xEA, 0xC1, 0xB9, 0xEF, 0xBD, 0x0F, 0x70, 0xAD, 0x77, 0xDD,
    0x53, 0x07, 0x1F, 0x03, 0x3E, 0x81, 0x2A, 0x7B, 0x8A, 0xF3, 0x22, 0xBE, 0x08, 0x7C, 0x4F, 0xE9,
    0x79, 0x3D, 0xA7, 0x4A, 0x02, 0xFC, 0xD9, 0xDA, 0x7D, 0x9F, 0x3C, 0xF6, 0x7D, 0x8A, 0x26, 0x30,
    0xA0, 0xB2, 0x5D, 0xD2, 0x7E, 0x2E, 0x5D, 0xAA, 0xD4, 0x01, 0xC4, 0x68, 0x13, 0x8C, 0x8C, 0x8B,
    0x83, 0xED, 0x6B, 0x9B, 0x00, 0x3F, 0xC1, 0x6F, 0x0C, 0xAE, 0xB9, 0x49, 0xAE, 0xAE, 0x5A, 0x7D,
    0x9D, 0x4E, 0xEE, 0xA8, 0xA5, 0xC8, 0xD0, 0xF7, 0x4E, 0x85, 0xAC, 0x32, 0x36, 0xCC, 0x9E, 0xD1,
    0x09, 0x97, 0x1C, 0x9E, 0x3F, 0x4E, 0xBC, 0xFA, 0x94, 0x42, 0x27, 0x0E, 0x7B, 0xA9, 0x67, 0xB8,
    0x88, 0xC9, 0xC3, 0xCA, 0x37, 0x9C, 0x22, 0xA9, 0xC1, 0xFB, 0x86, 0x39, 0x87, 0x39, 0x9B, 0x80,
    0xB9, 0x0F, 0xC5, 0x1C, 0x88, 0x86, 0x8C, 0x6A, 0x56, 0x4F, 0xD1, 0xFE, 0xFA, 0x75, 0x9A, 0x56,
    0xEA, 0x34, 0x6F, 0x86, 0x59, 0x9D, 0x06, 0x7A, 0x54, 0xEA, 0x34, 0xB5, 0xAB, 0xD3, 0xD8, 0x52,
    0xEA, 0x34, 0x10, 0x04, 0xA9, 0xD3, 0xB8, 0x22, 0x79, 0x7A, 0xFE, 0x6E, 0x8F, 0x74, 0x82, 0x95,
    0x74, 0xC2, 0x71, 0xC7, 0x74, 0xC2, 0xC7, 0xB6, 0x4A, 0x6B, 0xFD, 0x80, 0x6A, 0x53, 0x67, 0x12,
    0x75, 0x89, 0xB4, 0x6D, 0xE3, 0x6B, 0x54, 0x8A, 0x6A, 0x57, 0x29, 0x82, 0x0F, 0x17, 0x67, 0xAE,
    0x43, 0x7A, 0x41, 0xC6, 0xE9, 0x86, 0x8B, 0xD2, 0x17, 0xD8, 0xBA, 0x04, 0x13, 0xF5, 0x73, 0x99,
    0x8D, 0x24, 0x0B, 0x6D, 0x16, 0x0E, 0x57, 0x2C, 0x3D, 0x53, 0xD5, 0x8D, 0x64, 0x9B, 0x4C, 0x0A,
    0x7A, 0x92, 0xBC, 0x8A, 0xCF, 0xCD, 0x0B, 0x3A, 0x47, 0xC2, 0x3A, 0x47, 0xE2, 0x74, 0xDB, 0x91,
    0x00, 0x1B, 0x61, 0x5C, 0xF3, 0x47, 0x90, 0xC8, 0x07, 0x74, 0xE3, 0x09, 0x2C, 0x0D, 0x44, 0x33,
    0x60, 0x0C, 0x5D, 0x72, 0x40, 0xE8, 0xAC, 0x82, 0xD4, 0x23, 0xD6, 0x93, 0x8E, 0x48, 0xE0, 0x11,
    0xD3, 0x19, 0x47, 0xD6, 0x55, 0x05, 0x27, 0xC4, 0xAF, 0x47, 0x24, 0xF5, 0x88, 0xB4, 0x1E, 0x25,
    0x6C, 0x1C, 0xF1, 0x0D, 0xA9, 0x24, 0xC9, 0xC6, 0xD2, 0x5F, 0x9E, 0x31, 0x94, 0x8B, 0xDB, 0xFC,
    0x53, 0x78, 0x12, 0x9F, 0x9A, 0x2C, 0x3F, 0x66, 0x4E, 0xAC, 0x75, 0xAA, 0xE4, 0x1F, 0x40, 0xF0,
    0xA7, 0x79, 0x89, 0x6B, 0xB5, 0xB4, 0xC9, 0x18, 0x6D, 0x84, 0xCE, 0xE5, 0x03, 0x02, 0x35, 0xF6,
    0x3E, 0xB5, 0xEC, 0xC7, 0x54, 0x4D, 0x9F, 0xB4, 0x8C, 0xA9, 0xC0, 0x67, 0xAF, 0xF0, 0x6E, 0xF1,
    0xF7, 0x7E, 0x19, 0x07, 0x90, 0x57, 0x82, 0x40, 0x3C, 0xF7, 0x07, 0x5E, 0x6D, 0xE0, 0x4B, 0xC5,
    0xE4, 0x70, 0x68, 0x50, 0x84, 0xBB, 0xCD, 0x82, 0xA2, 0x06, 0x92, 0x44, 0x79, 0x0E, 0x71, 0x8B,
    0xD9, 0xA9, 0xED, 0x60, 0x8A, 0xF8, 0xDF, 0x71, 0xE1, 0xF7, 0xBD, 0x74, 0x12, 0x53, 0xA1, 0x42,
    0xF9, 0x33, 0xA3, 0x17, 0xFF, 0xA7, 0xC8, 0x24, 0xDA, 0xEB, 0x3A, 0xAE, 0xE3, 0xD6, 0xE0, 0xB0,
    0x07, 0x4A, 0x1B, 0x20, 0x4C, 0x97, 0xFE, 0x9C, 0xD2, 0xF5, 0x25, 0x45, 0xF4, 0xB4, 0xA1, 0x75,
    0x2C, 0x7D, 0x15, 0xC1, 0x1F, 0xF1, 0xDC, 0x53, 0x5E, 0xFD, 0x82, 0xED, 0x9E, 0x50, 0xA4, 0x8B,
    0x9C, 0x29, 0xE5, 0x54, 0x12, 0xC9, 0x30, 0xC9, 0xC5, 0x72, 0x30, 0x03, 0x26, 0xD7, 0x0C, 0xF8,
    0x66, 0x06, 0x4A, 0xE1, 0x80, 0x66, 0xE4, 0x46, 0x20, 0xC6, 0x4A, 0xEE, 0x08, 0xF3, 0x17, 0x0C,
    0x78, 0x62, 0x30, 0xA4, 0x4C, 0xF8, 0xA1, 0x71, 0x30, 0x84, 0x74, 0xB1, 0x65, 0x9A, 0x2E, 0x53,
    0x5E, 0x98, 0xA1, 0xF3, 0xDB, 0xB9, 0x74, 0xAC, 0x43, 0xCA, 0x99, 0x98, 0xB3, 0xE8, 0x0A, 0xB9,
    0xA5, 0x76, 0x82, 0x33, 0x89, 0x02, 0x86, 0x67, 0x33, 0xB4, 0x27, 0xC5, 0x9B, 0x08, 0x0F, 0xEA,
    0x37, 0xE0, 0x52, 0x49, 0x2F, 0xEB, 0xD4, 0xD9, 0xD6, 0x4E, 0x16, 0xB4, 0x9C, 0xDD, 0x59, 0x56,
    0x00, 0xE9, 0x8E, 0x35, 0x6E, 0x27, 0x5E, 0x49, 0xBB, 0x1C, 0x27, 0x1A, 0x3C, 0x15, 0xB2, 0xD3,
    0x7E, 0x57, 0x6C, 0xEE, 0xFC, 0x35, 0xEF, 0x51, 0x88, 0xFB, 0xA4, 0x96, 0xA3, 0xFB, 0xD2, 0xBB,
    0x5D, 0x23, 0x3B, 0x06, 0xE8, 0x14, 0xAC, 0x0D, 0xB4, 0x19, 0xC0, 0xD0, 0xEA, 0x1A, 0x1A, 0x3D,
    0x89, 0x53, 0x0C, 0x82, 0x27, 0x5C, 0x60, 0xD8, 0xA2, 0x8C, 0xBC, 0x98, 0x1C, 0x4D, 0x8F, 0x90,
    0x84, 0x00, 0xAD, 0x88, 0xCA, 0x5B, 0x17, 0x76, 0x1F, 0x0A, 0x83, 0x49, 0x68, 0x4A, 0x5E, 0x1F,
    0x82, 0x4C, 0x0A, 0x84, 0x5C, 0x2F, 0x33, 0xC0, 0x55, 0x84, 0xCE, 0xE0, 0x92, 0x87, 0xCA, 0x3C,
    0x18, 0x93, 0xC6, 0x3C, 0x84, 0x56, 0x37, 0x0F, 0xBB, 0xA8, 0xC9, 0xBF, 0x80, 0x5F, 0xA2, 0x5F,
    0x74, 0x70, 0x2C, 0xBE, 0xEF, 0x61, 0x46, 0xE8, 0x44, 0x2C, 0x24, 0x17, 0x75, 0x28, 0xEE, 0x94,
    0xFE, 0xA3, 0x98, 0x87, 0x8A, 0x6E, 0x31, 0xBF, 0x1F, 0xC2, 0xB3, 0xAE, 0x31, 0x4C, 0x8D, 0xE4,
    0x26, 0x74, 0xF5, 0xBE, 0x42, 0x7C, 0x95, 0x0D, 0x91, 0xAD, 0x10, 0xBF, 0x35, 0x43, 0xF2, 0xA2,
    0x31, 0xC9, 0x17, 0x4D, 0x7E, 0xFA, 0x48, 0x8A, 0xF1, 0x31, 0x93, 0x2B, 0x0C, 0x13, 0x96, 0xC2,
    0xEE, 0x8D, 0x53, 0xC3, 0x07, 0xD5, 0x3E, 0x95, 0xCE, 0xE4, 0xB5, 0x7A, 0x16, 0xF9, 0x44, 0x8D,
    0xF8, 0x2B, 0x54, 0xD7, 0x0B, 0x26, 0xC7, 0x58, 0x98, 0xEF, 0xDC, 0xFA, 0xAF, 0xDD, 0xD9, 0x43,
    0x2D, 0xD9, 0xC3, 0x25, 0x0D, 0xEB, 0x4B, 0xA7, 0xB3, 0x55, 0x52, 0x38, 0xB5, 0xBD, 0x7F, 0xCD,
    0x14, 0x43, 0x3E, 0x81, 0xF8, 0x9C, 0x73, 0xD8, 0x4C, 0x4E, 0xC8, 0xCC, 0xED, 0x84, 0x6E, 0x0D,
    0x8B, 0x39, 0xD0, 0x7A, 0xB0, 0x16, 0x3B, 0x4E, 0xB5, 0xD8, 0xB8, 0x85, 0x49, 0x4E, 0x1A, 0x5A,
    0xD3, 0xA9, 0xC2, 0x69, 0x44, 0x37, 0x0D, 0xAB, 0x32, 0x27, 0x19, 0x42, 0x3C, 0xFD, 0x5D, 0x68,
    0x16, 0xF8, 0x55, 0x5C, 0x09, 0x60, 0x25, 0xF0, 0x5B, 0xFE, 0x77, 0x2F, 0x99, 0xC5, 0x05, 0x05,
    0x66, 0x15, 0xF8, 0x95, 0x3E, 0xF0, 0x3B, 0x0B, 0x6B, 0xE2, 0xD2, 0x73, 0x89, 0x33, 0x67, 0x88,
    0x13, 0x7F, 0x63, 0x8D, 0x2E, 0x24, 0x4E, 0xE2, 0x0D, 0x47, 0x5C, 0x44, 0xE2, 0xDE, 0x38, 0xE2,
    0xA6, 0xA8, 0x34, 0x96, 0xF4, 0xC9, 0x78, 0x2E, 0x71, 0x57, 0x2C, 0x0B, 0x3B, 0x47, 0xA4, 0x98,
    0x97, 0x85, 0x69, 0x62, 0x96, 0xB6, 0xD2, 0x75, 0x48, 0x47, 0x44, 0xD6, 0x12, 0x8A, 0x27, 0xB7,
    0x8D, 0xEE, 0x9E, 0xC0, 0x4D, 0x29, 0xD3, 0x1A, 0x43, 0xF9, 0xEA, 0xC2, 0xE4, 0x6C, 0x03, 0xD7,
    0x1A, 0x52, 0x0E, 0x8D, 0x2F, 0x29, 0xA3, 0x35, 0x80, 0xFF, 0x2A, 0x59, 0x30, 0xB7, 0xC2, 0x7C,
    0x8F, 0xEB, 0x62, 0x4B, 0x79, 0xD9, 0xC4, 0x53, 0x4E, 0xF9, 0x5C, 0x6C, 0xED, 0x0B, 0x98, 0xFA,
    0x15, 0x0A, 0xBB, 0xF0, 0x42, 0xC4, 0x10, 0x75, 0x8D, 0x38, 0x24, 0xDB, 0x68, 0xA7, 0x72, 0x37,
    0x82, 0x0A, 0x2A, 0xD1, 0x8A, 0x0A, 0xD5, 0xBA, 0xB4, 0x5C, 0xEB, 0x03, 0x63, 0xA7, 0xA3, 0x37,
    0x10, 0xCB, 0xF6, 0x6B, 0xE4, 0x22, 0x8E, 0x33, 0x68, 0xDB, 0x1A, 0xE8, 0xC2, 0xB8, 0xD2, 0x9E,
    0x2F, 0x18, 0xBA, 0xE4, 0xA9, 0xC8, 0x5D, 0xBB, 0x86, 0xC5, 0x0C, 0xCE, 0x2B, 0xC6, 0x9B, 0xF8,
    0x69, 0x63, 0x1E, 0x3F, 0x6D, 0xF2, 0xDF, 0x3E, 0x5D, 0x15, 0xE4, 0x25, 0x0D, 0x80, 0xF3, 0x2B,
    0xD8, 0x28, 0xC8, 0x6F, 0x95, 0x3F, 0x4A, 0xFD, 0x18, 0xF0, 0x5B, 0xCD, 0xF5, 0xA7, 0x12, 0xBF,
    0x2D, 0x44, 0x4F, 0x6B, 0x07, 0x9E, 0x6B, 0xCF, 0x2F, 0x0B, 0xBF, 0x9C, 0xF2, 0x9C, 0x5C, 0xA7,
    0xC6, 0x60, 0xA2, 0xD9, 0xB9, 0x60, 0x00, 0xF0, 0xD1, 0xAE, 0x12, 0x88, 0xAD, 0xB6, 0x02, 0x8B,
    0x8B, 0xCB, 0x3B, 0x2E, 0x39, 0x41, 0x29, 0x6E, 0x44, 0x78, 0x7B, 0xA6, 0x06, 0xA0, 0xCC, 0xFF,
    0x89, 0x0E, 0x97, 0xFA, 0x26, 0xE5, 0x3A, 0x22, 0x03, 0x99, 0xCA, 0x0B, 0xC9, 0xBA, 0x17, 0x89,
    0xE0, 0xC0, 0x48, 0xCD, 0x5E, 0x16, 0x78, 0xBA, 0x25, 0x0E, 0x52, 0x9D, 0xC6, 0xA0, 0x0C, 0xEA,
    0xEF, 0xA5, 0x1F, 0x59, 0x53, 0x2D, 0x38, 0x62, 0x52, 0x87, 0xD9, 0x8C, 0xF7, 0x99, 0xDB, 0xFD,
    0x9A, 0x55, 0xD7, 0x6F, 0x24, 0xBB, 0x6B, 0x58, 0xF6, 0x62, 0x3F, 0xA9, 0xB7, 0x49, 0xE8, 0x51,
    0x6C, 0x2C, 0x73, 0xBC, 0x92, 0xE4, 0x95, 0x2C, 0x2F, 0xEE, 0x7D, 0xFD, 0xBF, 0x42, 0x66, 0x35,
    0x25, 0x44, 0xCE, 0xE2, 0x3D, 0xC9, 0x8F, 0xD7, 0xE4, 0x33, 0xAC, 0x5B, 0xA1, 0x33, 0x0B, 0x93,
    0x95, 0xBA, 0xE7, 0x52, 0x80, 0x7D, 0x2A, 0x4E, 0x86, 0x71, 0x4E, 0x86, 0x68, 0x55, 0x2F, 0x1A,
    0xF3, 0xCF, 0xFF, 0xD1, 0xBA, 0x3D, 0xC5, 0x6C, 0x23, 0x08, 0xFA, 0x1D, 0x7B, 0x5C, 0x4A, 0x87,
    0x0B, 0xE7, 0xFB, 0x6C, 0x64, 0x1D, 0x1D, 0xE9, 0x37, 0x5A, 0x6C, 0x5E, 0xC5, 0x5D, 0x74, 0x9B,
    0xB9, 0x46, 0x0E, 0x8A, 0xDB, 0xC2, 0x02, 0xF1, 0x4E, 0xBE, 0xD0, 0x7C, 0x51, 0x45, 0xEA, 0x43,
    0xF3, 0x68, 0x03, 0x28, 0xB1, 0xE2, 0x3F, 0x94, 0xB2, 0x64, 0x89, 0x8B, 0x84, 0xD2, 0xDA, 0x49,
    0xC8, 0x03, 0xBC, 0xDE, 0x23, 0x28, 0xA8, 0x4F, 0xC0, 0x3E, 0x30, 0x68, 0xB9, 0x2C, 0x05, 0xF0,
    0xA5, 0x9B, 0xFB, 0xD6, 0xA7, 0xD7, 0x67, 0xE1, 0xB9, 0xCB, 0x90, 0xB2, 0x0F, 0x1F, 0x9E, 0x33,
    0x3C, 0xAD, 0xB6, 0x70, 0x25, 0x05, 0x85, 0xD2, 0x95, 0x14, 0xB6, 0xB1, 0x76, 0xB8, 0x48, 0x24,
    0xBB, 0x2A, 0x4B, 0x68, 0x69, 0x68, 0x02, 0xC1, 0x87, 0x83, 0x2C, 0x97, 0xED, 0x98, 0xB0, 0xC3,
    0x60, 0x01, 0xFF, 0x7C, 0x4A, 0xDE, 0xB9, 0x74, 0x57, 0x30, 0xAC, 0x35, 0xFA, 0xD2, 0xB9, 0x9E,
    0x27, 0x67, 0xD6, 0x19, 0x48, 0x1C, 0xB6, 0x42, 0xAC, 0x5B, 0x2B, 0x16, 0xAE, 0x15, 0x73, 0xEF,
    0x8A, 0xA9, 0x77, 0xC5, 0xCC, 0x7B, 0xC6, 0xC4, 0xBB, 0xFA, 0xCC, 0x67, 0x05, 0x9F, 0x2B, 0x57,
    0xE9, 0xF1, 0x7D, 0x3F, 0x53, 0x37, 0xB2, 0xA4, 0x4F, 0x20, 0x76, 0x49, 0x44, 0x3A, 0x99, 0xC1,
    0x78, 0x7E, 0xBD, 0x42, 0xD6, 0x56, 0x78, 0x38, 0xFB, 0xE7, 0x55, 0xBA, 0x75, 0x43, 0x91, 0x0C,
    0xE2, 0xA1, 0xDD, 0x5C, 0x0C, 0x55, 0xAE, 0xD1, 0x99, 0xFC, 0xA2, 0x0C, 0x89, 0xFA, 0x6B, 0x75,
    0x85, 0x18, 0xAA, 0x99, 0xC0, 0x65, 0x1E, 0x12, 0x9F, 0x58, 0xFF, 0x81, 0xDA, 0x7B, 0x25, 0x58,
    0x68, 0x37, 0xA0, 0x57, 0xDB, 0xB0, 0x55, 0xC1, 0x35, 0x5B, 0x15, 0xDC, 0x74, 0xB5, 0x65, 0xAB,
    0x4D, 0x16, 0x81, 0x2A, 0x59, 0x05, 0xAA, 0x64, 0x19, 0xA8, 0x92, 0x75, 0xA0, 0x4A, 0x16, 0x82,
    0x2A, 0x59, 0x09, 0xAA, 0x64, 0x29, 0xA8, 0x92, 0xB5, 0xA0, 0x4A, 0x16, 0x83, 0x2A, 0x59, 0x0D,
    0xAA, 0x64, 0x39, 0xA8, 0x92, 0xF5, 0xA0, 0x4A, 0x16, 0x84, 0x8A, 0x2C, 0x8D, 0x92, 0xCC, 0x62,
    0xBD, 0x51, 0x4D, 0xD8, 0xE9, 0x5B, 0x87, 0xEB, 0x75, 0x02, 0x49, 0x54, 0xA1, 0xBA, 0xCB, 0x81,
    0x66, 0xB1, 0x0F, 0x2A, 0x46, 0x37, 0xD0, 0xE7, 0xBA, 0x8D, 0x81, 0xFA, 0x04, 0x1D, 0x81, 0x7E,
    0x84, 0x44, 0x39, 0x46, 0x53, 0x0F, 0x40, 0x49, 0x8F, 0xE0, 0x08, 0xA1, 0xBC, 0x32, 0xCB, 0xC6,
    0x74, 0x0C, 0xA8, 0x5A, 0xA2, 0x95, 0x67, 0x19, 0xAF, 0x72, 0xC3, 0xCB, 0xB7, 0x54, 0xC4, 0xA6,
    0x3F, 0xB7, 0x3E, 0xFF, 0x17, 0x6E, 0x7D, 0x7E, 0xE9, 0xA5, 0x6B, 0xBE, 0x3E, 0xFF, 0x56, 0x96,
    0xBC, 0xAF, 0xAB, 0x35, 0xDE, 0x83, 0x4C, 0xD7, 0x7A, 0x73, 0xAF, 0x35, 0x50, 0x3F, 0x8E, 0xA8,
    0x3B, 0xE3, 0xCA, 0x23, 0xF9, 0x7A, 0xBB, 0xAF, 0xB0, 0x2C, 0xBF, 0x52, 0xF1, 0x77, 0x83, 0x00,
    0x8F, 0xAF, 0x45, 0xBE, 0x7B, 0x20, 0xDB, 0x0C, 0xE2, 0xC9, 0x0E, 0x93, 0xED, 0x1B, 0x24, 0x5F,
    0x2C, 0x2B, 0xE9, 0x96, 0xAD, 0x2C, 0x40, 0xAD, 0x65, 0x01, 0x6C, 0x49, 0x9C, 0x17, 0xC4, 0x62,
    0x37, 0x17, 0x82, 0x43, 0xC1, 0x22, 0xC9, 0xB4, 0xF0, 0xF8, 0x26, 0xC6, 0xC1, 0xCA, 0x3A, 0x1E,
    0x7B, 0x60, 0x4F, 0xA0, 0x46, 0x63, 0xFB, 0x46, 0xA8, 0x63, 0x8A, 0x37, 0x50, 0x88, 0x93, 0x5D,
    0xC1, 0x8D, 0x61, 0xAA, 0xFB, 0x9D, 0x11, 0xB0, 0x76, 0xB8, 0x24, 0xE7, 0xB2, 0x1C, 0xF3, 0x8E,
    0x78, 0xD4, 0xA3, 0xAC, 0xF4, 0x20, 0xC5, 0xDF, 0xC1, 0x96, 0x1F, 0x28, 0x04, 0x96, 0x2F, 0x1A,
    0x49, 0x36, 0x2D, 0xC9, 0x3B, 0xCF, 0xD5, 0x8D, 0xFE, 0xB4, 0x8B, 0x2C, 0x42, 0x03, 0xCB, 0x48,
    0x76, 0xB1, 0x55, 0xD0, 0xDB, 0xA7, 0x42, 0x1E, 0x88, 0x21, 0x11, 0x97, 0xA8, 0x79, 0x2F, 0x63,
    0x1C, 0x1D, 0x4E, 0xB5, 0x7C, 0x4B, 0xFF, 0x68, 0x05, 0x18, 0x89, 0xBC, 0x58, 0x8C, 0x10, 0xC6,
    0x3E, 0x6D, 0x65, 0x39, 0x2E, 0x57, 0xE3, 0x96, 0xAC, 0x4A, 0x1F, 0x4A, 0x56, 0x9B, 0xFE, 0xFB,
    0xA0, 0xEE, 0x2D, 0x9C, 0x77, 0x3D, 0x7F, 0xAE, 0x11, 0x8F, 0x93, 0x4B, 0x15, 0x62, 0xF1, 0xEE,
    0x0B, 0x15, 0x34, 0x3F, 0x52, 0x4C, 0x1E, 0x12, 0x78, 0xBC, 0x7E, 0x87, 0xEB, 0xD3, 0x13, 0x3D,
    0x69, 0x31, 0x07, 0xBD, 0x00, 0x8F, 0xA7, 0xCF, 0x3E, 0x74, 0x2A, 0xF5, 0x15, 0xF3, 0xC3, 0x50,
    0x92, 0xE2, 0x27, 0xFA, 0x9D, 0x3F, 0xF9, 0xFF, 0xC2, 0xE9, 0x72, 0x52, 0x16, 0x7F, 0xD7, 0xAF,
    0xF0, 0xA6, 0xDC, 0xDD, 0x82, 0xBB, 0x15, 0x56, 0x3F, 0x83, 0x52, 0x1D, 0x05, 0x78, 0x3C, 0x7D,
    0x6E, 0xE2, 0x67, 0x1B, 0xC9, 0xA2, 0xD6, 0xDF, 0xB6, 0xD8, 0x70, 0xB0, 0x9A, 0xB4, 0xCB, 0xAC,
    0x24, 0xE4, 0xF2, 0x55, 0x0F, 0xF2, 0xEB, 0x19, 0x61, 0x1B, 0x3E, 0x83, 0xB9, 0x23, 0xC3, 0x95,
    0x2D, 0xD3, 0x83, 0x13, 0x6F, 0x34, 0x13, 0x70, 0x5D, 0xCE, 0x2A, 0x00, 0x57, 0x0C, 0xC9, 0x2F,
    0x02, 0x25, 0xAF, 0xCF, 0x2E, 0x59, 0x57, 0x4D, 0x98, 0xDE, 0x82, 0x7E, 0x0B, 0x98, 0xF3, 0x2E,
    0xF0, 0x58, 0x59, 0xDA, 0x3E, 0xBA, 0x94, 0xD2, 0x5F, 0x2C, 0xB9, 0x90, 0xC6, 0xD8, 0xF6, 0x50,
    0x5C, 0x4C, 0xB5, 0x82, 0xAD, 0x0A, 0xE7, 0x75, 0x7F, 0x21, 0x22, 0x4B, 0x3B, 0x3C, 0xCC, 0x78,
    0x6D, 0x9F, 0xA5, 0x00, 0x3B, 0x24, 0xEE, 0x26, 0xE8, 0xDC, 0xC5, 0x12, 0xFB, 0xD0, 0xA9, 0xE4,
    0xE7, 0x97, 0x46, 0x56, 0x68, 0x10, 0xAD, 0x7E, 0x8D, 0xE9, 0xF9, 0xE1, 0x16, 0x7E, 0x01, 0xB2,
    0xCB, 0x68, 0xED, 0xB3, 0x7A, 0xF2, 0x32, 0x04, 0xAE, 0x57, 0x06, 0x08, 0xBA, 0x98, 0xC0, 0x19,
    0x21, 0x85, 0x71, 0xCB, 0x03, 0xDC, 0x6F, 0xD4, 0x76, 0x13, 0x72, 0xED, 0x71, 0xBC, 0x32, 0x99,
    0xB3, 0xA5, 0x5B, 0x45, 0x7B, 0xFE, 0x38, 0x5E, 0x92, 0x7C, 0x99, 0x93, 0x57, 0x83, 0xC0, 0xDC,
    0x91, 0xB8, 0xFE, 0xCA, 0xF7, 0xE8, 0x49, 0xB3, 0x61, 0x20, 0x9A, 0xD9, 0x98, 0x5C, 0x75, 0xCD,
    0x1D, 0x88, 0x99, 0xA1, 0x2D, 0xA3, 0x70, 0x1B, 0xBF, 0xA5, 0xA1, 0xF6, 0x9B, 0x60, 0xF3, 0x73,
    0x63, 0x2B, 0x5C, 0x7F, 0xC6, 0xDF, 0xD3, 0x8E, 0xF2, 0x03, 0x44, 0x22, 0xF9, 0x7A, 0xBB, 0xAF,
    0xB4, 0xAC, 0x36, 0x66, 0xBB, 0xFA, 0xEA, 0xE6, 0x5F, 0x69, 0xC1, 0xB5, 0x79, 0xF1, 0xE7, 0xD4,
    0xFB, 0xDF, 0xD2, 0x2A, 0xD0, 0xB7, 0xFF, 0x9A, 0x8B, 0xAB, 0xFE, 0xE6, 0x87, 0xB7, 0xF9, 0x5E,
    0xEA, 0xC3, 0x77, 0x31, 0x7E, 0x89, 0x52, 0xBD, 0xCE, 0x16, 0xED, 0x37, 0x78, 0xB7, 0x56, 0x2D,
    0x8A, 0x67, 0x37, 0xFA, 0x6E, 0xBB, 0x94, 0xEF, 0x4D, 0xFC, 0xAA, 0x28, 0x79, 0x50, 0xEB, 0x17,
    0x2D, 0xB6, 0xD5, 0xBF, 0x28, 0xB8, 0xE4, 0x72, 0xE0, 0x2B, 0x2C, 0x00, 0xE9, 0xFD, 0xB6, 0x98,
    0x6F, 0x17, 0x2C, 0x03, 0xE9, 0xFD, 0x16, 0x6C, 0x6C, 0xEE, 0x1F, 0x29, 0xF0, 0x3F, 0x2A, 0x38,
    0xB4, 0xF9, 0x7F, 0x15, 0xD4, 0xED, 0xFC, 0x98, 0x47, 0xFD, 0x28, 0xE4, 0xCC, 0x3C, 0x6A, 0x3C,
    0x4A, 0xC3, 0x6A, 0x66, 0xA7, 0xAF, 0xB9, 0x72, 0xF8, 0x7F, 0x00, 0xAD, 0x58, 0x3D, 0x6C, 0x1C,
    0xC7, 0x15, 0x7E, 0x7B, 0x27, 0x72, 0x93, 0x5B, 0xC0, 0xEB, 0x42, 0x04, 0x62, 0x32, 0xC0, 0xB6,
    0x26, 0x0D, 0x64, 0x1B, 0x17, 0x2E, 0x04, 0xCD, 0xA4, 0x88, 0x03, 0x44, 0x85, 0x58, 0x98, 0x29,
    0xE2, 0x42, 0x6D, 0xA0, 0x14, 0x6C, 0x1D, 0x20, 0xC7, 0x59, 0xC9, 0x85, 0x0B, 0x15, 0x62, 0x9C,
    0x22, 0xA5, 0x59, 0xB8, 0xA0, 0x04, 0x04, 0x6C, 0x5C, 0x46, 0x9C, 0x55, 0x0C, 0x44, 0x85, 0x0A,
    0x6D, 0xAC, 0x74, 0x2E, 0xB4, 0x85, 0x0C, 0x06, 0x51, 0xA1, 0x09, 0xBC, 0x86, 0x97, 0xD6, 0xEE,
    0xBC, 0x7C, 0x6F, 0xF6, 0xF8, 0xA7, 0x1F, 0xCA, 0x8A, 0x73, 0x37, 0xDF, 0xF0, 0x6E, 0x6F, 0xE6,
    0xCD, 0x9B, 0xF7, 0xFF, 0x48, 0x44, 0x34, 0xE2, 0x9A, 0x32, 0xEE, 0x49, 0x31, 0x93, 0x29, 0x6D,
    0x61, 0xB5, 0x2A, 0x73, 0xA7, 0xCA, 0xA4, 0x51, 0xA5, 0xAA, 0x80, 0x42, 0x95, 0x46, 0x3F, 0x8B,
    0xF5, 0xE2, 0x32, 0x59, 0x67, 0xC9, 0x00, 0x31, 0x90, 0x00, 0x59, 0x65, 0x49, 0x95, 0x80, 0xC6,
    0xF3, 0x19, 0x54, 0xC9, 0xA4, 0x9E, 0x78, 0x9C, 0xD1, 0x51, 0x8C, 0xB3, 0x68, 0x81, 0x68, 0xF9,
    0x8D, 0xC5, 0x42, 0x6D, 0x64, 0x95, 0xF2, 0x59, 0x35, 0x01, 0xA2, 0x2E, 0xAB, 0xC6, 0x4D, 0x56,
    0xA5, 0x0E, 0xA8, 0x8F, 0x01, 0x7C, 0xA4, 0x9E, 0xCB, 0x98, 0x59, 0x47, 0xE0, 0x91, 0xE6, 0x34,
    0xC9, 0x2B, 0xB2, 0x0D, 0x25, 0xE0, 0x37, 0x63, 0x2E, 0x54, 0x65, 0xC0, 0x63, 0x5E, 0x29, 0x9D,
    0x55, 0xE6, 0x5D, 0xC0, 0x02, 0x0C, 0x3C, 0x04, 0x4A, 0xA0, 0x00, 0xF4, 0x00, 0xD9, 0x9B, 0x34,
    0xB8, 0x21, 0x73, 0x09, 0xD4, 0xEA, 0x7A, 0x56, 0x1B, 0x9D, 0x0E, 0x78, 0x17, 0xB0, 0x17, 0x6B,
    0xC3, 0x40, 0x83, 0xCF, 0x25, 0x50, 0xA4, 0x87, 0xBF, 0x6F, 0xBF, 0xB9, 0x58, 0xF4, 0x5D, 0x5E,
    0x5A, 0xE0, 0xAD, 0x36, 0x2F, 0xE3, 0x26, 0xC7, 0x8A, 0xBC, 0x94, 0x37, 0xCE, 0x1F, 0x20, 0x9F,
    0xB1, 0x33, 0xD0, 0x37, 0xAC, 0xCF, 0x67, 0x7D, 0xE0, 0xF7, 0x66, 0x56, 0x93, 0x4D, 0x21, 0xE3,
    0xEB, 0x2C, 0xF2, 0x09, 0x2B, 0xB3, 0x6A, 0xD8, 0x9F, 0xBA, 0xBC, 0x4C, 0x70, 0xCF, 0x71, 0x0B,
    0x74, 0xAC, 0x47, 0xB8, 0x57, 0x04, 0x59, 0x11, 0x07, 0x76, 0x71, 0xCF, 0x4D, 0xE8, 0xA6, 0x03,
    0x3C, 0xBD, 0x1D, 0x31, 0x04, 0x60, 0x0B, 0x22, 0x9C, 0x06, 0xFD, 0x08, 0xE2, 0x46, 0x15, 0xE3,
    0xC6, 0x00, 0xAC, 0xC7, 0xD8, 0x3B, 0xC6, 0xDA, 0x31, 0xF6, 0xC8, 0x6B, 0x1E, 0xF2, 0x56, 0x33,
    0xDD, 0x2E, 0x47, 0x1C, 0xF6, 0x01, 0xA5, 0xD2, 0xC7, 0x00, 0xFD, 0x42, 0x47, 0x81, 0xE7, 0x9C,
    0x1F, 0x94, 0x09, 0xA7, 0xA5, 0xEC, 0x5D, 0x2F, 0x56, 0xB4, 0x75, 0xAA, 0x80, 0x7E, 0x75, 0xFC,
    0xB5, 0xA7, 0xE4, 0xEB, 0x1E, 0xFA, 0x15, 0xFE, 0xA1, 0xFD, 0xE2, 0x18, 0x44, 0xDF, 0x4F, 0x38,
    0xD8, 0x50, 0xCC, 0xCD, 0x4C, 0xBF, 0x93, 0x4D, 0xB5, 0x91, 0xD6, 0x41, 0xBF, 0xBD, 0x2D, 0x23,
    0xDC, 0x6B, 0x2C, 0xF2, 0x7A, 0x46, 0xBF, 0x79, 0x25, 0xFA, 0x05, 0xDF, 0x9A, 0x8E, 0xE9, 0x77,
    0xB0, 0xCA, 0x15, 0x2D, 0x34, 0x8D, 0x0E, 0x96, 0xA9, 0x4D, 0xC1, 0x1A, 0xF6, 0x84, 0xBF, 0x46,
    0xE7, 0xC2, 0x97, 0x86, 0x85, 0xCA, 0xF9, 0x95, 0xCC, 0x03, 0x2F, 0x83, 0x6D, 0x62, 0xAE, 0xB1,
    0x76, 0x53, 0xF6, 0xA9, 0x06, 0x7A, 0xA0, 0xAC, 0x51, 0x59, 0x47, 0xC7, 0x5F, 0x07, 0xF4, 0xBB,
    0x67, 0xE9, 0xEB, 0x53, 0xE9, 0x87, 0x55, 0x6A, 0x6F, 0x46, 0x5F, 0xAB, 0x26, 0x63, 0xAB, 0xB3,
    0x66, 0xD4, 0xAA, 0xC0, 0xBA, 0x05, 0xDE, 0x18, 0x31, 0x66, 0xE1, 0x5D, 0xE6, 0x36, 0xE8, 0xA1,
    0x18, 0x8E, 0x35, 0xFB, 0xD0, 0x0D, 0x17, 0x29, 0x6C, 0x2F, 0x6D, 0x32, 0x97, 0xD5, 0x89, 0x8B,
    0xFB, 0xC4, 0x45, 0x1E, 0x7F, 0xDB, 0xC4, 0x1D, 0x7F, 0x67, 0x80, 0xC1, 0xEF, 0x06, 0xD6, 0x01,
    0x2B, 0x70, 0xC4, 0x5F, 0x3A, 0xEC, 0x75, 0x89, 0x00, 0xBF, 0x46, 0x3A, 0x5A, 0xFD, 0xA1, 0x34,
    0x47, 0xCD, 0x92, 0x83, 0xFC, 0x1D, 0xFC, 0xC8, 0x65, 0x1F, 0xDD, 0x73, 0x73, 0x91, 0xD0, 0x5C,
    0xD4, 0xB9, 0x87, 0x34, 0x20, 0x15, 0x86, 0x7C, 0xAA, 0x18, 0x92, 0x8B, 0x3C, 0x0E, 0xF2, 0x64,
    0xA1, 0x7F, 0x81, 0xD8, 0x41, 0xFA, 0x0F, 0x4F, 0xE9, 0xFD, 0x9E, 0x52, 0xAC, 0x49, 0xD9, 0x51,
    0xEA, 0x07, 0xDD, 0x65, 0xDA, 0x90, 0x79, 0x6C, 0x49, 0xF6, 0x77, 0xBF, 0x67, 0x5A, 0xA5, 0xB3,
    0xB4, 0xFC, 0x13, 0x58, 0xFC, 0x94, 0x1D, 0x24, 0xD6, 0x4C, 0xF8, 0x5A, 0x13, 0xF5, 0x71, 0x3B,
    0x6E, 0x85, 0xBB, 0xB8, 0x4D, 0x4F, 0x41, 0xEC, 0x76, 0x69, 0xB1, 0x10, 0x2F, 0xCF, 0x07, 0xFB,
    0x2C, 0xCD, 0x75, 0xF1, 0x37, 0x4B, 0x2F, 0x9C, 0xE1, 0x55, 0x56, 0xE7, 0x35, 0xEC, 0x00, 0x1E,
    0x02, 0x4F, 0xDC, 0xCF, 0xB1, 0x2F, 0xF3, 0xF9, 0x0E, 0xEB, 0xD8, 0xE7, 0x17, 0xFC, 0xFF, 0xC9,
    0x0A, 0x64, 0x85, 0xBA, 0x7D, 0x64, 0x05, 0x39, 0xEF, 0xC0, 0x0A, 0x12, 0x9F, 0xEB, 0x23, 0xEA,
    0x11, 0x3F, 0x84, 0x64, 0x98, 0xF2, 0x59, 0x94, 0xB2, 0xC1, 0x57, 0x72, 0xC4, 0xC3, 0x01, 0xF2,
    0x19, 0xBC, 0x96, 0x46, 0xA2, 0x46, 0x9F, 0x0B, 0x97, 0x25, 0x78, 0x0C, 0xDE, 0x17, 0x37, 0xBB,
    0x12, 0xDD, 0xE4, 0xD6, 0x95, 0x41, 0x94, 0xB2, 0x88, 0x40, 0x96, 0x9E, 0x82, 0x1E, 0xA2, 0x94,
    0xDA, 0x87, 0x2F, 0xF9, 0xB4, 0x8E, 0x39, 0xAD, 0x8F, 0xDF, 0xEC, 0xB4, 0xA8, 0x7E, 0x22, 0x9A,
    0x6F, 0xE2, 0x19, 0x9E, 0xC3, 0x4B, 0xC2, 0xD9, 0x2B, 0x49, 0x4B, 0x4A, 0xF1, 0x10, 0x25, 0xBF,
    0xB1, 0x58, 0x8F, 0xE8, 0x8A, 0x78, 0xA5, 0x8A, 0xD3, 0x21, 0x6C, 0xF3, 0x43, 0xC4, 0x2A, 0xFB,
    0xA8, 0x63, 0x3A, 0x63, 0x2B, 0x32, 0x5C, 0x88, 0x03, 0xAC, 0xF7, 0x26, 0x62, 0x43, 0x56, 0xC6,
    0xAF, 0xBD, 0xE1, 0x2E, 0x87, 0xBD, 0x2C, 0x40, 0xF2, 0x8B, 0x05, 0xB4, 0x54, 0x9E, 0x86, 0x10,
    0x9D, 0xAA, 0x21, 0x3A, 0x65, 0x88, 0x4E, 0x31, 0x5F, 0x1C, 0x78, 0x7C, 0xC9, 0x5E, 0x75, 0xB0,
    0x57, 0x62, 0xF2, 0x77, 0xAC, 0x45, 0x0F, 0x23, 0xF1, 0xC5, 0x39, 0xD9, 0xBD, 0x08, 0x77, 0x14,
    0x39, 0x1F, 0x61, 0x45, 0xBF, 0x8C, 0x8F, 0x17, 0xD3, 0x4B, 0xDC, 0xFC, 0x56, 0xDE, 0xC4, 0x4E,
    0x39, 0x40, 0xCF, 0x70, 0xE1, 0x97, 0x4E, 0x5D, 0xBC, 0xE3, 0xD4, 0xFA, 0x9E, 0x53, 0xE6, 0x5B,
    0xA7, 0x3A, 0x58, 0x7F, 0x63, 0xB0, 0x06, 0xEF, 0x2A, 0x83, 0x65, 0xA5, 0xF0, 0xC0, 0xF9, 0x2D,
    0x88, 0xCC, 0x1D, 0x07, 0x3C, 0xC2, 0xFD, 0x2F, 0xB4, 0x56, 0xF4, 0xD6, 0xA4, 0x50, 0x57, 0xDA,
    0xAC, 0x54, 0x57, 0x91, 0xA0, 0xF2, 0xCF, 0x31, 0x65, 0x77, 0x7A, 0xA8, 0xE5, 0xAE, 0xC7, 0xEF,
    0x0F, 0x1E, 0x2B, 0x9D, 0x3E, 0xF8, 0xC4, 0x50, 0xFA, 0xF8, 0x22, 0x52, 0x35, 0xA7, 0x4C, 0xB1,
    0x4F, 0x3C, 0xC5, 0x7D, 0xDC, 0xD3, 0xB8, 0x1B, 0x87, 0x29, 0x44, 0xC8, 0x89, 0x64, 0x8E, 0x60,
    0x47, 0x69, 0x75, 0x30, 0x65, 0x10, 0xCF, 0x16, 0x28, 0x5F, 0x41, 0xDA, 0x13, 0xF2, 0x05, 0xC8,
    0x43, 0x20, 0x20, 0xAF, 0x85, 0xBC, 0x4E, 0xEF, 0xED, 0x28, 0x3A, 0x41, 0xDE, 0x9F, 0x24, 0xDF,
    0x1D, 0x92, 0x7F, 0xE5, 0x70, 0xA5, 0xDC, 0x41, 0xB8, 0x82, 0xD2, 0x0B, 0xA4, 0x95, 0xD3, 0x8C,
    0xB0, 0x9C, 0x01, 0x62, 0x99, 0xA5, 0xE0, 0x42, 0x65, 0x83, 0xCB, 0x27, 0xDD, 0x4A, 0xA1, 0x3A,
    0x18, 0x3B, 0x20, 0xCE, 0x60, 0x24, 0x0D, 0xFE, 0x13, 0x0E, 0x81, 0xEF, 0xB9, 0x3C, 0x2F, 0x42,
    0x22, 0x2B, 0x43, 0x82, 0xF9, 0x77, 0x30, 0x7E, 0x5C, 0xA4, 0x0D, 0xE9, 0x6C, 0x70, 0xE6, 0x26,
    0x84, 0xBA, 0x5C, 0x52, 0x71, 0x79, 0x86, 0x14, 0x04, 0x93, 0x83, 0x74, 0x0A, 0x47, 0x1B, 0x49,
    0xBA, 0x5E, 0x92, 0xA0, 0xCF, 0xF4, 0x23, 0x20, 0x7F, 0xC4, 0x21, 0xED, 0x2E, 0xCD, 0xD2, 0xE1,
    0x0F, 0x73, 0xC8, 0xE7, 0x61, 0x41, 0x1F, 0x94, 0x41, 0x62, 0x88, 0x40, 0x31, 0x09, 0xCF, 0x61,
    0xCC, 0xD1, 0x7A, 0x89, 0x12, 0xA2, 0x4C, 0x25, 0x5C, 0xEE, 0xAF, 0x4B, 0xA1, 0x31, 0xE0, 0xAB,
    0x0C, 0x01, 0x26, 0x83, 0x03, 0x65, 0xE5, 0x61, 0x84, 0x7A, 0x75, 0x5D, 0x20, 0xA4, 0x26, 0x4D,
    0x48, 0x47, 0xCF, 0x20, 0xA4, 0xA3, 0x25, 0x0F, 0xC9, 0xD5, 0x8A, 0xDB, 0xB3, 0x09, 0x94, 0xDE,
    0x87, 0xC4, 0x11, 0x06, 0x3E, 0x8C, 0x50, 0x20, 0x74, 0x99, 0x6D, 0x15, 0xBB, 0x1C, 0x09, 0xF1,
    0x3D, 0xB9, 0xC1, 0xA7, 0x91, 0xDD, 0x6B, 0x24, 0xA5, 0x85, 0x60, 0xF7, 0xA2, 0x52, 0xAE, 0x79,
    0xB6, 0x94, 0x5B, 0xD1, 0x93, 0xCD, 0xC3, 0xD2, 0x4D, 0xF0, 0x2B, 0xE0, 0x12, 0x4A, 0xB7, 0x4B,
    0xDC, 0x99, 0x8B, 0xDC, 0xA9, 0x9F, 0xEF, 0xB4, 0x83, 0x4D, 0x20, 0x25, 0x7C, 0x17, 0xE4, 0xA1,
    0x83, 0x9E, 0x42, 0x89, 0x31, 0xDA, 0x8A, 0xEC, 0x13, 0x17, 0xEE, 0x8D, 0x73, 0x5F, 0x55, 0x76,
    0x2B, 0x1A, 0xB6, 0x54, 0x40, 0xC7, 0x1F, 0x42, 0x9F, 0xD7, 0x1A, 0x52, 0x9F, 0x34, 0xA1, 0x3C,
    0x53, 0x12, 0xE8, 0x5B, 0x04, 0x4C, 0xA7, 0x86, 0x52, 0xB0, 0x38, 0x09, 0x31, 0xC3, 0x7A, 0xE6,
    0x5E, 0x73, 0x06, 0x06, 0x84, 0x20, 0xBB, 0xA2, 0x95, 0x97, 0xAA, 0x0C, 0xF6, 0x50, 0xE0, 0xAF,
    0xBA, 0x0D, 0x77, 0xCE, 0xFF, 0x86, 0x9C, 0x93, 0xC1, 0xC7, 0x74, 0x76, 0xA7, 0x83, 0x53, 0x3D,
    0xD8, 0x95, 0x69, 0x1D, 0x31, 0x9F, 0x61, 0xCD, 0x89, 0x87, 0x7B, 0x25, 0x7D, 0x22, 0xD2, 0x84,
    0x7B, 0x21, 0x93, 0x0E, 0x9E, 0xB5, 0x14, 0x0A, 0xC5, 0x36, 0x58, 0xDE, 0xDB, 0xA1, 0x04, 0xB1,
    0xB8, 0xAA, 0x29, 0x2C, 0x88, 0xB1, 0x60, 0x15, 0x69, 0x2B, 0x94, 0xE4, 0xE0, 0x7C, 0x8F, 0x83,
    0x25, 0x87, 0x82, 0xFC, 0x6C, 0xF0, 0xFB, 0x62, 0x89, 0x77, 0xCA, 0x70, 0x03, 0x29, 0x34, 0x5F,
    0x71, 0x7F, 0xE2, 0x6E, 0x28, 0xE7, 0x4D, 0xED, 0x2D, 0x85, 0x71, 0xD5, 0x83, 0x4A, 0xC6, 0x7E,
    0xB4, 0x7D, 0xA0, 0xFF, 0x83, 0xF1, 0x3A, 0x75, 0xE4, 0x3F, 0x45, 0x11, 0x1D, 0x98, 0x3E, 0xFA,
    0xF6, 0x5B, 0xA2, 0x5D, 0x9C, 0x28, 0xB6, 0x53, 0xCF, 0xAD, 0x89, 0x29, 0xE5, 0xFB, 0xF8, 0xAA,
    0x2D, 0x97, 0xAB, 0xD0, 0x4E, 0x7E, 0xDA, 0xC8, 0x25, 0x48, 0x4D, 0x61, 0x96, 0xF4, 0xD9, 0x07,
    0x98, 0x36, 0xE4, 0xD3, 0x50, 0xEC, 0x0F, 0x2F, 0x50, 0x12, 0xD2, 0x52, 0x3A, 0x33, 0x94, 0xB0,
    0x1A, 0xD2, 0x5C, 0xFE, 0xCA, 0x93, 0x24, 0x72, 0xA4, 0x34, 0xA6, 0x85, 0xB5, 0x35, 0x7C, 0x53,
    0xE2, 0x40, 0x4F, 0x3D, 0xA3, 0x10, 0x03, 0x68, 0x74, 0xA7, 0xC8, 0xF9, 0xF3, 0x62, 0x78, 0x0E,
    0x3B, 0x4F, 0x33, 0x30, 0x74, 0xE9, 0xC4, 0xDA, 0x05, 0x44, 0x01, 0x34, 0x37, 0x78, 0x4F, 0x8A,
    0xB3, 0x73, 0xDA, 0xA6, 0xA5, 0x49, 0xCB, 0x7C, 0x07, 0x49, 0xAE, 0x88, 0x6E, 0xD0, 0x32, 0x89,
    0x94, 0x8D, 0x90, 0x7B, 0x67, 0x80, 0x81, 0x76, 0x8D, 0x14, 0x2A, 0xD0, 0xCE, 0xF4, 0x9D, 0x5D,
    0x60, 0x03, 0xB8, 0x45, 0x1B, 0xBB, 0xF2, 0x4C, 0x52, 0x6D, 0x4B, 0xD3, 0x73, 0xF2, 0x5C, 0xCD,
    0x80, 0x32, 0xCC, 0xFA, 0xD9, 0x9E, 0xFA, 0x90, 0x8E, 0x68, 0xEB, 0x26, 0x68, 0x3F, 0xE7, 0xBD,
    0x89, 0x72, 0xDF, 0xC9, 0xAF, 0x37, 0x88, 0xA3, 0xFE, 0xFB, 0xE1, 0x8F, 0x5C, 0x58, 0xC7, 0x88,
    0xB8, 0x66, 0x68, 0xAE, 0xB8, 0x04, 0x33, 0x96, 0x51, 0xDD, 0x4B, 0x4C, 0x88, 0x9B, 0xD9, 0x48,
    0x9A, 0xA3, 0xCF, 0xCF, 0x19, 0x1E, 0x61, 0x88, 0x42, 0x6F, 0x23, 0x2F, 0xD5, 0x82, 0x63, 0x0C,
    0x2D, 0x06, 0x68, 0x25, 0x72, 0xC0, 0xC2, 0x41, 0x2D, 0x3D, 0x7D, 0xEC, 0xE3, 0x74, 0xA1, 0x23,
    0x6A, 0x01, 0x57, 0x8C, 0x0A, 0xB6, 0x18, 0x21, 0x08, 0xB5, 0xC7, 0xD8, 0x68, 0x5F, 0xCA, 0x86,
    0x3E, 0x64, 0xE3, 0x7B, 0xD9, 0x1F, 0xD2, 0x00, 0xC6, 0x53, 0x0F, 0x87, 0x2E, 0x26, 0xF9, 0x26,
    0x44, 0x04, 0xF8, 0x94, 0x2D, 0xCD, 0x6B, 0x28, 0x23, 0x7E, 0x0C, 0x90, 0x34, 0x88, 0x00, 0x9A,
    0xBE, 0x14, 0x0D, 0x11, 0xE9, 0x93, 0x65, 0xC8, 0x8B, 0x31, 0xA7, 0xE7, 0xD6, 0x10, 0x5A, 0xAB,
    0x5B, 0x6B, 0xBA, 0x1D, 0x6D, 0xF6, 0x7B, 0x48, 0x70, 0xE5, 0xDC, 0x84, 0xCE, 0x5A, 0x79, 0x49,
    0x8E, 0x31, 0x05, 0x2C, 0x8A, 0xD0, 0xBB, 0xC1, 0x82, 0x70, 0xFF, 0x85, 0x35, 0x61, 0x22, 0xDB,
    0x81, 0x3B, 0x57, 0x1B, 0x71, 0xA5, 0x92, 0x2E, 0xBF, 0xD7, 0xCD, 0xFF, 0xE2, 0xBD, 0x48, 0xC7,
    0xF5, 0x5B, 0x2D, 0xCA, 0xCD, 0x36, 0xAE, 0xA3, 0xD5, 0xF9, 0x1B, 0xB9, 0x57, 0x5E, 0xD1, 0x79,
    0x14, 0xCE, 0xD3, 0xE6, 0xB3, 0x0F, 0x36, 0x10, 0x69, 0x61, 0x21, 0xFD, 0xDC, 0x37, 0xAA, 0x3E,
    0xAF, 0x61, 0x2E, 0x97, 0x37, 0xE1, 0xE3, 0x68, 0xDE, 0xBF, 0xB2, 0x05, 0x52, 0x7C, 0x39, 0x55,
    0x77, 0xAA, 0x3F, 0x98, 0xFB, 0xB5, 0x60, 0xAA, 0xEE, 0xD7, 0xE7, 0xB3, 0x0B, 0x92, 0x79, 0xCB,
    0xE3, 0xE5, 0x50, 0x74, 0x13, 0xD5, 0x11, 0x4A, 0xFD, 0xCE, 0x5C, 0xF5, 0xD2, 0x06, 0x40, 0x8A,
    0x64, 0x2D, 0x86, 0xF6, 0xEA, 0x51, 0x8F, 0x7A, 0x30, 0x66, 0x39, 0x03, 0x56, 0x9E, 0xA3, 0xB6,
    0x65, 0xC7, 0x71, 0xDB, 0x8F, 0x3A, 0x1F, 0x75, 0xF6, 0x76, 0xA7, 0xBE, 0xE8, 0x26, 0x1F, 0x76,
    0xD1, 0xA5, 0x66, 0xCC, 0x68, 0x76, 0x0A, 0x34, 0x0F, 0x97, 0x67, 0x4D, 0x55, 0xC0, 0xFC, 0x44,
    0x5B, 0xDC, 0x07, 0xA8, 0xED, 0xF4, 0x7D, 0x67, 0xA7, 0x89, 0xB3, 0xEA, 0x9A, 0xB3, 0xD9, 0xDD,
    0xDA, 0x46, 0x49, 0x68, 0xD7, 0xD5, 0xBE, 0x2D, 0xA5, 0x61, 0x18, 0xCD, 0xDA, 0xC9, 0xF9, 0x2B,
    0x5B, 0xF9, 0x93, 0x0E, 0x5E, 0x63, 0xA7, 0xDE, 0x9E, 0x09, 0x3D, 0x4D, 0x18, 0xE0, 0xCC, 0x6C,
    0xB2, 0x72, 0x9C, 0x36, 0xC1, 0x64, 0x68, 0x9B, 0xA2, 0x0E, 0x23, 0xFA, 0x5D, 0x97, 0x32, 0x52,
    0x54, 0x0D, 0x83, 0xB6, 0xB4, 0x0A, 0xE6, 0x64, 0x45, 0x5A, 0x8A, 0x83, 0x3E, 0x6E, 0x11, 0xF3,
    0x62, 0xEE, 0x46, 0xED, 0x72, 0xF2, 0x97, 0x69, 0xF2, 0xDA, 0x74, 0xEC, 0x7B, 0xD4, 0x04, 0xC8,
    0x67, 0xB3, 0xC5, 0xE8, 0xDF, 0x13, 0xAC, 0xAF, 0x6C, 0x32, 0x2C, 0xEE, 0xE7, 0xB9, 0x5F, 0x0E,
    0x91, 0x42, 0xC6, 0x6F, 0x74, 0xCE, 0x68, 0x17, 0xBB, 0xF4, 0x0B, 0x3F, 0xD1, 0x1C, 0xAE, 0x24,
    0x23, 0xD2, 0x3E, 0xD9, 0x13, 0x3A, 0x52, 0x22, 0x84, 0x6A, 0x61, 0x25, 0x78, 0x81, 0x0E, 0xD3,
    0xFC, 0x95, 0x4D, 0x74, 0xE9, 0x38, 0x44, 0x1B, 0x99, 0xEC, 0x06, 0x26, 0x7E, 0x5D, 0x26, 0x3A,
    0x31, 0x59, 0x42, 0xA6, 0x30, 0x9B, 0x1E, 0xB1, 0xD9, 0x49, 0x47, 0xD6, 0xF0, 0x61, 0x2F, 0xB0,
    0x0D, 0x40, 0x18, 0x70, 0xD7, 0xE8, 0xFD, 0x2E, 0x14, 0x31, 0xE0, 0x58, 0xEC, 0x25, 0x08, 0xD5,
    0xD3, 0x4F, 0x01, 0x03, 0x28, 0xB2, 0xE7, 0x54, 0x08, 0x50, 0x92, 0x02, 0xD2, 0xBB, 0x12, 0xA1,
    0xF5, 0x8C, 0x1D, 0x15, 0x30, 0xFF, 0xB1, 0x9D, 0x05, 0xB1, 0x7F, 0x91, 0xCD, 0x91, 0xB4, 0x60,
    0x6E, 0xF2, 0xEF, 0x02, 0x46, 0x5A, 0xE3, 0xB1, 0x23, 0x3B, 0x6E, 0xC8, 0x7C, 0x8C, 0x14, 0xF4,
    0x1F, 0xE1, 0x60, 0xF8, 0xDF, 0x07, 0x52, 0xC3, 0x68, 0x1B, 0xC9, 0x61, 0xDC, 0x21, 0x3D, 0x8C,
    0x3B, 0x64, 0x87, 0x83, 0xE9, 0x2A, 0xA7, 0x90, 0x1D, 0x7A, 0xCC, 0x4C, 0xA6, 0xD1, 0x36, 0xFF,
    0x09, 0x27, 0xFA, 0xF1, 0x73, 0xA7, 0xE4, 0x61, 0x90, 0x49, 0x20, 0x69, 0x76, 0xCF, 0xBD, 0xA9,
    0x69, 0x57, 0x6D, 0xFC, 0xD5, 0xD1, 0xAD, 0x9F, 0x19, 0x14, 0x59, 0xBB, 0xC4, 0x8F, 0xD1, 0x8B,
    0xFD, 0xF9, 0xDB, 0x2F, 0xA5, 0x8F, 0xBB, 0xFF, 0xF7, 0x09, 0x42, 0xC1, 0x51, 0x23, 0xF6, 0x5F,
    0x75, 0x8E, 0xB1, 0x0D, 0xC3, 0x20, 0x14, 0x44, 0x2F, 0x50, 0x44, 0x56, 0x0A, 0x46, 0x60, 0x04,
    0x46, 0x80, 0x51, 0xB2, 0x09, 0x6C, 0x06, 0x23, 0x30, 0x82, 0x47, 0xA0, 0x70, 0x61, 0x45, 0x98,
    0x9F, 0x43, 0xA6, 0xF5, 0x47, 0xBC, 0xE2, 0xEB, 0xEE, 0xFE, 0x61, 0x03, 0xC7, 0x05, 0xC2, 0x17,
    0xE2, 0xD3, 0x08, 0x35, 0x81, 0x84, 0x7B, 0x72, 0x81, 0xC0, 0x57, 0x35, 0x60, 0x9B, 0xEE, 0x30,
    0x87, 0x39, 0xF0, 0xEE, 0xB6, 0x41, 0x0F, 0x5F, 0x01, 0x11, 0x0A, 0xB3, 0xCC, 0x80, 0x8B, 0xB0,
    0x9D, 0xA0, 0x62, 0x45, 0x3D, 0xE2, 0xCB, 0x33, 0x54, 0xA9, 0xE9, 0xC9, 0xAB, 0xC2, 0xB6, 0x0E,
    0x06, 0x57, 0x63, 0xF2, 0x85, 0x2F, 0xB9, 0x12, 0x83, 0xDD, 0x33, 0x4C, 0x1B, 0xF4, 0x5D, 0xD0,
    0xBF, 0x0E, 0x2D, 0x27, 0x5E, 0xC2, 0x10, 0xD9, 0x81, 0x58, 0xEF, 0xE6, 0x9E, 0x7E, 0x96, 0x88,
    0xCC, 0xCB, 0x27, 0x3F, 0xD7, 0x7F, 0x8D, 0x50, 0x3B, 0x4E, 0xC4, 0x30, 0x10, 0x1D, 0x12, 0x21,
    0x4B, 0xA4, 0xF0, 0x0D, 0xD6, 0x3D, 0x8D, 0x4F, 0xC0, 0x4E, 0x24, 0xCA, 0x6D, 0x38, 0x02, 0x35,
    0xD2, 0x5E, 0x01, 0xBB, 0xDB, 0x92, 0x3D, 0x02, 0x27, 0x01, 0x0B, 0x0A, 0x0A, 0x9A, 0x48, 0x5C,
    0xC0, 0x70, 0x02, 0x0B, 0xB9, 0x48, 0x61, 0x27, 0xCC, 0x38, 0x41, 0x5A, 0x16, 0x58, 0xED, 0xCC,
    0x4B, 0xF2, 0xFC, 0xE6, 0xE3, 0xC9, 0x5C, 0xDD, 0xFF, 0x32, 0x00, 0xB8, 0xDE, 0x9E, 0x5B, 0x09,
    0xDA, 0xDE, 0x6C, 0xCF, 0xE0, 0x90, 0xB3, 0x99, 0x6C, 0x32, 0xA6, 0x71, 0x1C, 0xED, 0xCE, 0x43,
    0xE6, 0x8E, 0xF8, 0x2C, 0x5A, 0x6C, 0x0D, 0x3C, 0xC2, 0x50, 0x5C, 0x3B, 0x76, 0xB4, 0xAC, 0xAD,
    0xF7, 0x4E, 0x8B, 0xCB, 0x0E, 0x57, 0xDE, 0xC8, 0xEE, 0x41, 0xB9, 0x41, 0xCF, 0xD0, 0xCF, 0x91,
    0xF1, 0x12, 0x70, 0x13, 0x4A, 0xD4, 0xAD, 0x1B, 0xFB, 0xA7, 0x08, 0xB7, 0xB0, 0x0B, 0x1C, 0xF3,
    0x84, 0x3D, 0xFD, 0x07, 0x96, 0x00, 0x17, 0xDF, 0x38, 0xA2, 0x7C, 0x5F, 0xDC, 0x29, 0x17, 0x11,
    0x54, 0xA6, 0x84, 0x19, 0xC4, 0x49, 0xD1, 0x6D, 0x63, 0x85, 0x37, 0x4E, 0x7B, 0x19, 0x8D, 0xC3,
    0xC0, 0x6F, 0xE6, 0x93, 0x5E, 0x0D, 0xD0, 0x04, 0x5E, 0xAF, 0x1C, 0x9D, 0x72, 0x4C, 0x70, 0xD5,
    0xA1, 0x2D, 0xA4, 0xF6, 0xA6, 0x6C, 0x7E, 0x59, 0xFB, 0x0C, 0x93, 0xF2, 0x91, 0x26, 0xB2, 0x7A,
    0x8B, 0x30, 0x55, 0xBD, 0x96, 0x6A, 0xA8, 0x06, 0xF5, 0x44, 0x9B, 0xF5, 0x1C, 0xBC, 0xA3, 0xBD,
    0x73, 0x9E, 0x51, 0x9B, 0xF7, 0x9E, 0x5B, 0x64, 0x5D, 0x7F, 0x06, 0xA4, 0xA4, 0x84, 0x44, 0x34,
    0x40, 0x1D, 0x67, 0xA5, 0xF1, 0x73, 0x8E, 0x72, 0x72, 0xAA, 0x42, 0x5B, 0xCD, 0x7D, 0x20, 0x56,
    0x49, 0xF4, 0x32, 0x60, 0x47, 0x63, 0x77, 0x32, 0x88, 0xBE, 0x4A, 0x50, 0xAE, 0x55, 0x80, 0x4E,
    0xD1, 0x2F, 0x88, 0x54, 0x67, 0x91, 0x64, 0x54, 0x9E, 0xCE, 0x65, 0x8C, 0xD3, 0x96, 0x3B, 0xD0,
    0xD5, 0xC4, 0x07, 0x80, 0x13, 0x6A, 0x58, 0xF7, 0x00, 0x82, 0x86, 0x94, 0x9E, 0x6F, 0xF9, 0x3F,
    0xDC, 0xCD, 0x61, 0xEA, 0xF0, 0x05, 0xD5, 0x50, 0xBB, 0x75, 0xC3, 0x30, 0x10, 0x83, 0xA3, 0x42,
    0x05, 0x0B, 0xA9, 0x70, 0x91, 0xEE, 0x9A, 0xF4, 0x9C, 0x40, 0x3C, 0x0E, 0x66, 0x49, 0x1C, 0x2C,
    0x76, 0x56, 0xD0, 0x08, 0x1E, 0x21, 0x85, 0x0A, 0xF9, 0x3D, 0x8A, 0x34, 0x4E, 0xCF, 0x85, 0x9B,
    0x0C, 0x90, 0x47, 0x14, 0xF7, 0x05, 0x70, 0x74, 0x1B, 0x7C, 0x41, 0xF0, 0xF1, 0xD2, 0xA5, 0xEF,
    0x03, 0x0C, 0x98, 0xB2, 0xE8, 0x36, 0x60, 0x02, 0x0A, 0x1A, 0xC6, 0x37, 0x48, 0xC0, 0x10, 0x30,
    0xD7, 0xF4, 0x53, 0x13, 0x02, 0x88, 0xAE, 0x42, 0x08, 0x18, 0x3C, 0x79, 0x2A, 0xA0, 0xE8, 0x15,
    0x5A, 0x2C, 0xE5, 0x6E, 0x5B, 0xD0, 0x2D, 0xAC, 0x41, 0x33, 0xB4, 0x62, 0x90, 0x18, 0x24, 0x72,
    0xA5, 0xDD, 0xC8, 0x13, 0x09, 0xEB, 0x5D, 0x81, 0x8C, 0x8F, 0x15, 0xCD, 0x2F, 0x9A, 0x3B, 0xDA,
    0x05, 0x6E, 0x31, 0x69, 0xCE, 0x07, 0x9B, 0x87, 0xEC, 0xC6, 0x3C, 0x4A, 0x1C, 0x25, 0xB1, 0xE8,
    0x1E, 0xD6, 0xA5, 0xBD, 0x41, 0x8C, 0x50, 0x6B, 0x74, 0x87, 0xEE, 0x69, 0x37, 0x51, 0x49, 0xAF,
    0xEE, 0x9F, 0x17, 0x65, 0x97, 0x35, 0x7F, 0x66, 0xBC, 0x3D, 0xB7, 0x62, 0xDE, 0xF1, 0x35, 0x99,
    0x65, 0xD2, 0xD0, 0x5D, 0x77, 0x87, 0x4F, 0x66, 0x81, 0x90, 0x55, 0xF3, 0x79, 0xC4, 0xD8, 0x66,
    0x9E, 0xA3, 0xBD, 0xCE, 0xC5, 0xAF, 0xFF, 0xF1, 0x5F, 0x9E, 0x45, 0x8F, 0xB1, 0x0D, 0xC3, 0x30,
    0x10, 0x03, 0x29, 0xAB, 0x50, 0xE1, 0xC2, 0x03, 0xA4, 0xF0, 0x08, 0x1E, 0xC1, 0xDA, 0x4C, 0xD9,
    0x4C, 0x2A, 0x32, 0x80, 0x17, 0x08, 0xA0, 0x11, 0x54, 0xB8, 0x70, 0x80, 0xD8, 0x0C, 0x5F, 0x41,
    0x90, 0xE2, 0x00, 0x89, 0xCF, 0xC7, 0x93, 0x18, 0xAF, 0x88, 0xC4, 0xE8, 0x48, 0xF8, 0xD3, 0x21,
    0xEC, 0xC0, 0xD4, 0x00, 0xF2, 0xDD, 0x99, 0x37, 0x74, 0xC8, 0x5D, 0xB4, 0x3E, 0x1B, 0x0F, 0x17,
    0x3D, 0x79, 0x97, 0x50, 0x70, 0xBB, 0x62, 0xD6, 0xE0, 0x07, 0xD6, 0x02, 0xAC, 0x0F, 0x71, 0x09,
    0x02, 0x79, 0x47, 0x90, 0x2D, 0xF0, 0x09, 0x67, 0x7F, 0xE9, 0x03, 0x37, 0x8C, 0xD2, 0x7C, 0x36,
    0xEF, 0x17, 0x97, 0x2B, 0x26, 0x9E, 0xF2, 0x11, 0x43, 0xCC, 0x31, 0x91, 0xF5, 0x07, 0x52, 0xD3,
    0x8E, 0xC5, 0xFC, 0x6B, 0xB3, 0xD6, 0xE6, 0x16, 0xB4, 0x43, 0xCB, 0x52, 0x90, 0x5F, 0x8A, 0xC3,
    0x26, 0xAA, 0xD0, 0x81, 0x03, 0xF0, 0xD6, 0x81, 0xC5, 0xB0, 0x37, 0x16, 0xEB, 0x50, 0xD1, 0xA3,
    0x6B, 0x9C, 0xD4, 0x6B, 0x32, 0x9B, 0xA2, 0xC2, 0xB2, 0x2C, 0x15, 0x1F, 0xAD, 0x52, 0xB1, 0x71,
    0xDC, 0x30, 0x10, 0x5C, 0x90, 0xA3, 0x67, 0xC0, 0x00, 0x89, 0x72, 0x34, 0x60, 0x0F, 0x62, 0x3B,
    0xD0, 0x21, 0x57, 0x2B, 0x9A, 0x51, 0x09, 0xCF, 0x12, 0x5C, 0x82, 0x4A, 0x70, 0x01, 0x1E, 0x03,
    0x25, 0xB0, 0x04, 0x76, 0x60, 0x04, 0x0C, 0x18, 0x90, 0x3C, 0xED, 0x91, 0xD2, 0x6B, 0x1C, 0x68,
    0xC6, 0x81, 0x41, 0xDE, 0x0D, 0xB9, 0x58, 0x1C, 0xF6, 0x16, 0x68, 0x74, 0x42, 0xAB, 0x1B, 0x43,
    0x93, 0x43, 0x2E, 0x40, 0x18, 0x01, 0x3F, 0xE1, 0xF9, 0x4F, 0x25, 0x56, 0x3D, 0x23, 0xF0, 0x91,
    0xD2, 0x57, 0x19, 0x7C, 0x95, 0xE4, 0x27, 0x19, 0x62, 0x91, 0x31, 0x97, 0xA0, 0x8A, 0x4E, 0x57,
    0x20, 0x73, 0x49, 0xBB, 0x00, 0xE8, 0xF9, 0x03, 0xBF, 0x31, 0x45, 0x65, 0x12, 0x4D, 0xC0, 0x55,
    0x58, 0x54, 0x63, 0x81, 0xDB, 0x58, 0xB6, 0x59, 0x7D, 0x25, 0xB7, 0x9B, 0xD1, 0xCD, 0xED, 0x0A,
    0x5F, 0x2D, 0x4D, 0x6E, 0x47, 0x1C, 0xA1, 0x5C, 0xC0, 0x92, 0x57, 0xA6, 0x21, 0x33, 0x15, 0xC6,
    0x7C, 0x0B, 0xF4, 0xFF, 0x25, 0x58, 0xB8, 0x58, 0x70, 0x97, 0x12, 0x27, 0xAA, 0x9D, 0x81, 0x8E,
    0xB2, 0x9B, 0x9D, 0x82, 0x4D, 0xAF, 0xC9, 0xB5, 0x89, 0x43, 0x76, 0x42, 0xC3, 0x46, 0xA8, 0xF1,
    0xE0, 0x85, 0x4A, 0x98, 0xBD, 0xBE, 0xD7, 0xC8, 0xA7, 0xC6, 0x73, 0x00, 0x77, 0xB6, 0x7A, 0x60,
    0xC7, 0xAC, 0xC4, 0x6A, 0x6E, 0x3D, 0x5D, 0xE9, 0xEA, 0x61, 0x28, 0x42, 0xF9, 0x7C, 0x7A, 0x7C,
    0x9B, 0x66, 0x85, 0x90, 0x84, 0xEE, 0x4A, 0x09, 0xC9, 0x04, 0x31, 0xB6, 0x93, 0xDB, 0x90, 0xDB,
    0xCE, 0x27, 0xBF, 0x37, 0xE1, 0xA3, 0xFB, 0x19, 0x4A, 0x9C, 0xE3, 0x20, 0xAB, 0x24, 0xD9, 0x04,
    0xF7, 0xFB, 0x6F, 0x6A, 0x23, 0x5D, 0x48, 0x0F, 0xCB, 0xA9, 0xB9, 0xAF, 0x74, 0x3A, 0x8E, 0x71,
    0xCF, 0x33, 0xDD, 0x5D, 0xC5, 0x4F, 0x8C, 0xBA, 0xDA, 0xB7, 0x61, 0x36, 0xC7, 0x3D, 0xAC, 0xB5,
    0x5C, 0x9D, 0x56, 0xDA, 0xC0, 0x6E, 0xFF, 0xFD, 0xED, 0x16, 0xE8, 0x0C, 0x5E, 0x22, 0xB3, 0x0E,
    0x76, 0xA8, 0x43, 0xD0, 0xC7, 0x91, 0xE5, 0xCB, 0x43, 0xAF, 0xE9, 0x8B, 0xB3, 0xCB, 0xF0, 0x37,
    0x2E, 0xC4, 0xBF, 0x1E, 0xF8, 0x0B, 0xB0, 0xA0, 0xA9, 0x1F, 0x16, 0x0A, 0xF0, 0x0B, 0xB7, 0x5F,
    0x5F, 0x68, 0x06, 0x2E, 0xB6, 0xFE, 0xC9, 0xE5, 0x2D, 0xEB, 0x7E, 0xC0, 0x3F, 0x94, 0x57, 0x85,
    0x59, 0x95, 0x88, 0xB3, 0x7E, 0x9F, 0xCC, 0xA9, 0xF7, 0xF1, 0x2D, 0x41, 0xF6, 0x74, 0xD5, 0x9D,
    0xA7, 0x73, 0x39, 0x6E, 0xE8, 0xC5, 0x98, 0xCA, 0x03, 0x27, 0xFE, 0xFD, 0x90, 0x79, 0x23, 0xBF,
    0x02, 0xA5, 0x90, 0xC1, 0x0D, 0xC2, 0x30, 0x0C, 0x45, 0xED, 0x72, 0x40, 0xA2, 0x87, 0x8E, 0x90,
    0x11, 0x32, 0x42, 0xCA, 0x64, 0x4D, 0x37, 0x60, 0xA0, 0x1E, 0x22, 0x75, 0x01, 0x8F, 0x90, 0x11,
    0x38, 0xF4, 0xD8, 0xC6, 0xD8, 0x4E, 0x85, 0x00, 0x71, 0x40, 0xF4, 0xE0, 0xF7, 0x25, 0x27, 0xB1,
    0x7F, 0x3E, 0xF2, 0xAD, 0x2D, 0xD0, 0x31, 0x0D, 0x0C, 0x9E, 0x13, 0x17, 0x08, 0x74, 0x2D, 0x00,
    0x21, 0x36, 0xAB, 0xB0, 0x3F, 0x09, 0x07, 0x9E, 0xA5, 0xFF, 0xC6, 0xDA, 0xFF, 0x8B, 0xC8, 0xE3,
    0xD2, 0xF1, 0xBC, 0x7A, 0xA9, 0x40, 0xB8, 0x84, 0xA8, 0x7B, 0x6C, 0xCB, 0xFA, 0x2C, 0xB9, 0xF9,
    0x4B, 0xC9, 0xAC, 0x09, 0x74, 0x18, 0xE8, 0x34, 0xB1, 0x2E, 0x0B, 0x42, 0x54, 0xE8, 0x2A, 0x9D,
    0xF4, 0x0A, 0xEB, 0x7D, 0x45, 0x63, 0xD0, 0x7F, 0x21, 0xA7, 0xA1, 0x07, 0x83, 0x8F, 0x28, 0xE1,
    0x6C, 0x6D, 0xD2, 0x74, 0x8A, 0xCF, 0x1A, 0xCF, 0xE6, 0xB3, 0xE5, 0xD3, 0xA6, 0x1A, 0xD0, 0x9E,
    0x50, 0x8D, 0xC5, 0xD1, 0x87, 0xE8, 0xD9, 0x61, 0x31, 0x13, 0x17, 0x32, 0x13, 0x8E, 0xCC, 0x84,
    0x23, 0x33, 0x21, 0xA2, 0x26, 0x44, 0xF6, 0x07, 0x87, 0x4C, 0x64, 0x93, 0xEE, 0x5E, 0x65, 0x33,
    0x39, 0x5B, 0xCA, 0x80, 0xD3, 0x03,
};

static const EpdGlyph ubuntu_12_boldGlyphs[] = {
    { 0, 0, 0, 0, 0, 0, 0 }, // U+0000
    { 0, 0, 0, 0, 0, 0, 0 }, // U+0008
    { 0, 0, 96, 0, 0, 0, 0 }, // U+0009
    { 0, 0, 96, 0, 0, 0, 0 }, // U+000D
    { 0, 0, 0, 0, 0, 0, 0 }, // U+001D
    { 0, 0, 96, 0, 0, 0, 0 }, // U+0020
    { 5, 17, 114, 1, 17, 22, 0 }, // !
    { 10, 7, 186, 1, 19, 18, 22 }, // "
    { 16, 17, 280, 1, 17, 68, 40 }, // #
    { 14, 23, 227, 0, 20, 81, 108 }, // $
    { 23, 17, 367, 0, 17, 98, 189 }, // %
    { 18, 17, 282, 0, 17, 77, 287 }, // &
    { 4, 7, 99, 1, 19, 7, 364 }, // '
    { 8, 25, 142, 1, 20, 50, 371 }, // (
    { 8, 25, 142, 0, 20, 50, 421 }, // )
    { 11, 10, 201, 1, 17, 28, 471 }, // *
    { 12, 11, 227, 1, 13, 33, 499 }, // +
    { 6, 8, 98, 0, 4, 12, 532 }, // ,
    { 8, 3, 136, 0, 9, 6, 544 }, // -
    { 6, 5, 98, 0, 5, 8, 550 }, // .
    { 13, 25, 175, -1, 20, 82, 558 }, // /
    { 14, 17, 227, 0, 17, 60, 640 }, // 0
    { 10, 17, 227, 1, 17, 43, 700 }, // 1
    { 13, 17, 227, 0, 17, 56, 743 }, // 2
    { 13, 17, 227, 0, 17, 56, 799 }, // 3
    { 14, 17, 227, 0, 17, 60, 855 }, // 4
    { 13, 17, 227, 0, 17, 56, 915 }, // 5
    { 14, 17, 227, 0, 17, 60, 971 }, // 6
    { 13, 17, 227, 1, 17, 56, 1031 }, // 7
    { 14, 17, 227, 0, 17, 60, 1087 }, // 8
    { 14, 17, 227, 0, 17, 60, 1147 }, // 9
    { 6, 14, 98, 0, 14, 21, 1207 }, // :
    { 6, 18, 98, 0, 14, 27, 1228 }, // ;
    { 12, 13, 227, 1, 14, 39, 1255 }, // <
    { 12, 8, 227, 1, 12, 24, 1294 }, // =
    { 12, 13, 227, 1, 14, 39, 1318 }, // >
    { 11, 19, 182, 0, 19, 53, 1357 }, // ?
    { 23, 22, 390, 1, 18, 127, 1410 }, // @
    { 18, 17, 288, 0, 17, 77, 1537 }, // A
    { 14, 17, 269, 2, 17, 60, 1614 }, // B
    { 15, 17, 259, 1, 17, 64, 1674 }, // C
    { 16, 17, 295, 2, 17, 68, 1738 }, // D
    { 13, 17, 242, 2, 17, 56, 1806 }, // E
    { 12, 17, 230, 2, 17, 51, 1862 }, // F
    { 15, 17, 281, 1, 17, 64, 1913 }, // G
    { 15, 17, 294, 2, 17, 64, 1977 }, // H
    { 4, 17, 126, 2, 17, 17, 2041 }, // I
    { 12, 17, 212, 0, 17, 51, 2058 }, // J
    { 15, 17, 274, 2, 17, 64, 2109 }, // K
    { 12, 17, 225, 2, 17, 51, 2173 }, // L
    { 20, 17, 359, 1, 17, 85, 2224 }, // M
    { 15, 17, 302, 2, 17, 64, 2309 }, // N
    { 18, 17, 316, 1, 17, 77, 2373 }, // O
    { 14, 17, 258, 2, 17, 60, 2450 }, // P
    { 18, 22, 316, 1, 17, 99, 2510 }, // Q
    { 15, 17, 267, 2, 17, 64, 2609 }, // R
    { 14, 17, 233, 0, 17, 60, 2673 }, // S
    { 15, 17, 246, 0, 17, 64, 2733 }, // T
    { 15, 17, 283, 1, 17, 64, 2797 }, // U
    { 18, 17, 289, 0, 17, 77, 2861 }, // V
    { 24, 17, 379, 0, 17, 102, 2938 }, // W
    { 17, 17, 270, 0, 17, 73, 3040 }, // X
    { 17, 17, 264, 0, 17, 73, 3113 }, // Y
    { 15, 17, 244, 0, 17, 64, 3186 }, // Z
    { 8, 25, 148, 2, 20, 50, 3250 }, // [
    { 13, 25, 175, -1, 20, 82, 3300 }, // <backslash>
    { 8, 25, 148, 0, 20, 50, 3382 }, // ]
    { 14, 10, 227, 0, 17, 35, 3432 }, // ^
    { 13, 3, 200, 0, -2, 10, 3467 }, // _
    { 7, 6, 114, 0, 20, 11, 3477 }, // `
    { 13, 13, 221, 0, 13, 43, 3488 }, // a
    { 13, 19, 242, 1, 19, 62, 3531 }, // b
    { 11, 13, 200, 1, 13, 36, 3593 }, // c
    { 13, 19, 242, 1, 19, 62, 3629 }, // d
    { 13, 13, 234, 1, 13, 43, 3691 }, // e
    { 10, 19, 169, 1, 19, 48, 3734 }, // f
    { 13, 18, 238, 1, 13, 59, 3782 }, // g
    { 13, 19, 236, 1, 19, 62, 3841 }, // h
    { 5, 19, 116, 1, 19, 24, 3903 }, // i
    { 8, 24, 116, -2, 19, 48, 3927 }, // j
    { 14, 19, 232, 1, 19, 67, 3975 }, // k
    { 7, 19, 126, 1, 19, 34, 4042 }, // l
    { 19, 13, 345, 1, 13, 62, 4076 }, // m
    { 13, 13, 236, 1, 13, 43, 4138 }, // n
    { 14, 13, 243, 1, 13, 46, 4181 }, // o
    { 13, 18, 242, 1, 13, 59, 4227 }, // p
    { 13, 18, 242, 1, 13, 59, 4286 }, // q
    { 10, 13, 169, 1, 13, 33, 4345 }, // r
    { 12, 13, 194, 0, 13, 39, 4378 }, // s
    { 10, 17, 178, 1, 17, 43, 4417 }, // t
    { 12, 13, 236, 1, 13, 39, 4460 }, // u
    { 14, 13, 220, 0, 13, 46, 4499 }, // v
    { 20, 13, 314, 0, 13, 65, 4545 }, // w
    { 14, 13, 222, 0, 13, 46, 4610 }, // x
    { 14, 18, 219, 0, 13, 63, 4656 }, // y
    { 12, 13, 200, 0, 13, 39, 4719 }, // z
    { 10, 25, 148, 0, 20, 63, 4758 }, // {
    { 4, 25, 129, 2, 20, 25, 4821 }, // |
    { 9, 25, 148, 0, 20, 57, 4846 }, // }
    { 14, 5, 227, 0, 10, 18, 4903 }, // ~
    { 0, 0, 96, 0, 0, 0, 0 }, // U+00A0
    { 5, 18, 114, 1, 13, 23, 0 }, // U+00A1
    { 11, 18, 227, 1, 16, 50, 23 }, // U+00A2
    { 13, 17, 227, 0, 17, 56, 73 }, // U+00A3
    { 14, 13, 227, 0, 16, 46, 129 }, // U+00A4
    { 16, 17, 227, -1, 17, 68, 175 }, // U+00A5
    { 4, 25, 121, 2, 20, 25, 243 }, // U+00A6
    { 13, 22, 206, 0, 17, 72, 268 }, // U+00A7
    { 11, 4, 214, 1, 19, 11, 340 }, // U+00A8
    { 18, 18, 318, 1, 18, 81, 351 }, // U+00A9
    { 10, 10, 160, 0, 18, 25, 432 }, // U+00AA
    { 15, 13, 239, 0, 14, 49, 457 }, // U+00AB
    { 12, 9, 227, 1, 10, 27, 506 }, // U+00AC
    { 8, 3, 136, 0, 9, 6, 533 }, // U+00AD
    { 18, 18, 318, 1, 18, 81, 539 }, // U+00AE
    { 9, 3, 150, 0, 19, 7, 620 }, // U+00AF
    { 9, 7, 145, 0, 19, 16, 627 }, // U+00B0
    { 12, 15, 227, 1, 15, 45, 643 }, // U+00B1
    { 9, 10, 145, 0, 18, 23, 688 }, // U+00B2
    { 8, 10, 145, 0, 18, 20, 711 }, // U+00B3
    { 7, 6, 114, 0, 20, 11, 731 }, // U+00B4
    { 13, 18, 238, 1, 13, 59, 742 }, // U+00B5
    { 15, 23, 284, 1, 18, 87, 801 }, // U+00B6
    { 6, 5, 98, 0, 10, 8, 888 }, // U+00B7
    { 6, 7, 130, 1, 1, 11, 896 }, // U+00B8
    { 7, 10, 145, 0, 18, 18, 907 }, // U+00B9
    { 11, 10, 183, 0, 18, 28, 925 }, // U+00BA
    { 15, 13, 239, 0, 14, 49, 953 }, // U+00BB
    { 22, 18, 351, 0, 18, 99, 1002 }, // U+00BC
    { 21, 18, 351, 0, 18, 95, 1101 }, // U+00BD
    { 22, 18, 351, 0, 18, 99, 1196 }, // U+00BE
    { 11, 18, 182, 0, 13, 50, 1295 }, // U+00BF
    { 18, 24, 288, 0, 24, 108, 1345 }, // U+00C0
    { 18, 24, 288, 0, 24, 108, 1453 }, // U+00C1
    { 18, 23, 288, 0, 23, 104, 1561 }, // U+00C2
    { 18, 23, 288, 0, 23, 104, 1665 }, // U+00C3
    { 18, 23, 288, 0, 23, 104, 1769 }, // U+00C4
    { 18, 22, 288, 0, 22, 99, 1873 }, // U+00C5
    { 24, 17, 398, 0, 17, 102, 1972 }, // U+00C6
    { 15, 22, 259, 1, 17, 83, 2074 }, // U+00C7
    { 13, 24, 242, 2, 24, 78, 2157 }, // U+00C8
    { 13, 24, 242, 2, 24, 78, 2235 }, // U+00C9
    { 13, 23, 242, 2, 23, 75, 2313 }, // U+00CA
    { 13, 23, 242, 2, 23, 75, 2388 }, // U+00CB
    { 7, 24, 126, 0, 24, 42, 2463 }, // U+00CC
    { 7, 24, 126, 1, 24, 42, 2505 }, // U+00CD
    { 8, 23, 126, 0, 23, 46, 2547 }, // U+00CE
    { 10, 23, 126, -1, 23, 58, 2593 }, // U+00CF
    { 18, 17, 299, 0, 17, 77, 2651 }, // U+00D0
    { 15, 23, 302, 2, 23, 87, 2728 }, // U+00D1
    { 18, 24, 316, 1, 24, 108, 2815 }, // U+00D2
    { 18, 24, 316, 1, 24, 108, 2923 }, // U+00D3
    { 18, 23, 316, 1, 23, 104, 3031 }, // U+00D4
    { 18, 23, 316, 1, 23, 104, 3135 }, // U+00D5
    { 18, 23, 316, 1, 23, 104, 3239 }, // U+00D6
    { 12, 11, 227, 1, 13, 33, 3343 }, // U+00D7
    { 18, 19, 316, 1, 18, 86, 3376 }, // U+00D8
    { 15, 24, 283, 1, 24, 90, 3462 }, // U+00D9
    { 15, 24, 283, 1, 24, 90, 3552 }, // U+00DA
    { 15, 23, 283, 1, 23, 87, 3642 }, // U+00DB
    { 15, 23, 283, 1, 23, 87, 3729 }, // U+00DC
    { 17, 24, 264, 0, 24, 102, 3816 }, // U+00DD
    { 14, 17, 258, 2, 17, 60, 3918 }, // U+00DE
    { 15, 19, 264, 1, 19, 72, 3978 }, // U+00DF
    { 13, 20, 221, 0, 20, 65, 4050 }, // U+00E0
    { 13, 20, 221, 0, 20, 65, 4115 }, // U+00E1
    { 13, 19, 221, 0, 19, 62, 4180 }, // U+00E2
    { 13, 19, 221, 0, 19, 62, 4242 }, // U+00E3
    { 13, 19, 221, 0, 19, 62, 4304 }, // U+00E4
    { 13, 20, 221, 0, 20, 65, 4366 }, // U+00E5
    { 21, 13, 350, 0, 13, 69, 4431 }, // U+00E6
    { 11, 18, 200, 1, 13, 50, 4500 }, // U+00E7
    { 13, 20, 234, 1, 20, 65, 4550 }, // U+00E8
    { 13, 20, 234, 1, 20, 65, 4615 }, // U+00E9
    { 13, 19, 234, 1, 19, 62, 4680 }, // U+00EA
    { 13, 19, 234, 1, 19, 62, 4742 }, // U+00EB
    { 7, 20, 116, 0, 20, 35, 4804 }, // U+00EC
    { 6, 20, 116, 1, 20, 30, 4839 }, // U+00ED
    { 9, 19, 116, -1, 19, 43, 4869 }, // U+00EE
    { 11, 19, 116, -2, 19, 53, 4912 }, // U+00EF
    { 14, 19, 240, 1, 19, 67, 4965 }, // U+00F0
    { 13, 19, 236, 1, 19, 62, 5032 }, // U+00F1
    { 14, 20, 243, 1, 20, 70, 5094 }, // U+00F2
    { 14, 20, 243, 1, 20, 70, 5164 }, // U+00F3
    { 14, 19, 243, 1, 19, 67, 5234 }, // U+00F4
    { 14, 19, 243, 1, 19, 67, 5301 }, // U+00F5
    { 14, 19, 243, 1, 19, 67, 5368 }, // U+00F6
    { 12, 13, 227, 1, 13, 39, 5435 }, // U+00F7
    { 14, 15, 243, 1, 14, 53, 5474 }, // U+00F8
    { 12, 20, 236, 1, 20, 60, 5527 }, // U+00F9
    { 12, 20, 236, 1, 20, 60, 5587 }, // U+00FA
    { 12, 19, 236, 1, 19, 57, 5647 }, // U+00FB
    { 12, 19, 236, 1, 19, 57, 5704 }, // U+00FC
    { 14, 25, 219, 0, 20, 88, 5761 }, // U+00FD
    { 13, 24, 242, 1, 19, 78, 5849 }, // U+00FE
    { 14, 24, 219, 0, 19, 84, 5927 }, // U+00FF
    { 18, 23, 288, 0, 23, 104, 0 }, // U+0100
    { 13, 19, 221, 0, 19, 62, 104 }, // U+0101
    { 18, 23, 288, 0, 23, 104, 166 }, // U+0102
    { 13, 19, 221, 0, 19, 62, 270 }, // U+0103
    { 19, 23, 288, 0, 17, 110, 332 }, // U+0104
    { 13, 19, 221, 0, 13, 62, 442 }, // U+0105
    { 15, 24, 259, 1, 24, 90, 504 }, // U+0106
    { 11, 20, 200, 1, 20, 55, 594 }, // U+0107
    { 15, 23, 259, 1, 23, 87, 649 }, // U+0108
    { 11, 19, 200, 1, 19, 53, 736 }, // U+0109
    { 15, 23, 259, 1, 23, 87, 789 }, // U+010A
    { 11, 19, 200, 1, 19, 53, 876 }, // U+010B
    { 15, 24, 259, 1, 24, 90, 929 }, // U+010C
    { 11, 20, 200, 1, 20, 55, 1019 }, // U+010D
    { 16, 24, 295, 2, 24, 96, 1074 }, // U+010E
    { 18, 19, 274, 1, 19, 86, 1170 }, // U+010F
    { 18, 17, 299, 0, 17, 77, 1256 }, // U+0110
    { 14, 19, 242, 1, 19, 67, 1333 }, // U+0111
    { 13, 23, 242, 2, 23, 75, 1400 }, // U+0112
    { 13, 19, 234, 1, 19, 62, 1475 }, // U+0113
    { 13, 23, 242, 2, 23, 75, 1537 }, // U+0114
    { 13, 19, 234, 1, 19, 62, 1612 }, // U+0115
    { 13, 23, 242, 2, 23, 75, 1674 }, // U+0116
    { 13, 19, 234, 1, 19, 62, 1749 }, // U+0117
    { 13, 23, 242, 2, 17, 75, 1811 }, // U+0118
    { 13, 18, 234, 1, 13, 59, 1886 }, // U+0119
    { 13, 24, 242, 2, 24, 78, 1945 }, // U+011A
    { 13, 20, 234, 1, 20, 65, 2023 }, // U+011B
    { 15, 23, 281, 1, 23, 87, 2088 }, // U+011C
    { 13, 24, 238, 1, 19, 78, 2175 }, // U+011D
    { 15, 23, 281, 1, 23, 87, 2253 }, // U+011E
    { 13, 24, 238, 1, 19, 78, 2340 }, // U+011F
    { 15, 23, 281, 1, 23, 87, 2418 }, // U+0120
    { 13, 24, 238, 1, 19, 78, 2505 }, // U+0121
    { 15, 22, 281, 1, 17, 83, 2583 }, // U+0122
    { 13, 25, 238, 1, 20, 82, 2666 }, // U+0123
    { 15, 23, 294, 2, 23, 87, 2748 }, // U+0124
    { 13, 25, 236, 1, 25, 82, 2835 }, // U+0125
    { 19, 17, 302, 0, 17, 81, 2917 }, // U+0126
    { 14, 19, 240, 0, 19, 67, 2998 }, // U+0127
    { 10, 23, 126, -1, 23, 58, 3065 }, // U+0128
    { 10, 19, 116, -1, 19, 48, 3123 }, // U+0129
    { 10, 23, 126, -1, 23, 58, 3171 }, // U+012A
    { 9, 19, 116, -1, 19, 43, 3229 }, // U+012B
    { 9, 23, 126, 0, 23, 52, 3272 }, // U+012C
    { 9, 19, 116, -1, 19, 43, 3324 }, // U+012D
    { 7, 23, 126, 0, 17, 41, 3367 }, // U+012E
    { 6, 25, 116, 0, 19, 38, 3408 }, // U+012F
    { 5, 23, 126, 1, 23, 29, 3446 }, // U+0130
    { 5, 13, 116, 1, 13, 17, 3475 }, // U+0131
    { 18, 17, 336, 2, 17, 77, 3492 }, // U+0132
    { 12, 24, 230, 1, 19, 72, 3569 }, // U+0133
    { 14, 23, 212, 0, 23, 81, 3641 }, // U+0134
    { 10, 24, 116, -2, 19, 60, 3722 }, // U+0135
    { 15, 22, 274, 2, 17, 83, 3782 }, // U+0136
    { 14, 24, 232, 1, 19, 84, 3865 }, // U+0137
    { 14, 13, 233, 1, 13, 46, 3949 }, // U+0138
    { 13, 24, 225, 1, 24, 78, 3995 }, // U+0139
    { 7, 24, 126, 1, 24, 42, 4073 }, // U+013A
    { 12, 22, 225, 2, 17, 66, 4115 }, // U+013B
    { 7, 24, 126, 1, 19, 42, 4181 }, // U+013C
    { 12, 17, 225, 2, 17, 51, 4223 }, // U+013D
    { 10, 19, 148, 1, 19, 48, 4274 }, // U+013E
    { 12, 17, 225, 2, 17, 51, 4322 }, // U+013F
    { 12, 19, 207, 1, 19, 57, 4373 }, // U+0140
    { 15, 17, 238, 0, 17, 64, 4430 }, // U+0141
    { 11, 19, 146, -1, 19, 53, 4494 }, // U+0142
    { 15, 24, 302, 2, 24, 90, 4547 }, // U+0143
    { 13, 20, 236, 1, 20, 65, 4637 }, // U+0144
    { 15, 22, 302, 2, 17, 83, 4702 }, // U+0145
    { 13, 18, 236, 1, 13, 59, 4785 }, // U+0146
    { 15, 24, 302, 2, 24, 90, 4844 }, // U+0147
    { 13, 20, 236, 1, 20, 65, 4934 }, // U+0148
    { 15, 19, 248, -1, 19, 72, 4999 }, // U+0149
    { 15, 22, 302, 2, 17, 83, 5071 }, // U+014A
    { 13, 18, 236, 1, 13, 59, 5154 }, // U+014B
    { 18, 23, 316, 1, 23, 104, 5213 }, // U+014C
    { 14, 19, 243, 1, 19, 67, 5317 }, // U+014D
    { 18, 23, 316, 1, 23, 104, 5384 }, // U+014E
    { 14, 19, 243, 1, 19, 67, 5488 }, // U+014F
    { 18, 24, 316, 1, 24, 108, 5555 }, // U+0150
    { 14, 20, 243, 1, 20, 70, 5663 }, // U+0151
    { 24, 17, 399, 1, 17, 102, 5733 }, // U+0152
    { 22, 13, 375, 1, 13, 72, 5835 }, // U+0153
    { 15, 24, 267, 2, 24, 90, 5907 }, // U+0154
    { 10, 20, 169, 1, 20, 50, 5997 }, // U+0155
    { 15, 22, 267, 2, 17, 83, 6047 }, // U+0156
    { 11, 18, 169, 0, 13, 50, 6130 }, // U+0157
    { 15, 24, 267, 2, 24, 90, 6180 }, // U+0158
    { 10, 20, 169, 1, 20, 50, 6270 }, // U+0159
    { 14, 24, 233, 0, 24, 84, 6320 }, // U+015A
    { 12, 20, 194, 0, 20, 60, 6404 }, // U+015B
    { 14, 23, 233, 0, 23, 81, 6464 }, // U+015C
    { 12, 19, 194, 0, 19, 57, 6545 }, // U+015D
    { 14, 22, 233, 0, 17, 77, 6602 }, // U+015E
    { 12, 18, 194, 0, 13, 54, 6679 }, // U+015F
    { 14, 24, 233, 0, 24, 84, 6733 }, // U+0160
    { 12, 20, 194, 0, 20, 60, 6817 }, // U+0161
    { 15, 23, 246, 0, 17, 87, 6877 }, // U+0162
    { 10, 22, 178, 1, 17, 55, 6964 }, // U+0163
    { 15, 24, 246, 0, 24, 90, 7019 }, // U+0164
    { 10, 19, 178, 1, 19, 48, 7109 }, // U+0165
    { 15, 17, 246, 0, 17, 64, 7157 }, // U+0166
    { 10, 17, 178, 1, 17, 43, 7221 }, // U+0167
    { 15, 23, 283, 1, 23, 87, 7264 }, // U+0168
    { 12, 19, 236, 1, 19, 57, 7351 }, // U+0169
    { 15, 23, 283, 1, 23, 87, 7408 }, // U+016A
    { 12, 19, 236, 1, 19, 57, 7495 }, // U+016B
    { 15, 23, 283, 1, 23, 87, 7552 }, // U+016C
    { 12, 19, 236, 1, 19, 57, 7639 }, // U+016D
    { 15, 23, 283, 1, 23, 87, 7696 }, // U+016E
    { 12, 20, 236, 1, 20, 60, 7783 }, // U+016F
    { 15, 24, 283, 1, 24, 90, 7843 }, // U+0170
    { 13, 20, 236, 1, 20, 65, 7933 }, // U+0171
    { 15, 22, 283, 1, 17, 83, 7998 }, // U+0172
    { 13, 18, 236, 1, 13, 59, 8081 }, // U+0173
    { 24, 23, 379, 0, 23, 138, 8140 }, // U+0174
    { 20, 19, 314, 0, 19, 95, 8278 }, // U+0175
    { 17, 23, 264, 0, 23, 98, 8373 }, // U+0176
    { 14, 24, 219, 0, 19, 84, 8471 }, // U+0177
    { 17, 23, 264, 0, 23, 98, 8555 }, // U+0178
    { 15, 24, 244, 0, 24, 90, 8653 }, // U+0179
    { 12, 20, 200, 0, 20, 60, 8743 }, // U+017A
    { 15, 23, 244, 0, 23, 87, 8803 }, // U+017B
    { 12, 19, 200, 0, 19, 57, 8890 }, // U+017C
    { 15, 24, 244, 0, 24, 90, 8947 }, // U+017D
    { 12, 20, 200, 0, 20, 60, 9037 }, // U+017E
    { 10, 19, 132, 1, 19, 48, 9097 }, // U+017F
    { 18, 19, 316, 1, 19, 86, 0 }, // U+01A0
    { 15, 15, 243, 1, 15, 57, 86 }, // U+01A1
    { 18, 20, 299, 1, 20, 90, 143 }, // U+01AF
    { 15, 16, 250, 1, 16, 60, 233 }, // U+01B0
    { 30, 24, 520, 2, 24, 180, 293 }, // U+01C4
    { 28, 20, 486, 2, 20, 140, 473 }, // U+01C5
    { 26, 20, 438, 1, 20, 130, 613 }, // U+01C6
    { 24, 17, 436, 2, 17, 102, 743 }, // U+01C7
    { 18, 24, 339, 2, 19, 108, 845 }, // U+01C8
    { 13, 24, 241, 1, 19, 78, 953 }, // U+01C9
    { 29, 17, 512, 2, 17, 124, 1031 }, // U+01CA
    { 23, 24, 417, 2, 19, 138, 1155 }, // U+01CB
    { 20, 24, 351, 1, 19, 120, 1293 }, // U+01CC
    { 18, 24, 288, 0, 24, 108, 1413 }, // U+01CD
    { 13, 20, 221, 0, 20, 65, 1521 }, // U+01CE
    { 8, 24, 126, 0, 24, 48, 1586 }, // U+01CF
    { 9, 20, 116, -1, 20, 45, 1634 }, // U+01D0
    { 18, 24, 316, 1, 24, 108, 1679 }, // U+01D1
    { 14, 20, 243, 1, 20, 70, 1787 }, // U+01D2
    { 15, 24, 283, 1, 24, 90, 1857 }, // U+01D3
    { 12, 20, 236, 1, 20, 60, 1947 }, // U+01D4
    { 15, 25, 283, 1, 25, 94, 2007 }, // U+01D5
    { 12, 21, 236, 1, 21, 63, 2101 }, // U+01D6
    { 15, 24, 283, 1, 24, 90, 2164 }, // U+01D7
    { 12, 22, 236, 1, 22, 66, 2254 }, // U+01D8
    { 15, 24, 283, 1, 24, 90, 2320 }, // U+01D9
    { 12, 22, 236, 1, 22, 66, 2410 }, // U+01DA
    { 15, 24, 283, 1, 24, 90, 2476 }, // U+01DB
    { 12, 22, 236, 1, 22, 66, 2566 }, // U+01DC
    { 13, 13, 234, 1, 13, 43, 2632 }, // U+01DD
    { 18, 25, 288, 0, 25, 113, 2675 }, // U+01DE
    { 13, 21, 221, 0, 21, 69, 2788 }, // U+01DF
    { 18, 25, 288, 0, 25, 113, 2857 }, // U+01E0
    { 13, 21, 221, 0, 21, 69, 2970 }, // U+01E1
    { 24, 23, 398, 0, 23, 138, 3039 }, // U+01E2
    { 21, 19, 350, 0, 19, 100, 3177 }, // U+01E3
    { 17, 17, 291, 1, 17, 73, 3277 }, // U+01E4
    { 14, 18, 241, 1, 13, 63, 3350 }, // U+01E5
    { 15, 24, 281, 1, 24, 90, 3413 }, // U+01E6
    { 13, 25, 238, 1, 20, 82, 3503 }, // U+01E7
    { 15, 24, 274, 2, 24, 90, 3585 }, // U+01E8
    { 14, 25, 232, 1, 25, 88, 3675 }, // U+01E9
    { 18, 22, 316, 1, 17, 99, 3763 }, // U+01EA
    { 14, 18, 243, 1, 13, 63, 3862 }, // U+01EB
    { 18, 28, 316, 1, 23, 126, 3925 }, // U+01EC
    { 14, 24, 243, 1, 19, 84, 4051 }, // U+01ED
    { 14, 24, 246, 0, 24, 84, 4135 }, // U+01EE
    { 12, 26, 206, 0, 21, 78, 4219 }, // U+01EF
    { 10, 25, 116, -2, 20, 63, 4297 }, // U+01F0
    { 30, 17, 520, 2, 17, 128, 4360 }, // U+01F1
    { 28, 17, 486, 2, 17, 119, 4488 }, // U+01F2
    { 26, 19, 438, 1, 19, 124, 4607 }, // U+01F3
    { 15, 24, 281, 1, 24, 90, 4731 }, // U+01F4
    { 13, 25, 238, 1, 20, 82, 4821 }, // U+01F5
    { 24, 17, 424, 2, 17, 102, 4903 }, // U+01F6
    { 14, 22, 268, 2, 17, 77, 5005 }, // U+01F7
    { 15, 24, 302, 2, 24, 90, 5082 }, // U+01F8
    { 13, 20, 236, 1, 20, 65, 5172 }, // U+01F9
    { 18, 26, 288, 0, 26, 117, 5237 }, // U+01FA
    { 13, 24, 221, 0, 24, 78, 5354 }, // U+01FB
    { 24, 24, 398, 0, 24, 144, 5432 }, // U+01FC
    { 21, 20, 350, 0, 20, 105, 5576 }, // U+01FD
    { 18, 25, 316, 1, 24, 113, 5681 }, // U+01FE
    { 14, 21, 243, 1, 20, 74, 5794 }, // U+01FF
    { 18, 24, 288, 0, 24, 108, 5868 }, // U+0200
    { 13, 20, 221, 0, 20, 65, 5976 }, // U+0201
    { 18, 23, 288, 0, 23, 104, 6041 }, // U+0202
    { 13, 19, 221, 0, 19, 62, 6145 }, // U+0203
    { 13, 24, 242, 2, 24, 78, 6207 }, // U+0204
    { 13, 20, 234, 1, 20, 65, 6285 }, // U+0205
    { 13, 23, 242, 2, 23, 75, 6350 }, // U+0206
    { 13, 19, 234, 1, 19, 62, 6425 }, // U+0207
    { 11, 24, 126, -2, 24, 66, 6487 }, // U+0208
    { 12, 20, 116, -3, 20, 60, 6553 }, // U+0209
    { 10, 23, 126, -1, 23, 58, 6613 }, // U+020A
    { 9, 19, 116, -1, 19, 43, 6671 }, // U+020B
    { 18, 24, 316, 1, 24, 108, 6714 }, // U+020C
    { 14, 20, 243, 1, 20, 70, 6822 }, // U+020D
    { 18, 23, 316, 1, 23, 104, 6892 }, // U+020E
    { 14, 19, 243, 1, 19, 67, 6996 }, // U+020F
    { 15, 24, 267, 2, 24, 90, 7063 }, // U+0210
    { 11, 20, 169, 0, 20, 55, 7153 }, // U+0211
    { 15, 23, 267, 2, 23, 87, 7208 }, // U+0212
    { 10, 19, 169, 1, 19, 48, 7295 }, // U+0213
    { 15, 24, 283, 1, 24, 90, 7343 }, // U+0214
    { 12, 20, 236, 1, 20, 60, 7433 }, // U+0215
    { 15, 23, 283, 1, 23, 87, 7493 }, // U+0216
    { 12, 19, 236, 1, 19, 57, 7580 }, // U+0217
    { 14, 22, 233, 0, 17, 77, 7637 }, // U+0218
    { 12, 18, 194, 0, 13, 54, 7714 }, // U+0219
    { 15, 22, 246, 0, 17, 83, 7768 }, // U+021A
    { 10, 22, 178, 1, 17, 55, 7851 }, // U+021B
    { 13, 22, 227, 0, 17, 72, 7906 }, // U+021C
    { 11, 18, 191, 0, 13, 50, 7978 }, // U+021D
    { 15, 24, 294, 2, 24, 90, 8028 }, // U+021E
    { 13, 25, 236, 1, 25, 82, 8118 }, // U+021F
    { 8, 5, 0, -14, 20, 10, 0 }, // U+0300
    { 8, 5, 0, -9, 20, 10, 10 }, // U+0301
    { 12, 5, 0, -6, 20, 15, 20 }, // U+0302
    { 10, 4, 0, -13, 19, 10, 35 }, // U+0303
    { 10, 3, 0, -5, 18, 8, 45 }, // U+0304
    { 10, 5, 0, -5, 20, 13, 53 }, // U+0306
    { 6, 4, 0, -3, 19, 6, 66 }, // U+0307
    { 10, 4, 0, -5, 19, 10, 72 }, // U+0308
    { 7, 6, 0, -3, 21, 11, 82 }, // U+030A
    { 12, 5, 0, -4, 20, 15, 93 }, // U+030B
    { 12, 5, 0, -6, 20, 15, 108 }, // U+030C
    { 9, 4, 156, 0, 19, 9, 123 }, // U+0311
    { 6, 7, 0, -3, 18, 11, 132 }, // U+0312
    { 6, 5, 0, -3, -1, 8, 143 }, // U+0326
    { 6, 6, 0, -3, 0, 9, 151 }, // U+0327
    { 6, 7, 0, -3, 1, 11, 160 }, // U+0328
    { 9, 4, 0, -12, -1, 9, 171 }, // U+0331
    { 13, 24, 242, 2, 24, 78, 0 }, // U+0400
    { 13, 23, 242, 2, 23, 75, 78 }, // U+0401
    { 20, 17, 326, 0, 17, 85, 153 }, // U+0402
    { 12, 24, 237, 2, 24, 72, 238 }, // U+0403
    { 16, 17, 274, 1, 17, 68, 310 }, // U+0404
    { 14, 17, 233, 0, 17, 60, 378 }, // U+0405
    { 4, 17, 126, 2, 17, 17, 438 }, // U+0406
    { 10, 23, 126, -1, 23, 58, 455 }, // U+0407
    { 12, 17, 212, 0, 17, 51, 513 }, // U+0408
    { 28, 17, 452, 0, 17, 119, 564 }, // U+0409
    { 24, 17, 430, 2, 17, 102, 683 }, // U+040A
    { 19, 17, 308, 0, 17, 81, 785 }, // U+040B
    { 15, 24, 274, 2, 24, 90, 866 }, // U+040C
    { 15, 24, 302, 2, 24, 90, 956 }, // U+040D
    { 17, 24, 261, 0, 24, 102, 1046 }, // U+040E
    { 15, 22, 292, 2, 17, 83, 1148 }, // U+040F
    { 18, 17, 288, 0, 17, 77, 1231 }, // U+0410
    { 14, 17, 260, 2, 17, 60, 1308 }, // U+0411
    { 14, 17, 269, 2, 17, 60, 1368 }, // U+0412
    { 12, 17, 237, 2, 17, 51, 1428 }, // U+0413
    { 21, 22, 329, 0, 17, 116, 1479 }, // U+0414
    { 13, 17, 242, 2, 17, 56, 1595 }, // U+0415
    { 25, 17, 393, 0, 17, 107, 1651 }, // U+0416
    { 15, 17, 244, 0, 17, 64, 1758 }, // U+0417
    { 15, 17, 302, 2, 17, 64, 1822 }, // U+0418
    { 15, 24, 302, 2, 24, 90, 1886 }, // U+0419
    { 15, 17, 274, 2, 17, 64, 1976 }, // U+041A
    { 18, 17, 316, 0, 17, 77, 2040 }, // U+041B
    { 20, 17, 359, 1, 17, 85, 2117 }, // U+041C
    { 15, 17, 294, 2, 17, 64, 2202 }, // U+041D
    { 18, 17, 316, 1, 17, 77, 2266 }, // U+041E
    { 15, 17, 292, 2, 17, 64, 2343 }, // U+041F
    { 14, 17, 258, 2, 17, 60, 2407 }, // U+0420
    { 15, 17, 259, 1, 17, 64, 2467 }, // U+0421
    { 15, 17, 246, 0, 17, 64, 2531 }, // U+0422
    { 17, 17, 261, 0, 17, 73, 2595 }, // U+0423
    { 20, 18, 348, 1, 18, 90, 2668 }, // U+0424
    { 17, 17, 270, 0, 17, 73, 2758 }, // U+0425
    { 18, 22, 316, 2, 17, 99, 2831 }, // U+0426
    { 14, 17, 272, 1, 17, 60, 2930 }, // U+0427
    { 22, 17, 408, 2, 17, 94, 2990 }, // U+0428
    { 25, 22, 432, 2, 17, 138, 3084 }, // U+0429
    { 19, 17, 309, 0, 17, 81, 3222 }, // U+042A
    { 20, 17, 371, 2, 17, 85, 3303 }, // U+042B
    { 14, 17, 264, 2, 17, 60, 3388 }, // U+042C
    { 15, 17, 272, 1, 17, 64, 3448 }, // U+042D
    { 24, 17, 432, 2, 17, 102, 3512 }, // U+042E
    { 15, 17, 276, 1, 17, 64, 3614 }, // U+042F
    { 13, 13, 221, 0, 13, 43, 3678 }, // U+0430
    { 13, 19, 240, 1, 19, 62, 3721 }, // U+0431
    { 13, 13, 239, 1, 13, 43, 3783 }, // U+0432
    { 11, 13, 181, 1, 13, 36, 3826 }, // U+0433
    { 17, 17, 271, 0, 13, 73, 3862 }, // U+0434
    { 13, 13, 234, 1, 13, 43, 3935 }, // U+0435
    { 21, 13, 340, 0, 13, 69, 3978 }, // U+0436
    { 12, 13, 198, 0, 13, 39, 4047 }, // U+0437
    { 13, 13, 248, 1, 13, 43, 4086 }, // U+0438
    { 13, 20, 248, 1, 20, 65, 4129 }, // U+0439
    { 14, 13, 234, 1, 13, 46, 4194 }, // U+043A
    { 14, 13, 251, 0, 13, 46, 4240 }, // U+043B
    { 17, 13, 304, 1, 13, 56, 4286 }, // U+043C
    { 13, 13, 237, 1, 13, 43, 4342 }, // U+043D
    { 14, 13, 243, 1, 13, 46, 4385 }, // U+043E
    { 13, 13, 237, 1, 13, 43, 4431 }, // U+043F
    { 13, 18, 242, 1, 13, 59, 4474 }, // U+0440
    { 11, 13, 200, 1, 13, 36, 4533 }, // U+0441
    { 13, 13, 210, 0, 13, 43, 4569 }, // U+0442
    { 14, 18, 219, 0, 13, 63, 4612 }, // U+0443
    { 18, 24, 318, 1, 19, 108, 4675 }, // U+0444
    { 14, 13, 222, 0, 13, 46, 4783 }, // U+0445
    { 15, 17, 253, 1, 13, 64, 4829 }, // U+0446
    { 12, 13, 227, 1, 13, 39, 4893 }, // U+0447
    { 19, 13, 344, 1, 13, 62, 4932 }, // U+0448
    { 21, 17, 360, 1, 13, 90, 4994 }, // U+0449
    { 16, 13, 256, 0, 13, 52, 5084 }, // U+044A
    { 18, 13, 330, 1, 13, 59, 5136 }, // U+044B
    { 13, 13, 226, 1, 13, 43, 5195 }, // U+044C
    { 13, 13, 208, 0, 13, 43, 5238 }, // U+044D
    { 20, 13, 349, 1, 13, 65, 5281 }, // U+044E
    { 13, 13, 234, 0, 13, 43, 5346 }, // U+044F
    { 13, 20, 234, 1, 20, 65, 5389 }, // U+0450
    { 13, 19, 234, 1, 19, 62, 5454 }, // U+0451
    { 14, 24, 240, 0, 19, 84, 5516 }, // U+0452
    { 11, 20, 181, 1, 20, 55, 5600 }, // U+0453
    { 13, 13, 208, 0, 13, 43, 5655 }, // U+0454
    { 12, 13, 194, 0, 13, 39, 5698 }, // U+0455
    { 5, 19, 116, 1, 19, 24, 5737 }, // U+0456
    { 11, 19, 116, -2, 19, 53, 5761 }, // U+0457
    { 8, 24, 116, -2, 19, 48, 5814 }, // U+0458
    { 22, 13, 361, 0, 13, 72, 5862 }, // U+0459
    { 20, 13, 347, 1, 13, 65, 5934 }, // U+045A
    { 14, 19, 240, 0, 19, 67, 5999 }, // U+045B
    { 14, 20, 234, 1, 20, 70, 6066 }, // U+045C
    { 13, 20, 248, 1, 20, 65, 6136 }, // U+045D
    { 14, 25, 219, 0, 20, 88, 6201 }, // U+045E
    { 13, 17, 237, 1, 13, 56, 6289 }, // U+045F
    { 18, 19, 299, 0, 19, 86, 6345 }, // U+0462
    { 15, 19, 254, 0, 19, 72, 6431 }, // U+0463
    { 18, 17, 316, 1, 17, 77, 6503 }, // U+0472
    { 14, 13, 243, 1, 13, 46, 6580 }, // U+0473
    { 21, 17, 316, 0, 17, 90, 6626 }, // U+0474
    { 16, 13, 239, 0, 13, 52, 6716 }, // U+0475
    { 18, 29, 331, 2, 24, 131, 6768 }, // U+048A
    { 15, 24, 252, 1, 20, 90, 6899 }, // U+048B
    { 16, 17, 264, 0, 17, 68, 6989 }, // U+048C
    { 14, 14, 226, 0, 14, 49, 7057 }, // U+048D
    { 14, 17, 262, 2, 17, 60, 7106 }, // U+048E
    { 14, 18, 246, 1, 13, 63, 7166 }, // U+048F
    { 12, 20, 229, 2, 20, 60, 7229 }, // U+0490
    { 11, 16, 185, 1, 16, 44, 7289 }, // U+0491
    { 15, 17, 254, 1, 17, 64, 7333 }, // U+0492
    { 12, 13, 210, 1, 13, 39, 7397 }, // U+0493
    { 14, 22, 270, 2, 17, 77, 7436 }, // U+0494
    { 13, 18, 228, 1, 13, 59, 7513 }, // U+0495
    { 26, 21, 409, 0, 17, 137, 7572 }, // U+0496
    { 22, 17, 349, 0, 13, 94, 7709 }, // U+0497
    { 15, 22, 244, 0, 17, 83, 7803 }, // U+0498
    { 12, 18, 198, 0, 13, 54, 7886 }, // U+0499
    { 16, 22, 295, 2, 17, 88, 7940 }, // U+049A
    { 14, 17, 242, 1, 13, 60, 8028 }, // U+049B
    { 18, 17, 314, 2, 17, 77, 8088 }, // U+049C
    { 16, 13, 273, 1, 13, 52, 8165 }, // U+049D
    { 18, 18, 283, 0, 18, 81, 8217 }, // U+049E
    { 15, 14, 242, 0, 14, 53, 8298 }, // U+049F
    { 20, 17, 319, 0, 17, 85, 8351 }, // U+04A0
    { 17, 13, 263, 0, 13, 56, 8436 }, // U+04A1
    { 18, 22, 323, 2, 17, 99, 8492 }, // U+04A2
    { 15, 17, 254, 1, 13, 64, 8591 }, // U+04A3
    { 19, 17, 335, 2, 17, 81, 8655 }, // U+04A4
    { 16, 13, 261, 1, 13, 52, 8736 }, // U+04A5
    { 25, 22, 444, 2, 17, 138, 8788 }, // U+04A6
    { 20, 18, 349, 1, 13, 90, 8926 }, // U+04A7
    { 19, 21, 320, 1, 17, 100, 9016 }, // U+04A8
    { 15, 17, 253, 1, 13, 64, 9116 }, // U+04A9
    { 15, 22, 259, 1, 17, 83, 9180 }, // U+04AA
    { 11, 18, 200, 1, 13, 50, 9263 }, // U+04AB
    { 15, 22, 246, 0, 17, 83, 9313 }, // U+04AC
    { 13, 17, 202, 0, 13, 56, 9396 }, // U+04AD
    { 17, 17, 264, 0, 17, 73, 9452 }, // U+04AE
    { 14, 18, 220, 0, 13, 63, 9525 }, // U+04AF
    { 17, 17, 264, 0, 17, 73, 9588 }, // U+04B0
    { 14, 18, 220, 0, 13, 63, 9661 }, // U+04B1
    { 18, 22, 286, 0, 17, 99, 9724 }, // U+04B2
    { 15, 17, 235, 0, 13, 64, 9823 }, // U+04B3
    { 23, 22, 376, 0, 17, 127, 9887 }, // U+04B4
    { 17, 17, 279, 0, 13, 73, 10014 }, // U+04B5
    { 17, 22, 290, 1, 17, 94, 10087 }, // U+04B6
    { 15, 17, 236, 0, 13, 64, 10181 }, // U+04B7
    { 14, 17, 272, 1, 17, 60, 10245 }, // U+04B8
    { 13, 13, 225, 0, 13, 43, 10305 }, // U+04B9
    { 14, 17, 280, 2, 17, 60, 10348 }, // U+04BA
    { 13, 19, 236, 1, 19, 62, 10408 }, // U+04BB
    { 21, 17, 352, 0, 17, 90, 10470 }, // U+04BC
    { 17, 13, 283, 0, 13, 56, 10560 }, // U+04BD
    { 21, 21, 352, 0, 17, 111, 10616 }, // U+04BE
    { 17, 16, 283, 0, 13, 68, 10727 }, // U+04BF
    { 4, 17, 126, 2, 17, 17, 10795 }, // U+04C0
    { 25, 24, 393, 0, 24, 150, 10812 }, // U+04C1
    { 21, 20, 340, 0, 20, 105, 10962 }, // U+04C2
    { 15, 22, 281, 2, 17, 83, 11067 }, // U+04C3
    { 13, 18, 230, 1, 13, 59, 11150 }, // U+04C4
    { 21, 22, 332, 0, 17, 116, 11209 }, // U+04C5
    { 17, 17, 270, 0, 13, 73, 11325 }, // U+04C6
    { 15, 22, 294, 2, 17, 83, 11398 }, // U+04C7
    { 13, 18, 240, 1, 13, 59, 11481 }, // U+04C8
    { 18, 22, 314, 2, 17, 99, 11540 }, // U+04C9
    { 15, 17, 251, 1, 13, 64, 11639 }, // U+04CA
    { 14, 22, 272, 1, 17, 77, 11703 }, // U+04CB
    { 12, 17, 227, 1, 13, 51, 11780 }, // U+04CC
    { 23, 22, 381, 1, 17, 127, 11831 }, // U+04CD
    { 19, 17, 318, 1, 13, 81, 11958 }, // U+04CE
    { 5, 17, 116, 1, 17, 22, 12039 }, // U+04CF
    { 18, 24, 288, 0, 24, 108, 12061 }, // U+04D0
    { 13, 20, 221, 0, 20, 65, 12169 }, // U+04D1
    { 18, 23, 288, 0, 23, 104, 12234 }, // U+04D2
    { 13, 19, 221, 0, 19, 62, 12338 }, // U+04D3
    { 24, 17, 398, 0, 17, 102, 12400 }, // U+04D4
    { 21, 13, 350, 0, 13, 69, 12502 }, // U+04D5
    { 13, 24, 242, 2, 24, 78, 12571 }, // U+04D6
    { 13, 20, 234, 1, 20, 65, 12649 }, // U+04D7
    { 16, 17, 292, 1, 17, 68, 12714 }, // U+04D8
    { 13, 13, 234, 1, 13, 43, 12782 }, // U+04D9
    { 16, 23, 292, 1, 23, 92, 12825 }, // U+04DA
    { 13, 19, 234, 1, 19, 62, 12917 }, // U+04DB
    { 25, 23, 393, 0, 23, 144, 12979 }, // U+04DC
    { 21, 19, 340, 0, 19, 100, 13123 }, // U+04DD
    { 15, 23, 244, 0, 23, 87, 13223 }, // U+04DE
    { 12, 19, 198, 0, 19, 57, 13310 }, // U+04DF
    { 14, 17, 246, 0, 17, 60, 13367 }, // U+04E0
    { 12, 18, 206, 0, 13, 54, 13427 }, // U+04E1
    { 15, 23, 302, 2, 23, 87, 13481 }, // U+04E2
    { 13, 19, 248, 1, 19, 62, 13568 }, // U+04E3
    { 15, 23, 302, 2, 23, 87, 13630 }, // U+04E4
    { 13, 19, 248, 1, 19, 62, 13717 }, // U+04E5
    { 18, 23, 316, 1, 23, 104, 13779 }, // U+04E6
    { 14, 19, 243, 1, 19, 67, 13883 }, // U+04E7
    { 18, 17, 316, 1, 17, 77, 13950 }, // U+04E8
    { 14, 13, 243, 1, 13, 46, 14027 }, // U+04E9
    { 18, 23, 316, 1, 23, 104, 14073 }, // U+04EA
    { 14, 19, 243, 1, 19, 67, 14177 }, // U+04EB
    { 15, 23, 272, 1, 23, 87, 14244 }, // U+04EC
    { 13, 19, 208, 0, 19, 62, 14331 }, // U+04ED
    { 17, 23, 261, 0, 23, 98, 14393 }, // U+04EE
    { 14, 24, 219, 0, 19, 84, 14491 }, // U+04EF
    { 17, 23, 261, 0, 23, 98, 14575 }, // U+04F0
    { 14, 24, 219, 0, 19, 84, 14673 }, // U+04F1
    { 17, 24, 261, 0, 24, 102, 14757 }, // U+04F2
    { 14, 25, 219, 0, 20, 88, 14859 }, // U+04F3
    { 14, 23, 272, 1, 23, 81, 14947 }, // U+04F4
    { 12, 19, 227, 1, 19, 57, 15028 }, // U+04F5
    { 12, 22, 237, 2, 17, 66, 15085 }, // U+04F6
    { 11, 17, 181, 1, 13, 47, 15151 }, // U+04F7
    { 20, 23, 371, 2, 23, 115, 15198 }, // U+04F8
    { 18, 19, 330, 1, 19, 86, 15313 }, // U+04F9
    { 13, 15, 250, 1, 15, 49, 0 }, // U+0E01
    { 13, 15, 237, 1, 14, 49, 49 }, // U+0E02
    { 14, 15, 240, 0, 14, 53, 98 }, // U+0E03
    { 14, 15, 258, 1, 15, 53, 151 }, // U+0E04
    { 14, 15, 263, 1, 15, 53, 204 }, // U+0E05
    { 14, 15, 256, 1, 14, 53, 257 }, // U+0E06
    { 14, 14, 228, 0, 14, 49, 310 }, // U+0E07
    { 13, 15, 224, 0, 15, 49, 359 }, // U+0E08
    { 13, 16, 249, 1, 15, 52, 408 }, // U+0E09
    { 13, 15, 240, 1, 14, 49, 460 }, // U+0E0A
    { 14, 15, 241, 0, 14, 53, 509 }, // U+0E0B
    { 21, 16, 371, 1, 15, 84, 562 }, // U+0E0C
    { 21, 20, 375, 1, 15, 105, 646 }, // U+0E0D
    { 15, 21, 255, 0, 15, 79, 751 }, // U+0E0E
    { 15, 21, 255, 0, 15, 79, 830 }, // U+0E0F
    { 13, 21, 229, 1, 15, 69, 909 }, // U+0E10
    { 15, 14, 260, 0, 14, 53, 978 }, // U+0E11
    { 22, 15, 377, 1, 14, 83, 1031 }, // U+0E12
    { 21, 16, 375, 1, 15, 84, 1114 }, // U+0E13
    { 14, 16, 254, 1, 15, 56, 1198 }, // U+0E14
    { 14, 15, 262, 1, 14, 53, 1254 }, // U+0E15
    { 13, 16, 250, 1, 15, 52, 1307 }, // U+0E16
    { 14, 14, 258, 1, 14, 49, 1359 }, // U+0E17
    { 12, 16, 224, 1, 15, 48, 1408 }, // U+0E18
    { 14, 15, 258, 1, 14, 53, 1456 }, // U+0E19
    { 14, 15, 254, 1, 14, 53, 1509 }, // U+0E1A
    { 14, 20, 254, 1, 19, 70, 1562 }, // U+0E1B
    { 15, 14, 273, 1, 14, 53, 1632 }, // U+0E1C
    { 15, 19, 273, 1, 19, 72, 1685 }, // U+0E1D
    { 18, 14, 291, 0, 14, 63, 1757 }, // U+0E1E
    { 18, 19, 287, 0, 19, 86, 1820 }, // U+0E1F
    { 15, 16, 255, 0, 15, 60, 1906 }, // U+0E20
    { 14, 15, 258, 1, 14, 53, 1966 }, // U+0E21
    { 13, 15, 249, 1, 14, 49, 2019 }, // U+0E22
    { 13, 16, 207, 0, 15, 52, 2068 }, // U+0E23
    { 13, 21, 250, 1, 15, 69, 2120 }, // U+0E24
    { 14, 16, 240, 0, 15, 56, 2189 }, // U+0E25
    { 15, 21, 255, 0, 15, 79, 2245 }, // U+0E26
    { 12, 16, 206, 0, 15, 48, 2324 }, // U+0E27
    { 15, 15, 264, 1, 15, 57, 2372 }, // U+0E28
    { 15, 15, 270, 1, 14, 57, 2429 }, // U+0E29
    { 15, 16, 241, 0, 15, 60, 2486 }, // U+0E2A
    { 14, 14, 249, 1, 14, 49, 2546 }, // U+0E2B
    { 18, 18, 284, 0, 18, 81, 2595 }, // U+0E2C
    { 13, 16, 237, 1, 15, 52, 2676 }, // U+0E2D
    { 14, 16, 238, 1, 15, 56, 2728 }, // U+0E2E
    { 12, 14, 217, 0, 14, 42, 2784 }, // U+0E2F
    { 7, 12, 143, 1, 13, 21, 2826 }, // U+0E30
    { 10, 5, 0, -9, 20, 13, 2847 }, // U+0E31
    { 10, 15, 174, 0, 15, 38, 2860 }, // U+0E32
    { 18, 20, 174, -8, 20, 90, 2898 }, // U+0E33
    { 13, 4, 0, -14, 19, 13, 2988 }, // U+0E34
    { 13, 5, 0, -14, 20, 17, 3001 }, // U+0E35
    { 13, 6, 0, -14, 21, 20, 3018 }, // U+0E36
    { 13, 5, 0, -14, 20, 17, 3038 }, // U+0E37
    { 6, 6, 0, -7, -1, 9, 3055 }, // U+0E38
    { 10, 6, 0, -11, -1, 15, 3064 }, // U+0E39
    { 5, 5, 0, -6, -1, 7, 3079 }, // U+0E3A
    { 13, 21, 232, 1, 19, 69, 3086 }, // U+0E3F
    { 6, 15, 136, 2, 14, 23, 3155 }, // U+0E40
    { 14, 15, 257, 2, 14, 53, 3178 }, // U+0E41
    { 10, 22, 140, 0, 21, 55, 3231 }, // U+0E42
    { 9, 23, 135, 0, 22, 52, 3286 }, // U+0E43
    { 9, 22, 139, 0, 21, 50, 3338 }, // U+0E44
    { 10, 21, 174, 0, 15, 53, 3388 }, // U+0E45
    { 14, 21, 255, 1, 15, 74, 3441 }, // U+0E46
    { 10, 7, 0, -12, 22, 18, 3515 }, // U+0E47
    { 4, 7, 0, -6, 22, 7, 3533 }, // U+0E48
    { 9, 7, 0, -10, 22, 16, 3540 }, // U+0E49
    { 12, 7, 0, -12, 22, 21, 3556 }, // U+0E4A
    { 8, 7, 0, -9, 22, 14, 3577 }, // U+0E4B
    { 8, 5, 0, -8, 20, 10, 3591 }, // U+0E4C
    { 7, 5, 0, -8, 20, 9, 3601 }, // U+0E4D
    { 8, 6, 0, -8, 21, 12, 3610 }, // U+0E4E
    { 14, 13, 258, 1, 12, 46, 3622 }, // U+0E4F
    { 12, 13, 227, 1, 12, 39, 3668 }, // U+0E50
    { 12, 13, 213, 1, 12, 39, 3707 }, // U+0E51
    { 14, 16, 258, 1, 15, 56, 3746 }, // U+0E52
    { 12, 13, 226, 1, 12, 39, 3802 }, // U+0E53
    { 12, 15, 215, 1, 15, 45, 3841 }, // U+0E54
    { 12, 15, 222, 1, 15, 45, 3886 }, // U+0E55
    { 12, 16, 210, 0, 15, 48, 3931 }, // U+0E56
    { 17, 16, 300, 1, 15, 68, 3979 }, // U+0E57
    { 13, 16, 227, 1, 15, 52, 4047 }, // U+0E58
    { 13, 16, 220, 1, 15, 52, 4099 }, // U+0E59
    { 19, 14, 331, 0, 14, 67, 4151 }, // U+0E5A
    { 21, 10, 362, 1, 11, 53, 4218 }, // U+0E5B
    { 17, 24, 264, 0, 24, 102, 0 }, // U+1EF2
    { 14, 25, 219, 0, 20, 88, 102 }, // U+1EF3
    { 0, 0, 0, 0, 0, 0, 0 }, // U+200B
    { 2, 20, 0, -1, 16, 10, 0 }, // U+200C
    { 6, 22, 0, -3, 18, 33, 10 }, // U+200D
    { 8, 4, 129, 0, 9, 8, 43 }, // U+2010
    { 13, 3, 200, 0, 9, 10, 51 }, // U+2013
    { 25, 3, 400, 0, 9, 19, 61 }, // U+2014
    { 25, 3, 400, 0, 9, 19, 80 }, // U+2015
    { 5, 7, 97, 1, 19, 9, 99 }, // U+2018
    { 6, 7, 97, 0, 19, 11, 108 }, // U+2019
    { 6, 7, 97, 0, 4, 11, 119 }, // U+201A
    { 10, 7, 182, 1, 19, 18, 130 }, // U+201C
    { 11, 7, 182, 0, 19, 20, 148 }, // U+201D
    { 11, 7, 182, 0, 4, 20, 168 }, // U+201E
    { 12, 21, 198, 0, 17, 63, 188 }, // U+2020
    { 12, 21, 198, 0, 17, 63, 251 }, // U+2021
    { 9, 7, 146, 0, 12, 16, 314 }, // U+2022
    { 23, 5, 400, 1, 5, 29, 330 }, // U+2026
    { 33, 17, 528, 0, 17, 141, 359 }, // U+2030
    { 8, 13, 131, 0, 14, 26, 500 }, // U+2039
    { 8, 13, 131, 0, 14, 26, 526 }, // U+203A
    { 14, 18, 61, -5, 18, 63, 552 }, // U+2044
    { 9, 10, 145, 0, 18, 23, 0 }, // U+2070
    { 9, 10, 145, 0, 18, 23, 23 }, // U+2074
    { 9, 10, 145, 0, 18, 23, 46 }, // U+2075
    { 9, 10, 145, 0, 18, 23, 69 }, // U+2076
    { 9, 10, 145, 0, 18, 23, 92 }, // U+2077
    { 9, 10, 145, 0, 18, 23, 115 }, // U+2078
    { 9, 10, 145, 0, 18, 23, 138 }, // U+2079
    { 9, 10, 145, 0, 11, 23, 161 }, // U+2080
    { 7, 10, 145, 0, 11, 18, 184 }, // U+2081
    { 9, 10, 145, 0, 11, 23, 202 }, // U+2082
    { 8, 10, 145, 0, 11, 20, 225 }, // U+2083
    { 9, 10, 145, 0, 11, 23, 245 }, // U+2084
    { 9, 10, 145, 0, 11, 23, 268 }, // U+2085
    { 9, 10, 145, 0, 11, 23, 291 }, // U+2086
    { 9, 10, 145, 0, 11, 23, 314 }, // U+2087
    { 9, 10, 145, 0, 11, 23, 337 }, // U+2088
    { 9, 10, 145, 0, 11, 23, 360 }, // U+2089
    { 14, 17, 227, 1, 17, 60, 0 }, // U+20AC
    { 14, 17, 227, 0, 17, 60, 60 }, // U+20AE
    { 14, 17, 227, 0, 17, 60, 120 }, // U+20B4
    { 14, 17, 227, 1, 17, 60, 180 }, // U+20B9
    { 15, 18, 245, 0, 18, 68, 0 }, // U+2202
    { 18, 17, 277, 0, 17, 77, 68 }, // U+2206
    { 15, 21, 292, 2, 18, 79, 145 }, // U+220F
    { 14, 20, 217, 0, 17, 70, 224 }, // U+2211
    { 12, 3, 227, 1, 9, 9, 294 }, // U+2212
    { 14, 18, 61, -5, 18, 63, 303 }, // U+2215
    { 6, 5, 98, 0, 10, 8, 366 }, // U+2219
    { 16, 18, 241, 0, 18, 72, 374 }, // U+221A
    { 16, 8, 254, 0, 11, 32, 446 }, // U+221E
    { 10, 25, 160, 0, 19, 63, 478 }, // U+222B
    { 14, 11, 227, 0, 13, 39, 541 }, // U+2248
    { 12, 14, 227, 1, 14, 42, 580 }, // U+2260
    { 12, 15, 227, 1, 15, 45, 622 }, // U+2264
    { 12, 15, 227, 1, 15, 45, 667 }, // U+2265
    { 21, 19, 336, 1, 19, 100, 0 }, // U+FB00
    { 16, 19, 283, 1, 19, 76, 100 }, // U+FB01
    { 18, 19, 294, 1, 19, 86, 176 }, // U+FB02
    { 26, 19, 451, 1, 19, 124, 262 }, // U+FB03
    { 28, 19, 462, 1, 19, 133, 386 }, // U+FB04
};

static const EpdUnicodeInterval ubuntu_12_boldIntervals[] = {
    { 0x0, 0x0, 0x0 },
    { 0x8, 0x9, 0x1 },
    { 0xD, 0xD, 0x3 },
    { 0x1D, 0x1D, 0x4 },
    { 0x20, 0x7E, 0x5 },
    { 0xA0, 0xFF, 0x64 },
    { 0x100, 0x17F, 0xC4 },
    { 0x1A0, 0x1A1, 0x144 },
    { 0x1AF, 0x1B0, 0x146 },
    { 0x1C4, 0x21F, 0x148 },
    { 0x300, 0x304, 0x1A4 },
    { 0x306, 0x308, 0x1A9 },
    { 0x30A, 0x30C, 0x1AC },
    { 0x311, 0x312, 0x1AF },
    { 0x326, 0x328, 0x1B1 },
    { 0x331, 0x331, 0x1B4 },
    { 0x400, 0x45F, 0x1B5 },
    { 0x462, 0x463, 0x215 },
    { 0x472, 0x475, 0x217 },
    { 0x48A, 0x4F9, 0x21B },
    { 0xE01, 0xE3A, 0x28B },
    { 0xE3F, 0xE5B, 0x2C5 },
    { 0x1EF2, 0x1EF3, 0x2E2 },
    { 0x200B, 0x200D, 0x2E4 },
    { 0x2010, 0x2010, 0x2E7 },
    { 0x2013, 0x2015, 0x2E8 },
    { 0x2018, 0x201A, 0x2EB },
    { 0x201C, 0x201E, 0x2EE },
    { 0x2020, 0x2022, 0x2F1 },
    { 0x2026, 0x2026, 0x2F4 },
    { 0x2030, 0x2030, 0x2F5 },
    { 0x2039, 0x203A, 0x2F6 },
    { 0x2044, 0x2044, 0x2F8 },
    { 0x2070, 0x2070, 0x2F9 },
    { 0x2074, 0x2079, 0x2FA },
    { 0x2080, 0x2089, 0x300 },
    { 0x20AC, 0x20AC, 0x30A },
    { 0x20AE, 0x20AE, 0x30B },
    { 0x20B4, 0x20B4, 0x30C },
    { 0x20B9, 0x20B9, 0x30D },
    { 0x2202, 0x2202, 0x30E },
    { 0x2206, 0x2206, 0x30F },
    { 0x220F, 0x220F, 0x310 },
    { 0x2211, 0x2212, 0x311 },
    { 0x2215, 0x2215, 0x313 },
    { 0x2219, 0x221A, 0x314 },
    { 0x221E, 0x221E, 0x316 },
    { 0x222B, 0x222B, 0x317 },
    { 0x2248, 0x2248, 0x318 },
    { 0x2260, 0x2260, 0x319 },
    { 0x2264, 0x2265, 0x31A },
    { 0xFB00, 0xFB04, 0x31C },
};

static const EpdFontGroup ubuntu_12_boldGroups[] = {
    { 0, 2343, 5486, 100, 0 },
    { 2343, 2267, 6776, 96, 100 },
    { 4610, 2702, 10195, 128, 196 },
    { 7312, 2652, 9037, 96, 324 },
    { 9964, 180, 207, 17, 420 },
    { 10144, 5003, 17030, 214, 437 },
    { 15147, 2197, 4838, 87, 651 },
    { 17344, 134, 220, 2, 738 },
    { 17478, 304, 685, 21, 740 },
    { 17782, 196, 490, 17, 761 },
    { 17978, 162, 272, 4, 778 },
    { 18140, 373, 767, 14, 782 },
    { 18513, 181, 551, 5, 796 },
};

static const EpdKernClassEntry ubuntu_12_boldKernLeftClasses[] = {
    { 0x0022, 1 }, // "
    { 0x0026, 2 }, // &
    { 0x0027, 1 }, // '
    { 0x0028, 3 }, // (
    { 0x0029, 4 }, // )
    { 0x002A, 5 }, // *
    { 0x002C, 6 }, // ,
    { 0x002D, 7 }, // -
    { 0x002E, 6 }, // .
    { 0x002F, 8 }, // /
    { 0x003A, 9 }, // :
    { 0x003B, 9 }, // ;
    { 0x0040, 10 }, // @
    { 0x0041, 11 }, // A
    { 0x0042, 12 }, // B
    { 0x0043, 13 }, // C
    { 0x0044, 14 }, // D
    { 0x0045, 15 }, // E
    { 0x0046, 16 }, // F
    { 0x0047, 17 }, // G
    { 0x0048, 18 }, // H
    { 0x0049, 18 }, // I
    { 0x004A, 19 }, // J
    { 0x004B, 20 }, // K
    { 0x004C, 21 }, // L
    { 0x004D, 22 }, // M
    { 0x004E, 18 }, // N
    { 0x004F, 23 }, // O
    { 0x0050, 24 }, // P
    { 0x0051, 25 }, // Q
    { 0x0052, 26 }, // R
    { 0x0053, 27 }, // S
    { 0x0054, 28 }, // T
    { 0x0055, 29 }, // U
    { 0x0056, 30 }, // V
    { 0x0057, 31 }, // W
    { 0x0058, 32 }, // X
    { 0x0059, 33 }, // Y
    { 0x005A, 34 }, // Z
    { 0x005B, 35 }, // [
    { 0x005C, 36 }, // <backslash>
    { 0x005D, 37 }, // ]
    { 0x0061, 38 }, // a
    { 0x0062, 39 }, // b
    { 0x0063, 40 }, // c
    { 0x0064, 41 }, // d
    { 0x0066, 42 }, // f
    { 0x0067, 43 }, // g
    { 0x0068, 44 }, // h
    { 0x0069, 45 }, // i
    { 0x006A, 46 }, // j
    { 0x006B, 47 }, // k
    { 0x006C, 48 }, // l
    { 0x006D, 49 }, // m
    { 0x006E, 49 }, // n
    { 0x006F, 50 }, // o
    { 0x0070, 39 }, // p
    { 0x0071, 51 }, // q
    { 0x0072, 52 }, // r
    { 0x0073, 53 }, // s
    { 0x0074, 54 }, // t
    { 0x0075, 55 }, // u
    { 0x0076, 56 }, // v
    { 0x0077, 57 }, // w
    { 0x0078, 58 }, // x
    { 0x0079, 59 }, // y
    { 0x007A, 60 }, // z
    { 0x007B, 61 }, // {
    { 0x007D, 62 }, // }
    { 0x00A1, 63 }, // U+00A1
    { 0x00AB, 64 }, // U+00AB
    { 0x00BB, 65 }, // U+00BB
    { 0x00BF, 66 }, // U+00BF
    { 0x00C0, 11 }, // U+00C0
    { 0x00C1, 11 }, // U+00C1
    { 0x00C2, 11 }, // U+00C2
    { 0x00C3, 11 }, // U+00C3
    { 0x00C4, 11 }, // U+00C4
    { 0x00C5, 11 }, // U+00C5
    { 0x00C6, 15 }, // U+00C6
    { 0x00C7, 13 }, // U+00C7
    { 0x00C8, 15 }, // U+00C8
    { 0x00C9, 15 }, // U+00C9
    { 0x00CA, 15 }, // U+00CA
    { 0x00CB, 15 }, // U+00CB
    { 0x00CC, 18 }, // U+00CC
    { 0x00CD, 18 }, // U+00CD
    { 0x00CE, 18 }, // U+00CE
    { 0x00CF, 18 }, // U+00CF
    { 0x00D0, 14 }, // U+00D0
    { 0x00D1, 18 }, // U+00D1
    { 0x00D2, 23 }, // U+00D2
    { 0x00D3, 23 }, // U+00D3
    { 0x00D4, 23 }, // U+00D4
    { 0x00D5, 23 }, // U+00D5
    { 0x00D6, 23 }, // U+00D6
    { 0x00D8, 23 }, // U+00D8
    { 0x00D9, 29 }, // U+00D9
    { 0x00DA, 29 }, // U+00DA
    { 0x00DB, 29 }, // U+00DB
    { 0x00DC, 29 }, // U+00DC
    { 0x00DD, 33 }, // U+00DD
    { 0x00DE, 67 }, // U+00DE
    { 0x00DF, 68 }, // U+00DF
    { 0x00E0, 38 }, // U+00E0
    { 0x00E1, 38 }, // U+00E1
    { 0x00E2, 38 }, // U+00E2
    { 0x00E3, 38 }, // U+00E3
    { 0x00E4, 38 }, // U+00E4
    { 0x00E5, 38 }, // U+00E5
    { 0x00E7, 40 }, // U+00E7
    { 0x00EC, 45 }, // U+00EC
    { 0x00ED, 45 }, // U+00ED
    { 0x00EE, 45 }, // U+00EE
    { 0x00EF, 45 }, // U+00EF
    { 0x00F0, 69 }, // U+00F0
    { 0x00F1, 49 }, // U+00F1
    { 0x00F2, 50 }, // U+00F2
    { 0x00F3, 50 }, // U+00F3
    { 0x00F4, 50 }, // U+00F4
    { 0x00F5, 50 }, // U+00F5
    { 0x00F6, 50 }, // U+00F6
    { 0x00F8, 50 }, // U+00F8
    { 0x00F9, 55 }, // U+00F9
    { 0x00FA, 55 }, // U+00FA
    { 0x00FB, 55 }, // U+00FB
    { 0x00FC, 55 }, // U+00FC
    { 0x00FD, 59 }, // U+00FD
    { 0x00FE, 70 }, // U+00FE
    { 0x00FF, 59 }, // U+00FF
    { 0x0100, 11 }, // U+0100
    { 0x0101, 38 }, // U+0101
    { 0x0102, 11 }, // U+0102
    { 0x0103, 38 }, // U+0103
    { 0x0104, 11 }, // U+0104
    { 0x0105, 38 }, // U+0105
    { 0x0106, 13 }, // U+0106
    { 0x0107, 40 }, // U+0107
    { 0x0108, 13 }, // U+0108
    { 0x0109, 40 }, // U+0109
    { 0x010A, 13 }, // U+010A
    { 0x010B, 40 }, // U+010B
    { 0x010C, 13 }, // U+010C
    { 0x010D, 40 }, // U+010D
    { 0x010E, 14 }, // U+010E
    { 0x010F, 71 }, // U+010F
    { 0x0110, 14 }, // U+0110
    { 0x0111, 41 }, // U+0111
    { 0x0112, 15 }, // U+0112
    { 0x0114, 15 }, // U+0114
    { 0x0116, 15 }, // U+0116
    { 0x0118, 15 }, // U+0118
    { 0x011A, 15 }, // U+011A
    { 0x011C, 17 }, // U+011C
    { 0x011D, 43 }, // U+011D
    { 0x011E, 17 }, // U+011E
    { 0x011F, 43 }, // U+011F
    { 0x0120, 17 }, // U+0120
    { 0x0121, 43 }, // U+0121
    { 0x0122, 17 }, // U+0122
    { 0x0123, 43 }, // U+0123
    { 0x0124, 18 }, // U+0124
    { 0x0125, 44 }, // U+0125
    { 0x0126, 18 }, // U+0126
    { 0x0127, 44 }, // U+0127
    { 0x0128, 18 }, // U+0128
    { 0x0129, 45 }, // U+0129
    { 0x012A, 18 }, // U+012A
    { 0x012B, 45 }, // U+012B
    { 0x012C, 18 }, // U+012C
    { 0x012D, 45 }, // U+012D
    { 0x012E, 18 }, // U+012E
    { 0x012F, 45 }, // U+012F
    { 0x0130, 18 }, // U+0130
    { 0x0131, 45 }, // U+0131
    { 0x0132, 19 }, // U+0132
    { 0x0133, 46 }, // U+0133
    { 0x0134, 19 }, // U+0134
    { 0x0135, 46 }, // U+0135
    { 0x0136, 20 }, // U+0136
    { 0x0137, 47 }, // U+0137
    { 0x0138, 47 }, // U+0138
    { 0x0139, 21 }, // U+0139
    { 0x013A, 48 }, // U+013A
    { 0x013B, 21 }, // U+013B
    { 0x013C, 48 }, // U+013C
    { 0x013D, 21 }, // U+013D
    { 0x013E, 71 }, // U+013E
    { 0x013F, 21 }, // U+013F
    { 0x0140, 48 }, // U+0140
    { 0x0141, 21 }, // U+0141
    { 0x0142, 48 }, // U+0142
    { 0x0143, 18 }, // U+0143
    { 0x0144, 49 }, // U+0144
    { 0x0145, 18 }, // U+0145
    { 0x0146, 49 }, // U+0146
    { 0x0147, 18 }, // U+0147
    { 0x0148, 49 }, // U+0148
    { 0x0149, 49 }, // U+0149
    { 0x014A, 72 }, // U+014A
    { 0x014B, 73 }, // U+014B
    { 0x014C, 23 }, // U+014C
    { 0x014D, 50 }, // U+014D
    { 0x014E, 23 }, // U+014E
    { 0x014F, 50 }, // U+014F
    { 0x0150, 23 }, // U+0150
    { 0x0151, 50 }, // U+0151
    { 0x0152, 15 }, // U+0152
    { 0x0154, 26 }, // U+0154
    { 0x0155, 52 }, // U+0155
    { 0x0156, 26 }, // U+0156
    { 0x0157, 52 }, // U+0157
    { 0x0158, 26 }, // U+0158
    { 0x0159, 52 }, // U+0159
    { 0x015A, 27 }, // U+015A
    { 0x015B, 53 }, // U+015B
    { 0x015C, 27 }, // U+015C
    { 0x015D, 53 }, // U+015D
    { 0x015E, 27 }, // U+015E
    { 0x015F, 53 }, // U+015F
    { 0x0160, 27 }, // U+0160
    { 0x0161, 53 }, // U+0161
    { 0x0162, 28 }, // U+0162
    { 0x0163, 54 }, // U+0163
    { 0x0164, 28 }, // U+0164
    { 0x0165, 54 }, // U+0165
    { 0x0166, 28 }, // U+0166
    { 0x0167, 54 }, // U+0167
    { 0x0168, 29 }, // U+0168
    { 0x0169, 55 }, // U+0169
    { 0x016A, 29 }, // U+016A
    { 0x016B, 55 }, // U+016B
    { 0x016C, 29 }, // U+016C
    { 0x016D, 55 }, // U+016D
    { 0x016E, 29 }, // U+016E
    { 0x016F, 55 }, // U+016F
    { 0x0170, 29 }, // U+0170
    { 0x0171, 55 }, // U+0171
    { 0x0172, 29 }, // U+0172
    { 0x0173, 55 }, // U+0173
    { 0x0174, 31 }, // U+0174
    { 0x0175, 57 }, // U+0175
    { 0x0176, 33 }, // U+0176
    { 0x0177, 59 }, // U+0177
    { 0x0178, 33 }, // U+0178
    { 0x0179, 34 }, // U+0179
    { 0x017A, 60 }, // U+017A
    { 0x017B, 34 }, // U+017B
    { 0x017C, 60 }, // U+017C
    { 0x017D, 34 }, // U+017D
    { 0x017E, 60 }, // U+017E
    { 0x017F, 42 }, // U+017F
    { 0x01A0, 74 }, // U+01A0
    { 0x01C4, 34 }, // U+01C4
    { 0x01C5, 60 }, // U+01C5
    { 0x01C6, 60 }, // U+01C6
    { 0x01C7, 19 }, // U+01C7
    { 0x01C8, 46 }, // U+01C8
    { 0x01C9, 46 }, // U+01C9
    { 0x01CA, 19 }, // U+01CA
    { 0x01CB, 46 }, // U+01CB
    { 0x01CC, 46 }, // U+01CC
    { 0x01CD, 11 }, // U+01CD
    { 0x01CE, 38 }, // U+01CE
    { 0x01CF, 18 }, // U+01CF
    { 0x01D0, 45 }, // U+01D0
    { 0x01D1, 23 }, // U+01D1
    { 0x01D2, 50 }, // U+01D2
    { 0x01D3, 29 }, // U+01D3
    { 0x01D4, 55 }, // U+01D4
    { 0x01D5, 29 }, // U+01D5
    { 0x01D6, 55 }, // U+01D6
    { 0x01D7, 29 }, // U+01D7
    { 0x01D8, 55 }, // U+01D8
    { 0x01D9, 29 }, // U+01D9
    { 0x01DA, 55 }, // U+01DA
    { 0x01DB, 29 }, // U+01DB
    { 0x01DC, 55 }, // U+01DC
    { 0x01DD, 50 }, // U+01DD
    { 0x01DE, 11 }, // U+01DE
    { 0x01DF, 38 }, // U+01DF
    { 0x01E0, 11 }, // U+01E0
    { 0x01E1, 38 }, // U+01E1
    { 0x01E2, 15 }, // U+01E2
    { 0x01E4, 17 }, // U+01E4
    { 0x01E5, 43 }, // U+01E5
    { 0x01E6, 17 }, // U+01E6
    { 0x01E7, 43 }, // U+01E7
    { 0x01E8, 20 }, // U+01E8
    { 0x01E9, 47 }, // U+01E9
    { 0x01EA, 23 }, // U+01EA
    { 0x01EB, 50 }, // U+01EB
    { 0x01EC, 23 }, // U+01EC
    { 0x01ED, 50 }, // U+01ED
    { 0x01EE, 75 }, // U+01EE
    { 0x01EF, 76 }, // U+01EF
    { 0x01F0, 46 }, // U+01F0
    { 0x01F1, 34 }, // U+01F1
    { 0x01F2, 60 }, // U+01F2
    { 0x01F3, 60 }, // U+01F3
    { 0x01F4, 17 }, // U+01F4
    { 0x01F5, 43 }, // U+01F5
    { 0x01F6, 55 }, // U+01F6
    { 0x01F7, 77 }, // U+01F7
    { 0x01F8, 18 }, // U+01F8
    { 0x01F9, 49 }, // U+01F9
    { 0x01FA, 11 }, // U+01FA
    { 0x01FB, 38 }, // U+01FB
    { 0x01FC, 15 }, // U+01FC
    { 0x01FE, 23 }, // U+01FE
    { 0x01FF, 50 }, // U+01FF
    { 0x0200, 11 }, // U+0200
    { 0x0201, 38 }, // U+0201
    { 0x0202, 11 }, // U+0202
    { 0x0203, 38 }, // U+0203
    { 0x0204, 15 }, // U+0204
    { 0x0206, 15 }, // U+0206
    { 0x0208, 18 }, // U+0208
    { 0x0209, 45 }, // U+0209
    { 0x020A, 18 }, // U+020A
    { 0x020B, 45 }, // U+020B
    { 0x020C, 23 }, // U+020C
    { 0x020D, 50 }, // U+020D
    { 0x020E, 23 }, // U+020E
    { 0x020F, 50 }, // U+020F
    { 0x0210, 26 }, // U+0210
    { 0x0211, 52 }, // U+0211
    { 0x0212, 26 }, // U+0212
    { 0x0213, 52 }, // U+0213
    { 0x0214, 29 }, // U+0214
    { 0x0215, 55 }, // U+0215
    { 0x0216, 29 }, // U+0216
    { 0x0217, 55 }, // U+0217
    { 0x0218, 27 }, // U+0218
    { 0x0219, 53 }, // U+0219
    { 0x021A, 28 }, // U+021A
    { 0x021B, 54 }, // U+021B
    { 0x021C, 78 }, // U+021C
    { 0x021E, 18 }, // U+021E
    { 0x021F, 44 }, // U+021F
    { 0x0400, 79 }, // U+0400
    { 0x0401, 79 }, // U+0401
    { 0x0402, 80 }, // U+0402
    { 0x0403, 81 }, // U+0403
    { 0x0404, 82 }, // U+0404
    { 0x0405, 83 }, // U+0405
    { 0x0406, 18 }, // U+0406
    { 0x0407, 18 }, // U+0407
    { 0x0408, 84 }, // U+0408
    { 0x0409, 85 }, // U+0409
    { 0x040A, 85 }, // U+040A
    { 0x040B, 86 }, // U+040B
    { 0x040C, 87 }, // U+040C
    { 0x040D, 18 }, // U+040D
    { 0x040E, 88 }, // U+040E
    { 0x040F, 18 }, // U+040F
    { 0x0410, 89 }, // U+0410
    { 0x0411, 80 }, // U+0411
    { 0x0412, 90 }, // U+0412
    { 0x0413, 81 }, // U+0413
    { 0x0414, 91 }, // U+0414
    { 0x0415, 79 }, // U+0415
    { 0x0416, 92 }, // U+0416
    { 0x0417, 93 }, // U+0417
    { 0x0418, 18 }, // U+0418
    { 0x0419, 18 }, // U+0419
    { 0x041A, 87 }, // U+041A
    { 0x041C, 94 }, // U+041C
    { 0x041D, 18 }, // U+041D
    { 0x041E, 95 }, // U+041E
    { 0x041F, 18 }, // U+041F
    { 0x0420, 96 }, // U+0420
    { 0x0421, 82 }, // U+0421
    { 0x0422, 97 }, // U+0422
    { 0x0423, 88 }, // U+0423
    { 0x0424, 98 }, // U+0424
    { 0x0425, 99 }, // U+0425
    { 0x0426, 91 }, // U+0426
    { 0x0428, 18 }, // U+0428
    { 0x0429, 91 }, // U+0429
    { 0x042A, 85 }, // U+042A
    { 0x042B, 18 }, // U+042B
    { 0x042C, 85 }, // U+042C
    { 0x042D, 100 }, // U+042D
    { 0x042E, 95 }, // U+042E
    { 0x0430, 101 }, // U+0430
    { 0x0431, 102 }, // U+0431
    { 0x0432, 103 }, // U+0432
    { 0x0433, 104 }, // U+0433
    { 0x0434, 105 }, // U+0434
    { 0x0435, 106 }, // U+0435
    { 0x0436, 107 }, // U+0436
    { 0x0437, 108 }, // U+0437
    { 0x043A, 109 }, // U+043A
    { 0x043B, 110 }, // U+043B
    { 0x043C, 111 }, // U+043C
    { 0x043D, 112 }, // U+043D
    { 0x043E, 113 }, // U+043E
    { 0x043F, 112 }, // U+043F
    { 0x0440, 114 }, // U+0440
    { 0x0441, 115 }, // U+0441
    { 0x0442, 116 }, // U+0442
    { 0x0443, 117 }, // U+0443
    { 0x0444, 118 }, // U+0444
    { 0x0445, 119 }, // U+0445
    { 0x0446, 105 }, // U+0446
    { 0x0447, 112 }, // U+0447
    { 0x0448, 112 }, // U+0448
    { 0x0449, 105 }, // U+0449
    { 0x044A, 120 }, // U+044A
    { 0x044B, 112 }, // U+044B
    { 0x044C, 120 }, // U+044C
    { 0x044D, 121 }, // U+044D
    { 0x044E, 122 }, // U+044E
    { 0x044F, 123 }, // U+044F
    { 0x0450, 106 }, // U+0450
    { 0x0451, 106 }, // U+0451
    { 0x0452, 124 }, // U+0452
    { 0x0453, 104 }, // U+0453
    { 0x0454, 125 }, // U+0454
    { 0x0455, 126 }, // U+0455
    { 0x0456, 127 }, // U+0456
    { 0x0457, 127 }, // U+0457
    { 0x0458, 128 }, // U+0458
    { 0x0459, 120 }, // U+0459
    { 0x045A, 120 }, // U+045A
    { 0x045B, 129 }, // U+045B
    { 0x045C, 109 }, // U+045C
    { 0x045E, 117 }, // U+045E
    { 0x045F, 130 }, // U+045F
    { 0x0462, 80 }, // U+0462
    { 0x0463, 131 }, // U+0463
    { 0x0472, 95 }, // U+0472
    { 0x0473, 113 }, // U+0473
    { 0x0474, 132 }, // U+0474
    { 0x0475, 133 }, // U+0475
    { 0x048A, 91 }, // U+048A
    { 0x048B, 105 }, // U+048B
    { 0x048C, 85 }, // U+048C
    { 0x048D, 120 }, // U+048D
    { 0x048F, 114 }, // U+048F
    { 0x0490, 81 }, // U+0490
    { 0x0491, 104 }, // U+0491
    { 0x0492, 81 }, // U+0492
    { 0x0493, 104 }, // U+0493
    { 0x0494, 80 }, // U+0494
    { 0x0495, 134 }, // U+0495
    { 0x0496, 92 }, // U+0496
    { 0x0497, 107 }, // U+0497
    { 0x0498, 93 }, // U+0498
    { 0x0499, 108 }, // U+0499
    { 0x049A, 87 }, // U+049A
    { 0x049B, 109 }, // U+049B
    { 0x049C, 87 }, // U+049C
    { 0x049D, 109 }, // U+049D
    { 0x049E, 87 }, // U+049E
    { 0x049F, 109 }, // U+049F
    { 0x04A0, 87 }, // U+04A0
    { 0x04A1, 109 }, // U+04A1
    { 0x04A2, 91 }, // U+04A2
    { 0x04A3, 105 }, // U+04A3
    { 0x04A4, 97 }, // U+04A4
    { 0x04A5, 104 }, // U+04A5
    { 0x04A6, 85 }, // U+04A6
    { 0x04A7, 135 }, // U+04A7
    { 0x04A8, 136 }, // U+04A8
    { 0x04A9, 137 }, // U+04A9
    { 0x04AA, 82 }, // U+04AA
    { 0x04AB, 115 }, // U+04AB
    { 0x04AC, 97 }, // U+04AC
    { 0x04AD, 116 }, // U+04AD
    { 0x04AE, 138 }, // U+04AE
    { 0x04AF, 139 }, // U+04AF
    { 0x04B0, 138 }, // U+04B0
    { 0x04B1, 139 }, // U+04B1
    { 0x04B2, 99 }, // U+04B2
    { 0x04B3, 119 }, // U+04B3
    { 0x04B4, 91 }, // U+04B4
    { 0x04B5, 105 }, // U+04B5
    { 0x04B6, 91 }, // U+04B6
    { 0x04B7, 105 }, // U+04B7
    { 0x04BA, 140 }, // U+04BA
    { 0x04BB, 141 }, // U+04BB
    { 0x04BC, 142 }, // U+04BC
    { 0x04BE, 142 }, // U+04BE
    { 0x04C0, 18 }, // U+04C0
    { 0x04C1, 92 }, // U+04C1
    { 0x04C2, 107 }, // U+04C2
    { 0x04C3, 143 }, // U+04C3
    { 0x04C4, 144 }, // U+04C4
    { 0x04C6, 105 }, // U+04C6
    { 0x04C7, 84 }, // U+04C7
    { 0x04C8, 145 }, // U+04C8
    { 0x04C9, 91 }, // U+04C9
    { 0x04CA, 105 }, // U+04CA
    { 0x04CC, 112 }, // U+04CC
    { 0x04CD, 91 }, // U+04CD
    { 0x04CE, 105 }, // U+04CE
    { 0x04CF, 18 }, // U+04CF
    { 0x04D0, 89 }, // U+04D0
    { 0x04D1, 101 }, // U+04D1
    { 0x04D2, 89 }, // U+04D2
    { 0x04D3, 101 }, // U+04D3
    { 0x04D4, 146 }, // U+04D4
    { 0x04D5, 147 }, // U+04D5
    { 0x04D6, 79 }, // U+04D6
    { 0x04D7, 106 }, // U+04D7
    { 0x04D8, 148 }, // U+04D8
    { 0x04DA, 148 }, // U+04DA
    { 0x04DC, 92 }, // U+04DC
    { 0x04DD, 107 }, // U+04DD
    { 0x04DE, 93 }, // U+04DE
    { 0x04DF, 108 }, // U+04DF
    { 0x04E0, 149 }, // U+04E0
    { 0x04E1, 150 }, // U+04E1
    { 0x04E2, 18 }, // U+04E2
    { 0x04E4, 18 }, // U+04E4
    { 0x04E6, 95 }, // U+04E6
    { 0x04E7, 113 }, // U+04E7
    { 0x04E8, 95 }, // U+04E8
    { 0x04E9, 113 }, // U+04E9
    { 0x04EA, 95 }, // U+04EA
    { 0x04EB, 113 }, // U+04EB
    { 0x04EC, 100 }, // U+04EC
    { 0x04ED, 108 }, // U+04ED
    { 0x04EE, 88 }, // U+04EE
    { 0x04EF, 117 }, // U+04EF
    { 0x04F0, 88 }, // U+04F0
    { 0x04F1, 117 }, // U+04F1
    { 0x04F2, 88 }, // U+04F2
    { 0x04F3, 117 }, // U+04F3
    { 0x04F6, 81 }, // U+04F6
    { 0x04F7, 104 }, // U+04F7
    { 0x04F8, 18 }, // U+04F8
    { 0x04F9, 112 }, // U+04F9
    { 0x0E40, 151 }, // U+0E40
    { 0x0E41, 151 }, // U+0E41
    { 0x0E42, 151 }, // U+0E42
    { 0x0E43, 151 }, // U+0E43
    { 0x0E44, 151 }, // U+0E44
    { 0x0E50, 152 }, // U+0E50
    { 0x0E51, 152 }, // U+0E51
    { 0x0E54, 153 }, // U+0E54
    { 0x0E55, 153 }, // U+0E55
    { 0x0E59, 154 }, // U+0E59
    { 0x1EF2, 33 }, // U+1EF2
    { 0x1EF3, 59 }, // U+1EF3
    { 0x2013, 7 }, // U+2013
    { 0x2014, 7 }, // U+2014
    { 0x2018, 155 }, // U+2018
    { 0x2019, 156 }, // U+2019
    { 0x201A, 157 }, // U+201A
    { 0x201C, 155 }, // U+201C
    { 0x201D, 156 }, // U+201D
    { 0x201E, 157 }, // U+201E
    { 0x2026, 6 }, // U+2026
    { 0x2039, 64 }, // U+2039
    { 0x203A, 65 }, // U+203A
    { 0xFB00, 42 }, // U+FB00
    { 0xFB01, 45 }, // U+FB01
    { 0xFB02, 48 }, // U+FB02
    { 0xFB03, 45 }, // U+FB03
    { 0xFB04, 48 }, // U+FB04
};

static const EpdKernClassEntry ubuntu_12_boldKernRightClasses[] = {
    { 0x0021, 1 }, // !
    { 0x0022, 2 }, // "
    { 0x0026, 3 }, // &
    { 0x0027, 2 }, // '
    { 0x0028, 4 }, // (
    { 0x0029, 5 }, // )
    { 0x002A, 6 }, // *
    { 0x002C, 7 }, // ,
    { 0x002D, 8 }, // -
    { 0x002E, 7 }, // .
    { 0x002F, 9 }, // /
    { 0x003A, 10 }, // :
    { 0x003B, 10 }, // ;
    { 0x003F, 11 }, // ?
    { 0x0040, 12 }, // @
    { 0x0041, 13 }, // A
    { 0x0042, 14 }, // B
    { 0x0043, 15 }, // C
    { 0x0044, 14 }, // D
    { 0x0045, 14 }, // E
    { 0x0046, 14 }, // F
    { 0x0047, 16 }, // G
    { 0x0048, 14 }, // H
    { 0x0049, 14 }, // I
    { 0x004A, 17 }, // J
    { 0x004B, 14 }, // K
    { 0x004C, 14 }, // L
    { 0x004D, 18 }, // M
    { 0x004E, 14 }, // N
    { 0x004F, 19 }, // O
    { 0x0050, 14 }, // P
    { 0x0051, 19 }, // Q
    { 0x0052, 14 }, // R
    { 0x0053, 20 }, // S
    { 0x0054, 21 }, // T
    { 0x0055, 22 }, // U
    { 0x0056, 23 }, // V
    { 0x0057, 24 }, // W
    { 0x0058, 25 }, // X
    { 0x0059, 26 }, // Y
    { 0x005A, 27 }, // Z
    { 0x005B, 28 }, // [
    { 0x005C, 29 }, // <backslash>
    { 0x005D, 30 }, // ]
    { 0x0061, 31 }, // a
    { 0x0062, 32 }, // b
    { 0x0063, 33 }, // c
    { 0x0064, 34 }, // d
    { 0x0065, 33 }, // e
    { 0x0066, 35 }, // f
    { 0x0067, 33 }, // g
    { 0x0068, 36 }, // h
    { 0x0069, 37 }, // i
    { 0x006A, 38 }, // j
    { 0x006B, 36 }, // k
    { 0x006C, 36 }, // l
    { 0x006D, 39 }, // m
    { 0x006E, 39 }, // n
    { 0x006F, 34 }, // o
    { 0x0070, 39 }, // p
    { 0x0071, 33 }, // q
    { 0x0072, 39 }, // r
    { 0x0073, 40 }, // s
    { 0x0074, 41 }, // t
    { 0x0075, 42 }, // u
    { 0x0076, 43 }, // v
    { 0x0077, 44 }, // w
    { 0x0078, 45 }, // x
    { 0x0079, 46 }, // y
    { 0x007A, 47 }, // z
    { 0x007B, 48 }, // {
    { 0x007D, 49 }, // }
    { 0x00AB, 50 }, // U+00AB
    { 0x00BB, 51 }, // U+00BB
    { 0x00C0, 13 }, // U+00C0
    { 0x00C1, 13 }, // U+00C1
    { 0x00C2, 13 }, // U+00C2
    { 0x00C3, 13 }, // U+00C3
    { 0x00C4, 13 }, // U+00C4
    { 0x00C5, 13 }, // U+00C5
    { 0x00C6, 52 }, // U+00C6
    { 0x00C7, 15 }, // U+00C7
    { 0x00C8, 14 }, // U+00C8
    { 0x00C9, 14 }, // U+00C9
    { 0x00CA, 14 }, // U+00CA
    { 0x00CB, 14 }, // U+00CB
    { 0x00CC, 14 }, // U+00CC
    { 0x00CD, 14 }, // U+00CD
    { 0x00CE, 14 }, // U+00CE
    { 0x00CF, 14 }, // U+00CF
    { 0x00D0, 14 }, // U+00D0
    { 0x00D1, 14 }, // U+00D1
    { 0x00D2, 19 }, // U+00D2
    { 0x00D3, 19 }, // U+00D3
    { 0x00D4, 19 }, // U+00D4
    { 0x00D5, 19 }, // U+00D5
    { 0x00D6, 19 }, // U+00D6
    { 0x00D8, 19 }, // U+00D8
    { 0x00D9, 22 }, // U+00D9
    { 0x00DA, 22 }, // U+00DA
    { 0x00DB, 22 }, // U+00DB
    { 0x00DC, 22 }, // U+00DC
    { 0x00DD, 26 }, // U+00DD
    { 0x00DF, 53 }, // U+00DF
    { 0x00E0, 31 }, // U+00E0
    { 0x00E1, 31 }, // U+00E1
    { 0x00E2, 31 }, // U+00E2
    { 0x00E3, 31 }, // U+00E3
    { 0x00E4, 54 }, // U+00E4
    { 0x00E5, 31 }, // U+00E5
    { 0x00E6, 31 }, // U+00E6
    { 0x00E7, 33 }, // U+00E7
    { 0x00E8, 33 }, // U+00E8
    { 0x00E9, 33 }, // U+00E9
    { 0x00EA, 33 }, // U+00EA
    { 0x00EB, 33 }, // U+00EB
    { 0x00EC, 55 }, // U+00EC
    { 0x00ED, 37 }, // U+00ED
    { 0x00EE, 56 }, // U+00EE
    { 0x00EF, 57 }, // U+00EF
    { 0x00F0, 58 }, // U+00F0
    { 0x00F1, 39 }, // U+00F1
    { 0x00F2, 34 }, // U+00F2
    { 0x00F3, 34 }, // U+00F3
    { 0x00F4, 34 }, // U+00F4
    { 0x00F5, 34 }, // U+00F5
    { 0x00F6, 34 }, // U+00F6
    { 0x00F8, 34 }, // U+00F8
    { 0x00F9, 42 }, // U+00F9
    { 0x00FA, 42 }, // U+00FA
    { 0x00FB, 42 }, // U+00FB
    { 0x00FC, 42 }, // U+00FC
    { 0x00FD, 46 }, // U+00FD
    { 0x00FF, 46 }, // U+00FF
    { 0x0100, 13 }, // U+0100
    { 0x0101, 31 }, // U+0101
    { 0x0102, 13 }, // U+0102
    { 0x0103, 31 }, // U+0103
    { 0x0104, 13 }, // U+0104
    { 0x0105, 31 }, // U+0105
    { 0x0106, 15 }, // U+0106
    { 0x0107, 33 }, // U+0107
    { 0x0108, 15 }, // U+0108
    { 0x0109, 33 }, // U+0109
    { 0x010A, 15 }, // U+010A
    { 0x010B, 33 }, // U+010B
    { 0x010C, 15 }, // U+010C
    { 0x010D, 33 }, // U+010D
    { 0x010E, 14 }, // U+010E
    { 0x010F, 34 }, // U+010F
    { 0x0111, 34 }, // U+0111
    { 0x0112, 14 }, // U+0112
    { 0x0113, 33 }, // U+0113
    { 0x0114, 14 }, // U+0114
    { 0x0115, 33 }, // U+0115
    { 0x0116, 14 }, // U+0116
    { 0x0117, 33 }, // U+0117
    { 0x0118, 14 }, // U+0118
    { 0x0119, 33 }, // U+0119
    { 0x011A, 14 }, // U+011A
    { 0x011B, 33 }, // U+011B
    { 0x011C, 16 }, // U+011C
    { 0x011D, 33 }, // U+011D
    { 0x011E, 16 }, // U+011E
    { 0x011F, 33 }, // U+011F
    { 0x0120, 16 }, // U+0120
    { 0x0121, 33 }, // U+0121
    { 0x0122, 16 }, // U+0122
    { 0x0123, 33 }, // U+0123
    { 0x0124, 14 }, // U+0124
    { 0x0125, 36 }, // U+0125
    { 0x0126, 14 }, // U+0126
    { 0x0127, 36 }, // U+0127
    { 0x0128, 14 }, // U+0128
    { 0x0129, 59 }, // U+0129
    { 0x012A, 14 }, // U+012A
    { 0x012B, 60 }, // U+012B
    { 0x012C, 14 }, // U+012C
    { 0x012D, 61 }, // U+012D
    { 0x012E, 14 }, // U+012E
    { 0x012F, 37 }, // U+012F
    { 0x0130, 14 }, // U+0130
    { 0x0131, 37 }, // U+0131
    { 0x0132, 14 }, // U+0132
    { 0x0133, 37 }, // U+0133
    { 0x0134, 17 }, // U+0134
    { 0x0135, 38 }, // U+0135
    { 0x0136, 14 }, // U+0136
    { 0x0137, 36 }, // U+0137
    { 0x0139, 14 }, // U+0139
    { 0x013A, 36 }, // U+013A
    { 0x013B, 14 }, // U+013B
    { 0x013C, 36 }, // U+013C
    { 0x013D, 14 }, // U+013D
    { 0x013E, 36 }, // U+013E
    { 0x013F, 14 }, // U+013F
    { 0x0140, 36 }, // U+0140
    { 0x0141, 14 }, // U+0141
    { 0x0142, 36 }, // U+0142
    { 0x0143, 14 }, // U+0143
    { 0x0144, 39 }, // U+0144
    { 0x0145, 14 }, // U+0145
    { 0x0146, 39 }, // U+0146
    { 0x0147, 14 }, // U+0147
    { 0x0148, 39 }, // U+0148
    { 0x0149, 39 }, // U+0149
    { 0x014A, 62 }, // U+014A
    { 0x014B, 63 }, // U+014B
    { 0x014C, 19 }, // U+014C
    { 0x014D, 34 }, // U+014D
    { 0x014E, 19 }, // U+014E
    { 0x014F, 34 }, // U+014F
    { 0x0150, 19 }, // U+0150
    { 0x0151, 34 }, // U+0151
    { 0x0152, 19 }, // U+0152
    { 0x0153, 34 }, // U+0153
    { 0x0154, 14 }, // U+0154
    { 0x0155, 39 }, // U+0155
    { 0x0156, 14 }, // U+0156
    { 0x0157, 39 }, // U+0157
    { 0x0158, 14 }, // U+0158
    { 0x0159, 39 }, // U+0159
    { 0x015A, 20 }, // U+015A
    { 0x015B, 40 }, // U+015B
    { 0x015C, 20 }, // U+015C
    { 0x015D, 40 }, // U+015D
    { 0x015E, 20 }, // U+015E
    { 0x015F, 40 }, // U+015F
    { 0x0160, 20 }, // U+0160
    { 0x0161, 40 }, // U+0161
    { 0x0162, 21 }, // U+0162
    { 0x0163, 41 }, // U+0163
    { 0x0164, 21 }, // U+0164
    { 0x0165, 41 }, // U+0165
    { 0x0166, 21 }, // U+0166
    { 0x0167, 41 }, // U+0167
    { 0x0168, 22 }, // U+0168
    { 0x0169, 42 }, // U+0169
    { 0x016A, 22 }, // U+016A
    { 0x016B, 42 }, // U+016B
    { 0x016C, 22 }, // U+016C
    { 0x016D, 42 }, // U+016D
    { 0x016E, 22 }, // U+016E
    { 0x016F, 42 }, // U+016F
    { 0x0170, 22 }, // U+0170
    { 0x0171, 42 }, // U+0171
    { 0x0172, 22 }, // U+0172
    { 0x0173, 42 }, // U+0173
    { 0x0174, 24 }, // U+0174
    { 0x0175, 44 }, // U+0175
    { 0x0176, 26 }, // U+0176
    { 0x0177, 46 }, // U+0177
    { 0x0178, 26 }, // U+0178
    { 0x0179, 27 }, // U+0179
    { 0x017A, 47 }, // U+017A
    { 0x017B, 27 }, // U+017B
    { 0x017C, 47 }, // U+017C
    { 0x017D, 27 }, // U+017D
    { 0x017E, 47 }, // U+017E
    { 0x017F, 35 }, // U+017F
    { 0x01A0, 19 }, // U+01A0
    { 0x01A1, 34 }, // U+01A1
    { 0x01AF, 22 }, // U+01AF
    { 0x01B0, 42 }, // U+01B0
    { 0x01C4, 14 }, // U+01C4
    { 0x01C5, 14 }, // U+01C5
    { 0x01C6, 34 }, // U+01C6
    { 0x01C7, 14 }, // U+01C7
    { 0x01C8, 14 }, // U+01C8
    { 0x01C9, 36 }, // U+01C9
    { 0x01CA, 14 }, // U+01CA
    { 0x01CB, 14 }, // U+01CB
    { 0x01CC, 39 }, // U+01CC
    { 0x01CD, 13 }, // U+01CD
    { 0x01CE, 31 }, // U+01CE
    { 0x01CF, 14 }, // U+01CF
    { 0x01D0, 37 }, // U+01D0
    { 0x01D1, 19 }, // U+01D1
    { 0x01D2, 34 }, // U+01D2
    { 0x01D3, 22 }, // U+01D3
    { 0x01D4, 42 }, // U+01D4
    { 0x01D5, 22 }, // U+01D5
    { 0x01D6, 42 }, // U+01D6
    { 0x01D7, 22 }, // U+01D7
    { 0x01D8, 42 }, // U+01D8
    { 0x01D9, 22 }, // U+01D9
    { 0x01DA, 42 }, // U+01DA
    { 0x01DB, 22 }, // U+01DB
    { 0x01DC, 42 }, // U+01DC
    { 0x01DD, 64 }, // U+01DD
    { 0x01DE, 13 }, // U+01DE
    { 0x01DF, 31 }, // U+01DF
    { 0x01E0, 13 }, // U+01E0
    { 0x01E1, 31 }, // U+01E1
    { 0x01E2, 52 }, // U+01E2
    { 0x01E3, 31 }, // U+01E3
    { 0x01E4, 16 }, // U+01E4
    { 0x01E5, 33 }, // U+01E5
    { 0x01E6, 16 }, // U+01E6
    { 0x01E7, 33 }, // U+01E7
    { 0x01E8, 14 }, // U+01E8
    { 0x01E9, 36 }, // U+01E9
    { 0x01EA, 19 }, // U+01EA
    { 0x01EB, 34 }, // U+01EB
    { 0x01EC, 19 }, // U+01EC
    { 0x01ED, 34 }, // U+01ED
    { 0x01EE, 65 }, // U+01EE
    { 0x01F0, 38 }, // U+01F0
    { 0x01F1, 14 }, // U+01F1
    { 0x01F2, 14 }, // U+01F2
    { 0x01F3, 34 }, // U+01F3
    { 0x01F4, 16 }, // U+01F4
    { 0x01F5, 33 }, // U+01F5
    { 0x01F8, 14 }, // U+01F8
    { 0x01F9, 39 }, // U+01F9
    { 0x01FA, 13 }, // U+01FA
    { 0x01FB, 31 }, // U+01FB
    { 0x01FC, 52 }, // U+01FC
    { 0x01FD, 31 }, // U+01FD
    { 0x01FE, 19 }, // U+01FE
    { 0x01FF, 34 }, // U+01FF
    { 0x0200, 13 }, // U+0200
    { 0x0201, 31 }, // U+0201
    { 0x0202, 13 }, // U+0202
    { 0x0203, 31 }, // U+0203
    { 0x0204, 14 }, // U+0204
    { 0x0205, 33 }, // U+0205
    { 0x0206, 14 }, // U+0206
    { 0x0207, 33 }, // U+0207
    { 0x0208, 14 }, // U+0208
    { 0x0209, 37 }, // U+0209
    { 0x020A, 14 }, // U+020A
    { 0x020B, 37 }, // U+020B
    { 0x020C, 19 }, // U+020C
    { 0x020D, 34 }, // U+020D
    { 0x020E, 19 }, // U+020E
    { 0x020F, 34 }, // U+020F
    { 0x0210, 14 }, // U+0210
    { 0x0211, 39 }, // U+0211
    { 0x0212, 14 }, // U+0212
    { 0x0213, 39 }, // U+0213
    { 0x0214, 22 }, // U+0214
    { 0x0215, 42 }, // U+0215
    { 0x0216, 22 }, // U+0216
    { 0x0217, 42 }, // U+0217
    { 0x0218, 20 }, // U+0218
    { 0x0219, 40 }, // U+0219
    { 0x021A, 21 }, // U+021A
    { 0x021B, 41 }, // U+021B
    { 0x021C, 66 }, // U+021C
    { 0x021D, 67 }, // U+021D
    { 0x021E, 14 }, // U+021E
    { 0x021F, 36 }, // U+021F
    { 0x0402, 68 }, // U+0402
    { 0x0404, 69 }, // U+0404
    { 0x0405, 70 }, // U+0405
    { 0x0408, 71 }, // U+0408
    { 0x0409, 72 }, // U+0409
    { 0x040B, 68 }, // U+040B
    { 0x040E, 73 }, // U+040E
    { 0x0410, 74 }, // U+0410
    { 0x0414, 75 }, // U+0414
    { 0x0416, 76 }, // U+0416
    { 0x0417, 77 }, // U+0417
    { 0x041B, 72 }, // U+041B
    { 0x041C, 78 }, // U+041C
    { 0x041E, 79 }, // U+041E
    { 0x0421, 69 }, // U+0421
    { 0x0422, 68 }, // U+0422
    { 0x0423, 73 }, // U+0423
    { 0x0424, 80 }, // U+0424
    { 0x0425, 81 }, // U+0425
    { 0x0427, 82 }, // U+0427
    { 0x042D, 83 }, // U+042D
    { 0x042F, 84 }, // U+042F
    { 0x0430, 85 }, // U+0430
    { 0x0431, 86 }, // U+0431
    { 0x0432, 87 }, // U+0432
    { 0x0433, 88 }, // U+0433
    { 0x0434, 89 }, // U+0434
    { 0x0435, 90 }, // U+0435
    { 0x0436, 91 }, // U+0436
    { 0x0437, 92 }, // U+0437
    { 0x0438, 88 }, // U+0438
    { 0x0439, 88 }, // U+0439
    { 0x043A, 88 }, // U+043A
    { 0x043B, 93 }, // U+043B
    { 0x043C, 94 }, // U+043C
    { 0x043D, 88 }, // U+043D
    { 0x043E, 95 }, // U+043E
    { 0x043F, 88 }, // U+043F
    { 0x0440, 96 }, // U+0440
    { 0x0441, 97 }, // U+0441
    { 0x0442, 98 }, // U+0442
    { 0x0443, 99 }, // U+0443
    { 0x0444, 100 }, // U+0444
    { 0x0445, 101 }, // U+0445
    { 0x0446, 88 }, // U+0446
    { 0x0447, 102 }, // U+0447
    { 0x0448, 88 }, // U+0448
    { 0x0449, 103 }, // U+0449
    { 0x044A, 104 }, // U+044A
    { 0x044B, 88 }, // U+044B
    { 0x044C, 88 }, // U+044C
    { 0x044D, 105 }, // U+044D
    { 0x044E, 106 }, // U+044E
    { 0x044F, 107 }, // U+044F
    { 0x0450, 90 }, // U+0450
    { 0x0451, 90 }, // U+0451
    { 0x0452, 108 }, // U+0452
    { 0x0453, 88 }, // U+0453
    { 0x0454, 109 }, // U+0454
    { 0x0455, 110 }, // U+0455
    { 0x0456, 111 }, // U+0456
    { 0x0457, 112 }, // U+0457
    { 0x0458, 113 }, // U+0458
    { 0x0459, 93 }, // U+0459
    { 0x045A, 88 }, // U+045A
    { 0x045B, 114 }, // U+045B
    { 0x045C, 88 }, // U+045C
    { 0x045D, 88 }, // U+045D
    { 0x045E, 99 }, // U+045E
    { 0x045F, 103 }, // U+045F
    { 0x0462, 68 }, // U+0462
    { 0x0463, 115 }, // U+0463
    { 0x0472, 79 }, // U+0472
    { 0x0473, 95 }, // U+0473
    { 0x0475, 99 }, // U+0475
    { 0x048B, 88 }, // U+048B
    { 0x048D, 116 }, // U+048D
    { 0x048F, 96 }, // U+048F
    { 0x0491, 88 }, // U+0491
    { 0x0493, 88 }, // U+0493
    { 0x0495, 88 }, // U+0495
    { 0x0496, 76 }, // U+0496
    { 0x0497, 91 }, // U+0497
    { 0x0498, 77 }, // U+0498
    { 0x0499, 92 }, // U+0499
    { 0x049B, 88 }, // U+049B
    { 0x049D, 88 }, // U+049D
    { 0x049F, 88 }, // U+049F
    { 0x04A1, 88 }, // U+04A1
    { 0x04A3, 88 }, // U+04A3
    { 0x04A5, 88 }, // U+04A5
    { 0x04A7, 88 }, // U+04A7
    { 0x04A8, 117 }, // U+04A8
    { 0x04A9, 118 }, // U+04A9
    { 0x04AA, 69 }, // U+04AA
    { 0x04AB, 97 }, // U+04AB
    { 0x04AC, 68 }, // U+04AC
    { 0x04AD, 98 }, // U+04AD
    { 0x04AE, 119 }, // U+04AE
    { 0x04AF, 120 }, // U+04AF
    { 0x04B0, 119 }, // U+04B0
    { 0x04B1, 120 }, // U+04B1
    { 0x04B2, 81 }, // U+04B2
    { 0x04B3, 101 }, // U+04B3
    { 0x04B4, 68 }, // U+04B4
    { 0x04B5, 98 }, // U+04B5
    { 0x04B6, 82 }, // U+04B6
    { 0x04B7, 102 }, // U+04B7
    { 0x04B8, 82 }, // U+04B8
    { 0x04B9, 102 }, // U+04B9
    { 0x04BB, 121 }, // U+04BB
    { 0x04BC, 122 }, // U+04BC
    { 0x04BD, 123 }, // U+04BD
    { 0x04BE, 122 }, // U+04BE
    { 0x04BF, 123 }, // U+04BF
    { 0x04C1, 76 }, // U+04C1
    { 0x04C2, 91 }, // U+04C2
    { 0x04C4, 88 }, // U+04C4
    { 0x04C5, 72 }, // U+04C5
    { 0x04C6, 93 }, // U+04C6
    { 0x04C8, 88 }, // U+04C8
    { 0x04CA, 88 }, // U+04CA
    { 0x04CB, 82 }, // U+04CB
    { 0x04CC, 102 }, // U+04CC
    { 0x04CE, 94 }, // U+04CE
    { 0x04D0, 74 }, // U+04D0
    { 0x04D1, 85 }, // U+04D1
    { 0x04D2, 74 }, // U+04D2
    { 0x04D3, 85 }, // U+04D3
    { 0x04D4, 124 }, // U+04D4
    { 0x04D5, 125 }, // U+04D5
    { 0x04D7, 90 }, // U+04D7
    { 0x04D8, 126 }, // U+04D8
    { 0x04D9, 127 }, // U+04D9
    { 0x04DA, 126 }, // U+04DA
    { 0x04DB, 127 }, // U+04DB
    { 0x04DC, 76 }, // U+04DC
    { 0x04DD, 91 }, // U+04DD
    { 0x04DE, 77 }, // U+04DE
    { 0x04DF, 92 }, // U+04DF
    { 0x04E0, 128 }, // U+04E0
    { 0x04E1, 129 }, // U+04E1
    { 0x04E3, 88 }, // U+04E3
    { 0x04E5, 88 }, // U+04E5
    { 0x04E6, 79 }, // U+04E6
    { 0x04E7, 95 }, // U+04E7
    { 0x04E8, 79 }, // U+04E8
    { 0x04E9, 95 }, // U+04E9
    { 0x04EA, 79 }, // U+04EA
    { 0x04EB, 95 }, // U+04EB
    { 0x04EC, 83 }, // U+04EC
    { 0x04ED, 92 }, // U+04ED
    { 0x04EE, 73 }, // U+04EE
    { 0x04EF, 99 }, // U+04EF
    { 0x04F0, 73 }, // U+04F0
    { 0x04F1, 99 }, // U+04F1
    { 0x04F2, 73 }, // U+04F2
    { 0x04F3, 99 }, // U+04F3
    { 0x04F4, 82 }, // U+04F4
    { 0x04F5, 102 }, // U+04F5
    { 0x04F7, 88 }, // U+04F7
    { 0x04F9, 88 }, // U+04F9
    { 0x0E02, 130 }, // U+0E02
    { 0x0E03, 130 }, // U+0E03
    { 0x0E04, 131 }, // U+0E04
    { 0x0E05, 131 }, // U+0E05
    { 0x0E06, 131 }, // U+0E06
    { 0x0E07, 132 }, // U+0E07
    { 0x0E08, 133 }, // U+0E08
    { 0x0E09, 133 }, // U+0E09
    { 0x0E0A, 130 }, // U+0E0A
    { 0x0E0B, 130 }, // U+0E0B
    { 0x0E0C, 133 }, // U+0E0C
    { 0x0E0D, 133 }, // U+0E0D
    { 0x0E10, 133 }, // U+0E10
    { 0x0E11, 131 }, // U+0E11
    { 0x0E12, 131 }, // U+0E12
    { 0x0E13, 133 }, // U+0E13
    { 0x0E14, 131 }, // U+0E14
    { 0x0E15, 131 }, // U+0E15
    { 0x0E16, 133 }, // U+0E16
    { 0x0E18, 134 }, // U+0E18
    { 0x0E19, 135 }, // U+0E19
    { 0x0E1A, 133 }, // U+0E1A
    { 0x0E1B, 133 }, // U+0E1B
    { 0x0E1E, 134 }, // U+0E1E
    { 0x0E1F, 134 }, // U+0E1F
    { 0x0E22, 136 }, // U+0E22
    { 0x0E23, 135 }, // U+0E23
    { 0x0E24, 133 }, // U+0E24
    { 0x0E25, 135 }, // U+0E25
    { 0x0E27, 135 }, // U+0E27
    { 0x0E28, 131 }, // U+0E28
    { 0x0E29, 133 }, // U+0E29
    { 0x0E2A, 135 }, // U+0E2A
    { 0x0E2C, 134 }, // U+0E2C
    { 0x0E2D, 135 }, // U+0E2D
    { 0x0E2E, 135 }, // U+0E2E
    { 0x0E50, 137 }, // U+0E50
    { 0x0E51, 137 }, // U+0E51
    { 0x0E54, 138 }, // U+0E54
    { 0x0E55, 138 }, // U+0E55
    { 0x0E56, 139 }, // U+0E56
    { 0x0E58, 137 }, // U+0E58
    { 0x1EF2, 26 }, // U+1EF2
    { 0x1EF3, 46 }, // U+1EF3
    { 0x2013, 8 }, // U+2013
    { 0x2014, 8 }, // U+2014
    { 0x2018, 140 }, // U+2018
    { 0x2019, 141 }, // U+2019
    { 0x201A, 142 }, // U+201A
    { 0x201C, 140 }, // U+201C
    { 0x201D, 141 }, // U+201D
    { 0x201E, 142 }, // U+201E
    { 0x2026, 7 }, // U+2026
    { 0x2039, 50 }, // U+2039
    { 0x203A, 51 }, // U+203A
    { 0xFB00, 35 }, // U+FB00
    { 0xFB01, 35 }, // U+FB01
    { 0xFB02, 35 }, // U+FB02
    { 0xFB03, 35 }, // U+FB03
    { 0xFB04, 35 }, // U+FB04
};

static const int8_t ubuntu_12_boldKernMatrix[] = {
       0,    0,    0,    0,    0,    0,    0,    0,    0,    0,    0,    0,  -20,    0,    0,    0,  -35,    0,    0,    0,    0,    0,    7,    8,    0,    0,    0,    0,    0,    0,    0,    0,    0,    0,    0,    0,    0,    0,    0,    0,    0,    0,    0,    0,    0,    0,    0,    0,    0,    0,    0,  -43,    0,    0,    0,    0,    0,    0,    0,    0,    0,    0,    0,    0,    0,    0,    0,    7,    0,    0,  -38,  -25,    0,  -23,  -23,    0,    0,    0,    0,   -6,    0,    5,    0,    0,   -6,    0,    0,    0,  -17,  -12,    0,    0,  -18,   -6,  -12,    0,  -13,    0,    0,  -19,    0,    0,    0,    0,    0,    0,   -8,    4,  -10,   -6,    0,    0,    0,    4,    0,    0,    0,  -12,    0,    0,    0,    0,    0,  -40,   -6,    0,   -5,    0,    0,    0,    0,    0,    0,    0,    0,    0,    0,    0,    0,    0,    0,    0,
       0,    0,    0,    0,    0,    0,    0,    0,    0,    0,    0,    0,   12,    0,   -8,   -8,    8,    0,   -8,    0,  -32,    0,  -28,  -16,    4,  -40,    0,    0,    0,    0,   -8,    0,   -8,   -8,    0,    0,    0,    0,    0,    0,    0,    0,  -15,  -12,    4,  -15,    0,    0,    0,    0,    0,    0,    0,   -8,    0,    0,    0,    0,    0,    0,    0,    0,    0,    0,    0,    0,    0,    0,    0,    0,    0,    0,    0,    0,    0,    0,    0,    0,    0,    0,    0,    0,    0,    0,    0,    0,    0,    0,    0,    0,    0,    0,    0,    0,    0,    0,    0,    0,    0,    0,    0,    0,    0,    0,    0,    0,    0,    0,    0,    0,    0,    0,    0,    0,    0,    0,    0,    0,    0,    0,    0,    0,    0,    0,    0,    0,    0,    0,    0,    0,    0,    0,    0,    0,    0,    0,    0,    0,    0,    0,    0,    0,
       0,    0,    0,  -12,   32,   -8,    0,   -4,    0,    0,    0,  -12,    0,    0,   -8,   -8,    0,    0,   -8,    0,   10,    0,   12,   10,   10,   13,    4,    0,    0,    0,  -10,    0,  -12,  -12,   -5,    0,    5,   34,   -8,   -7,    0,  -10,   -4,   -4,    0,   12,    0,    0,    0,    0,    0,    0,   -6,  -10,    5,    5,    5,  -12,    5,    5,    5,    0,    0,    0,    0,    0,    0,   10,   -8,   -5,    0,    0,    7,    0,    8,    8,    0,    0,   -8,  -12,   10,    0,    0,    0,  -10,   -5,   -6,   -6,    8,   -9,    0,    0,    0,   -4,  -12,    0,   -9,    0,   12,  -14,    0,   -8,   -6,    0,    0,   -6,    0,    7,   -7,   -7,    5,    5,   34,    7,    0,    0,  -13,  -12,   10,    0,    0,    0,   -6,    5,   -7,   -5,   -8,    0,    5,    0,    0,    0,    0,    0,    0,    0,    0,    0,    0,    0,    0,    0,
       0,    0,    0,   -9,    0,   -8,    0,    9,    0,    0,    0,   -5,   -8,    0,    0,    0,   -5,    0,    0,    0,   -8,    0,  -13,   -5,   -8,  -16,   -4,    0,    0,    0,    0,    0,    0,    0,    0,    0,    0,    0,    0,    0,    0,    0,    0,    0,   -6,    0,    0,    0,    0,    0,    0,   -8,    0,    0,    0,    0,    0,    0,    0,    0,    0,   -9,    0,    0,    0,    0,    0,   -8,    0,   -6,   -5,    0,   -8,   -8,    0,   -6,   -6,    0,    0,    0,   -8,    0,   -8,   -9,    0,    0,    0,    0,    0,    0,    0,    0,    0,    0,    0,    0,    0,    0,    0,    0,   -6,    0,    0,    0,    0,    0,    0,   -7,    0,    0,    0,    0,    0,    0,    0,    0,    0,    0,  -13,    0,    0,    0,    0,    0,    0,    0,    0,   -7,   -7,    0,    0,    0,    0,    0,    0,    0,    0,    0,    0,    0,    0,    0,
       0,    0,    0,    0,    0,    0,    0,    0,    0,    0,    0,   -8,  -32,    0,    0,    0,  -42,   -4,    0,    0,    0,    0,    0,    0,   -9,   -4,    0,    0,    0,    0,   -7,    0,  -12,  -12,    0,    0,    0,   -4,    0,   -4,    0,    0,    6,    6,    5,    6,    0,    0,    0,    0,    0,  -56,    0,   -7,    0,    0,    0,  -19,    0,    0,    0,   -5,    0,    0,    0,    0,    0,    0,    0,    0,  -42,  -30,   -5,  -32,  -29,   -7,   -6,   -4,    0,    0,   -9,    0,   -6,    0,   -7,    0,    0,    0,  -18,   -6,    0,    0,  -18,   -6,  -12,    0,   -6,    0,    0,   -7,    5,    0,    0,    0,    0,    0,   -5,    0,   -4,   -4,    0,    0,   -4,    0,    0,    0,    0,   -6,    0,    0,    0,    0,    0,  -29,   -4,   -5,    0,   -4,    0,    0,    0,    0,    0,    0,    0,    0,    0,    0,    0,    0,    0,    0,
       0,    0,    0,    0,    0,    0,    0,    0,    0,    0,    0,    0,   12,    0,  -16,  -16,   16,    0,  -16,    5,  -32,  -12,  -33,  -17,   10,  -38,    9,    0,    0,    0,  -12,    0,  -12,  -12,    0,    0,    0,    0,    0,    0,    0,    0,  -23,  -22,    8,  -23,    7,    0,    0,    0,    0,   10,    0,  -12,    0,    0,    0,   -8,    0,    0,    0,    0,    0,    0,    0,    0,    0,  -32,   -6,    5,   16,    9,    0,   12,   11,    5,    6,    0,  -16,  -16,   10,  -30,    0,    0,    0,    0,    0,    0,   11,    0,    0,    6,   11,    0,  -12,    0,    0,  -15,  -12,    0,    8,  -18,    0,   -8,    6,    0,    0,    0,    0,    0,    0,    0,    0,    0,   -6,    0,   -7,    0,  -26,  -13,    0,  -33,  -19,   12,    0,   -4,    0,    5,  -16,    0,    0,    0,    0,    0,    0,    0,    0,    0,    0,    0,    0,    0,
       0,    0,    0,    0,    0,    0,    0,    0,    0,    0,    0,    0,    0,    0,    8,    8,   -6,    0,    8,    0,  -22,    0,  -12,    0,  -13,  -27,   -4,    0,    0,    0,    6,    0,    5,    5,    8,    0,    0,    0,    0,    0,    0,    0,    0,    3,   -8,    0,    0,    0,    0,    0,    0,  -18,    0,    6,    0,    0,    0,    5,    0,    0,    0,    7,    0,    0,    0,    0,    0,  -22,    9,   -4,   -6,    0,  -10,    0,    0,  -12,    0,    0,    8,    8,  -13,    0,   -6,    0,    6,   10,    5,    5,    0,   10,   -9,    0,    0,    0,    5,    5,   10,    0,    0,   10,   -8,    8,    5,    0,    0,    5,    4,    0,   12,    0,    5,    5,    5,    0,    0,    6,    8,   10,  -18,    0,    5,    0,   11,    0,    0,    9,   10,   -6,    0,    0,    0,    0,    0,    0,    0,    0,    0,    0,    0,    0,    0,    0,
       0,    0,    0,    0,    0,    0,    0,    0,    0,    0,    0,  -14,  -26,    0,  -10,  -10,  -28,    0,  -10,    0,   17,    0,   19,   17,   13,   20,    7,    0,    0,    0,  -16,    7,  -23,  -23,    0,    7,    6,    6,  -13,  -12,    0,   -8,    0,    0,    0,    0,   -4,    0,    0,    0,    0,  -48,    0,  -16,    6,    6,    6,  -19,    6,    6,    6,    0,    0,    0,    0,    0,    0,   17,   -7,    0,  -28,  -21,    9,  -26,  -21,   11,    0,    0,  -10,   -7,   13,    5,    0,   -7,  -16,   -5,   -6,   -6,  -18,  -13,    0,    0,  -18,  -11,  -23,   -6,  -13,    0,    0,  -14,    0,    0,   -6,    0,    0,   -5,  -11,   10,  -11,  -12,    6,    6,    6,   10,    0,    0,   -7,  -13,   12,    0,    0,    0,    0,  -22,   -8,    0,   -7,    0,   -4,    0,    0,    0,    0,    0,    0,    0,    0,    0,    0,    0,    0,    0,
       0,    0,    0,    0,    0,    0,    0,    0,    0,    0,    0,    0,    7,    0,    0,    0,   10,    0,    0,    0,  -25,    0,   -5,    0,    6,  -15,    5,    0,    0,    0,    0,    0,    0,    0,    0,    0,    0,    0,    0,    0,    0,    0,    6,    6,    5,    6,    4,    0,    0,    0,    0,    6,    0,    0,    0,    0,    0,    0,    0,    0,    0,    0,    0,    0,    0,    0,    0,  -25,    0,    0,   10,    0,    0,    7,    0,    0,    0,    0,    0,    0,    6,    0,    0,    0,    0,    0,    0,    0,    0,    0,    0,    0,    6,    0,    0,    0,    0,    0,    0,    0,    5,    0,    0,    0,    0,    0,    0,    0,    0,    0,    0,    0,    0,    0,    6,    6,    0,    0,   -9,    0,    0,    6,    6,    8,    0,    0,    0,    0,    0,    0,    0,    0,    0,    0,    0,    0,    0,    0,    0,    0,    0,    0,
       0,    0,    0,    0,    0,    0,    0,    0,    0,    0,    0,    0,   -8,    0,    0,    0,   -7,    0,    0,    0,  -14,    0,  -12,   -4,  -10,  -17,   -5,    0,    0,    0,    0,    0,    0,    0,    0,    0,    0,    0,    0,    0,    0,    0,    0,    0,   -4,    0,    0,    0,    0,    0,    0,  -22,    0,    0,    0,    0,    0,    0,    0,    0,    0,   -6,    0,    0,    0,    0,    0,  -14,    0,   -4,   -7,    0,  -10,   -8,    0,  -13,   -7,    0,    0,    0,  -10,    0,  -10,   -7,    0,    0,    0,    0,    0,    0,    0,    0,    0,    0,    0,    0,    0,    0,    0,    0,   -4,    0,    0,    0,    0,    0,    0,   -6,    0,    0,    0,    0,    0,    0,    0,    0,    0,    0,  -14,    0,    0,    0,    0,   -7,    0,    0,    0,   -8,    0,    0,    0,    0,    0,    0,    0,    0,    0,    0,    0,    0,    0,    0,
       0,  -20,    0,   -7,    0,  -32,   12,    0,   10,    8,  -13,    0,   15,    0,  -10,  -10,   13,    0,  -10,    8,  -33,   -8,  -26,  -16,   15,  -40,   10,    0,  -32,  -10,   -4,    0,   -4,   -4,    0,    0,    0,    0,    0,    4,    0,    0,  -14,  -10,   10,  -14,    6,   -4,    0,   -6,    5,    8,    0,   -4,    0,    0,    0,   -6,    0,    0,    0,    0,    0,    0,    0,  -18,    0,    0,    0,    0,    0,    0,    0,    0,    0,    0,    0,    0,    0,    0,    0,    0,    0,    0,    0,    0,    0,    0,    0,    0,    0,    0,    0,    0,    0,    0,    0,    0,    0,    0,    0,    0,    0,    0,    0,    0,    0,    0,    0,    0,    0,    0,    0,    0,    0,    0,    0,    0,    0,    0,    0,    0,    0,    0,    0,    0,    0,    0,    0,    0,    0,    0,    0,    0,    0,    0,    0,    0,    0,  -30,  -26,   17,
       0,    0,    0,    0,   -5,   -5,    0,    4,  -12,    4,   -8,    0,   -4,    0,    0,    0,    0,    0,    0,    0,   -7,    0,  -12,   -4,   -9,  -14,    0,    0,   -8,   -9,    0,    0,    0,    0,    0,    0,    0,    0,    0,    0,    0,    0,   -4,    0,   -3,   -4,   -4,    0,   -4,    4,    4,  -10,    0,    0,    0,    0,    0,    0,    0,    0,    0,    0,    0,    0,    0,   -6,    0,    0,    0,    0,    0,    0,    0,    0,    0,    0,    0,    0,    0,    0,    0,    0,    0,    0,    0,    0,    0,    0,    0,    0,    0,    0,    0,    0,    0,    0,    0,    0,    0,    0,    0,    0,    0,    0,    0,    0,    0,    0,    0,    0,    0,    0,    0,    0,    0,    0,    0,    0,    0,    0,    0,    0,    0,    0,    0,    0,    0,    0,    0,    0,    0,    0,    0,    0,    0,    0,    0,    0,    0,    0,    0,    4,
       0,    0,    3,   -5,    6,   -4,    9,   -4,    5,    8,    6,    0,   11,    0,  -10,  -10,   12,    0,  -10,    7,    8,    0,    8,    8,   10,   10,    7,    0,    8,   10,    4,    0,   -5,   -5,    0,    0,    0,    0,    0,    2,    0,   -5,    0,    0,   10,    0,    6,    0,    0,  -10,    6,   10,    0,    4,    0,    0,    0,   -4,    0,    0,    0,    0,    0,    0,    0,    0,    0,    0,    0,    0,    0,    0,    0,    0,    0,    0,    0,    0,    0,    0,    0,    0,    0,    0,    0,    0,    0,    0,    0,    0,    0,    0,    0,    0,    0,    0,    0,    0,    0,    0,    0,    0,    0,    0,    0,    0,    0,    0,    0,    0,    0,    0,    0,    0,    0,    0,    0,    0,    0,    0,    0,    0,    0,    0,    0,    0,    0,    0,    0,    0,    0,    0,    0,    0,    0,    0,    0,    0,    0,    8,   14,   16,
       0,    0,    0,    0,   -8,    0,  -16,    8,  -21,    0,   -8,    0,  -10,    0,    0,    0,   -9,    0,    0,    0,   -9,    0,  -10,   -4,  -15,  -18,   -4,    0,    0,   -8,    0,    0,    0,    0,    0,    0,    0,    0,    0,    0,    0,    0,    0,    0,    0,    0,    0,    0,   -6,    4,    0,  -24,    0,    0,    0,    0,    0,    0,    0,    0,    0,    0,    0,    0,   -6,   -8,    0,    0,    0,    0,    0,    0,    0,    0,    0,    0,    0,    0,    0,    0,    0,    0,    0,    0,    0,    0,    0,    0,    0,    0,    0,    0,    0,    0,    0,    0,    0,    0,    0,    0,    0,    0,    0,    0,    0,    0,    0,    0,    0,    0,    0,    0,    0,    0,    0,    0,    0,    0,    0,    0,    0,    0,    0,    0,    0,    0,    0,    0,    0,    0,    0,    0,    0,    0,    0,    0,    0,    0,    0,    0,    4,   -5,
       0,    0,    0,    0,    0,    0,    0,    0,    0,    0,    0,    0,    0,    0,    0,    0,   10,    0,   -7,    0,    0,    0,    4,    0,    8,    4,    4,    0,    0,    0,   -5,    0,   -5,   -5,    0,    0,    0,    0,    0,    0,    0,    0,    0,    0,    8,    0,    0,    0,    0,    0,    5,    7,    0,   -5,    0,    0,    0,   -4,    0,    0,    0,    4,    0,    0,    0,    0,    0,    0,    0,    0,    0,    0,    0,    0,    0,    0,    0,    0,    0,    0,    0,    0,    0,    0,    0,    0,    0,    0,    0,    0,    0,    0,    0,    0,    0,    0,    0,    0,    0,    0,    0,    0,    0,    0,    0,    0,    0,    0,    0,    0,    0,    0,    0,    0,    0,    0,    0,    0,    0,    0,    0,    0,    0,    0,    0,    0,    0,    0,    0,    0,    0,    0,    0,    0,    0,    0,    0,    0,    0,    5,    7,   16,
       0,    0,   -8,   -6,    8,    0,  -25,    6,  -31,    0,    8,   -4,  -19,    0,   -3,   -3,  -30,   -4,   -3,    0,    8,    0,   10,    8,    5,   11,    0,    0,   12,   10,  -10,    0,   -4,   -4,    0,    0,    0,    0,   -8,   -5,    0,   -8,    0,    0,   -4,    0,   -8,    0,    0,    0,   -4,  -47,    0,  -10,    0,    0,    0,   -4,    0,    0,    0,    0,    0,    0,    0,    0,    0,    0,    0,    0,    0,    0,    0,    0,    0,    0,    0,    0,    0,    0,    0,    0,    0,    0,    0,    0,    0,    0,    0,    0,    0,    0,    0,    0,    0,    0,    0,    0,    0,    0,    0,    0,    0,    0,    0,    0,    0,    0,    0,    0,    0,    0,    0,    0,    0,    0,    0,    0,    0,    0,    0,    0,    0,    0,    0,    0,    0,    0,    0,    0,    0,    0,    0,    0,    0,    0,    0,    0,    0,   16,   15,  -25,
       0,    0,    0,    0,    0,  -10,    8,    7,    0,    4,    0,    0,    0,    0,    0,    0,    0,    0,    0,    0,   -4,    0,   -8,   -8,    0,   -8,    0,    0,    0,    0,    0,    0,    0,    0,    0,    0,    0,    0,    0,    0,    0,    0,   -4,    0,    0,   -4,    0,    0,    0,    0,    0,    0,    0,    0,    0,    0,    0,    0,    0,    0,    0,    0,    0,    0,    0,    0,    0,    0,    0,    0,    0,    0,    0,    0,    0,    0,    0,    0,    0,    0,    0,    0,    0,    0,    0,    0,    0,    0,    0,    0,    0,    0,    0,    0,    0,    0,    0,    0,    0,    0,    0,    0,    0,    0,    0,    0,    0,    0,    0,    0,    0,    0,    0,    0,    0,    0,    0,    0,    0,    0,    0,    0,    0,    0,    0,    0,    0,    0,    0,    0,    0,    0,    0,    0,    0,    0,    0,    0,    0,   -4,    0,    9,
       0,    0,    0,    0,    0,    0,    0,    0,   -4,    0,    0,    0,    0,    0,    0,    0,    0,    0,    0,    0,    0,    0,    0,    0,    0,    0,    0,    0,    0,    0,    0,    0,    0,    0,    0,    0,    0,    0,    0,    0,    0,    0,    0,    0,    0,    0,    0,    0,    0,    0,    0,    0,    0,    0,    0,    0,    0,    0,    0,    0,    0,    0,    0,    0,    0,    0,    0,    0,    0,    0,    0,    0,    0,    0,    0,    0,    0,    0,    0,    0,    0,    0,    0,    0,    0,    0,    0,    0,    0,    0,    0,    0,    0,    0,    0,    0,    0,    0,    0,    0,    0,    0,    0,    0,    0,    0,    0,    0,    0,    0,    0,    0,    0,    0,    0,    0,    0,    0,    0,    0,    0,    0,    0,    0,    0,    0,    0,    0,    0,    0,    0,    0,    0,    0,    0,    0,    0,    0,    0,    0,    0,    0,
       0,    0,    0,    0,    0,    0,    0,    0,  -12,    0,    0,    0,   -8,    0,    0,    0,   -5,    0,    0,    0,    0,    0,    0,    0,    0,    0,    0,    0,    4,    0,    0,    0,    0,    0,    0,    0,    0,    0,    0,    0,    0,    0,    0,    0,    0,    0,    0,    0,    0,    0,    4,  -16,    0,    0,    0,    0,    0,    0,    0,    0,    0,    0,    0,    0,    0,    0,    0,    0,    0,    0,    0,    0,    0,    0,    0,    0,    0,    0,    0,    0,    0,    0,    0,    0,    0,    0,    0,    0,    0,    0,    0,    0,    0,    0,    0,    0,    0,    0,    0,    0,    0,    0,    0,    0,    0,    0,    0,    0,    0,    0,    0,    0,    0,    0,    0,    0,    0,    0,    0,    0,    0,    0,    0,    0,    0,    0,    0,    0,    0,    0,    0,    0,    0,    0,    0,    0,    0,    0,    0,    6,    6,    0,
       0,    0,   -8,   -8,   10,  -16,   12,  -20,    9,    4,    0,   -6,   10,    0,  -22,  -22,    8,    0,  -22,    0,    9,    0,    7,    5,   14,    7,   10,    0,    8,   11,   -4,    0,  -16,  -16,    0,    0,    0,    0,    0,    4,   -4,  -14,  -18,  -18,   14,  -18,    8,   -5,    0,  -20,    0,   10,    0,   -4,    0,    0,   17,  -14,   14,   12,    4,    0,    0,   -7,    0,    0,    0,    0,    0,    0,    0,    0,    0,    0,    0,    0,    0,    0,    0,    0,    0,    0,    0,    0,    0,    0,    0,    0,    0,    0,    0,    0,    0,    0,    0,    0,    0,    0,    0,    0,    0,    0,    0,    0,    0,    0,    0,    0,    0,    0,    0,    0,    0,    0,    0,    0,    0,    0,    0,    0,    0,    0,    0,    0,    0,    0,    0,    0,    0,    0,    0,    0,    0,    0,    0,    0,    0,    0,    0,    0,    0,   12,
       4,  -39,    4,    0,    0,  -41,   16,   -8,    7,   10,  -14,    0,   12,    0,   -8,   -8,   12,    4,   -8,    7,  -31,   -4,  -34,  -20,   12,  -40,    7,    0,  -32,  -13,    5,    0,    0,    0,    0,    0,    0,    0,    0,    3,    0,    0,  -19,  -12,   12,  -19,    6,   -6,   -5,   -8,    8,   12,    0,    5,    0,    0,    0,    0,    0,    0,    0,    0,    0,    0,    0,  -20,    0,    0,    0,    0,    0,    0,    0,    0,    0,    0,    0,    0,    0,    0,    0,    0,    0,    0,    0,    0,    0,    0,    0,    0,    0,    0,    0,    0,    0,    0,    0,    0,    0,    0,    0,    0,    0,    0,    0,    0,    0,    0,    0,    0,    0,    0,    0,    0,    0,    0,    0,    0,    0,    0,    0,    0,    0,    0,    0,    0,    0,    0,    0,    0,    0,    0,    0,    0,    0,    0,    0,    0,    0,  -26,  -22,   19,
       0,    0,    0,    0,    0,   -4,    0,    0,   -4,    0,   -6,    0,    0,    0,    0,    0,    0,    0,    0,    0,   -4,    0,   -4,    0,    0,   -6,    0,    0,   -8,    0,    0,    0,    0,    0,    0,    0,    0,    0,    0,    0,    0,    0,    0,    0,    0,    0,    0,    0,    0,    0,    0,    0,    0,    0,    0,    0,    0,    0,    0,    0,    0,    0,    0,    0,    0,    0,    0,    0,    0,    0,    0,    0,    0,    0,    0,    0,    0,    0,    0,    0,    0,    0,    0,    0,    0,    0,    0,    0,    0,    0,    0,    0,    0,    0,    0,    0,    0,    0,    0,    0,    0,    0,    0,    0,    0,    0,    0,    0,    0,    0,    0,    0,    0,    0,    0,    0,    0,    0,    0,    0,    0,    0,    0,    0,    0,    0,    0,    0,    0,    0,    0,    0,    0,    0,    0,    0,    0,    0,    0,   -8,   -6,    0,
       0,    0,    0,    0,   -8,    0,  -16,    8,  -21,    0,   -8,    0,  -10,    0,    0,    0,   -9,    0,    0,    0,   -9,    0,  -10,   -4,  -15,  -18,   -4,    0,    0,   -8,    0,    0,    0,    0,    0,    0,    0,    0,    0,    0,    0,    0,    0,    0,    0,    0,    0,    0,   -5,    4,    0,  -24,    0,    0,    0,    0,    0,    0,    0,    0,    0,    0,    0,    0,   -4,   -9,    0,    0,    0,    0,    0,    0,    0,    0,    0,    0,    0,    0,    0,    0,    0,    0,    0,    0,    0,    0,    0,    0,    0,    0,    0,    0,    0,    0,    0,    0,    0,    0,    0,    0,    0,    0,    0,    0,    0,    0,    0,    0,    0,    0,    0,    0,    0,    0,    0,    0,    0,    0,    0,    0,    0,    0,    0,    0,    0,    0,    0,    0,    0,    0,    0,    0,    0,    0,    0,    0,    0,    0,    0,    0,    4,   -5,
       0,    0,   -8,    0,   -3,    0,  -42,    0,  -32,    5,    0,    0,  -27,    0,    0,    0,  -36,    0,    0,    0,    5,    0,    0,    0,   -9,   -4,    0,   -6,    0,   -5,   -8,    0,   -6,   -6,    0,    0,    0,    0,    0,    0,    0,    0,    8,    8,    5,    8,    0,    0,   -4,   -4,    5,  -50,    0,   -8,    0,    0,    0,   -9,    0,    0,    0,    0,    0,    0,    0,    0,    0,    0,    0,    0,    0,    0,    0,    0,    0,    0,    0,    0,    0,    0,    0,    0,    0,    0,    0,    0,    0,    0,    0,    0,    0,    0,    0,    0,    0,    0,    0,    0,    0,    0,    0,    0,    0,    0,    0,    0,    0,    0,    0,    0,    0,    0,    0,    0,    0,    0,    0,    0,    0,    0,    0,    0,    0,    0,    0,    0,    0,    0,    0,    0,    0,    0,    0,    0,    0,    0,    0,    0,    0,   12,   12,  -37,
       0,    0,    0,    0,   -8,    0,  -16,    8,  -21,    0,   -8,    0,  -10,    0,    0,    0,   -9,    0,    0,    0,   -9,    0,  -10,   -4,  -15,  -18,   -4,    0,    0,   -8,    0,    0,    0,    0,    0,    0,    0,    6,    0,    0,    0,    0,    0,    0,    0,    0,    0,    0,    0,    4,    0,  -24,    0,    0,    0,    0,    0,    0,    0,    0,    0,    0,    0,    0,   -4,    0,    0,    0,    0,    0,    0,    0,    0,    0,    0,    0,    0,    0,    0,    0,    0,    0,    0,    0,    0,    0,    0,    0,    0,    0,    0,    0,    0,    0,    0,    0,    0,    0,    0,    0,    0,    0,    0,    0,    0,    0,    0,    0,    0,    0,    0,    0,    0,    0,    0,    0,    0,    0,    0,    0,    0,    0,    0,    0,    0,    0,    0,    0,    0,    0,    0,    0,    0,    0,    0,    0,    0,    0,    0,    0,    4,   -5,
       0,    0,    0,    0,    0,   -4,   10,   -8,    7,    5,   -6,   -4,   12,    0,   -7,   -7,   10,    0,   -7,    0,   -4,   -3,   -6,    0,    8,  -13,    7,    0,   -4,   -9,  -10,    0,  -10,  -10,    0,    0,    0,    0,    0,    0,   -4,   -4,    0,    0,    7,    0,    4,    0,    0,   -9,    0,    8,    0,  -10,    0,    0,    0,  -11,    0,    0,    0,    0,    0,    0,    0,    0,    0,    0,    0,    0,    0,    0,    0,    0,    0,    0,    0,    0,    0,    0,    0,    0,    0,    0,    0,    0,    0,    0,    0,    0,    0,    0,    0,    0,    0,    0,    0,    0,    0,    0,    0,    0,    0,    0,    0,    0,    0,    0,    0,    0,    0,    0,    0,    0,    0,    0,    0,    0,    0,    0,    0,    0,    0,    0,    0,    0,    0,    0,    0,    0,    0,    0,    0,    0,    0,    0,    0,    0,    0,    5,    4,   13,
       0,    0,    0,    0,   -3,  -14,    4,   11,   -6,    0,   -4,    0,    0,    0,    0,    0,    0,    0,    0,    0,   -8,    0,   -4,   -4,    0,   -4,    0,    0,    0,    0,    5,    0,    0,    0,    0,    0,    0,    0,    0,    0,    0,    0,   -6,   -5,   -4,   -6,    0,    0,    0,    6,    0,   -8,    0,    5,    0,    0,    0,    0,    0,    0,    0,    0,    0,    0,    0,    0,    0,    0,    0,    0,    0,    0,    0,    0,    0,    0,    0,    0,    0,    0,    0,    0,    0,    0,    0,    0,    0,    0,    0,    0,    0,    0,    0,    0,    0,    0,    0,    0,    0,    0,    0,    0,    0,    0,    0,    0,    0,    0,    0,    0,    0,    0,    0,    0,    0,    0,    0,    0,    0,    0,    0,    0,    0,    0,    0,    0,    0,    0,    0,    0,    0,    0,    0,    0,    0,    0,    0,    0,    0,   -8,    0,    7,
       0,    0,   -8,   -7,   10,    0,  -32,  -22,  -39,  -24,   10,  -14,  -33,    0,   -9,   -9,  -33,   -4,   -9,    0,   10,    0,   12,   10,   10,   14,    4,    0,   16,   12,  -30,    0,  -30,  -30,    0,    0,    0,    0,  -28,  -29,    0,  -28,  -30,  -30,  -30,  -30,  -28,   -7,    0,  -30,  -26,  -46,    0,  -30,   -4,   11,   18,  -37,   18,   13,   12,    0,  -22,  -24,    0,    0,    0,    0,    0,    0,    0,    0,    0,    0,    0,    0,    0,    0,    0,    0,    0,    0,    0,    0,    0,    0,    0,    0,    0,    0,    0,    0,    0,    0,    0,    0,    0,    0,    0,    0,    0,    0,    0,    0,    0,    0,    0,    0,    0,    0,    0,    0,    0,    0,    0,    0,    0,    0,    0,    0,    0,    0,    0,    0,    0,    0,    0,    0,    0,    0,    0,    0,    0,    0,    0,    0,    0,    0,    0,   11,    8,  -21,
       0,    0,    0,    0,    0,    0,  -12,    0,  -22,    4,    0,    0,   -8,    0,    0,    0,   -8,    0,    0,    0,    0,    0,    0,    0,    0,    0,    0,    0,    4,    0,    0,    0,    0,    0,    0,    0,    0,    0,    0,    0,    0,    0,    0,    0,    0,    0,    0,    0,    0,    0,    0,  -22,    0,    0,    0,    0,    0,    0,    0,    0,    0,    0,    0,    0,    0,    0,    0,    0,    0,    0,    0,    0,    0,    0,    0,    0,    0,    0,    0,    0,    0,    0,    0,    0,    0,    0,    0,    0,    0,    0,    0,    0,    0,    0,    0,    0,    0,    0,    0,    0,    0,    0,    0,    0,    0,    0,    0,    0,    0,    0,    0,    0,    0,    0,    0,    0,    0,    0,    0,    0,    0,    0,    0,    0,    0,    0,    0,    0,    0,    0,    0,    0,    0,    0,    0,    0,    0,    0,    0,    2,    9,    0,
       0,    7,  -12,  -12,   13,    0,  -32,  -12,  -38,   -5,   11,  -12,  -26,    0,  -10,  -10,  -35,   -4,  -10,    0,   13,    0,   15,   13,   13,   16,    6,    0,   16,   15,  -16,    0,  -22,  -22,    0,    0,    0,    0,   -9,  -15,    0,   -8,    0,    0,    0,    0,   -5,   -7,    0,  -16,    0,  -59,    0,  -16,    8,    0,   20,  -24,   18,   14,   13,    0,   -7,   -8,    0,    0,    0,    0,    0,    0,    0,    0,    0,    0,    0,    0,    0,    0,    0,    0,    0,    0,    0,    0,    0,    0,    0,    0,    0,    0,    0,    0,    0,    0,    0,    0,    0,    0,    0,    0,    0,    0,    0,    0,    0,    0,    0,    0,    0,    0,    0,    0,    0,    0,    0,    0,    0,    0,    0,    0,    0,    0,    0,    0,    0,    0,    0,    0,    0,    0,    0,    0,    0,    0,    0,    0,    0,    0,    0,   11,   15,  -25,
       0,    8,   -8,   -4,   11,    0,  -18,    0,  -25,    0,   10,   -4,  -16,    0,   -4,   -4,  -19,    0,   -4,    0,   11,    0,   13,   11,   11,   14,    4,    0,   16,   13,  -11,    0,  -13,  -13,    0,    0,    0,    0,   -6,   -6,    0,   -6,    5,    5,    4,    5,    0,   -4,    0,   -6,    0,  -21,    0,  -11,    0,    0,   18,  -14,   16,    0,    0,    0,    0,    0,    0,    0,    0,    0,    0,    0,    0,    0,    0,    0,    0,    0,    0,    0,    0,    0,    0,    0,    0,    0,    0,    0,    0,    0,    0,    0,    0,    0,    0,    0,    0,    0,    0,    0,    0,    0,    0,    0,    0,    0,    0,    0,    0,    0,    0,    0,    0,    0,    0,    0,    0,    0,    0,    0,    0,    0,    0,    0,    0,    0,    0,    0,    0,    0,    0,    0,    0,    0,    0,    0,    0,    0,    0,    0,    0,   11,   16,  -10,
       0,    0,   -8,   -8,   10,  -10,   10,  -13,    9,    7,    8,   -6,   14,    0,  -15,  -15,   10,    0,  -15,    7,   10,    0,   12,   10,   14,   13,   10,    0,   12,   12,  -12,    0,  -12,  -12,    0,    0,    0,    0,    0,    4,    0,  -10,  -10,  -10,   10,  -10,    6,   -5,    0,  -15,    0,   14,    0,  -12,    0,    0,   16,   -8,   16,    8,    4,    0,    0,   -6,    0,    0,    0,    0,    0,    0,    0,    0,    0,    0,    0,    0,    0,    0,    0,    0,    0,    0,    0,    0,    0,    0,    0,    0,    0,    0,    0,    0,    0,    0,    0,    0,    0,    0,    0,    0,    0,    0,    0,    0,    0,    0,    0,    0,    0,    0,    0,    0,    0,    0,    0,    0,    0,    0,    0,    0,    0,    0,    0,    0,    0,    0,    0,    0,    0,    0,    0,    0,    0,    0,    0,    0,    0,    0,    0,    4,    6,   14,
       4,    0,  -20,  -16,   14,   -4,  -38,  -27,  -40,  -15,   12,  -24,  -40,    0,  -18,  -18,  -34,   -6,  -18,   -4,   14,    0,   16,   14,   14,   16,    7,    0,   16,   16,  -29,    0,  -35,  -35,    0,    0,    0,    0,  -15,  -28,    0,  -14,   -4,    0,   -8,   -4,  -14,   -6,    0,  -32,  -10,  -58,    0,  -50,    0,    0,   21,  -36,   18,   16,    7,    0,  -12,  -13,    0,    0,    0,    0,    0,    0,    0,    0,    0,    0,    0,    0,    0,    0,    0,    0,    0,    0,    0,    0,    0,    0,    0,    0,    0,    0,    0,    0,    0,    0,    0,    0,    0,    0,    0,    0,    0,    0,    0,    0,    0,    0,    0,    0,    0,    0,    0,    0,    0,    0,    0,    0,    0,    0,    0,    0,    0,    0,    0,    0,    0,    0,    0,    0,    0,    0,    0,    0,    0,    0,    0,    0,    0,    0,    0,   10,   12,  -26,
       0,    0,   -4,    0,    6,    0,   11,   -8,    0,    6,    6,   -4,   10,    0,   -5,   -5,   10,    0,   -5,    5,    6,    0,    8,    6,   10,    9,    5,    0,    8,    8,    4,    0,   -4,   -4,    0,    0,    0,    0,    0,    0,    0,    0,    0,    0,   10,    0,    4,    0,    0,  -12,    6,   10,    0,    4,    0,    4,   14,    0,   13,    4,    0,    0,    0,    0,    0,    0,    0,    0,    0,    0,    0,    0,    0,    0,    0,    0,    0,    0,    0,    0,    0,    0,    0,    0,    0,    0,    0,    0,    0,    0,    0,    0,    0,    0,    0,    0,    0,    0,    0,    0,    0,    0,    0,    0,    0,    0,    0,    0,    0,    0,    0,    0,    0,    0,    0,    0,    0,    0,    0,    0,    0,    0,    0,    0,    0,    0,    0,    0,    0,    0,    0,    0,    0,    0,    0,    0,    0,    0,    0,    8,   12,   17,
       0,    0,    0,    0,    0,    0,    0,    0,    0,    0,    0,    0,  -11,    0,   -8,   -8,  -11,    0,   -8,    0,   12,    0,   14,   12,   12,   15,    6,    0,    0,   36,  -14,    0,  -14,  -14,    0,    0,    4,   38,  -14,  -13,    0,  -14,  -12,  -12,  -12,   12,  -12,    0,    0,    0,    0,  -11,    0,  -14,    4,    4,    4,  -16,    4,    4,    4,    0,    0,    0,    0,    0,    0,   12,  -12,   -6,  -11,  -11,    8,  -11,    8,   10,    0,    0,   -8,  -15,   12,    0,    0,  -13,  -14,   -8,  -10,   -9,    8,  -13,   -9,  -10,   -9,  -11,  -14,    0,  -13,  -10,   12,  -15,  -12,  -14,   -4,  -10,  -10,   -9,  -11,    8,  -11,  -13,    4,    4,   38,    8,   -7,   -6,  -15,  -14,   11,   -9,    0,    0,   -9,    0,  -11,    0,  -11,    0,    5,    0,    0,    0,    0,    0,    0,    0,    0,    0,    0,    0,    0,    0,
       0,    0,    0,    0,    0,    0,    0,    0,    0,    0,    0,    0,    8,  -12,  -16,  -16,    4,  -12,  -16,    0,  -36,  -16,  -44,  -28,    8,  -44,    4,    0,    0,    0,  -10,    0,  -10,  -10,    0,    0,    0,   56,    0,    0,   -4,   -8,  -12,   -8,    0,   24,    0,    0,    0,    0,    0,    8,    0,  -10,    0,    0,    0,   -8,    0,    0,    0,    0,    0,    0,    0,    0,    0,    0,    0,    0,    0,    0,    0,    0,    0,    0,    0,    0,    0,    0,    0,    0,    0,    0,    0,    0,    0,    0,    0,    0,    0,    0,    0,    0,    0,    0,    0,    0,    0,    0,    0,    0,    0,    0,    0,    0,    0,    0,    0,    0,    0,    0,    0,    0,    0,    0,    0,    0,    0,    0,    0,    0,    0,    0,    0,    0,    0,    0,    0,    0,    0,    0,    0,    0,    0,    0,    0,    0,    0,    0,    0,    0,
       0,    0,    0,    0,    0,    0,    0,    0,    0,    0,    0,    0,    0,    0,    0,    0,    0,    0,    0,    0,    0,    0,    0,    0,    0,    0,    0,    0,    0,    0,    0,    0,    0,    0,    0,    0,    0,   13,    0,    0,    0,    0,    0,    0,    0,    0,    0,    0,    0,    0,    0,    0,    0,    0,    0,    0,    0,    0,    0,    0,    0,    0,    0,    0,    0,    0,    0,    0,   -4,   -4,    0,    0,    0,    0,    0,    0,    0,    0,   -4,   -6,    0,    0,   -5,   -5,    0,    0,    0,    0,    0,    0,    0,    0,    0,    0,    0,    0,    0,    0,    0,   -6,    0,    0,    0,    0,    0,    0,    0,    0,    0,    0,    0,    0,   13,    0,    0,    0,   -7,   -6,    0,    0,    0,    0,    0,    0,    0,   -4,    0,    0,   -4,    0,    0,    0,    0,    0,    0,    0,    0,    0,    0,    0,    0,    0,
       0,   -6,    0,    0,   -8,  -12,    0,    0,    0,    0,  -13,    0,    0,    0,    0,    0,    0,    0,    0,    0,    0,    0,    0,    0,    0,    0,    0,    0,  -16,  -14,    0,    0,    0,    0,    0,    0,    0,    0,    0,    0,    0,    0,   -5,   -4,    0,   -5,    0,    0,   -7,    0,    0,    0,    0,    0,    0,    0,    0,    0,    0,    0,    0,    0,    0,    0,    0,    0,    0,    0,    0,    0,    0,    0,    0,    0,    0,    0,    0,    0,    0,    0,    0,    0,    0,    0,    0,    0,    0,    0,    0,    0,    0,    0,    0,    0,    0,    0,    0,    0,    0,    0,    0,    0,    0,    0,    0,    0,    0,    0,    0,    0,    0,    0,    0,    0,    0,    0,    0,    0,    0,    0,    0,    0,    0,    0,    0,    0,    0,    0,    0,    0,    0,    0,    0,    0,    0,    0,    0,    0,    0,   -9,   -9,    5,
       0,   -8,    0,    0,  -10,  -12,  -12,    5,  -11,    0,  -11,    0,    0,    0,    0,    0,    0,    0,    0,    0,    0,    0,    0,    0,    0,    0,    0,    0,  -20,  -14,    0,    0,    0,    0,    0,    0,    0,    0,    0,    0,    0,    0,   -6,   -5,   -7,   -6,   -4,    0,   -8,    4,    0,    0,    0,    0,    0,    0,    0,    0,    0,    0,    0,    0,    0,    0,    0,    0,    0,    0,    0,    0,    0,    0,    0,    0,    0,    0,    0,    0,    0,    0,    0,    0,    0,    0,    0,    0,    0,    0,    0,    0,    0,    0,    0,    0,    0,    0,    0,    0,    0,    0,    0,    0,    0,    0,    0,    0,    0,    0,    0,    0,    0,    0,    0,    0,    0,    0,    0,    0,    0,    0,    0,    0,    0,    0,    0,    0,    0,    0,    0,    0,    0,    0,    0,    0,    0,    0,    0,    0,    0,  -10,  -10,    0,
       0,    0,    0,    0,    0,    0,    7,   -4,    0,    4,   -5,   -4,    0,    0,    0,    0,    0,    0,    0,    0,    0,    0,    0,    0,    0,    0,    0,    0,    0,  -14,  -10,    0,  -10,  -10,    0,    0,    0,    0,    0,    0,    0,    0,    3,    4,    5,    3,    0,    0,    0,   -6,    0,    0,    0,  -10,    0,    0,    0,  -12,    0,    0,    0,    0,    0,    0,    0,    0,    0,    0,    0,    0,    0,    0,    0,    0,    0,    0,    0,    0,    0,    0,    0,    0,    0,    0,    0,    0,    0,    0,    0,    0,    0,    0,    0,    0,    0,    0,    0,    0,    0,    0,    0,    0,    0,    0,    0,    0,    0,    0,    0,    0,    0,    0,    0,    0,    0,    0,    0,    0,    0,    0,    0,    0,    0,    0,    0,    0,    0,    0,    0,    0,    0,    0,    0,    0,    0,    0,    0,    0,    0,    4,   10,   10,
       0,    0,    0,    0,   -8,  -10,    0,    9,    0,    0,  -15,    0,    0,    0,    0,    0,    0,    0,    0,    0,    0,    0,    0,    0,    0,    0,    0,    0,  -24,  -14,    0,    0,    0,    0,    0,    0,    0,    0,    0,    0,    0,    0,   -6,   -4,    0,   -6,    0,    0,    0,    0,    0,    0,    0,    0,    0,    0,    0,    0,    0,    0,    0,    0,    0,    0,    0,    0,    0,    0,    0,    0,    0,    0,    0,    0,    0,    0,    0,    0,    0,    0,    0,    0,    0,    0,    0,    0,    0,    0,    0,    0,    0,    0,    0,    0,    0,    0,    0,    0,    0,    0,    0,    0,    0,    0,    0,    0,    0,    0,    0,    0,    0,    0,    0,    0,    0,    0,    0,    0,    0,    0,    0,    0,    0,    0,    0,    0,    0,    0,    0,    0,    0,    0,    0,    0,    0,    0,    0,    0,    0,    5,    6,    4,
       0,    0,    0,    0,   21,    9,  -24,    0,  -25,    7,   11,    0,    0,    0,    0,    0,    0,    0,    0,    0,    0,    0,    0,    0,    0,    0,    0,    0,   32,   21,   -3,    0,   -3,   -3,    0,    0,    5,    4,    0,    0,    0,    0,   11,   11,    8,   11,    0,    0,   12,   -4,    7,    0,    0,   -3,   13,    5,   26,   -8,   23,   21,   22,    0,    0,    0,    0,    0,    0,    0,    0,    0,    0,    0,    0,    0,    0,    0,    0,    0,    0,    0,    0,    0,    0,    0,    0,    0,    0,    0,    0,    0,    0,    0,    0,    0,    0,    0,    0,    0,    0,    0,    0,    0,    0,    0,    0,    0,    0,    0,    0,    0,    0,    0,    0,    0,    0,    0,    0,    0,    0,    0,    0,    0,    0,    0,    0,    0,    0,    0,    0,    0,    0,    0,    0,    0,    0,    0,    0,    0,    0,   15,   22,  -23,
       0,    0,    0,    0,   -5,  -10,    0,    0,    0,    0,   -9,    0,    0,    0,    0,    0,    0,    0,    0,    0,    0,    0,    0,    0,    0,    0,    0,    0,  -12,  -14,    0,    0,    0,    0,    0,    0,    0,   10,    0,    0,    0,    0,   -6,   -4,    0,   -6,    0,    0,    0,    0,    0,    0,    0,    0,    0,    0,    0,    0,    0,    0,    0,    0,    0,    0,    0,    0,    0,    0,    0,    0,    0,    0,    0,    0,    0,    0,    0,    0,    0,    0,    0,    0,    0,    0,    0,    0,    0,    0,    0,    0,    0,    0,    0,    0,    0,    0,    0,    0,    0,    0,    0,    0,    0,    0,    0,    0,    0,    0,    0,    0,    0,    0,    0,    0,    0,    0,    0,    0,    0,    0,    0,    0,    0,    0,    0,    0,    0,    0,    0,    0,    0,    0,    0,    0,    0,    0,    0,    0,    0,  -10,   -6,    4,
       0,   -8,    0,    0,   -8,  -10,    0,    0,    0,    0,  -15,    0,    0,    0,    0,    0,    0,    0,    0,    0,    0,    0,    0,    0,    0,    0,    0,    0,  -24,  -14,    0,    0,    0,    0,    0,    0,    0,    0,    0,    0,    0,    0,   -6,   -4,    0,   -6,    0,    0,   -7,    0,    0,    0,    0,    0,    0,    0,    0,    0,    0,    0,    0,    0,    0,    0,    0,    0,    0,    0,    0,    0,    0,    0,    0,    0,    0,    0,    0,    0,    0,    0,    0,    0,    0,    0,    0,    0,    0,    0,    0,    0,    0,    0,    0,    0,    0,    0,    0,    0,    0,    0,    0,    0,    0,    0,    0,    0,    0,    0,    0,    0,    0,    0,    0,    0,    0,    0,    0,    0,    0,    0,    0,    0,    0,    0,    0,    0,    0,    0,    0,    0,    0,    0,    0,    0,    0,    0,    0,    0,    0,  -10,   -6,    5,
       0,    0,    0,    0,    4,  -10,    0,    0,    0,    0,  -15,    0,    0,    0,    0,    0,    0,    0,    0,    0,    0,    0,    0,    0,    0,    0,    0,    0,  -24,  -14,    0,    0,    0,    0,    0,    0,    0,    0,    0,    0,    0,    0,   -6,   -4,    0,   -6,    0,    0,    0,    0,    0,    0,    0,    0,    0,    0,    0,    0,    0,    0,    0,    0,    0,    0,    0,    0,    0,    0,    0,    0,    0,    0,    0,    0,    0,    0,    0,    0,    0,    0,    0,    0,    0,    0,    0,    0,    0,    0,    0,    0,    0,    0,    0,    0,    0,    0,    0,    0,    0,    0,    0,    0,    0,    0,    0,    0,    0,    0,    0,    0,    0,    0,    0,    0,    0,    0,    0,    0,    0,    0,    0,    0,    0,    0,    0,    0,    0,    0,    0,    0,    0,    0,    0,    0,    0,    0,    0,    0,    0,  -10,   -6,    4,
       0,    0,    0,    0,    5,  -10,    0,    0,    0,    0,  -15,    0,    0,    0,    0,    0,    0,    0,    0,    0,    0,    0,    0,    0,    0,    0,    0,    0,  -24,    4,    0,    0,    0,    0,    0,    0,    0,   12,    0,    0,    0,    0,   -6,   -4,    0,   -6,    0,    0,    0,    0,    0,    0,    0,    0,    0,    0,    0,    0,    0,    0,    0,    0,    0,    0,    0,    0,    0,    0,    0,    0,    0,    0,    0,    0,    0,    0,    0,    0,    0,    0,    0,    0,    0,    0,    0,    0,    0,    0,    0,    0,    0,    0,    0,    0,    0,    0,    0,    0,    0,    0,    0,    0,    0,    0,    0,    0,    0,    0,    0,    0,    0,    0,    0,    0,    0,    0,    0,    0,    0,    0,    0,    0,    0,    0,    0,    0,    0,    0,    0,    0,    0,    0,    0,    0,    0,    0,    0,    0,    0,  -10,   -6,    4,
       0,    0,   -8,   -5,    0,    5,    5,  -18,    8,    4,    0,   -9,    0,    0,    0,    0,    0,    0,    0,    0,    0,    0,    0,    0,    0,    0,    0,    0,    0,  -10,   -4,    0,  -14,  -14,    0,    0,    0,    0,    0,    0,   -3,   -4,    8,    8,    8,    8,    6,   -6,    0,  -14,    0,    0,    0,   -4,    0,    0,    0,  -13,    0,    0,    0,    0,    0,    0,    0,    0,    0,    0,    0,    0,    0,    0,    0,    0,    0,    0,    0,    0,    0,    0,    0,    0,    0,    0,    0,    0,    0,    0,    0,    0,    0,    0,    0,    0,    0,    0,    0,    0,    0,    0,    0,    0,    0,    0,    0,    0,    0,    0,    0,    0,    0,    0,    0,    0,    0,    0,    0,    0,    0,    0,    0,    0,    0,    0,    0,    0,    0,    0,    0,    0,    0,    0,    0,    0,    0,    0,    0,    0,    0,    5,   10,    9,
       0,    0,    0,    0,   -8,  -10,   10,    0,    0,    8,   -6,    0,    0,    0,    0,    0,    0,    0,    0,    0,    0,    0,    0,    0,    0,    0,    0,    0,  -24,  -14,    6,    0,    0,    0,    0,    0,    0,    0,    0,    0,    0,    0,   -4,   -4,    8,   -4,    6,    0,    0,   -6,    8,    0,    0,    6,    0,    0,    0,    0,    0,    0,    0,    0,    0,    0,    0,    0,    0,    0,    0,    0,    0,    0,    0,    0,    0,    0,    0,    0,    0,    0,    0,    0,    0,    0,    0,    0,    0,    0,    0,    0,    0,    0,    0,    0,    0,    0,    0,    0,    0,    0,    0,    0,    0,    0,    0,    0,    0,    0,    0,    0,    0,    0,    0,    0,    0,    0,    0,    0,    0,    0,    0,    0,    0,    0,    0,    0,    0,    0,    0,    0,    0,    0,    0,    0,    0,    0,    0,    0,    0,  -10,  -10,   12,
       0,   -7,    0,    0,   -8,  -10,    0,    0,    0,    0,  -15,    0,    0,    0,    0,    0,    0,    0,    0,    0,    0,    0,    0,    0,    0,    0,    0,    0,  -24,  -14,    0,    0,    0,    0,    0,    0,    0,    0,    0,    0,    0,    0,   -6,   -4,    0,   -6,    0,    0,   -7,    0,    0,    0,    0,    0,    0,    0,    0,    0,    0,    0,    0,    0,    0,    0,    0,    0,    0,    0,    0,    0,    0,    0,    0,    0,    0,    0,    0,    0,    0,    0,    0,    0,    0,    0,    0,    0,    0,    0,    0,    0,    0,    0,    0,    0,    0,    0,    0,    0,    0,    0,    0,    0,    0,    0,    0,    0,    0,    0,    0,    0,    0,    0,    0,    0,    0,    0,    0,    0,    0,    0,    0,    0,    0,    0,    0,    0,    0,    0,    0,    0,    0,    0,    0,    0,    0,    0,    0,    0,    0,  -10,   -6,    5,
       0,   -7,    0,    0,  -10,  -12,  -12,    5,  -11,    0,  -11,    0,    0,    0,    0,    0,    0,    0,    0,    0,    0,    0,    0,    0,    0,    0,    0,    0,  -20,  -14,    0,    0,    0,    0,    0,    0,    0,    0,    0,    0,    0,    0,   -6,   -5,   -7,   -6,   -4,    0,   -9,    4,    0,    0,    0,    0,    0,    0,    0,    0,    0,    0,    0,    0,    0,    0,    0,    0,    0,    0,    0,    0,    0,    0,    0,    0,    0,    0,    0,    0,    0,    0,    0,    0,    0,    0,    0,    0,    0,    0,    0,    0,    0,    0,    0,    0,    0,    0,    0,    0,    0,    0,    0,    0,    0,    0,    0,    0,    0,    0,    0,    0,    0,    0,    0,    0,    0,    0,    0,    0,    0,    0,    0,    0,    0,    0,    0,    0,    0,    0,    0,    0,    0,    0,    0,    0,    0,    0,    0,    0,    0,  -10,  -10,    0,
       0,    0,    0,    0,   -8,  -10,    0,    0,    8,    0,   -9,    0,    0,    0,    0,    0,    0,    0,    0,    0,    0,    0,    0,    0,    0,    0,    0,    0,  -12,  -14,    0,    0,    0,    0,    0,    0,    0,   17,    0,    0,    0,    0,   -6,   -4,    0,   -6,    0,    0,    0,    0,    0,    0,    0,    0,    0,    0,    0,    0,    0,    0,    0,    0,    0,    0,    0,    0,    0,    0,    0,    0,    0,    0,    0,    0,    0,    0,    0,    0,    0,    0,    0,    0,    0,    0,    0,    0,    0,    0,    0,    0,    0,    0,    0,    0,    0,    0,    0,    0,    0,    0,    0,    0,    0,    0,    0,    0,    0,    0,    0,    0,    0,    0,    0,    0,    0,    0,    0,    0,    0,    0,    0,    0,    0,    0,    0,    0,    0,    0,    0,    0,    0,    0,    0,    0,    0,    0,    0,    0,    0,  -10,   -6,    4,
       0,    0,   -8,    0,    0,    7,  -24,    0,  -22,    7,    4,    0,    0,    0,    0,    0,    0,    0,    0,    0,    0,    0,    0,    0,    0,    0,    0,    0,    4,   -4,   -4,    0,   -4,   -4,    0,    0,    0,    0,    0,    0,    0,    0,   12,   12,    8,   12,    4,    0,    0,   -6,    8,    0,    0,   -4,    0,    0,    0,   -6,    0,    0,    0,    0,    0,    0,    0,    0,    0,    0,    0,    0,    0,    0,    0,    0,    0,    0,    0,    0,    0,    0,    0,    0,    0,    0,    0,    0,    0,    0,    0,    0,    0,    0,    0,    0,    0,    0,    0,    0,    0,    0,    0,    0,    0,    0,    0,    0,    0,    0,    0,    0,    0,    0,    0,    0,    0,    0,    0,    0,    0,    0,    0,    0,    0,    0,    0,    0,    0,    0,    0,    0,    0,    0,    0,    0,    0,    0,    0,    0,    0,   11,   19,  -22,
       0,    0,    0,    0,   -5,   -4,    0,    0,   -4,    0,  -14,    0,    0,    0,    0,    0,    0,    0,    0,    0,    0,    0,    0,    0,    0,    0,    0,    0,  -12,  -14,    0,    0,    0,    0,    0,    0,    0,    0,    0,    0,    0,    0,    0,    0,    0,    0,   -3,    0,   -7,    0,    0,    0,    0,    0,    0,    0,    0,    0,    0,    0,    0,    0,    0,    0,    0,    0,    0,    0,    0,    0,    0,    0,    0,    0,    0,    0,    0,    0,    0,    0,    0,    0,    0,    0,    0,    0,    0,    0,    0,    0,    0,    0,    0,    0,    0,    0,    0,    0,    0,    0,    0,    0,    0,    0,    0,    0,    0,    0,    0,    0,    0,    0,    0,    0,    0,    0,    0,    0,    0,    0,    0,    0,    0,    0,    0,    0,    0,    0,    0,    0,    0,    0,    0,    0,    0,    0,    0,    0,    0,    0,    0,    6,
       0,    0,    0,    0,    0,    0,    7,   -4,    0,    4,   -6,    0,    0,    0,    0,    0,    0,    0,    0,    0,    0,    0,    0,    0,    0,    0,    0,    0,   -8,  -13,   -8,    0,   -8,   -8,    0,    0,    0,    0,    0,    0,    0,    0,    4,    4,    7,    4,    0,    0,    0,   -8,    0,    0,    0,   -8,    0,    0,    0,   -4,    0,    0,    0,    0,    0,    0,    0,    0,    0,    0,    0,    0,    0,    0,    0,    0,    0,    0,    0,    0,    0,    0,    0,    0,    0,    0,    0,    0,    0,    0,    0,    0,    0,    0,    0,    0,    0,    0,    0,    0,    0,    0,    0,    0,    0,    0,    0,    0,    0,    0,    0,    0,    0,    0,    0,    0,    0,    0,    0,    0,    0,    0,    0,    0,    0,    0,    0,    0,    0,    0,    0,    0,    0,    0,    0,    0,    0,    0,    0,    0,    0,    6,    0,    9,
       0,    0,    0,    0,   -8,  -10,    0,    0,    0,    0,   -9,    0,    0,    0,    0,    0,    0,    0,    0,    0,    0,    0,    0,    0,    0,    0,    0,    0,  -24,  -12,    0,    0,    0,    0,    0,    0,    0,    0,    0,    0,    0,    0,   -6,   -4,    0,   -6,    0,    0,    0,    0,    0,    0,    0,    0,    0,    0,    0,    0,    0,    0,    0,    0,    0,    0,    0,    0,    0,    0,    0,    0,    0,    0,    0,    0,    0,    0,    0,    0,    0,    0,    0,    0,    0,    0,    0,    0,    0,    0,    0,    0,    0,    0,    0,    0,    0,    0,    0,    0,    0,    0,    0,    0,    0,    0,    0,    0,    0,    0,    0,    0,    0,    0,    0,    0,    0,    0,    0,    0,    0,    0,    0,    0,    0,    0,    0,    0,    0,    0,    0,    0,    0,    0,    0,    0,    0,    0,    0,    0,    0,  -10,   -6,    4,
       0,    0,   -4,    0,    0,    6,  -22,    0,  -16,    6,    0,    0,    0,    0,    0,    0,    0,    0,    0,    0,    0,    0,    0,    0,    0,    0,    0,    0,    0,  -12,   -4,    0,   -6,   -6,    0,    0,    0,    0,    0,    0,    0,    0,    8,    8,   10,    8,    5,    0,    0,    0,    7,    0,    0,   -4,    0,    0,    0,   -8,    0,    0,    0,    0,    0,    0,    0,    0,    0,    0,    0,    0,    0,    0,    0,    0,    0,    0,    0,    0,    0,    0,    0,    0,    0,    0,    0,    0,    0,    0,    0,    0,    0,    0,    0,    0,    0,    0,    0,    0,    0,    0,    0,    0,    0,    0,    0,    0,    0,    0,    0,    0,    0,    0,    0,    0,    0,    0,    0,    0,    0,    0,    0,    0,    0,    0,    0,    0,    0,    0,    0,    0,    0,    0,    0,    0,    0,    0,    0,    0,    0,    8,   16,  -16,
       0,    0,   -4,    0,    0,    7,  -21,    3,  -14,    6,    0,    0,    0,    0,    0,    0,    0,    0,    0,    0,    0,    0,    0,    0,    0,    0,    0,    0,    0,  -11,   -4,    0,   -5,   -5,    0,    0,    0,    0,    0,    0,    0,    0,    8,    8,    8,    8,    6,    0,    0,    0,    8,    0,    0,   -4,    0,    0,    0,   -6,    0,    0,    0,    0,    0,    0,    0,    0,    0,    0,    0,    0,    0,    0,    0,    0,    0,    0,    0,    0,    0,    0,    0,    0,    0,    0,    0,    0,    0,    0,    0,    0,    0,    0,    0,    0,    0,    0,    0,    0,    0,    0,    0,    0,    0,    0,    0,    0,    0,    0,    0,    0,    0,    0,    0,    0,    0,    0,    0,    0,    0,    0,    0,    0,    0,    0,    0,    0,    0,    0,    0,    0,    0,    0,    0,    0,    0,    0,    0,    0,    0,   10,   16,  -11,
       0,    0,   -8,   -5,    0,    5,    8,   -8,    8,    6,    0,   -4,    0,    0,    0,    0,    0,    0,    0,    0,    0,    0,    0,    0,    0,    0,    0,    0,    0,  -12,  -10,    0,  -10,  -10,    0,    0,    0,    0,    0,    0,    0,    0,   10,    8,   13,   10,    8,   -5,    0,  -11,    0,    0,    0,  -10,    0,    0,    0,   -9,    0,    0,    0,    0,    0,    0,    0,    0,    0,    0,    0,    0,    0,    0,    0,    0,    0,    0,    0,    0,    0,    0,    0,    0,    0,    0,    0,    0,    0,    0,    0,    0,    0,    0,    0,    0,    0,    0,    0,    0,    0,    0,    0,    0,    0,    0,    0,    0,    0,    0,    0,    0,    0,    0,    0,    0,    0,    0,    0,    0,    0,    0,    0,    0,    0,    0,    0,    0,    0,    0,    0,    0,    0,    0,    0,    0,    0,    0,    0,    0,    0,    6,   11,    8,
       0,    0,   -4,    0,    0,    6,  -22,    0,  -16,    6,    0,    0,    0,    0,    0,    0,    0,    0,    0,    0,    0,    0,    0,    0,    0,    0,    0,    0,    0,  -12,   -4,    0,   -6,   -6,    0,    0,    0,    0,    0,    0,    0,    0,    8,    8,   10,    8,    5,    0,    0,    0,    7,    0,    0,   -4,    0,    0,    0,   -8,    0,    0,    0,    0,    0,    0,    0,    0,    0,    0,    0,    0,    0,    0,    0,    0,    0,    0,    0,    0,    0,    0,    0,    0,    0,    0,    0,    0,    0,    0,    0,    0,    0,    0,    0,    0,    0,    0,    0,    0,    0,    0,    0,    0,    0,    0,    0,    0,    0,    0,    0,    0,    0,    0,    0,    0,    0,    0,    0,    0,    0,    0,    0,    0,    0,    0,    0,    0,    0,    0,    0,    0,    0,    0,    0,    0,    0,    0,    0,    0,    0,    8,   13,  -16,
       0,    0,    0,    0,    0,    0,   10,    0,    4,    4,   -4,    0,    0,    0,    0,    0,    0,    0,    0,    0,    0,    0,    0,    0,    0,    0,    0,    0,    0,  -11,   -6,    0,   -6,   -6,    0,    0,    0,    0,    0,    0,    0,    0,    8,    8,    9,    8,    0,    0,   -5,   -6,    4,    0,    0,   -6,    0,    0,    0,    0,    0,    0,    0,    0,    0,    0,    0,    0,    0,    0,    0,    0,    0,    0,    0,    0,    0,    0,    0,    0,    0,    0,    0,    0,    0,    0,    0,    0,    0,    0,    0,    0,    0,    0,    0,    0,    0,    0,    0,    0,    0,    0,    0,    0,    0,    0,    0,    0,    0,    0,    0,    0,    0,    0,    0,    0,    0,    0,    0,    0,    0,    0,    0,    0,    0,    0,    0,    0,    0,    0,    0,    0,    0,    0,    0,    0,    0,    0,    0,    0,    0,    6,   10,   11,
       0,    0,    0,    0,    0,    0,    0,    0,    0,    0,    0,    0,    0,    0,   -5,   -6,    0,    0,   -6,    0,    0,    0,    0,    0,    0,    0,    0,    0,    0,    0,    0,    0,    0,    0,    0,    0,    0,    0,    0,    0,    0,    0,    0,    0,    0,    0,    0,    0,   36,    0,    0,    0,    0,    0,    0,    0,    0,    0,    0,    0,    0,    0,    0,    0,    0,    0,    0,    8,   -9,   -6,    0,   -6,    8,    0,    8,   10,    0,    0,   -9,  -11,    8,    0,    0,   -8,   -7,   -6,   -6,   -6,    8,   -8,    0,   -6,    0,   -7,   -8,    0,   -8,   -6,   11,  -11,    0,  -10,   -4,   -6,   -7,   -6,   -7,    8,   -7,   -6,    0,    0,   26,    8,    0,    0,  -12,  -11,   11,    0,    0,    0,    0,    0,   -7,    0,   -7,    0,    5,    0,    0,    0,    0,    0,    0,    0,    0,    0,    0,    0,    0,    0,
       0,    0,    0,    0,    0,    0,    0,    0,    0,    0,    0,    0,    0,    0,    0,    0,   -5,    0,    0,    0,   -7,    0,   -7,    0,   -5,   -6,    0,    0,    0,    0,    0,    0,    0,    0,    0,    0,    0,    0,    0,    0,    0,    0,    0,    0,    0,    0,    0,    0,    0,    0,    0,   -5,    0,    0,    0,    0,    0,    0,    0,    0,    0,    0,    0,    0,    0,    0,    0,   -7,    0,   -6,   -5,   -7,   -8,   -4,   -6,   -5,   -7,    0,    0,    0,   -5,    0,   -8,   -6,    0,    0,    0,    0,   -4,    0,   -5,    0,   -5,    0,    0,    0,    0,    0,    0,    0,    0,    0,    0,    0,    0,    0,    0,    0,    0,    0,    0,    0,    0,    0,    0,    0,    0,    0,   -6,    0,    0,    0,    5,    0,    0,    0,    0,   -9,   -6,    0,    0,    0,    0,    0,    0,    0,    0,    0,    0,    0,    0,    0,
       0,    0,    0,    0,    0,    0,    0,    0,    0,    0,    0,    0,    0,    0,    0,    0,    0,    0,    0,    0,  -25,    0,  -13,   -4,    0,  -20,    0,    0,    0,    0,    0,    0,    0,    0,    0,    0,    0,    0,    0,    0,    0,    0,    0,    0,    0,    0,    0,    0,    0,    0,    0,    0,    0,    0,    0,    0,    0,    0,    0,    0,    0,    0,    0,    0,    0,    0,    0,    0,    0,    0,    0,    0,    0,    0,    0,    0,    0,    0,    0,    0,    0,    0,    0,    0,    0,    0,    0,    0,    0,    0,    0,    0,    0,    0,    0,    0,    0,    0,    0,    0,    0,    0,    0,    0,    0,    0,    0,    0,    0,    0,    0,    0,    0,    0,    0,    0,    0,    0,    0,    0,    0,    0,    0,    0,    0,    0,    0,    0,    0,    0,    0,    0,    0,    0,    0,    0,    0,    0,    0,    0,    0,    0,
       0,    0,    0,    0,    0,    0,    0,    0,    0,    0,    0,    0,    4,    0,    0,    0,    7,    0,    0,    0,  -27,    0,   -4,    0,    0,  -11,    5,    0,    0,    0,    0,    0,    0,    0,    0,    0,    0,    0,    0,    0,    0,    0,    7,    7,    0,    7,    3,    0,    0,    0,    0,    0,    0,    0,    0,    0,    0,    0,    0,    0,    0,    0,    0,    0,    0,    0,    0,  -27,    0,    0,    7,    0,    0,    4,    0,    0,    0,    0,    0,    0,    0,    0,    0,    0,    0,    0,    0,    0,    0,    0,    0,    0,    6,    0,    0,    0,    0,    0,    0,    0,    0,    0,    0,    0,    0,    0,    0,    0,    0,    0,    0,    0,    0,    0,    6,    6,    0,    0,   -8,    4,    0,    6,    4,    0,    0,    0,    0,    0,    0,    0,    0,    0,    0,    0,    0,    0,    0,    0,    0,    0,    0,    0,
       0,    0,    0,    0,    0,    0,    0,    0,    0,    0,    0,    0,   -6,    0,    4,    4,  -12,    0,    4,   -8,  -30,    0,  -16,   -8,  -15,  -32,  -10,    0,    0,    0,    4,    0,    4,    4,    0,    0,    0,    0,    0,    0,    0,    0,    0,    0,  -11,    0,   -7,    0,    0,    0,    0,  -18,    0,    4,    0,    0,    0,    4,    0,    0,    0,    0,    0,    0,    0,    0,    0,  -30,    0,   -8,  -12,   -7,  -13,   -6,   -6,  -18,  -10,    0,    4,    0,  -15,    0,  -12,  -10,    0,    0,    0,    0,   -7,    0,  -11,    0,   -6,    0,    4,    0,    0,    0,    0,    0,  -11,    0,    0,    0,   -5,    0,    0,    0,    0,    0,    0,    0,    0,    0,    0,    0,    0,    0,  -26,    0,    0,    0,    0,   -9,    0,    0,    0,  -12,  -10,    0,    0,    0,    0,    0,    0,    0,    0,    0,    0,    0,    0,    0,
       0,    0,    0,    0,    0,    0,    0,    0,    0,    0,    0,    0,  -17,  -12,  -16,  -16,  -22,   -8,  -16,  -14,  -42,  -13,  -25,  -17,  -25,  -31,  -20,    0,    0,    0,  -16,  -13,  -16,  -16,  -13,  -13,  -13,   28,  -13,  -15,  -14,  -15,   -9,   -9,  -12,    6,  -13,    0,    0,    0,    0,  -29,  -13,  -16,  -13,  -13,  -13,  -17,  -13,  -13,  -13,  -12,    0,    0,    0,    0,    0,    0,    0,    0,    0,    0,    0,    0,    0,    0,    0,    0,    0,    0,    0,    0,    0,    0,    0,    0,    0,    0,    0,    0,    0,    0,    0,    0,    0,    0,    0,    0,    0,    0,    0,    0,    0,    0,    0,    0,    0,    0,    0,    0,    0,    0,    0,    0,    0,    0,    0,    0,    0,    0,    0,    0,    0,    0,    0,    0,    0,    0,    0,    0,    0,    0,    0,    0,    0,    0,    0,    0,    0,    0,    0,    0,
       0,    0,    0,    0,  -10,    0,  -22,    6,  -24,    5,  -11,    0,  -11,    0,    0,    0,  -16,    0,    0,    0,   -8,    0,   -9,   -4,  -14,  -15,   -9,    0,   -8,  -14,   -3,    0,    0,    0,    0,    0,    0,    0,    0,    0,    0,    0,    0,    0,    0,    0,    0,    0,   -8,    6,    0,  -21,    0,   -3,    0,    0,    0,    0,    0,    0,    0,    0,    0,    0,   -8,   -8,    0,    0,    0,    0,    0,    0,    0,    0,    0,    0,    0,    0,    0,    0,    0,    0,    0,    0,    0,    0,    0,    0,    0,    0,    0,    0,    0,    0,    0,    0,    0,    0,    0,    0,    0,    0,    0,    0,    0,    0,    0,    0,    0,    0,    0,    0,    0,    0,    0,    0,    0,    0,    0,    0,    0,    0,    0,    0,    0,    0,    0,    0,    0,    0,    0,    0,    0,    0,    0,    0,    0,    0,    0,    0,    0,    0,
       0,  -15,    0,    0,  -10,  -30,    0,    3,    0,    0,  -18,    0,    0,    0,    0,    0,    0,    0,    0,    0,    0,    0,    0,    0,    0,    0,    0,   -4,  -20,   -9,    0,    0,    0,    0,    0,    0,    0,    0,    0,    0,    0,    0,  -14,  -12,   -4,  -14,    0,    0,   -9,    0,    0,    0,    0,    0,    0,    0,    0,    0,    0,    0,    0,    0,    0,    0,    0,    0,  -10,    0,    0,    0,    0,    0,    0,    0,    0,    0,    0,    0,    0,    0,    0,    0,    0,    0,    0,    0,    0,    0,    0,    0,    0,    0,    0,    0,    0,    0,    0,    0,    0,    0,    0,    0,    0,    0,    0,    0,    0,    0,    0,    0,    0,    0,    0,    0,    0,    0,    0,    0,    0,    0,    0,    0,    0,    0,    0,    0,    0,    0,    0,    0,    0,    0,    0,    0,    0,    0,    0,    0,    0,  -25,  -23,    0,
       0,    0,    0,    0,    6,    0,  -12,    5,  -10,    0,    8,    0,    0,    0,    0,    0,    0,    0,    0,    0,    0,    0,    0,    0,    0,    0,    0,    0,    8,    9,    0,    0,    0,    0,    0,    0,    0,    0,    0,    0,    0,    0,    0,    0,    0,    0,    0,    0,    4,    5,    0,    0,    0,    0,    0,    0,    0,    0,    0,    0,    0,    0,    0,    0,    0,    0,    0,    0,    0,    0,    0,    0,    0,    0,    0,    0,    0,    0,    0,    0,    0,    0,    0,    0,    0,    0,    0,    0,    0,    0,    0,    0,    0,    0,    0,    0,    0,    0,    0,    0,    0,    0,    0,    0,    0,    0,    0,    0,    0,    0,    0,    0,    0,    0,    0,    0,    0,    0,    0,    0,    0,    0,    0,    0,    0,    0,    0,    0,    0,    0,    0,    0,    0,    0,    0,    0,    0,    0,    0,    5,    8,    0,
       0,  -10,    0,    0,   -8,   -6,    0,    0,   -8,    0,  -10,    0,    0,    0,    0,    0,    0,    0,    0,    0,    0,    0,    0,    0,    0,    0,    0,    0,    0,  -12,    0,    0,    0,    0,    0,    0,    0,    0,    0,    0,    0,    0,   -4,    0,   -5,   -4,    0,    0,   -8,    0,    0,    0,    0,    0,    0,    0,    0,    0,    0,    0,    0,    0,    0,    0,    0,    0,    0,    0,    0,    0,    0,    0,    0,    0,    0,    0,    0,    0,    0,    0,    0,    0,    0,    0,    0,    0,    0,    0,    0,    0,    0,    0,    0,    0,    0,    0,    0,    0,    0,    0,    0,    0,    0,    0,    0,    0,    0,    0,    0,    0,    0,    0,    0,    0,    0,    0,    0,    0,    0,    0,    0,    0,    0,    0,    0,    0,    0,    0,    0,    0,    0,    0,    0,    0,    0,    0,    0,    0,    0,   -8,   -6,    0,
       0,   10,    0,    0,   24,    0,  -10,   -8,    0,    0,   14,    0,    0,    0,    0,    0,    0,    0,    0,    0,    0,    0,    0,    0,    0,    0,    0,    0,   36,   28,   -8,    7,  -16,  -16,    0,   11,    7,    7,   -8,  -12,    3,   -6,   13,   13,   12,   16,   10,    0,   28,    0,    0,    0,    0,   -4,   26,   36,   54,    0,   48,   42,   45,    0,    0,    0,    0,    0,    0,    0,    0,    0,    0,    0,    0,    0,    0,    0,    0,    0,    0,    0,    0,    0,    0,    0,    0,    0,    0,    0,    0,    0,    0,    0,    0,    0,    0,    0,    0,    0,    0,    0,    0,    0,    0,    0,    0,    0,    0,    0,    0,    0,    0,    0,    0,    0,    0,    0,    0,    0,    0,    0,    0,    0,    0,    0,    0,    0,    0,    0,    0,    0,    0,    0,    0,    0,    0,    0,    0,    0,    0,    8,   10,    0,
       0,    0,    0,    0,    0,    0,    0,    0,    0,    0,    0,    0,    0,    0,    0,    0,    0,    0,    0,    0,    0,    0,    0,    0,    0,    0,    0,    0,    0,    0,    0,    0,    0,    0,    0,    0,    0,    7,    0,    0,    0,    0,    0,    0,    0,    0,    0,    0,    0,    0,    0,    0,    0,    0,    0,    0,    0,    0,    0,    0,    0,    0,    0,    0,    0,    0,    0,    0,    0,    0,    0,    0,    0,    0,    0,    0,    0,    0,    0,    0,    0,    0,    0,    0,    0,    0,    0,    0,    0,    0,    0,    0,    0,    0,    0,    0,    0,    0,    0,    0,    0,    0,    0,    0,    0,    0,    0,    0,    0,    0,    0,    0,    0,    0,    0,    0,    0,    0,    0,    0,    0,    0,    0,    0,    0,    0,    0,    0,    0,    0,    0,    0,    0,    0,    0,    0,    0,    0,    0,    0,    0,    0,
       0,  -10,    0,    0,    0,   -6,    0,    0,    0,    0,   -7,    0,    0,    0,    0,    0,    0,    0,    0,    0,    0,    0,    0,    0,    0,    0,    0,    0,    0,    0,    0,    0,    0,    0,    0,    0,    0,    0,    0,    0,    0,    0,    0,    0,    0,    0,    0,    0,    0,    0,    0,    0,    0,    0,    0,    0,    0,    0,    0,    0,    0,    0,    0,    0,    0,    0,    0,    0,    0,    0,    0,    0,    0,    0,    0,    0,    0,    0,    0,    0,    0,    0,    0,    0,    0,    0,    0,    0,    0,    0,    0,    0,    0,    0,    0,    0,    0,    0,    0,    0,    0,    0,    0,    0,    0,    0,    0,    0,    0,    0,    0,    0,    0,    0,    0,    0,    0,    0,    0,    0,    0,    0,    0,    0,    0,    0,    0,    0,    0,    0,    0,    0,    0,    0,    0,    0,    0,    0,    0,   -8,   -8,    0,
       0,    0,    0,    0,    0,    0,    0,    0,    0,    0,    0,    0,   -8,    0,    0,    0,   -7,    0,    0,    0,    0,    0,    0,    0,    0,    0,    0,    0,    0,    0,    0,    0,    0,    0,    0,    0,    0,    0,    0,    0,    0,    0,    0,    0,    0,    0,    0,    0,    0,    0,    0,  -14,    0,    0,    0,    0,    0,    0,    0,    0,    0,    0,    0,    0,    0,    0,    0,    0,    0,    0,    0,    0,    0,    0,    0,    0,    0,    0,    0,    0,    0,    0,    0,    0,    0,    0,    0,    0,    0,    0,    0,    0,    0,    0,    0,    0,    0,    0,    0,    0,    0,    0,    0,    0,    0,    0,    0,    0,    0,    0,    0,    0,    0,    0,    0,    0,    0,    0,    0,    0,    0,    0,    0,    0,    0,    0,    0,    0,    0,    0,    0,    0,    0,    0,    0,    0,    0,    0,    0,    0,    0,    0,
       0,    0,    0,    0,    0,    0,    0,    0,    0,    0,    0,    0,    0,    0,    0,    0,    0,    0,    0,    0,    0,    0,    0,    0,    0,    0,    0,    0,    0,    0,    0,    0,    0,    0,    0,    0,    0,    0,    0,    0,    0,    0,   -8,   -7,   -7,   -8,    0,    0,    0,    0,    0,    0,    0,    0,    0,    0,    0,    0,    0,    0,    0,    0,    0,    0,    0,    0,   -9,    0,    0,    0,    0,    0,    0,    0,    0,    0,    0,    0,    0,    0,    0,    0,    0,    0,    0,    0,    0,    0,    0,    0,    0,    0,    0,    0,    0,    0,    0,    0,    0,    0,    0,    0,    0,    0,    0,    0,    0,    0,    0,    0,    0,    0,    0,    0,    0,    0,    0,    0,    0,    0,    0,    0,    0,    0,    0,    0,    0,    0,    0,    0,    0,    0,    0,    0,    0,    0,    0,    0,    0,    0,    0,    0,
       0,    0,    0,    0,    0,    0,    0,    0,    0,    0,    0,    0,    0,    0,    0,    0,    0,    0,    0,    0,    0,    0,    0,    0,    0,    0,    0,    0,    0,    0,    0,    0,    0,    0,    0,    0,    0,   13,    0,    0,    0,    0,    0,    0,    0,    0,    0,    0,    0,    0,    0,    0,    0,    0,    0,    0,    0,    0,    0,    0,    0,    0,    0,    0,    0,    0,    0,    0,    0,    0,    0,    0,    0,    0,    0,    0,    0,    0,    0,    0,    0,    0,    0,    0,    0,    0,    0,    0,    0,    0,    0,    0,    0,    0,    0,    0,    0,    0,    0,    0,    0,    0,    0,    0,    0,    0,    0,    0,    0,    0,    0,    0,    0,    0,    0,    0,    0,    0,    0,    0,    0,    0,    0,    0,    0,    0,    0,    0,    0,    0,    0,    0,    0,    0,    0,    0,    0,    0,    0,    0,    0,    0,
       0,    0,    0,    0,    0,    0,    0,    0,    0,    0,    0,    0,  -13,    0,    0,    0,  -18,    0,    0,    0,    0,    0,    0,    0,  -10,   -5,    0,    0,    0,    0,   -6,    0,    0,    0,    0,    0,    0,    0,    0,    0,    0,    0,    0,    0,    0,    0,    0,    0,    0,    0,    0,  -23,    0,   -6,    0,    0,    0,    0,    0,    0,    0,    0,    0,    0,    0,    0,    0,    0,    0,    0,    0,    0,    0,    0,    0,    0,    0,    0,    0,    0,    0,    0,    0,    0,    0,    0,    0,    0,    0,    0,    0,    0,    0,    0,    0,    0,    0,    0,    0,    0,    0,    0,    0,    0,    0,    0,    0,    0,    0,    0,    0,    0,    0,    0,    0,    0,    0,    0,    0,    0,    0,    0,    0,    0,    0,    0,    0,    0,    0,    0,    0,    0,    0,    0,    0,    0,    0,    0,    0,    0,    0,    0,
       0,    0,    0,    0,    0,    0,    0,    0,    0,    0,    0,    0,    0,    0,    0,    0,    0,    0,    0,    0,    0,    0,   -7,    0,    0,   -9,    0,    0,    0,    0,    0,    0,    0,    0,    0,    0,    0,    0,    0,    0,    0,    0,    0,    0,    0,    0,    0,    0,    0,    0,    0,    0,    0,    0,    0,    0,    0,    0,    0,    0,    0,   -4,    0,    0,    0,    0,    0,    0,    0,    0,    0,    0,    0,    0,    0,    0,    0,    0,    0,    0,    0,    0,    0,    0,    0,    0,    0,    0,    0,    0,    0,    0,    0,    0,    0,    0,    0,    0,    0,    0,    0,    0,    0,    0,    0,    0,    0,    0,    0,    0,    0,    0,    0,    0,    0,    0,    0,    0,    0,    0,    0,    0,    0,    0,    0,    0,    0,    0,    0,    0,    0,    0,    0,    0,    0,    0,    0,    0,    0,    0,    0,    0,
       0,    0,    0,    0,    0,    0,    0,    0,    0,    0,    0,    0,    0,    0,    0,    0,    0,    0,    0,    0,    0,    0,    0,    0,    0,    0,    0,    0,    0,    0,    0,    0,    0,    0,    0,    0,    0,    0,    0,    0,    0,    0,    0,    0,    0,    0,    0,    0,    0,    0,    0,    0,    0,    0,    0,    0,    0,    0,    0,    0,    0,    0,    0,    0,    0,    0,    0,    0,    0,    0,   10,    0,    0,    0,    0,    5,    0,    0,   -7,   -7,    8,    0,    0,    0,    0,    0,    0,    0,    0,    0,    0,    0,    0,    0,   -5,    0,    0,    0,    0,    0,    8,   -5,    0,    0,    0,    0,    0,    0,    0,    0,    0,    0,    0,    0,    0,    0,    0,    0,    0,    0,    0,    0,    0,   11,    0,    0,    0,    0,  -10,    0,    0,    0,    0,    0,    0,    0,    0,    0,    0,    0,    0,    0,
       0,   -6,    0,    0,   -4,  -11,    0,    9,   -7,    0,   -6,    0,    0,    0,    0,    0,    0,    0,    0,    0,    0,    0,    0,    0,    0,    0,    0,   -4,    0,    0,    0,    0,    0,    0,    0,    0,    0,    0,    0,    0,    0,    0,    0,    0,    0,    0,    0,    0,    0,    0,    0,    0,    0,    0,    0,    0,    0,    0,    0,    0,    0,    0,    0,    0,    0,    0,    0,   -6,    0,   -6,    0,    0,   -4,    0,    0,    0,    0,    0,    0,    0,   -6,   -6,   -5,   -9,    0,    0,    0,    0,    0,    0,   -7,    0,    0,    0,    0,    0,    0,   -6,   -6,    0,   -6,    0,    0,   -6,    0,    0,    0,    0,    0,    0,    0,    0,    0,    0,   -6,    0,    0,    0,    0,   -6,    0,   -5,    0,    0,    0,    0,    0,    0,  -14,    0,    0,    0,    0,    0,    0,    0,    0,    0,    0,    0,    0,    0,
       0,    0,    0,   -7,   10,    0,  -32,  -22,  -39,  -24,   10,  -14,    0,    0,    0,    0,    0,    0,    0,    0,    0,    0,    0,    0,    0,    0,    0,   -5,    0,   12,    0,    0,    0,    0,    0,    0,    0,    0,    0,    0,    0,    0,    0,    0,    0,    0,    0,  -11,    0,  -30,  -26,    0,    0,    0,    0,    0,    0,    0,    0,    0,    0,    0,    0,    0,    0,    0,    0,   10,   -7,    0,  -33,  -31,    0,  -33,  -29,    0,    0,   -4,   -9,  -10,   10,    0,    0,   -6,  -30,   -4,  -20,  -20,  -25,  -24,    0,   -4,  -26,  -26,  -30,  -20,  -25,    0,    0,  -28,  -30,  -20,  -20,    0,  -26,  -20,  -21,    0,  -22,  -29,    0,   15,    0,    0,    0,    0,   -7,  -25,    5,    0,    0,    0,  -34,  -43,  -30,   -6,  -24,    0,  -19,    0,    0,    0,    0,    0,    0,    0,    0,    0,    0,   11,    8,    0,
       0,    0,    0,   -5,    6,   -4,    9,   -4,    5,    8,    6,    0,    0,    0,    0,    0,    0,    0,    0,    0,    0,    0,    0,    0,    0,    0,    0,    0,    0,   10,    0,    0,    0,    0,    0,    0,    0,    0,    0,    0,    0,    0,    0,    0,    0,    0,    0,   -6,    6,  -10,    6,    0,    0,    0,    0,    0,    0,    0,    0,    0,    0,    0,    0,    0,    0,    0,    0,    8,   -7,    7,   12,    4,    0,   11,    6,    6,    5,    0,  -10,  -11,   10,    0,    0,    0,    4,    0,    0,    0,    6,    0,    5,    0,    6,    0,   -5,    0,    0,    0,    0,    0,   10,    0,    0,    0,    0,    0,    0,    4,    0,    2,    0,    0,    0,    4,    0,    0,   -7,    0,    4,    0,    0,    0,   -8,   11,    0,   -4,    0,    0,   -6,    0,    0,    0,    0,    0,    0,    0,    0,    0,    0,    8,   14,    0,
       0,   -5,    0,   -4,   -3,  -14,    4,   11,   -6,    0,   -4,    0,    0,    0,    0,    0,    0,    0,    0,    0,    0,    0,    0,    0,    0,    0,    0,   -6,    0,    0,    0,    0,    0,    0,    0,    0,    0,    0,    0,    0,    0,    0,    0,    0,    0,    0,    0,    0,    0,    6,    0,    0,    0,    0,    0,    0,    0,    0,    0,    0,    0,    0,    0,    0,    0,    0,    0,   -8,    0,    0,    0,    0,    0,    0,    0,    0,    0,    0,    0,    0,    0,   -4,   -4,   -9,    5,    0,    0,    0,    0,    0,    0,    0,    0,    0,    0,    0,    0,  -11,   -9,    0,   -4,    0,    0,  -10,    0,    0,    0,    0,    0,    0,    0,    0,    0,    0,   -7,    0,    0,    0,    0,   -9,    0,   -7,    0,    0,    0,    0,    0,    0,  -17,    0,    0,    0,    0,    0,    0,    0,    0,    0,    0,   -8,    0,    0,
       0,    0,    0,    0,    0,    0,    0,    0,  -12,    0,    0,    0,    0,    0,    0,    0,    0,    0,    0,    0,    0,    0,    0,    0,    0,    0,    0,    0,    0,    0,    0,    0,    0,    0,    0,    0,    0,    0,    0,    0,    0,    0,    0,    0,    0,    0,    0,    0,    0,    0,    4,    0,    0,    0,    0,    0,    0,    0,    0,    0,    0,    0,    0,    0,    0,    0,    0,    0,    0,    0,   -5,    0,    0,   -8,    0,    0,    0,    0,    0,    0,    0,    0,    0,    0,    0,    0,    0,    0,    0,    0,    0,    0,    0,    0,    0,    0,    0,    0,    0,    0,    0,    0,    0,    0,    0,    0,    0,    0,    0,    0,    0,    0,    0,    0,    0,    0,    0,    0,    0,    0,    0,    0,    0,    0,    0,    0,    0,    0,    0,    0,    0,    0,    0,    0,    0,    0,    0,    0,    0,    6,    6,    0,
       0,  -24,    0,    0,  -13,  -10,    0,    9,   -7,    0,  -14,    0,    0,    0,    0,    0,    0,    0,    0,    0,    0,    0,    0,    0,    0,    0,    0,   -6,    0,  -15,    0,    0,    0,    0,    0,    0,    0,    0,    0,    0,    0,    0,    0,    0,    0,    0,    0,    0,  -11,    0,    0,    0,    0,    0,    0,    0,    0,    0,    0,    0,    0,    0,    0,    0,    0,    0,    0,  -26,    0,   -6,    0,    0,   -4,    0,    0,   -7,    0,    0,    0,    0,   -6,   -4,   -5,  -10,    0,    0,    0,    0,    0,    0,   -8,    0,    0,    0,    0,    0,    0,   -4,   -5,    0,   -6,    0,    0,   -4,    0,    0,    0,    0,    0,    0,    0,    0,    0,    0,   -6,    0,    0,    0,  -29,   -5,    0,    0,    0,    0,    0,    0,    0,    0,  -12,    0,    0,    0,    0,    0,    0,    0,    0,    0,    0,  -24,  -20,    0,
       0,  -16,    0,    0,    0,  -10,    8,    9,    0,    0,   -7,    0,    0,    0,    0,    0,    0,    0,    0,    0,    0,    0,    0,    0,    0,    0,    0,    0,    0,  -12,    0,    0,    0,    0,    0,    0,    0,    0,    0,    0,    0,    0,    0,    0,    0,    0,    0,    0,   -9,    0,    0,    0,    0,    0,    0,    0,    0,    0,    0,    0,    0,    0,    0,    0,    0,    0,    0,  -18,    0,    0,    0,    0,    0,    0,    0,    0,    0,    0,    0,    0,    0,   -5,    0,    0,    0,    0,    0,    0,    0,    0,    0,    0,    0,    0,    0,    0,    0,   -6,    0,    0,    0,    0,    0,    0,    0,    0,    0,    0,    0,    0,    0,    0,    0,    0,   -6,    0,    0,    0,  -14,   -5,    0,   -5,    0,   10,    0,    0,    0,    0,  -12,    0,    0,    0,    0,    0,    0,    0,    0,    0,    0,  -13,  -13,    0,
       0,    0,    0,   -8,   10,  -16,   12,  -20,    9,    4,    0,   -6,    0,    0,    0,    0,    0,    0,    0,    0,    0,    0,    0,    0,    0,    0,    0,    0,    0,   11,    0,    0,    0,    0,    0,    0,    0,    0,    0,    0,    0,    0,    0,    0,    0,    0,    0,   -6,    7,  -20,    0,    0,    0,    0,    0,    0,    0,    0,    0,    0,    0,    0,    0,    0,    0,    0,    0,    9,  -14,    0,    8,    5,    5,   10,    8,   10,    0,    0,  -22,  -21,   14,    0,    0,    0,   -4,   -8,    0,    0,    8,   -8,   10,    0,    7,    0,  -16,    0,   -8,  -16,  -14,  -11,   14,  -20,    0,  -10,    6,    0,    6,    5,   -7,    4,    0,    0,    0,    5,   -7,    0,  -16,   -8,    8,  -16,    0,  -10,  -21,   15,    0,   -7,   -6,    0,  -23,    0,    0,    0,    0,    0,    0,    0,    0,    0,    0,    0,    0,    0,
       0,    4,    0,  -12,   13,    0,  -32,  -12,  -38,   -5,   11,  -12,    0,    0,    0,    0,    0,    0,    0,    0,    0,    0,    0,    0,    0,    0,    0,    0,    0,   15,    0,    0,    0,    0,    0,    0,    0,    0,    0,    0,    0,    0,    0,    0,    0,    0,    0,   -7,   10,  -16,    0,    0,    0,    0,    0,    0,    0,    0,    0,    0,    0,    0,    0,    0,    0,    0,    0,   13,   -8,    0,  -35,  -26,    8,  -26,  -24,   10,    0,   -4,  -10,   -9,   13,    0,    0,   -8,  -16,   -6,   -7,   -7,  -22,  -15,    0,    0,  -23,  -12,  -22,   -7,  -15,    0,    0,  -16,    0,    0,   -7,    0,    0,   -6,  -12,    8,  -13,  -15,    0,   21,    0,    8,    0,    0,   -8,  -15,   11,    0,    0,    0,    0,  -32,   -9,    0,   -8,    0,    0,    0,    0,    0,    0,    0,    0,    0,    0,    0,    0,   11,   15,    0,
       0,  -23,    0,   -7,    0,  -32,   12,    0,   10,    8,  -13,    0,    0,    0,    0,    0,    0,    0,    0,    0,    0,    0,    0,    0,    0,    0,    0,    0,    0,  -10,    0,    0,    0,    0,    0,    0,    0,    0,    0,    0,    0,    0,    0,    0,    0,    0,    0,   -4,    0,   -6,    5,    0,    0,    0,    0,    0,    0,    0,    0,    0,    0,    0,    0,    0,    0,    0,    0,  -33,   -8,    8,   13,    5,    0,   15,    8,   10,    5,    0,  -10,  -11,   15,  -17,    0,    0,    0,    0,    0,    0,    8,    0,   10,    0,    7,    0,   -4,    0,    0,  -11,   -8,    0,   10,  -10,    0,   -8,    6,    0,    6,    0,    0,    4,    0,    0,    0,    0,   -7,    0,   -8,    0,  -28,   -9,    0,  -14,   -7,   15,    0,   -7,    0,    0,  -17,    0,    0,    0,    0,    0,    0,    0,    0,    0,    0,  -30,  -26,    0,
       0,    0,    0,    0,   -5,   -5,    0,    4,  -12,    4,   -8,    0,    0,    0,    0,    0,    0,    0,    0,    0,    0,    0,    0,    0,    0,    0,    0,    0,    0,   -9,    0,    0,    0,    0,    0,    0,    0,    0,    0,    0,    0,    0,    0,    0,    0,    0,    0,    0,   -7,    4,    4,    0,    0,    0,    0,    0,    0,    0,    0,    0,    0,    0,    0,    0,    0,    0,    0,   -7,    0,   -4,    0,    0,    0,   -4,    0,   -5,    0,    0,    0,    0,   -9,    0,   -4,   -7,    0,    0,    0,    0,    0,    0,    0,    0,    0,    0,    0,    0,    0,    0,    0,    0,   -3,    0,    0,    0,    0,    0,    0,    0,    0,    0,    0,    0,    0,    0,    0,    0,    0,    0,   -8,    0,    0,    0,    0,    0,    0,    0,    0,    0,    0,    0,    0,    0,    0,    0,    0,    0,    0,    0,    0,    0,    0,    0,
       0,   -7,    0,    0,    9,  -14,   11,    0,   14,    0,   -5,    0,    0,    0,    0,    0,    0,    0,    0,    0,    0,    0,    0,    0,    0,    0,    0,    0,    0,    8,    0,    0,    0,    0,    0,    0,    0,    0,    0,    0,    0,    0,    0,    0,    0,    0,    0,   -6,    8,   -6,    0,    0,    0,    0,    0,    0,    0,    0,    0,    0,    0,    0,    0,    0,    0,    0,    0,  -11,    0,    0,    8,    6,    0,    8,    6,    8,    5,    0,    0,  -12,    8,  -12,    0,    0,    0,    0,    0,    0,    6,    0,    8,    0,    8,    0,    0,    0,    0,    0,    9,    0,    8,   -8,    0,    0,    0,    0,    0,    0,    0,    0,    0,    0,   24,    0,    0,    0,    0,    0,   -8,    0,    0,   -9,    0,   14,    0,    0,    0,    0,    0,    0,    0,    0,    0,    0,    0,    0,    0,    0,    0,   -5,   -5,    0,
       0,    0,    0,   -8,   10,  -16,   12,  -20,    9,    4,    4,   -6,    0,    0,    0,    0,    0,    0,    0,    0,    0,    0,    0,    0,    0,    0,    0,    0,    0,   11,    0,    0,    0,    0,    0,    0,    0,    0,    0,    0,    0,    0,    0,    0,    0,    0,    0,   -5,    9,  -20,    0,    0,    0,    0,    0,    0,    0,    0,    0,    0,    0,    0,    0,    0,    0,    0,    0,    9,  -14,    0,    8,    5,    7,   10,    8,   10,    0,    0,  -22,  -18,   14,    0,    0,    0,   -4,   -8,    0,    0,    8,   -7,   10,    0,    7,    0,  -16,    0,   -7,  -11,   -9,  -10,   14,  -15,    0,  -10,    0,    0,    0,    7,   -6,    4,    0,    0,    0,    7,   -7,    0,  -14,   -7,   10,  -10,    0,   -5,  -17,   15,    0,   -4,   -6,    0,  -18,    0,    0,    0,    0,    0,    0,    0,    0,    0,    0,    0,    0,    0,
       0,    0,    0,    0,   -5,   -5,    0,    4,  -12,    4,   -8,    0,    0,    0,    0,    0,    0,    0,    0,    0,    0,    0,    0,    0,    0,    0,    0,    0,    0,   -9,    0,    0,    0,    0,    0,    0,    0,    0,    0,    0,    0,    0,    0,    0,    0,    0,    0,    0,   -7,    4,    4,    0,    0,    0,    0,    0,    0,    0,    0,    0,    0,    0,    0,    0,    0,    0,    0,   -7,    0,   -4,    0,    0,    0,   -4,    0,   -4,    0,    0,    0,    0,   -9,    0,    0,   -6,    0,    0,    0,    0,    0,    0,    0,    0,    0,    0,    0,    0,    0,    0,    0,    0,   -3,    0,    0,    0,    0,    0,    0,    0,    0,    0,    0,    0,    0,    0,    0,    0,    0,    0,   -7,    0,    0,    0,    0,    0,    0,    0,    0,    0,    0,    0,    0,    0,    0,    0,    0,    0,    0,    0,    0,    0,    0,    0,
       0,    0,    0,   -4,   -6,   -4,    0,    0,    0,    0,   -6,    0,    0,    0,    0,    0,    0,    0,    0,    0,    0,    0,    0,    0,    0,    0,    0,   -4,    0,   -5,    0,    0,    0,    0,    0,    0,    0,    0,    0,    0,    0,    0,    0,    0,    0,    0,    0,    0,   -5,    0,    0,    0,    0,    0,    0,    0,    0,    0,    0,    0,    0,    0,    0,    0,    0,    0,    0,   -4,    0,    0,    0,    0,    0,    0,    0,    0,    0,    0,    0,    0,    0,    0,    0,    0,    0,    0,    0,    0,    0,    0,    0,    0,    0,    0,    0,    0,    0,    0,    0,   -5,    0,   -5,    0,    0,    0,    0,    0,    0,    0,    0,    0,    0,    0,    0,    0,    0,    0,    0,   -5,    0,    0,    0,    0,    0,    0,    0,    0,    0,    0,    0,    0,    0,    0,    0,    0,    0,    0,    0,    0,   -8,   -6,    0,
       0,    0,    0,    0,   -8,    0,  -16,    8,  -21,    0,   -8,    0,    0,    0,    0,    0,    0,    0,    0,    0,    0,    0,    0,    0,    0,    0,    0,   -4,    0,   -8,    0,    0,    0,    0,    0,    0,    0,    0,    0,    0,    0,    0,    0,    0,    0,    0,    0,    0,  -10,    4,    0,    0,    0,    0,    0,    0,    0,    0,    0,    0,    0,    0,    0,    0,    0,    0,    0,   -9,    0,    0,   -9,    0,  -10,  -10,    0,  -14,   -8,    0,    0,    0,  -15,    0,  -11,   -6,    0,    0,    0,    0,    0,    0,    0,    0,    0,    0,    0,    0,    0,    0,    0,    0,    0,    0,    0,    0,    0,    0,    0,    0,    0,    0,    0,    0,    0,    0,    0,    0,    0,    0,  -12,    0,    0,    0,    0,   -9,    0,    0,    0,  -10,    0,    0,    0,    0,    0,    0,    0,    0,    0,    0,    0,    0,    4,    0,
       0,    0,    0,    0,   -3,    0,  -42,    0,  -32,    5,    0,    0,    0,    0,    0,    0,    0,    0,    0,    0,    0,    0,    0,    0,    0,    0,    0,   -6,    0,   -5,    0,    0,    0,    0,    0,    0,    0,    0,    0,    0,    0,    0,    0,    0,    0,    0,    0,    0,   -4,   -4,    5,    0,    0,    0,    0,    0,    0,    0,    0,    0,    0,    0,    0,    0,    0,    0,    0,    5,    0,    0,  -36,  -24,    0,  -27,  -22,   -6,   -5,    0,    0,    0,   -9,    0,   -4,    0,   -8,    0,    0,    0,  -17,    0,    0,    0,  -17,   -4,   -6,    0,    0,    0,    4,    0,    5,    0,    0,    0,    0,    0,    0,    0,    0,    0,    0,    0,    0,    0,    0,    5,    0,    0,    0,    4,    0,    5,    0,  -24,    0,    0,    0,    0,    0,    0,    0,    0,    0,    0,    0,    0,    0,    0,    0,   12,   12,    0,
       0,    7,    0,   -7,   10,    0,  -32,  -22,  -39,  -24,   10,  -14,    0,    0,    0,    0,    0,    0,    0,    0,    0,    0,    0,    0,    0,    0,    0,    0,    0,   12,    0,    0,    0,    0,    0,    0,    0,    0,    0,    0,    0,    0,    0,    0,    0,    0,    0,   -7,    8,  -30,  -26,    0,    0,    0,    0,    0,    0,    0,    0,    0,    0,    0,    0,    0,    0,    0,    0,   10,    0,    0,  -33,  -26,    6,  -33,  -25,    8,    0,   -4,   -9,   -4,   10,    0,    0,    0,  -30,    0,    0,    0,  -18,  -19,    0,    0,  -19,   -8,  -30,    0,  -20,    0,    0,  -22,  -30,    0,    0,    0,    0,    0,  -14,    6,  -17,  -29,    0,   19,    0,    6,    0,    0,    0,  -19,    9,    0,    0,    7,    0,  -20,   -5,    0,   -6,    0,    0,    0,    0,    0,    0,    0,    0,    0,    0,    0,    0,   11,    8,    0,
       0,   -5,    0,    0,  -13,    0,  -16,    7,  -16,    0,  -10,    0,    0,    0,    0,    0,    0,    0,    0,    0,    0,    0,    0,    0,    0,    0,    0,   -6,    0,  -15,    0,    0,    0,    0,    0,    0,    0,    0,    0,    0,    0,    0,    0,    0,    0,    0,    0,    0,  -10,    0,    0,    0,    0,    0,    0,    0,    0,    0,    0,    0,    0,    0,    0,    0,    0,    0,    0,   -4,    0,    0,  -14,  -13,  -13,  -11,  -12,  -17,  -11,    0,    0,    0,  -16,    0,  -14,   -5,    0,    0,    0,    0,  -10,    0,    0,    0,  -11,   -4,    0,    0,    0,    0,    0,    0,    0,    0,    0,    0,    0,    0,    0,   -4,    0,    0,    0,    0,    0,   -4,    0,    0,    0,    0,  -14,    0,    0,    0,    0,  -14,    0,    0,    0,  -13,    0,    0,    0,    0,    0,    0,    0,    0,    0,    0,    0,    0,    0,    0,
       0,    0,    0,   -8,   10,  -10,   10,  -13,    9,    7,    8,   -6,    0,    0,    0,    0,    0,    0,    0,    0,    0,    0,    0,    0,    0,    0,    0,    0,    0,   12,    0,    0,    0,    0,    0,    0,    0,    0,    0,    0,    0,    0,    0,    0,    0,    0,    0,   -6,    8,  -15,    0,    0,    0,    0,    0,    0,    0,    0,    0,    0,    0,    0,    0,    0,    0,    0,    0,   10,  -11,    7,   10,    5,    6,   14,    8,   10,    4,    0,  -15,  -16,   14,    0,    0,    0,    0,   -7,    0,    0,    8,   -7,   10,    0,    7,    0,  -12,    0,   -7,   -8,   -7,   -9,   10,  -13,    0,   -8,    0,    0,    0,    6,   -6,    4,    0,    0,    0,    6,   -5,    0,  -12,   -7,    8,   -8,    0,    0,  -14,   15,    0,   -5,   -5,    0,  -16,    0,    0,    0,    0,    0,    0,    0,    0,    0,    0,    4,    6,    0,
       0,    0,    0,    0,   -8,    0,  -16,    8,  -21,    0,   -8,    0,    0,    0,    0,    0,    0,    0,    0,    0,    0,    0,    0,    0,    0,    0,    0,   -4,    0,   -8,    0,    0,    0,    0,    0,    0,    0,    0,    0,    0,    0,    0,    0,    0,    0,    0,    0,    0,   -9,    4,    0,    0,    0,    0,    0,    0,    0,    0,    0,    0,    0,    0,    0,    0,    0,    0,    0,   -9,    0,    0,   -9,    0,  -10,  -10,    0,  -14,   -8,    0,    0,    0,  -15,    0,  -10,   -6,    0,    0,    0,    0,    0,    0,    0,    0,    0,    0,    0,    0,    0,    0,    0,    0,    0,    0,    0,    0,    0,    0,    0,    0,    0,    0,    0,    0,    0,    0,    0,    0,    0,    0,  -12,    0,    0,    0,    0,   -8,    0,    0,    0,   -9,    0,    0,    0,    0,    0,    0,    0,    0,    0,    0,    0,    0,    4,    0,
       0,  -10,    0,    0,   -8,  -12,    0,    6,    0,    0,  -13,    0,    0,    0,    0,    0,    0,    0,    0,    0,    0,    0,    0,    0,    0,    0,    0,    0,    0,  -14,    0,    0,    0,    0,    0,    0,    0,    0,    0,    0,    0,    0,    0,    0,    0,    0,    0,    0,   -7,    0,    0,    0,    0,    0,    0,    0,    0,    0,    0,    0,    0,    0,    0,    0,    0,    0,    0,    0,    0,    0,    0,    0,    0,    0,    0,    0,    0,    0,    0,    0,    0,    0,    0,    0,    0,    0,    0,    0,    0,    0,    0,    0,    0,    0,    0,    0,    0,    0,    0,    0,    0,    0,    0,    0,    0,    0,    0,    0,    0,    0,    0,    0,    0,    0,    0,    0,    0,    0,    0,    0,    0,    0,    0,    0,    0,    0,    0,    0,   -6,    0,    0,    0,    0,    0,    0,    0,    0,    0,    0,   -9,   -9,    0,
       0,    0,    0,    0,    0,   -7,    0,   10,   -8,    0,    0,    0,    0,    0,    0,    0,    0,    0,    0,    0,    0,    0,    0,    0,    0,    0,    0,   -4,    0,    0,    0,    0,    0,    0,    0,    0,    0,    0,    0,    0,    0,    0,    0,    0,    0,    0,    0,    0,    0,    0,    0,    0,    0,    0,    0,    0,    0,    0,    0,    0,    0,    0,    0,    0,    0,    0,    0,    0,    0,    0,    0,    0,    0,    0,    0,    0,    0,    0,    0,    0,    0,    0,    0,    0,    0,    0,    0,    0,    0,    0,   -6,    0,    0,    0,    0,    0,    0,    0,    0,    0,   -4,    0,    0,    0,    0,    0,    0,    0,    0,    0,    0,    0,    0,    0,    0,    0,    0,    0,    0,    0,    0,    0,    0,    0,    0,    0,    0,    0,   -6,    0,    0,    0,    0,    0,    0,    0,    0,    0,    0,    0,    0,    0,
       0,   -8,    0,    0,   -7,   -6,    0,    0,    0,    0,   -7,    0,    0,    0,    0,    0,    0,    0,    0,    0,    0,    0,    0,    0,    0,    0,    0,    0,    0,  -11,    0,    0,    0,    0,    0,    0,    0,    0,    0,    0,    0,    0,    0,    0,    0,    0,    0,    0,   -7,    0,    0,    0,    0,    0,    0,    0,    0,    0,    0,    0,    0,    0,    0,    0,    0,    0,    0,    0,    0,    0,    0,    0,    0,    0,    0,    0,    0,    0,    0,    0,    0,    0,    0,    0,    0,    0,    0,    0,    0,    0,    0,    0,    0,    0,    0,    0,    0,    0,    0,    0,    0,    0,    0,    0,    0,    0,    0,    0,    0,    0,    0,    0,    0,    0,    0,    0,    0,    0,    0,    0,    0,    0,    0,    0,    0,    0,    0,    0,   -5,    0,    0,    0,    0,    0,    0,    0,    0,    0,    0,   -6,   -5,    0,
       0,    0,    0,    0,    0,    0,  -23,    0,  -15,    6,    0,    0,    0,    0,    0,    0,    0,    0,    0,    0,    0,    0,    0,    0,    0,    0,    0,    0,    0,   -8,    0,    0,    0,    0,    0,    0,    0,    0,    0,    0,    0,    0,    0,    0,    0,    0,    0,    0,    0,    0,    6,    0,    0,    0,    0,    0,    0,    0,    0,    0,    0,    0,    0,    0,    0,    0,    0,    0,    0,    0,    0,    0,    0,    0,    0,    0,    0,    0,    0,    0,    0,    0,    0,    0,    0,    0,    0,    0,  -12,    0,    8,    0,  -13,    0,    0,    0,    0,    8,   10,    0,    9,    0,    0,    8,    0,    0,    0,    0,    0,    0,    0,    0,    0,    0,   10,   10,    0,    0,    0,   10,    0,    0,   10,    0,    0,    0,    0,    0,    0,    0,    0,    0,    0,    0,    0,    0,    0,    0,    0,    7,    9,    0,
       0,   -8,    0,    0,    9,   -9,   11,    0,   13,    0,   -5,    0,    0,    0,    0,    0,    0,    0,    0,    0,    0,    0,    0,    0,    0,    0,    0,    0,    0,    8,    0,    0,    0,    0,    0,    0,    0,    0,    0,    0,    0,    0,    0,    0,    0,    0,    0,    0,    8,   -4,    0,    0,    0,    0,    0,    0,    0,    0,    0,    0,    0,    0,    0,    0,    0,    0,    0,    0,    0,    0,    0,    0,    0,    0,    0,    0,    0,    0,    0,    0,    0,    0,    0,    0,    0,    0,    0,    0,    6,    0,    8,    0,    8,    0,    0,    0,    0,   -5,    9,    0,    8,   -5,    0,   -4,    4,    0,    0,    0,    0,    0,    0,    0,   24,    0,    0,    0,    0,    0,    0,    0,    0,    0,    0,    0,    0,    0,    0,    0,    0,    0,    0,    0,    0,    0,    0,    0,    0,    0,    0,   -7,   -4,    0,
       0,   -9,    0,    0,   -9,  -12,   -8,    5,   -5,    0,  -10,    0,    0,    0,    0,    0,    0,    0,    0,    0,    0,    0,    0,    0,    0,    0,    0,    0,    0,  -13,    0,    0,    0,    0,    0,    0,    0,    0,    0,    0,    0,    0,    0,    0,    0,    0,    0,    0,   -7,    4,    0,    0,    0,    0,    0,    0,    0,    0,    0,    0,    0,    0,    0,    0,    0,    0,    0,    0,    0,    0,    0,    0,    0,    0,    0,    0,    0,    0,    0,    0,    0,    0,    0,    0,    0,    0,    0,    0,    0,    0,    0,    0,    0,    0,    0,    0,    0,    0,    0,    0,   -6,    0,    0,    0,    0,    0,    0,    0,    0,    0,    0,    0,    0,    0,    0,    0,    0,    0,    0,    0,    0,    0,    0,    0,    0,    0,    0,    0,   -4,    0,    0,    0,    0,    0,    0,    0,    0,    0,    0,   -4,   -7,    0,
       0,    0,    0,   -5,    0,    5,    5,  -18,    8,    4,    0,   -9,    0,    0,    0,    0,    0,    0,    0,    0,    0,    0,    0,    0,    0,    0,    0,    0,    0,  -10,    0,    0,    0,    0,    0,    0,    0,    0,    0,    0,    0,    0,    0,    0,    0,    0,    0,   -5,    0,  -14,    0,    0,    0,    0,    0,    0,    0,    0,    0,    0,    0,    0,    0,    0,    0,    0,    0,    0,    0,    0,    0,    0,    0,    0,    0,    0,    0,    0,    0,    0,    0,    0,    0,    0,   -4,    0,    0,    0,    8,   -6,   10,    5,    7,    0,  -14,    0,   -6,    6,    8,   -7,    8,    0,    0,    6,    6,    0,    6,    0,    0,    0,    0,    0,    0,    0,    8,    4,    0,   -6,    0,    7,    0,    0,    0,    0,    0,    0,    0,    0,    0,    0,    0,    0,    0,    0,    0,    0,    0,    0,    0,    5,   10,    0,
       0,   -5,    0,    0,   -4,    0,    4,    6,    0,    0,   -4,    0,    0,    0,    0,    0,    0,    0,    0,    0,    0,    0,    0,    0,    0,    0,    0,    0,    0,  -10,    0,    0,    0,    0,    0,    0,    0,    0,    0,    0,    0,    0,    0,    0,    0,    0,    0,    0,   -5,    0,    0,    0,    0,    0,    0,    0,    0,    0,    0,    0,    0,    0,    0,    0,    0,    0,    0,    0,    0,    0,    0,    0,    0,    0,    0,    0,    0,    0,    0,    0,    0,    0,    0,    0,    0,    0,    0,    0,    0,    0,    0,    0,    5,    0,    0,    0,    0,    0,    0,    0,    0,    0,    0,    0,    0,    0,    0,    0,    0,    0,    0,    0,    0,    0,    0,    0,    0,    0,    0,    0,    0,    0,    0,    0,    0,    0,    0,    0,    0,    0,    0,    0,    0,    0,    0,    0,    0,    0,    0,    0,    0,    0,
       0,    0,    0,   -5,    0,    5,    5,  -18,    8,    4,    0,   -9,    0,    0,    0,    0,    0,    0,    0,    0,    0,    0,    0,    0,    0,    0,    0,    0,    0,  -10,    0,    0,    0,    0,    0,    0,    0,    0,    0,    0,    0,    0,    0,    0,    0,    0,    0,   -5,    0,  -14,    0,    0,    0,    0,    0,    0,    0,    0,    0,    0,    0,    0,    0,    0,    0,    0,    0,    0,    0,    0,    0,    0,    0,    0,    0,    0,    0,    0,    0,    0,    0,    0,    0,    0,   -4,    0,    0,    0,    8,   -7,   10,    5,    7,    0,  -14,    0,   -7,    8,   10,   -8,    8,    0,    0,    8,    6,    0,    6,    0,   -5,    0,    0,    0,    0,    0,   10,    5,    0,   -7,    0,    8,    0,    0,    0,    0,    0,    0,    0,    0,    0,    0,    0,    0,    0,    0,    0,    0,    0,    0,    0,    5,   10,    0,
       0,    0,    0,    0,   -6,    0,    0,    5,    0,    0,   -6,    0,    0,    0,    0,    0,    0,    0,    0,    0,    0,    0,    0,    0,    0,    0,    0,    0,    0,   -9,    0,    0,    0,    0,    0,    0,    0,    0,    0,    0,    0,    0,    0,    0,    0,    0,    0,    0,   -5,    0,    0,    0,    0,    0,    0,    0,    0,    0,    0,    0,    0,    0,    0,    0,    0,    0,    0,    0,    0,    0,    0,    0,    0,    0,    0,    0,    0,    0,    0,    0,    0,    0,    0,    0,    0,    0,    0,    0,    0,    0,    0,    0,    0,    0,    0,    0,    0,    0,    0,    0,    0,    0,    0,    0,    0,    0,    0,    0,    0,    0,    0,    0,    0,    0,    0,    0,    0,    0,    0,    0,    0,    0,    0,    0,    0,    0,    0,    0,   -6,    0,    0,    0,    0,    0,    0,    0,    0,    0,    0,    0,    0,    0,
       0,   -5,    0,    0,   -5,   -6,    0,    0,    0,    0,   -6,    0,    0,    0,    0,    0,    0,    0,    0,    0,    0,    0,    0,    0,    0,    0,    0,    0,    0,  -11,    0,    0,    0,    0,    0,    0,    0,    0,    0,    0,    0,    0,    0,    0,    0,    0,    0,    0,   -7,    0,    0,    0,    0,    0,    0,    0,    0,    0,    0,    0,    0,    0,    0,    0,    0,    0,    0,    0,    0,    0,    0,    0,    0,    0,    0,    0,    0,    0,    0,    0,    0,    0,    0,    0,    0,    0,    0,    0,    0,    0,    0,    0,    0,    0,    0,    0,    0,    0,    0,    0,    0,    0,    0,    0,    0,    0,    0,    0,    0,    0,    0,    0,    0,    0,    0,    0,    0,    0,    0,    0,    0,    0,    0,    0,    0,    0,    0,    0,   -8,    0,    0,    0,    0,    0,    0,    0,    0,    0,    0,    0,    0,    0,
       0,    0,    0,    0,   -6,    0,    0,    5,    0,    0,   -6,    0,    0,    0,    0,    0,    0,    0,    0,    0,    0,    0,    0,    0,    0,    0,    0,    0,    0,   -9,    0,    0,    0,    0,    0,    0,    0,    0,    0,    0,    0,    0,    0,    0,    0,    0,    0,    0,   -6,    0,    0,    0,    0,    0,    0,    0,    0,    0,    0,    0,    0,    0,    0,    0,    0,    0,    0,    0,    0,    0,    0,    0,    0,    0,    0,    0,    0,    0,    0,    0,    0,    0,    0,    0,    0,    0,    0,    0,    0,    0,    0,    0,    0,    0,    0,    0,    0,    0,    0,    0,    0,    0,    0,    0,    0,    0,    0,    0,    0,    0,    0,    0,    0,    0,    0,    0,    0,    0,    0,    0,    0,    0,    0,    0,    0,    0,    0,    0,   -6,    0,    0,    0,    0,    0,    0,    0,    0,    0,    0,    0,    0,    0,
       0,  -12,    0,    0,  -10,  -12,  -12,    5,  -11,    0,  -11,    0,    0,    0,    0,    0,    0,    0,    0,    0,    0,    0,    0,    0,    0,    0,    0,    0,    0,  -14,    0,    0,    0,    0,    0,    0,    0,    0,    0,    0,    0,    0,    0,    0,    0,    0,    0,    0,   -8,    4,    0,    0,    0,    0,    0,    0,    0,    0,    0,    0,    0,    0,    0,    0,    0,    0,    0,    0,    0,    0,    0,    0,    0,    0,    0,    0,    0,    0,    0,    0,    0,    0,    0,    0,    0,    0,    0,    0,    0,    0,   -6,    0,    0,    0,    0,    0,    0,    0,    0,    0,   -7,    0,    0,    0,    0,    0,    0,    0,    0,    0,    0,    0,    0,    0,    0,    0,    0,    0,    0,    0,    0,    0,    0,    0,    0,    0,    0,    0,   -6,    0,    0,    0,    0,    0,    0,    0,    0,    0,    0,  -10,  -10,    0,
       0,  -12,    0,    0,  -12,   -6,    0,   10,   -8,    0,   -8,    0,    0,    0,    0,    0,    0,    0,    0,    0,    0,    0,    0,    0,    0,    0,    0,   -6,    0,  -14,    0,    0,    0,    0,    0,    0,    0,    0,    0,    0,    0,    0,    0,    0,    0,    0,    0,    0,  -11,    0,    0,    0,    0,    0,    0,    0,    0,    0,    0,    0,    0,    0,    0,    0,    0,    0,    0,    0,    0,    0,    0,    0,    0,    0,    0,    0,    0,    0,    0,    0,    0,    0,    0,    0,    0,    0,    0,    0,    0,    0,   -6,    0,    0,    0,    0,    0,    0,    0,    0,    0,    0,    0,    0,    0,    0,    0,    0,   -4,    0,    0,    0,    0,    0,    0,    0,    0,    0,    0,    0,    0,    0,    0,    0,    0,    0,    0,    0,    0,   -5,    0,    0,    0,    0,    0,    0,    0,    0,    0,    0,   -9,  -10,    0,
       0,    0,    0,    0,    0,    0,    7,   -4,    0,    4,   -5,   -4,    0,    0,    0,    0,    0,    0,    0,    0,    0,    0,    0,    0,    0,    0,    0,    0,    0,  -14,    0,    0,    0,    0,    0,    0,    0,    0,    0,    0,    0,    0,    0,    0,    0,    0,    0,    0,   -7,   -6,    0,    0,    0,    0,    0,    0,    0,    0,    0,    0,    0,    0,    0,    0,    0,    0,    0,    0,    0,    0,    0,    0,    0,    0,    0,    0,    0,    0,    0,    0,    0,    0,    0,    0,    0,    0,    0,    0,    0,    0,    6,    0,    0,    0,  -10,    0,    0,    0,    0,    0,    5,    0,    0,    0,    0,    0,    0,    0,    0,    0,    0,    0,    0,    0,    4,    0,    0,    0,    0,    4,    0,    0,    0,    0,    0,    0,    0,    0,    0,    0,    0,    0,    0,    0,    0,    0,    0,    0,    0,    4,   10,    0,
       0,    0,    0,    0,    0,    0,  -15,    0,  -17,    0,    0,    0,    0,    0,    0,    0,    0,    0,    0,    0,    0,    0,    0,    0,    0,    0,    0,    0,    0,  -10,    0,    0,    0,    0,    0,    0,    0,    0,    0,    0,    0,    0,    0,    0,    0,    0,    0,    0,   -6,    0,    0,    0,    0,    0,    0,    0,    0,    0,    0,    0,    0,    0,    0,    0,    0,    0,    0,    0,    0,    0,    0,    0,    0,    0,    0,    0,    0,    0,    0,    0,    0,    0,    0,    0,    0,    0,    0,    0,  -12,    0,    6,    0,  -11,    0,    0,    0,    0,    6,    8,   -4,    7,    0,    0,    6,    0,    0,    0,    0,    0,    0,    0,    0,    0,    0,    8,    8,    0,    0,    0,    8,    0,    0,    8,    0,    0,    0,    0,    0,    0,    0,    0,    0,    0,    0,    0,    0,    0,    0,    0,    5,    7,    0,
       0,    0,    0,    0,    0,    0,  -12,    0,  -13,    0,    0,    0,    0,    0,    0,    0,    0,    0,    0,    0,    0,    0,    0,    0,    0,    0,    0,    0,    0,   -8,    0,    0,    0,    0,    0,    0,    0,    0,    0,    0,    0,    0,    0,    0,    0,    0,    0,    0,    0,    0,    0,    0,    0,    0,    0,    0,    0,    0,    0,    0,    0,    0,    0,    0,    0,    0,    0,    0,    0,    0,    0,    0,    0,    0,    0,    0,    0,    0,    0,    0,    0,    0,    0,    0,    0,    0,    0,    0,  -10,    0,    8,    0,   -8,    0,    0,    0,    0,    8,   10,   -4,    9,    0,    0,    8,    0,    0,    0,    0,    0,    0,    0,    0,    0,    0,   10,    8,    0,    0,    0,   10,    0,    0,    5,    0,    0,    0,    0,    0,    0,    0,    0,    0,    0,    0,    0,    0,    0,    0,    0,    4,    8,    0,
       0,  -18,    0,    0,  -14,   -7,    0,   10,   -9,    0,  -12,    0,    0,    0,    0,    0,    0,    0,    0,    0,    0,    0,    0,    0,    0,    0,    0,   -6,    0,  -15,    0,    0,    0,    0,    0,    0,    0,    0,    0,    0,    0,    0,    0,    0,    0,    0,    0,    0,  -11,    0,    0,    0,    0,    0,    0,    0,    0,    0,    0,    0,    0,    0,    0,    0,    0,    0,    0,    0,    0,    0,    0,    0,    0,    0,    0,    0,    0,    0,    0,    0,    0,    0,    0,    0,    0,    0,    0,    0,    0,    0,   -8,   -4,    0,    0,    0,    0,    0,   -4,   -4,    0,   -6,   -2,    0,    0,    0,    0,   -3,   -4,    0,    0,    0,    0,    0,   -4,    0,    0,    0,    0,    0,    0,    0,    0,    0,    0,    0,    0,    0,    0,   -7,    0,    0,    0,    0,    0,    0,    0,    0,    0,    0,  -18,  -14,    0,
       0,    0,    0,   -5,    0,    5,    8,   -8,    8,    6,    0,   -4,    0,    0,    0,    0,    0,    0,    0,    0,    0,    0,    0,    0,    0,    0,    0,    0,    0,  -12,    0,    0,    0,    0,    0,    0,    0,    0,    0,    0,    0,    0,    0,    0,    0,    0,    0,   -4,    0,  -11,    0,    0,    0,    0,    0,    0,    0,    0,    0,    0,    0,    0,    0,    0,    0,    0,    0,    0,    0,    0,    0,    0,    0,    0,    0,    0,    0,    0,    0,    0,    0,    0,    0,    0,    0,    0,    0,    0,    8,   -4,   10,    5,    7,    0,  -10,    0,   -4,    6,    8,   -6,   13,    0,    0,    6,    6,    0,    6,    0,    0,    0,    0,    0,    0,    0,    8,    5,    0,   -4,    0,    7,    0,    0,    0,    0,    0,    0,    0,    0,    0,    0,    0,    0,    0,    0,    0,    0,    0,    0,    0,    6,   11,    0,
       0,  -29,    0,    0,   -9,  -21,    0,    4,    0,    0,   -9,    0,    0,    0,    0,    0,    0,    0,    0,    0,    0,    0,    0,    0,    0,    0,    0,   -4,    0,  -13,    0,    0,    0,    0,    0,    0,    0,    0,    0,    0,    0,    0,    0,    0,    0,    0,    0,    0,   -8,    0,    0,    0,    0,    0,    0,    0,    0,    0,    0,    0,    0,    0,    0,    0,    0,    0,    0,    0,    0,    0,    0,    0,    0,    0,    0,    0,    0,    0,    0,    0,    0,    0,    0,    0,    0,    0,    0,    0,    0,    0,    0,    0,    4,    0,    0,    0,    0,  -14,   -9,    0,    0,    0,    0,  -11,    0,    0,    0,    0,    0,    0,    0,    0,    0,    0,  -10,    0,    0,    0,    0,   -9,    0,    0,    0,    0,    0,    0,    0,    0,  -16,    0,    0,    0,    0,    0,    0,    0,    0,    0,    0,  -25,  -28,    0,
       0,  -10,    0,    0,  -10,  -12,  -12,    5,  -11,    0,  -11,    0,    0,    0,    0,    0,    0,    0,    0,    0,    0,    0,    0,    0,    0,    0,    0,    0,    0,  -14,    0,    0,    0,    0,    0,    0,    0,    0,    0,    0,    0,    0,    0,    0,    0,    0,    0,    0,   -7,    4,    0,    0,    0,    0,    0,    0,    0,    0,    0,    0,    0,    0,    0,    0,    0,    0,    0,    0,    0,    0,    0,    0,    0,    0,    0,    0,    0,    0,    0,    0,    0,    0,    0,    0,    0,    0,    0,    0,    0,    0,    0,    0,    0,    0,    0,    0,    0,    0,    0,    0,   -7,    0,    0,    0,    0,    0,    0,    0,    0,    0,    0,    0,    0,    0,    0,    0,    0,    0,    0,    0,    0,    0,    0,    0,    0,    0,    0,    0,    0,    0,    0,    0,    0,    0,    0,    0,    0,    0,    0,  -10,  -10,    0,
       0,  -12,    0,    0,  -10,  -12,  -12,    5,  -11,    0,  -11,    0,    0,    0,    0,    0,    0,    0,    0,    0,    0,    0,    0,    0,    0,    0,    0,    0,    0,  -14,    0,    0,    0,    0,    0,    0,    0,    0,    0,    0,    0,    0,    0,    0,    0,    0,    0,    0,   -8,    4,    0,    0,    0,    0,    0,    0,    0,    0,    0,    0,    0,    0,    0,    0,    0,    0,    0,    0,    0,    0,    0,    0,    0,    0,    0,    0,    0,    0,    0,    0,    0,    0,    0,    0,    0,    0,    0,    0,    0,    0,   -6,    0,    0,    0,    0,    0,    0,    0,    0,    0,   -7,    0,    0,    0,    0,    0,    0,    0,    0,    0,    0,    0,    0,    0,    0,    0,    0,    0,    0,    0,    0,    0,    0,    0,    0,    0,    0,    0,   -5,    0,    0,    0,    0,    0,    0,    0,    0,    0,    0,  -10,  -10,    0,
       0,    0,    0,    0,   -6,    0,    0,    5,    0,    0,   -6,    0,    0,    0,    0,    0,    0,    0,    0,    0,    0,    0,    0,    0,    0,    0,    0,    0,    0,  -10,    0,    0,    0,    0,    0,    0,    0,    0,    0,    0,    0,    0,    0,    0,    0,    0,    0,    0,   -7,    0,    0,    0,    0,    0,    0,    0,    0,    0,    0,    0,    0,    0,    0,    0,    0,    0,    0,    0,    0,    0,    0,    0,    0,    0,    0,    0,    0,    0,    0,    0,    0,    0,    0,    0,    0,    0,    0,    0,    0,    0,    0,    0,    0,    0,    0,    0,    0,    0,    0,    0,    0,    0,    0,    0,    0,    0,    0,    0,    0,    0,    0,    0,    0,    0,    0,    0,    0,    0,    0,    0,    0,    0,    0,    0,    0,    0,    0,    0,   -6,    0,    0,    0,    0,    0,    0,    0,    0,    0,    0,    0,    0,    0,
       0,  -14,    0,   -6,    0,   -9,    0,    6,    0,    0,   -8,    0,    0,    0,    0,    0,    0,    0,    0,    0,    0,    0,    0,    0,    0,    0,    0,    0,    0,    0,    0,    0,    0,    0,    0,    0,    0,    0,    0,    0,    0,    0,    0,    0,    0,    0,    0,    0,    0,    0,    0,    0,    0,    0,    0,    0,    0,    0,    0,    0,    0,    0,    0,    0,    0,    0,    0,    0,    0,    0,    0,    0,    0,    0,    0,    0,    0,    0,    0,    0,    0,    0,    0,    0,    0,    0,    0,    0,    0,    0,    0,    0,    0,    0,    0,    0,    0,    0,    0,    0,    0,    0,    0,    0,    0,    0,    0,   -6,    0,    0,    0,    0,   11,    0,    0,    0,    0,    0,    0,    0,    0,    0,    0,    0,    0,    0,    0,    0,   -4,    0,    0,    0,    0,    0,    0,    0,    0,    0,    0,  -14,  -10,    0,
       0,    0,    0,    0,    0,    0,    6,    0,    0,    0,   -4,    0,    0,    0,    0,    0,    0,    0,    0,    0,    0,    0,    0,    0,    0,    0,    0,    0,    0,  -10,    0,    0,    0,    0,    0,    0,    0,    0,    0,    0,    0,    0,    0,    0,    0,    0,    0,    0,   -7,   -5,    0,    0,    0,    0,    0,    0,    0,    0,    0,    0,    0,    0,    0,    0,    0,    0,    0,    0,    0,    0,    0,    0,    0,    0,    0,    0,    0,    0,    0,    0,    0,    0,    0,    0,    0,    0,    0,    0,    0,    0,    6,    0,    0,    0,    0,    0,    0,    0,    0,   -4,    6,    0,    0,    0,    0,    0,    0,    0,    0,    0,    0,    0,    0,    0,    0,    0,    0,    0,    0,    0,    0,    0,    0,    0,    0,    0,    0,    0,    0,    0,    0,    0,    0,    0,    0,    0,    0,    0,    0,    0,    0,    0,
       0,    0,    0,    0,   -5,   -4,    0,    0,   -4,    0,  -14,    0,    0,    0,    0,    0,    0,    0,    0,    0,    0,    0,    0,    0,    0,    0,    0,    0,    0,  -14,    0,    0,    0,    0,    0,    0,    0,    0,    0,    0,    0,    0,    0,    0,    0,    0,    0,    0,   -7,    0,    0,    0,    0,    0,    0,    0,    0,    0,    0,    0,    0,    0,    0,    0,    0,    0,    0,    0,    0,    0,    0,    0,    0,    0,    0,    0,    0,    0,    0,    0,    0,    0,    0,    0,    0,    0,    0,    0,    0,    0,    0,    0,    0,    0,    0,    0,    0,    0,    0,    0,    0,    0,    0,    0,    0,    0,    0,    0,    0,    0,    0,    0,    0,    0,    0,    0,    0,    0,    0,    0,    0,    0,    0,    0,    0,    0,    0,    0,   -4,    0,    0,    0,    0,    0,    0,    0,    0,    0,    0,    0,    0,    0,
       0,    0,    0,    0,    4,    0,    0,    5,    0,    0,    0,    0,    0,    0,    0,    0,    0,    0,    0,    0,    0,    0,    0,    0,    0,    0,    0,    0,    0,    0,    0,    0,    0,    0,    0,    0,    0,    0,    0,    0,    0,    0,    0,    0,    0,    0,    0,    0,    0,    0,    0,    0,    0,    0,    0,    0,    0,    0,    0,    0,    0,    0,    0,    0,    0,    0,    0,    0,    0,    0,    0,    0,    0,    0,    0,    0,    0,    0,    0,    0,    0,    0,    0,    0,    0,    0,    0,    0,    0,    0,    0,    0,    0,    0,    0,    0,    0,    0,    0,    0,    0,    0,    0,    0,    0,    0,    0,    0,    0,    0,    0,    0,    0,    0,    0,    0,    0,    0,    0,    0,    0,    0,    0,    0,    0,    0,    0,    0,   -6,    0,    0,    0,    0,    0,    0,    0,    0,    0,    0,    0,    0,    0,
       0,    0,    0,   -4,    5,    0,    0,    5,    0,    0,    0,    0,    0,    0,    0,    0,    0,    0,    0,    0,    0,    0,    0,    0,    0,    0,    0,    0,    0,    4,    0,    0,    0,    0,    0,    0,    0,    0,    0,    0,    0,    0,    0,    0,    0,    0,    0,    0,    0,    0,    0,    0,    0,    0,    0,    0,    0,    0,    0,    0,    0,    0,    0,    0,    0,    0,    0,    0,    0,    0,    0,    0,    0,    0,    0,    0,    0,    0,    0,    0,    0,    0,    0,    0,    0,    0,    0,    0,    0,    0,    0,    0,    0,    0,    0,    0,    0,    0,    0,    0,    0,    0,    0,    0,    0,    0,    0,    0,    0,    0,    0,    0,   12,    0,    0,    0,    0,    0,    0,    0,    0,    0,    0,    0,    0,    0,    0,    0,   -6,    0,    0,    0,    0,    0,    0,    0,    0,    0,    0,    0,    0,    0,
       0,  -14,    0,   -4,   -6,   -9,    0,    6,    0,    0,   -8,    0,    0,    0,    0,    0,    0,    0,    0,    0,    0,    0,    0,    0,    0,    0,    0,    0,    0,  -14,    0,    0,    0,    0,    0,    0,    0,    0,    0,    0,    0,    0,    0,    0,    0,    0,    0,    0,  -11,    0,    0,    0,    0,    0,    0,    0,    0,    0,    0,    0,    0,    0,    0,    0,    0,    0,    0,    0,    0,    0,    0,    0,    0,    0,    0,    0,    0,    0,    0,    0,    0,    0,    0,    0,    0,    0,    0,    0,    0,    0,    0,    0,    0,    0,    0,    0,    0,    0,    0,    0,    0,    0,    0,    0,    0,    0,    0,    0,    0,    0,    0,    0,   -4,    0,    0,    0,    0,    0,    0,    0,    0,    0,    0,    0,    0,    0,    0,    0,   -7,    0,    0,    0,    0,    0,    0,    0,    0,    0,    0,  -14,  -10,    0,
       0,    0,    0,    0,   -6,    0,    0,    5,    0,    0,   -6,    0,    0,    0,    0,    0,    0,    0,    0,    0,    0,    0,    0,    0,    0,    0,    0,    0,    0,   -4,    0,    0,    0,    0,    0,    0,    0,    0,    0,    0,    0,    0,    0,    0,    0,    0,    0,    0,   -4,    0,    0,    0,    0,    0,    0,    0,    0,    0,    0,    0,    0,    0,    0,    0,    0,    0,    0,    0,    0,    0,    0,    0,    0,    0,    0,    0,    0,    0,    0,    0,    0,    0,    0,    0,    0,    0,    0,    0,    0,    0,    0,    0,    0,    0,    0,    0,    0,    0,    0,    0,    0,    0,    0,    0,    0,    0,    0,    0,    0,    0,    0,    0,    0,    0,    0,    0,    0,    0,    0,    0,    0,    0,    0,    0,    0,    0,    0,    0,   -6,    0,    0,    0,    0,    0,    0,    0,    0,    0,    0,    0,    0,    0,
       0,  -20,    0,    0,  -11,  -18,    0,    0,    0,    0,  -11,    0,    0,    0,    0,    0,    0,    0,    0,    0,    0,    0,    0,    0,    0,    0,    0,   -6,    0,  -15,    0,    0,    0,    0,    0,    0,    0,    0,    0,    0,    0,    0,    0,    0,    0,    0,    0,    0,  -10,    0,    0,    0,    0,    0,    0,    0,    0,    0,    0,    0,    0,    0,    0,    0,    0,    0,    0,    0,    0,    0,    0,    0,    0,    0,    0,    0,    0,    0,    0,    0,    0,    0,    0,    0,    0,    0,    0,    0,    0,    0,    0,    0,    0,    0,    0,    0,    0,  -13,   -9,    0,    0,   -4,    0,   -9,    0,    0,   -4,   -4,    0,    0,    0,    0,    0,   -4,  -13,    0,    0,    0,    0,  -10,    0,    0,    0,    0,    0,    0,    0,    0,  -18,    0,    0,    0,    0,    0,    0,    0,    0,    0,    0,  -18,  -14,    0,
       5,    9,    0,   -4,   11,    0,  -39,  -20,  -25,    0,   14,  -11,    0,    0,    0,    0,    0,    0,    0,    0,    0,    0,    0,    0,    0,    0,    0,    0,    0,   15,    0,    0,    0,    0,    0,    0,    0,    0,    0,    0,    0,    0,    0,    0,    0,    0,    0,    0,   15,  -24,    0,    0,    0,    0,    0,    0,    0,    0,    0,    0,    0,    0,    0,    0,    0,    0,    0,   14,   -5,    0,  -33,  -21,   12,  -25,  -19,   12,    8,    0,   -5,   -6,   11,   10,    8,    0,   -7,    0,   -4,   -4,  -20,  -20,    0,    0,  -21,  -10,  -20,   -6,  -21,    0,    0,  -24,    0,    0,   -4,    0,    0,    0,  -16,   14,  -18,  -13,    0,    0,    0,   14,    0,    0,   -5,  -21,   14,    0,    0,    5,   -4,  -37,   -7,    0,   -7,    5,    0,    0,    0,    0,    0,    0,    0,    0,    0,    0,    0,   12,   12,    0,
       0,    6,    0,    0,    0,    7,  -21,    0,  -17,    7,    0,    0,    0,    0,    0,    0,    0,    0,    0,    0,    0,    0,    0,    0,    0,    0,    0,    0,    0,   -4,    0,    0,    0,    0,    0,    0,    0,    0,    0,    0,    0,    0,    0,    0,    0,    0,    0,    0,    0,    0,    8,    0,    0,    0,    0,    0,    0,    0,    0,    0,    0,    0,    0,    0,    0,    0,    0,    0,    0,    0,    0,    0,    0,    0,    0,    0,    0,    0,    0,    0,    0,    0,    0,    0,    0,    0,    0,    0,   -8,    0,   11,    7,   -9,    0,    0,    0,    0,   12,   14,    0,   12,    7,    0,   12,    7,    0,    0,    0,    0,    0,    0,    0,    0,    0,   14,   13,    0,    0,    0,   14,    0,    0,   10,    0,    0,    0,    0,    0,    0,    0,    0,    0,    0,    0,    0,    0,    0,    0,    0,    9,   13,    0,
       0,   -7,    0,   -4,    0,   -7,    8,    0,    0,    0,   -7,    0,    0,    0,    0,    0,    0,    0,    0,    0,    0,    0,    0,    0,    0,    0,    0,    0,    0,    0,    0,    0,    0,    0,    0,    0,    0,    0,    0,    0,    0,    0,    0,    0,    0,    0,    0,    0,    0,    0,    0,    0,    0,    0,    0,    0,    0,    0,    0,    0,    0,    0,    0,    0,    0,    0,    0,    0,    0,    0,    0,    0,    0,    0,    0,    0,    0,    0,    0,    0,    0,    0,    0,    0,    0,    0,    0,    0,    0,    0,    4,    0,    5,    0,    0,    0,    0,    0,    0,    0,    4,   -6,    0,    0,    0,    0,    0,    0,    0,    0,    0,    0,   14,    0,    0,    0,    0,    0,    0,    0,    0,    0,    0,    0,    0,    0,    0,    0,    0,    0,    0,    0,    0,    0,    0,    0,    0,    0,    0,   -6,    0,    0,
       0,  -37,    0,   -4,    0,  -29,    8,    0,    0,    0,   -8,    0,    0,    0,    0,    0,    0,    0,    0,    0,    0,    0,    0,    0,    0,    0,    0,   -4,    0,    0,    0,    0,    0,    0,    0,    0,    0,    0,    0,    0,    0,    0,    0,    0,    0,    0,    0,    0,    0,    0,    0,    0,    0,    0,    0,    0,    0,    0,    0,    0,    0,    0,    0,    0,    0,    0,    0,    0,    0,    0,    0,    0,    0,    0,    0,    0,    0,    0,    0,    0,    0,    0,    0,    0,    0,    0,    0,    0,    0,    0,    4,    0,    5,    0,    0,    0,    0,  -17,    0,    0,    4,   -8,    0,  -13,    0,    0,    0,    0,    0,    0,    0,    0,   14,    0,  -12,    0,    0,    0,    0,  -14,    0,    0,   -8,    0,    0,    0,    0,    0,    0,    0,    0,    0,    0,    0,    0,    0,    0,    0,    0,  -33,  -36,    0,
       0,  -13,    0,    0,    0,   -4,    0,   12,    0,    0,   -8,    0,    0,    0,    0,    0,    0,    0,    0,    0,    0,    0,    0,    0,    0,    0,    0,   -4,    0,    0,    0,    0,    0,    0,    0,    0,    0,    0,    0,    0,    0,    0,    0,    0,    0,    0,    0,    0,    0,    0,    0,    0,    0,    0,    0,    0,    0,    0,    0,    0,    0,    0,    0,    0,    0,    0,    0,  -18,    0,   -7,    0,    0,   -6,    0,    0,   -9,    0,    0,    0,    0,   -8,    0,   -6,   -7,    0,    0,    0,    0,    0,    0,   -5,    0,    0,    0,    0,    0,    0,    0,    0,    0,    0,    0,    0,    0,    0,    0,    0,    0,    0,    0,    0,    0,   14,    0,    0,    0,    0,    0,  -22,    0,    0,    0,    0,    0,    0,    0,    0,    0,    0,    0,    0,    0,    0,    0,    0,    0,    0,    0,    0,  -13,   -9,    0,
       0,  -20,    0,    0,    0,  -13,    0,   10,    6,    0,   -9,    0,    0,    0,    0,    0,    0,    0,    0,    0,    0,    0,    0,    0,    0,    0,    0,    0,    0,    0,    0,    0,    0,    0,    0,    0,    0,    0,    0,    0,    0,    0,    0,    0,    0,    0,    0,    0,    0,    0,    0,    0,    0,    0,    0,    0,    0,    0,    0,    0,    0,    0,    0,    0,    0,    0,    0,    0,    0,    0,    0,    0,    0,    0,    0,    0,    0,    0,    0,    0,    0,    0,    0,    0,    0,    0,    0,    0,    0,    0,    0,    0,    0,    0,    0,    0,    0,   -9,    0,    0,    0,    0,    0,   -6,    0,    0,    0,    0,    0,    0,    0,    0,   17,    0,   -6,    0,    0,    0,    0,   -5,    0,    0,    0,    0,    0,    0,    0,    0,    0,    0,    0,    0,    0,    0,    0,    0,    0,    0,    0,  -18,  -18,    0,
       0,    0,    0,  -13,   10,    0,  -26,  -18,  -30,   -9,    7,  -18,    0,    0,    0,    0,    0,    0,    0,    0,    0,    0,    0,    0,    0,    0,    0,    0,    0,   11,    0,    0,    0,    0,    0,    0,    0,    0,    0,    0,    0,    0,    0,    0,    0,    0,    0,   -6,   11,  -26,   -8,    0,    0,    0,    0,    0,    0,    0,    0,    0,    0,    0,    0,    0,    0,    0,    0,    8,  -13,   -4,  -29,  -25,    8,  -28,  -24,   10,    0,   -5,  -13,  -14,    8,    5,    0,  -11,  -14,   -9,  -11,  -11,  -27,  -23,    0,   -7,  -28,  -16,  -23,  -12,  -24,    0,    0,  -25,    0,   -7,  -11,    0,   -7,  -10,  -20,    9,  -21,  -17,    0,    0,    0,    9,    0,    0,  -13,  -23,   12,    0,    0,    0,   -8,  -24,  -14,    0,  -13,    0,    0,    0,    0,    0,    0,    0,    0,    0,    0,    0,    0,    0,    4,    0,
       0,    0,    0,    0,    0,    0,  -13,    0,  -11,    0,    0,    0,    0,    0,    0,    0,    0,    0,    0,    0,    0,    0,    0,    0,    0,    0,    0,    0,    0,   -9,    0,    0,    0,    0,    0,    0,    0,    0,    0,    0,    0,    0,    0,    0,    0,    0,    0,    0,    0,    0,    4,    0,    0,    0,    0,    0,    0,    0,    0,    0,    0,    0,    0,    0,    0,    0,    0,    0,    0,    0,    0,    0,    0,    0,    0,    0,    0,    0,    0,    0,    0,    0,    0,    0,    0,    0,    0,    0,  -10,    0,    7,    0,   -9,    0,    0,    0,    0,    8,   10,    0,    8,    0,    0,    8,    0,    0,    0,    0,    0,    0,    0,    0,    0,    0,   10,    9,    0,    0,    0,   10,    0,    0,    5,    0,    0,    0,    0,    0,    0,    0,    0,    0,    0,    0,    0,    0,    0,    0,    0,    0,    9,    0,
       0,  -24,    0,   -6,   -5,  -11,    4,    6,    0,    0,  -12,    0,    0,    0,    0,    0,    0,    0,    0,    0,    0,    0,    0,    0,    0,    0,    0,   -6,    0,  -17,    0,    0,    0,    0,    0,    0,    0,    0,    0,    0,    0,    0,    0,    0,    0,    0,    0,    0,  -12,    0,    0,    0,    0,    0,    0,    0,    0,    0,    0,    0,    0,    0,    0,    0,    0,    0,    0,  -25,    0,    0,    0,    0,    0,    0,    0,    0,    0,    0,    0,    0,    0,   -7,    0,    0,    0,    0,    0,    0,    0,    0,    0,    0,    0,    0,    0,    0,    0,    0,    0,    0,    0,    0,    0,    0,    0,    0,    0,    0,    0,    0,    0,    0,    0,    0,    0,    0,    0,    0,  -28,    0,    0,   -4,    0,    6,    0,    0,    0,    0,    0,    0,    0,    0,    0,    0,    0,    0,    0,    0,    0,  -24,  -20,    0,
       0,  -13,    0,   -4,   -6,   -8,    0,    6,    0,    0,   -8,    0,    0,    0,    0,    0,    0,    0,    0,    0,    0,    0,    0,    0,    0,    0,    0,    0,    0,  -14,    0,    0,    0,    0,    0,    0,    0,    0,    0,    0,    0,    0,    0,    0,    0,    0,    0,    0,  -11,    0,    0,    0,    0,    0,    0,    0,    0,    0,    0,    0,    0,    0,    0,    0,    0,    0,    0,    0,    0,    0,    0,    0,    0,    0,    0,    0,    0,    0,    0,    0,    0,    0,    0,    0,    0,    0,    0,    0,    0,    0,    0,    0,    0,    0,    0,    0,    0,    0,    0,    0,    0,    0,    0,    0,    0,    0,    0,    0,    0,    0,    0,    0,   -4,    0,    0,    0,    0,    0,    0,    0,    0,    0,    0,    0,    0,    0,    0,    0,   -7,    0,    0,    0,    0,    0,    0,    0,    0,    0,    0,  -11,   -8,    0,
       0,    0,    0,    0,   -8,    0,    0,    5,   -7,    0,   -6,    0,    0,    0,    0,    0,    0,    0,    0,    0,    0,    0,    0,    0,    0,    0,    0,   -4,    0,  -11,    0,    0,    0,    0,    0,    0,    0,    0,    0,    0,    0,    0,    0,    0,    0,    0,    0,    0,   -8,    0,    0,    0,    0,    0,    0,    0,    0,    0,    0,    0,    0,    0,    0,    0,    0,    0,    0,    0,    0,    0,    0,    0,   -7,    0,    0,    0,    0,    0,    0,    0,    0,    0,   -6,   -6,    0,    0,    0,    0,    0,    0,    0,    0,    0,    0,    0,    0,    0,    0,    0,    0,    0,    0,    0,    0,    0,    0,    0,    0,    0,    0,    0,    0,    0,    0,    0,    0,    0,    0,  -10,    0,    0,    0,    0,    0,    0,    0,    0,    0,    0,    0,    0,    0,    0,    0,    0,    0,    0,    0,    0,    0,    0,    0,
       0,    0,    0,   -7,    0,  -14,    0,    0,    0,    0,    0,    0,    0,    0,    0,    0,    0,    0,    0,    0,    0,    0,    0,    0,    0,    0,    0,   -7,    0,    0,    0,    0,    0,    0,    0,    0,    0,    0,    0,    0,    0,    0,    0,    0,    0,    0,    0,    0,    0,    0,    0,    0,    0,    0,    0,    0,    0,    0,    0,    0,    0,    0,    0,    0,    0,    0,    0,    0,   -6,    0,    0,    0,    0,    0,    0,    0,    0,    0,   -7,   -9,    0,    0,    0,    0,    0,    0,    0,    0,    0,    0,    0,    0,    0,    0,    0,    0,    0,  -15,    0,    0,    0,   -8,    0,  -12,    0,    0,    0,    0,    0,    0,    0,    0,    6,    0,  -10,    0,   -7,    0,    0,  -15,    0,  -13,   -6,    0,    0,   -6,    0,    0,    0,    0,    0,    0,    0,    0,    0,    0,    0,    0,    0,    0,    0,    0,
       0,    0,    0,   -4,    0,    0,    7,    0,    0,    0,    0,    0,    0,    0,    0,    0,    0,    0,    0,    0,    0,    0,    0,    0,    0,    0,    0,    0,    0,    0,    0,    0,    0,    0,    0,    0,    0,    0,    0,    0,    0,    0,    0,    0,    0,    0,    0,    0,    0,   -4,    0,    0,    0,    0,    0,    0,    0,    0,    0,    0,    0,    0,    0,    0,    0,    0,    0,    0,    0,    0,    0,    0,    0,    0,    0,    0,    0,    0,    0,    0,    0,    0,    0,    0,    0,    0,    0,    0,    0,    0,    4,    0,    5,    0,    0,    0,    0,    4,    6,    0,    5,    0,    0,    4,    0,    0,    0,    0,    0,    0,    0,    0,   14,    0,    6,    0,    0,    0,    0,    5,    0,    0,    0,    0,    0,    0,    0,    0,    0,    0,    0,    0,    0,    0,    0,    0,    0,    0,    0,    0,    5,    0,
       0,    0,    0,    0,    0,    0,    0,    5,    0,    0,   -6,    0,    0,    0,    0,    0,    0,    0,    0,    0,    0,    0,    0,    0,    0,    0,    0,    0,    0,    0,    0,    0,    0,    0,    0,    0,    0,    0,    0,    0,    0,    0,    0,    0,    0,    0,    0,    0,    0,    0,    0,    0,    0,    0,    0,    0,    0,    0,    0,    0,    0,    0,    0,    0,    0,    0,    0,    0,    0,    0,    0,    0,    0,    0,    0,    0,    0,    0,    0,    0,    0,    0,    0,    0,    0,    0,    0,    0,    0,    0,    0,    0,    0,    0,    0,    0,    0,    0,    0,    0,    0,    0,    0,    0,    0,    0,    0,    0,    0,    0,    0,    0,   10,    0,    0,    0,    0,    0,    0,    0,    0,    0,    0,    0,    0,    0,    0,    0,   -6,    0,    0,    0,    0,    0,    0,    0,    0,    0,    0,    0,    0,    0,
       0,    0,    0,    0,    0,    0,    9,    0,    0,    0,    0,    0,    0,    0,    0,    0,    0,    0,    0,    0,    0,    0,    0,    0,    0,    0,    0,    0,    0,    0,    0,    0,    0,    0,    0,    0,    0,    0,    0,    0,    0,    0,    0,    0,    0,    0,    0,    0,    0,    0,    0,    0,    0,    0,    0,    0,    0,    0,    0,    0,    0,    0,    0,    0,    0,    0,    0,    0,    0,    0,    5,    0,    0,    5,    0,    5,    0,    0,    0,   -7,    5,    0,    0,    0,    0,    0,    0,    0,    0,    0,    0,    0,    0,    0,    0,    0,    0,    0,    0,    0,    0,    0,    0,    0,    0,    0,    0,    0,    0,    0,    0,    0,    0,    0,    0,    0,    0,    0,    0,    0,    0,    0,    0,   11,    0,    0,    0,    0,    0,    0,    0,    0,    0,    0,    0,    0,    0,    0,    0,    0,    0,    0,
       0,   -9,    0,    0,   -7,   -5,    0,   10,    0,    0,   -7,    0,    0,    0,    0,    0,    0,    0,    0,    0,    0,    0,    0,    0,    0,    0,    0,    0,    0,  -11,    0,    0,    0,    0,    0,    0,    0,    0,    0,    0,    0,    0,    0,    0,    0,    0,    0,    0,   -7,    0,    0,    0,    0,    0,    0,    0,    0,    0,    0,    0,    0,    0,    0,    0,    0,    0,    0,    0,    0,    0,    0,    0,    0,    0,    0,    0,    0,    0,    0,    0,    0,    0,    0,    0,    0,    0,    0,    0,    0,    0,    0,    0,    0,    0,    0,    0,    0,    0,    0,    0,    0,    0,    0,    0,    0,    0,    0,    0,    0,    0,    0,    0,    0,    0,    0,    0,    0,    0,    0,    0,    0,    0,    0,    0,    0,    0,    0,    0,   -4,    0,    0,    0,    0,    0,    0,    0,    0,    0,    0,   -7,   -7,    0,
       0,    0,    0,    0,   -8,    0,   -6,    8,  -13,    0,   -6,    0,    0,    0,    0,    0,    0,    0,    0,    0,    0,    0,    0,    0,    0,    0,    0,    0,    0,  -11,    0,    0,    0,    0,    0,    0,    0,    0,    0,    0,    0,    0,    0,    0,    0,    0,    0,    0,   -8,    0,    0,    0,    0,    0,    0,    0,    0,    0,    0,    0,    0,    0,    0,    0,    0,    0,    0,    0,    0,    0,   -7,    0,   -8,   -8,    0,  -12,   -7,    0,    0,    0,  -11,    0,  -10,   -6,    0,    0,    0,    0,    0,    0,    0,    0,    0,    0,    0,    0,    0,    0,    0,    0,    0,    0,    0,    0,    0,    0,    0,    0,    0,    0,    0,    0,    0,    0,    0,    0,    0,    0,  -12,    0,    0,    0,    0,   -8,    0,    0,    0,   -9,    0,    0,    0,    0,    0,    0,    0,    0,    0,    0,    0,    0,    0,    0,
       0,    0,    0,    0,    0,   -6,    0,    8,   -6,    0,    0,    0,    0,    0,    0,    0,    0,    0,    0,    0,    0,    0,    0,    0,    0,    0,    0,    0,    0,    0,    0,    0,    0,    0,    0,    0,    0,    0,    0,    0,    0,    0,    0,    0,    0,    0,    0,    0,    0,    0,    0,    0,    0,    0,    0,    0,    0,    0,    0,    0,    0,    0,    0,    0,    0,    0,    0,    0,    0,   -5,    0,    0,    0,    0,    0,    0,    0,    0,    0,    0,    0,    0,    0,   -7,    0,    0,    0,    0,    0,    0,   -6,    0,    0,    0,    0,    0,    0,   -8,   -6,    0,   -4,    0,    0,   -7,    0,    0,    0,    0,    0,    0,    0,    0,    0,    0,   -4,    0,    0,    0,    0,   -7,    0,    0,    0,    0,    0,    0,    0,    0,  -15,    0,    0,    0,    0,    0,    0,    0,    0,    0,    0,    0,    0,    0,
       0,    0,    0,   -4,    0,    0,    7,    0,    0,    0,   -6,    0,    0,    0,    0,    0,    0,    0,    0,    0,    0,    0,    0,    0,    0,    0,    0,    0,    0,    0,    0,    0,    0,    0,    0,    0,    0,    0,    0,    0,    0,    0,    0,    0,    0,    0,    0,   -5,    0,   -6,    0,    0,    0,    0,    0,    0,    0,    0,    0,    0,    0,    0,    0,    0,    0,    0,    0,    0,    0,    0,    0,    0,    0,    0,    0,    0,    0,    0,    0,    0,    0,    0,    0,    0,    0,    0,    0,    0,    0,    0,    5,    0,    0,    0,    0,    0,    0,    0,    0,   -4,    5,    0,    0,    0,    0,    0,    0,    0,    0,    0,    0,    0,   15,    0,    0,    0,    0,    0,    0,    0,    0,    0,    0,    0,    0,    0,    0,    0,    0,    0,    0,    0,    0,    0,    0,    0,    0,    0,    0,    0,    0,    0,
       0,    0,    0,    0,    0,    0,    0,    0,    0,    0,    0,    0,    0,    0,    0,    0,    0,    0,    0,    0,    0,    0,    0,    0,    0,    0,    0,    0,    0,    0,    0,    0,    0,    0,    0,    0,    0,    0,    0,    0,    0,    0,    0,    0,    0,    0,    0,    0,    0,    0,    0,    0,    0,    0,    0,    0,    0,    0,    0,    0,    0,    0,    0,    0,    0,    0,    0,    0,    0,    0,    0,    0,    0,    0,    0,    0,    0,    0,    0,    0,    0,    0,    0,    0,    0,    0,    0,    0,    0,    0,    0,    0,    0,    0,    0,    0,    0,    0,    0,    0,    0,    0,    0,    0,    0,    0,    0,    0,    0,    0,    0,    0,    0,    0,    0,    0,    0,    0,    0,    0,    0,    0,    0,    0,    0,    0,    0,    0,    0,  -13,   -4,  -11,   -3,   -6,   -2,   -7,    0,    0,    0,    0,    0,    0,
       0,    0,    0,    0,    0,    0,    0,    0,    0,    0,    0,    0,    0,    0,    0,    0,    0,    0,    0,    0,    0,    0,    0,    0,    0,    0,    0,    0,    0,    0,    0,    0,    0,    0,    0,    0,    0,    0,    0,    0,    0,    0,    0,    0,    0,    0,    0,    0,    0,    0,    0,    0,    0,    0,    0,    0,    0,    0,    0,    0,    0,    0,    0,    0,    0,    0,    0,    0,    0,    0,    0,    0,    0,    0,    0,    0,    0,    0,    0,    0,    0,    0,    0,    0,    0,    0,    0,    0,    0,    0,    0,    0,    0,    0,    0,    0,    0,    0,    0,    0,    0,    0,    0,    0,    0,    0,    0,    0,    0,    0,    0,    0,    0,    0,    0,    0,    0,    0,    0,    0,    0,    0,    0,    0,    0,    0,    0,    0,    0,    0,    0,    0,    0,    0,    0,    0,    0,    0,   -8,    0,    0,    0,
       0,    0,    0,    0,    0,    0,    0,    0,    0,    0,    0,    0,    0,    0,    0,    0,    0,    0,    0,    0,    0,    0,    0,    0,    0,    0,    0,    0,    0,    0,    0,    0,    0,    0,    0,    0,    0,    0,    0,    0,    0,    0,    0,    0,    0,    0,    0,    0,    0,    0,    0,    0,    0,    0,    0,    0,    0,    0,    0,    0,    0,    0,    0,    0,    0,    0,    0,    0,    0,    0,    0,    0,    0,    0,    0,    0,    0,    0,    0,    0,    0,    0,    0,    0,    0,    0,    0,    0,    0,    0,    0,    0,    0,    0,    0,    0,    0,    0,    0,    0,    0,    0,    0,    0,    0,    0,    0,    0,    0,    0,    0,    0,    0,    0,    0,    0,    0,    0,    0,    0,    0,    0,    0,    0,    0,    0,    0,    0,    0,    0,    0,    0,    0,    0,    0,    0,   -4,    0,    0,    0,    0,    0,
       0,    0,    0,    0,    0,    0,    0,    0,    0,    0,    0,    0,    0,    0,    0,    0,    0,    0,    0,    0,    0,    0,    0,    0,    0,    0,    0,    0,    0,    0,    0,    0,    0,    0,    0,    0,    0,    0,    0,    0,    0,    0,    0,    0,    0,    0,    0,    0,    0,    0,    0,    0,    0,    0,    0,    0,    0,    0,    0,    0,    0,    0,    0,    0,    0,    0,    0,    0,    0,    0,    0,    0,    0,    0,    0,    0,    0,    0,    0,    0,    0,    0,    0,    0,    0,    0,    0,    0,    0,    0,    0,    0,    0,    0,    0,    0,    0,    0,    0,    0,    0,    0,    0,    0,    0,    0,    0,    0,    0,    0,    0,    0,    0,    0,    0,    0,    0,    0,    0,    0,    0,    0,    0,    0,    0,    0,    0,    0,    0,    0,    0,    0,    0,    0,    0,    0,   -4,   -4,    4,    0,    0,    0,
       0,    0,    0,    0,    0,    0,    0,    0,    0,    0,    0,    0,  -33,    0,  -12,  -12,  -38,   -8,  -12,    6,    8,    7,   11,   13,    6,   10,    9,    0,    0,    0,  -11,    0,  -13,  -17,    0,    0,    0,    0,    0,   -8,    0,    0,    5,    5,    0,    5,    0,    0,    0,    0,    0,  -78,    0,  -11,    0,    0,    0,  -28,    0,    0,    0,    0,    0,    0,    0,    0,    0,    8,    0,    6,  -38,  -24,    0,  -33,  -22,    5,    0,   -8,  -12,   -5,    6,    6,    0,    0,  -11,    0,    0,    0,  -17,  -13,    0,    0,  -18,   -6,  -17,    0,  -12,    0,    0,  -21,    0,    0,    0,    0,    0,    0,   -8,    6,   -9,   -8,    0,    0,    0,    6,    0,    0,    0,  -11,    6,    0,    0,    0,    0,  -40,   -6,    0,   -4,    0,    0,    0,    0,    0,    0,    0,    0,    0,    0,    0,    0,    0,    0,    0,
       0,    0,    0,    0,    0,    0,    0,    0,    0,    0,    0,    0,  -39,    0,  -15,  -15,  -42,    0,  -15,   -8,    7,    5,   11,   12,    6,    9,    7,    0,    0,    0,  -25,   -4,  -29,  -29,   -8,   -4,   -4,    0,  -17,  -31,    0,  -13,   -4,   -4,    0,   -4,  -13,    0,    0,    0,    0,  -52,   -8,  -25,   -4,   -4,   -4,  -29,   -4,   -4,   -4,    0,    0,    0,    0,    0,    0,    7,   -7,   -8,  -42,  -26,    0,  -39,  -25,    0,    0,    0,  -15,  -10,    6,    0,    0,   -5,  -25,    0,   -8,   -8,  -23,  -20,    0,   -6,  -25,  -12,  -29,  -10,  -20,    0,    0,  -28,    0,    0,   -8,    0,   -6,   -7,  -15,    0,  -18,  -31,    0,    0,    0,    0,    0,    0,   -7,  -20,    5,    0,    0,    0,   -5,  -43,  -12,   -5,  -11,    0,   -7,    0,    0,    0,    0,    0,    0,    0,    0,    0,    0,    0,    0,    0,
       0,    0,    0,    0,    0,    0,    0,    0,    0,    0,    0,    0,    8,    0,  -13,  -13,    9,    0,  -13,    4,  -30,   -8,  -50,  -30,    9,  -43,    8,    0,    0,    0,    4,    4,    0,    0,    4,    4,    4,   12,    4,    4,    0,    4,  -16,  -12,    8,  -16,   10,    0,    0,    0,    0,    9,    0,    4,    4,    4,    4,    0,    4,    4,    4,    0,    0,    0,    0,    0,    0,    0,    0,    0,    0,    0,    0,    0,    0,    0,    0,    0,    0,    0,    0,    0,    0,    0,    0,    0,    0,    0,    0,    0,    0,    0,    0,    0,    0,    0,    0,    0,    0,    0,    0,    0,    0,    0,    0,    0,    0,    0,    0,    0,    0,    0,    0,    0,    0,    0,    0,    0,    0,    0,    0,    0,    0,    0,    0,    0,    0,    0,    0,    0,    0,    0,    0,    0,    0,    0,    0,    0,    0,    0,    0,    0,
};

static const EpdLigaturePair ubuntu_12_boldLigaturePairs[] = {
    { 0x00660066, 0xFB00 }, // f f -> U+FB00
    { 0x00660069, 0xFB01 }, // f i -> U+FB01
    { 0x0066006C, 0xFB02 }, // f l -> U+FB02
    { 0xFB000069, 0xFB03 }, // U+FB00 i -> U+FB03
    { 0xFB00006C, 0xFB04 }, // U+FB00 l -> U+FB04
};

static const EpdFontData ubuntu_12_bold = {
    ubuntu_12_boldBitmaps,
    ubuntu_12_boldGlyphs,
    ubuntu_12_boldIntervals,
    52,
    29,
    24,
    -5,
    true,
    ubuntu_12_boldGroups,
    13,
    nullptr,
    ubuntu_12_boldKernLeftClasses,
    ubuntu_12_boldKernRightClasses,
    ubuntu_12_boldKernMatrix,
    563,
    575,
    157,
    142,
    ubuntu_12_boldLigaturePairs,
    5,
};
